time_seconds,G1,G2,G3,G4,G5,G6,G7,G8,G9,G10,G11,G12,G13,G14,G15,G16,G17,G18,G19,G20,G21,G22,G23,G24,G25,G26,G27,G28,G29,G30,G31,G32,G33,G34,G35,G36,G37,G38,G39,G40,G41,G42,G43,G44,G45,G46,G47,G48,CG1,CG2,CG3,CG4,AH1,AH2,AH3,AH4,AH5,AH6,AH7,AH8,AH9,AH10,PH1,PH2,PH3,PH4,BO1,BO2,BO3,BO4
0.0000,5235980.0000,5138151.5000,4446972.5000,-4793555.5000,-4628204.0000,-2771591.7500,2130460.5000,-1805004.8750,-3144828.2500,460466.3750,-213167.0625,1349428.5000,6318472.0000,3622875.0000,-3152271.7500,-2116567.0000,-5337460.0000,1547212.0000,3539401.7500,-1253656.8750,2892352.2500,-8878953.0000,-2024587.0000,2991775.5000,8961433.0000,-2751388.0000,5220561.0000,3898283.0000,7795999.5000,-1325964.8750,6767738.0000,3441041.7500,10136.8428,-5385842.5000,-5719203.0000,4416667.0000,-4977515.0000,-1816701.7500,-3763167.5000,2574941.7500,-7100497.5000,-2122415.5000,1342516.7500,1856647.3750,2099091.7500,-4073134.5000,-1273860.6250,-624152.5625,-4859483.0000,-3980091.2500,6982535.5000,325420.6875,-4763250.0000,775218.5625,5477892.5000,1591872.7500,-4333655.5000,5124328.0000,735874.5000,8910924.0000,-4959438.5000,34593.9375,-7051051.5000,4891985.5000,-2284576.5000,-5798423.0000,-8870978.0000,6085598.0000,-230712.3594,4955786.5000
0.0020,5232258.0000,5133366.5000,4442187.5000,-4794087.0000,-4627141.0000,-2780630.2500,2123017.0000,-1806068.2500,-3151740.0000,461529.7188,-203596.8906,1360593.7500,6324320.5000,3615431.5000,-3157056.7500,-2121352.0000,-5334801.5000,1549338.7500,3544718.5000,-1249403.5000,2897137.2500,-8879485.0000,-2028840.3750,2989117.2500,8958775.0000,-2747666.2500,5225346.0000,3898283.0000,7794936.0000,-1325964.8750,6762953.0000,3443700.2500,-1560.0278,-5381057.5000,-5710696.5000,4415072.0000,-4976452.0000,-1807663.2500,-3757319.0000,2560586.5000,-7101560.5000,-2129858.7500,1332414.8750,1852925.6250,2098560.0000,-4071007.7500,-1267480.5000,-628937.6250,-4861610.0000,-3981686.2500,6979345.0000,321698.9375,-4766971.5000,772560.1250,5476829.0000,1590809.5000,-4330465.5000,5125391.0000,733747.8125,8910392.0000,-4964223.5000,31935.5566,-7056900.0000,4896239.0000,-2282981.5000,-5801613.0000,-8880548.0000,6061672.5000,-230712.3594,4946216.5000
0.0040,5221093.0000,5127518.0000,4437402.5000,-4796745.5000,-4634584.5000,-2790200.5000,2119827.0000,-1814575.0000,-3158120.2500,460998.0625,-195090.0781,1359530.3750,6322193.5000,3596822.7500,-3165032.0000,-2130922.2500,-5335333.0000,1544553.6250,3548440.2500,-1252061.8750,2890757.2500,-8881612.0000,-2036283.8750,2976888.7500,8947078.0000,-2748729.7500,5227473.0000,3892434.7500,7782176.0000,-1332876.6250,6757104.5000,3434130.0000,-19105.3340,-5389032.5000,-5709101.5000,4409223.5000,-4983895.5000,-1805536.5000,-3765825.7500,2536661.0000,-7115384.0000,-2141555.7500,1316464.6250,1841228.8750,2091116.5000,-4075261.2500,-1271202.2500,-639039.5000,-4863736.5000,-3987003.0000,6972433.5000,314787.1562,-4772288.5000,775218.5625,5477892.5000,1591872.7500,-4332592.5000,5127518.0000,738001.2500,8908797.0000,-4972198.5000,22897.0664,-7059558.5000,4895707.0000,-2283513.2500,-5807993.0000,-8890119.0000,6037747.0000,-232839.0625,4944621.5000
0.0060,5207269.5000,5111036.0000,4428364.0000,-4797809.0000,-4645749.5000,-2797643.7500,2117168.7500,-1828930.2500,-3167690.2500,450896.2188,-198811.8125,1349428.5000,6311028.5000,3579809.2500,-3177260.5000,-2145277.5000,-5336928.0000,1539768.5000,3546313.5000,-1262163.7500,2879592.0000,-8893309.0000,-2048512.3750,2962001.7500,8936976.0000,-2744476.2500,5219498.0000,3878611.0000,7763567.0000,-1342978.5000,6735837.5000,3411268.0000,-37713.9922,-5404982.5000,-5716013.0000,4394868.5000,-4995592.0000,-1811385.0000,-3779117.7500,2506887.0000,-7133461.0000,-2158569.2500,1298919.3750,1825278.5000,2076761.2500,-4085894.7500,-1284494.1250,-662964.9375,-4876497.0000,-3999231.5000,6960205.0000,305217.0000,-4775478.5000,769901.7500,5471512.0000,1584429.3750,-4339504.0000,5122201.0000,734279.5000,8898164.0000,-4983363.5000,9605.1670,-7069128.5000,4891453.5000,-2289893.2500,-5819158.5000,-8928931.0000,6004783.0000,-241877.5625,4936646.0000
0.0080,5231194.5000,5141341.5000,4464518.0000,-4765908.0000,-4610659.0000,-2763085.0000,2155449.2500,-1802878.1250,-3132599.7500,481201.7500,-156277.7344,1385050.8750,6345056.0000,3614899.7500,-3140574.7500,-2113908.5000,-5296521.0000,1573264.1250,3579277.5000,-1228668.1250,2912024.2500,-8857155.0000,-2011295.1250,2998687.2500,8970472.0000,-2695562.0000,5251398.5000,3907321.5000,7792809.5000,-1307356.1250,6764016.5000,3425091.5000,-19105.3340,-5374145.5000,-5684112.5000,4421984.0000,-4965286.5000,-1776294.3750,-3749875.5000,2532407.5000,-7106345.5000,-2135707.2500,1320186.3750,1853989.0000,2106535.0000,-4054525.7500,-1254720.2500,-640634.5000,-4846723.0000,-3967862.5000,6985193.5000,335522.5312,-4734539.5000,807650.7500,5502349.5000,1617924.8750,-4302818.5000,5157291.5000,770433.4375,8926874.0000,-4951463.0000,42037.3984,-7032974.5000,4925481.0000,-2260119.5000,-5788852.5000,-8893840.0000,6021265.0000,-211572.0312,4970673.5000
0.0100,5212054.5000,5128049.5000,4451757.5000,-4781858.5000,-4627141.0000,-2777440.2500,2147474.2500,-1820955.1250,-3146955.0000,463124.7500,-166379.5781,1366442.2500,6325915.5000,3597886.2500,-3157056.7500,-2131454.0000,-5315661.0000,1558377.2500,3561200.5000,-1246213.3750,2890225.5000,-8869915.0000,-2024587.0000,2986990.5000,8955053.0000,-2713639.0000,5231726.5000,3882864.5000,7769947.5000,-1317458.0000,6749129.5000,3399039.2500,-43030.7539,-5394881.0000,-5704848.0000,4396463.5000,-4978047.0000,-1779484.3750,-3763167.5000,2527090.7500,-7125486.0000,-2170798.0000,1294666.0000,1832722.0000,2087394.7500,-4071539.5000,-1266417.1250,-661901.5625,-4865331.5000,-3992319.7500,6962331.5000,317445.5312,-4746236.0000,787978.7500,5483209.0000,1604101.3750,-4318237.0000,5145595.0000,767775.0625,8913051.0000,-4967413.5000,27682.1484,-7048924.5000,4910062.5000,-2270221.2500,-5801613.0000,-8928399.0000,6004783.0000,-218483.8125,4966420.0000
0.0120,5213649.5000,5134429.5000,4456543.0000,-4783453.5000,-4628736.0000,-2774250.0000,2153854.2500,-1823613.5000,-3145891.5000,466314.8125,-163189.5156,1363783.7500,6330169.0000,3594696.0000,-3147486.5000,-2130390.5000,-5314066.0000,1563694.0000,3553225.2500,-1240365.0000,2888098.7500,-8867788.0000,-2022460.3750,2993370.5000,8957180.0000,-2726931.0000,5224814.5000,3881269.5000,7768352.5000,-1308951.2500,6745939.5000,3399039.2500,-53664.2695,-5405514.5000,-5708038.0000,4388488.5000,-4978578.5000,-1767255.8750,-3757319.0000,2532407.5000,-7125486.0000,-2184621.5000,1275525.6250,1827936.8750,2090053.1250,-4061969.2500,-1258973.6250,-663496.5625,-4872775.0000,-3999231.5000,6953293.0000,313192.1250,-4745173.0000,793827.1875,5482145.5000,1601443.0000,-4318237.0000,5148785.0000,777345.2500,8915177.0000,-4972198.5000,20238.6855,-7051051.5000,4911126.0000,-2271284.7500,-5805334.5000,-8935311.0000,6005846.5000,-208913.6406,4980243.5000
0.0140,5237043.0000,5162608.5000,4481531.5000,-4772288.5000,-4604810.5000,-2746603.0000,2186286.5000,-1800219.7500,-3118244.5000,488645.1875,-140859.1250,1382924.1250,6353562.5000,3603203.0000,-3124093.0000,-2108591.7500,-5285887.5000,1589214.3750,3561732.2500,-1215376.2500,2915746.0000,-8844394.0000,-1991623.1250,3018891.0000,8974193.0000,-2710449.0000,5247676.5000,3904663.2500,7790682.5000,-1284494.1250,6770396.5000,3432535.0000,-39309.0195,-5401261.0000,-5690492.5000,4407628.5000,-4951463.0000,-1732696.8750,-3728608.5000,2559523.0000,-7101560.5000,-2173456.2500,1283500.7500,1846013.8750,2115042.0000,-4031663.7500,-1231858.1250,-642761.2500,-4852039.5000,-3979559.5000,6974028.5000,334459.1875,-4718057.5000,819347.6250,5507666.0000,1626431.7500,-4292185.0000,5170583.5000,814030.8750,8941229.0000,-4951463.0000,42037.3984,-7018619.0000,4937178.0000,-2245232.5000,-5781941.0000,-8910322.0000,6036683.5000,-173291.3594,5012144.0000
0.0160,5222688.0000,5138683.0000,4458669.5000,-4806847.5000,-4635116.0000,-2772123.5000,2163424.5000,-1827335.2500,-3137384.7500,459934.6875,-171696.3281,1354213.6250,6323789.0000,3561732.2500,-3146955.0000,-2139960.7500,-5302901.0000,1565820.6250,3521856.5000,-1241428.3750,2889693.7500,-8877358.0000,-2016080.2500,2989117.2500,8945483.0000,-2738096.2500,5221093.0000,3878079.5000,7758782.0000,-1302571.1250,6747003.0000,3421901.5000,-71741.2500,-5436883.5000,-5725051.5000,4376259.5000,-4975920.0000,-1749710.5000,-3748280.5000,2551016.2500,-7128676.0000,-2210673.5000,1252131.8750,1822088.5000,2091116.5000,-4053994.0000,-1256847.0000,-668813.3750,-4880218.5000,-4007738.2500,6941596.0000,309470.4062,-4740919.5000,795422.2500,5482145.5000,1606228.0000,-4317173.5000,5146126.5000,797548.9375,8916772.0000,-4981237.0000,13326.8984,-7038291.0000,4912721.0000,-2264904.5000,-5802144.5000,-8937438.0000,6026582.0000,-178608.1250,4993535.5000
0.0180,5232789.5000,5143468.0000,4465581.5000,-4808442.5000,-4629267.5000,-2768401.7500,2167146.2500,-1822018.5000,-3130473.0000,455681.2812,-175418.0625,1348896.8750,6315813.5000,3546845.2500,-3148018.2500,-2141024.0000,-5295989.0000,1560503.8750,3509628.0000,-1237706.6250,2899264.0000,-8876827.0000,-2006510.0000,2981142.0000,8942293.0000,-2734374.5000,5221093.0000,3881801.0000,7759845.5000,-1293000.8750,6752319.5000,3427218.2500,-74931.3125,-5429440.0000,-5729305.0000,4377323.0000,-4970603.5000,-1734823.6250,-3740305.2500,2563244.7500,-7120701.0000,-2214927.0000,1240966.6250,1826873.6250,2099091.7500,-4048145.7500,-1247808.5000,-660306.5000,-4874902.0000,-4002953.2500,6946381.5000,313723.8125,-4732412.5000,800207.3125,5487462.5000,1611544.7500,-4312920.5000,5150911.5000,814030.8750,8918367.0000,-4976983.5000,18111.9824,-7032443.0000,4919101.0000,-2260651.2500,-5799486.5000,-8952325.0000,6037215.5000,-169569.6250,4997257.5000
0.0200,5276919.0000,5184939.0000,4505988.5000,-4771756.5000,-4595772.0000,-2735969.5000,2197983.5000,-1784269.5000,-3087407.2500,492366.9375,-144580.8594,1381860.7500,6347714.0000,3571834.0000,-3113991.0000,-2107528.5000,-5262493.5000,1594531.1250,3536743.5000,-1203679.3750,2934886.2500,-8842799.0000,-1966102.6250,3007194.2500,8973662.0000,-2699283.7500,5256715.0000,3917423.5000,7787492.5000,-1255251.8750,6784752.0000,3484639.2500,-44625.7812,-5394881.0000,-5697404.5000,4412413.5000,-4927537.5000,-1686441.1250,-3696176.2500,2613754.0000,-7077103.5000,-2188875.0000,1270208.8750,1869407.6250,2143752.5000,-4004016.5000,-1203147.6250,-618304.1250,-4836089.5000,-3962545.7500,6984662.0000,353599.5000,-4689878.5000,843804.7500,5528401.5000,1651420.5000,-4269323.0000,5193977.5000,865071.7500,8955053.0000,-4940298.0000,58519.3555,-6994162.0000,4961103.5000,-2218117.0000,-5759610.5000,-8921487.0000,6098890.0000,-124908.8516,5039259.5000
0.0220,5237575.0000,5144000.0000,4466113.0000,-4810569.0000,-4643622.5000,-2780098.5000,2147474.2500,-1827335.2500,-3120902.7500,440262.6875,-191900.0156,1332414.8750,6300395.0000,3520793.2500,-3157588.5000,-2152189.2500,-5311939.5000,1544553.6250,3485702.5000,-1243023.3750,2898200.5000,-8889055.0000,-2003851.6250,2967318.5000,8926874.0000,-2732779.5000,5218966.0000,3871699.2500,7736452.0000,-1289810.8750,6752851.0000,3453270.2500,-95666.6719,-5438478.5000,-5739407.0000,4370411.5000,-4969540.0000,-1714620.0000,-3725418.5000,2579726.7500,-7125486.0000,-2248954.2500,1222358.0000,1832190.3750,2106003.5000,-4039638.7500,-1237706.6250,-656053.1250,-4875965.0000,-4002953.2500,6946381.5000,315318.8438,-4732412.5000,800207.3125,5485336.0000,1608886.3750,-4312920.5000,5152506.5000,833702.8750,8908797.0000,-4982832.0000,15985.2783,-7045734.5000,4923886.0000,-2258524.5000,-5801613.0000,-8976782.0000,6084003.0000,-160531.1406,4998320.5000
0.0240,5270538.5000,5177495.5000,4503862.0000,-4779732.0000,-4609064.0000,-2741817.7500,2178843.0000,-1785864.5000,-3075710.2500,473226.5938,-159999.4688,1368568.8750,6329105.5000,3549503.7500,-3118776.0000,-2112313.5000,-5278444.0000,1582834.2500,3516539.7500,-1204211.0000,2942329.7500,-8848116.0000,-1956000.8750,3011979.2500,8958243.0000,-2695562.0000,5261500.0000,3912106.7500,7768352.5000,-1241428.3750,6802829.0000,3485702.5000,-68551.1953,-5400197.5000,-5699531.0000,4414540.5000,-4920094.0000,-1660389.0000,-3672782.5000,2617475.7500,-7086142.0000,-2221307.0000,1259043.6250,1880041.1250,2152259.2500,-3992319.7500,-1195172.5000,-616177.4375,-4832367.5000,-3957229.0000,6992105.5000,355194.5312,-4694132.0000,838488.0000,5522021.5000,1646635.3750,-4271449.5000,5190255.5000,882617.0625,8946546.0000,-4943488.0000,60646.0586,-7008517.5000,4963761.5000,-2221307.0000,-5761737.5000,-8933184.0000,6139297.0000,-128098.9062,5030221.0000
0.0260,5246613.5000,5156228.5000,4487380.0000,-4800467.0000,-4630862.5000,-2758299.7500,2162361.0000,-1797561.3750,-3092192.2500,453022.9062,-182329.8438,1348896.8750,6305712.0000,3533021.7500,-3132599.7500,-2126137.0000,-5306091.0000,1562630.6250,3494209.2500,-1216971.2500,2930632.7500,-8860345.0000,-1962912.6250,3004004.0000,8934849.0000,-2721082.5000,5246613.5000,3899878.0000,7751870.5000,-1244086.7500,6802297.0000,3472410.7500,-91944.9375,-5425186.5000,-5718140.0000,4401780.0000,-4925411.0000,-1655072.2500,-3671719.0000,2595145.2500,-7098902.5000,-2247891.0000,1237776.6250,1870471.0000,2145347.5000,-4006143.2500,-1204211.0000,-625215.9375,-4845128.0000,-3967862.5000,6979345.0000,341370.9688,-4702107.0000,824664.3750,5509793.0000,1633875.2500,-4283678.0000,5176432.0000,879427.0000,8925279.0000,-4956248.0000,47354.1602,-7018087.5000,4951533.0000,-2233004.0000,-5772371.0000,-8909791.0000,6148335.5000,-129693.9297,5019056.0000
0.0280,5226941.5000,5139746.5000,4473556.5000,-4815354.0000,-4651066.0000,-2773718.5000,2157044.2500,-1805536.5000,-3109737.7500,433882.5625,-199343.4844,1327098.1250,6288166.5000,3519729.7500,-3137916.5000,-2137302.2500,-5328953.0000,1543490.2500,3469220.5000,-1230263.1250,2925847.7500,-8869915.0000,-1966634.3750,3005599.2500,8910392.0000,-2736501.0000,5232258.0000,3887117.7500,7741768.5000,-1244086.7500,6804424.0000,3466562.2500,-111616.9531,-5448048.5000,-5731963.5000,4392741.5000,-4930728.0000,-1646033.7500,-3664807.2500,2568029.7500,-7106877.5000,-2268626.2500,1227143.1250,1864622.5000,2144815.7500,-4008270.0000,-1208464.3750,-633191.0625,-4857888.0000,-3981154.5000,6970838.5000,329142.4062,-4708487.0000,820411.0000,5503944.5000,1624305.0000,-4296970.0000,5167393.5000,880490.3750,8912519.0000,-4969540.0000,35657.2891,-7026594.5000,4939304.5000,-2244169.2500,-5781941.0000,-8890650.0000,6146740.5000,-125440.5234,5015334.0000
0.0300,5249271.5000,5170583.5000,4505457.0000,-4776010.0000,-4623950.5000,-2743413.0000,2197451.7500,-1770977.6250,-3083153.7500,464719.7812,-178608.1250,1358467.0000,6320598.5000,3550035.2500,-3102294.2500,-2102743.5000,-5310344.5000,1569542.3750,3487297.5000,-1203147.6250,2964128.5000,-8830571.0000,-1924100.2500,3050791.5000,8935381.0000,-2708854.0000,5261500.0000,3917423.5000,7776327.5000,-1197299.2500,6851211.5000,3500589.5000,-82906.4453,-5422528.0000,-5705379.5000,4432617.5000,-4888193.5000,-1593929.5000,-3611639.7500,2600993.7500,-7075508.5000,-2244169.2500,1256917.0000,1899181.5000,2180438.0000,-3970521.0000,-1170715.5000,-600227.1250,-4822797.5000,-3941810.5000,7005929.0000,366359.7188,-4671801.5000,849653.1875,5534781.5000,1656205.6250,-4264006.0000,5193977.5000,921961.1250,8939103.0000,-4937639.5000,69152.8750,-6993630.5000,4971205.0000,-2218117.0000,-5748445.5000,-8828444.0000,6187679.5000,-82906.4453,5046171.5000
0.0320,5225878.0000,5151975.0000,4489506.5000,-4789302.0000,-4637242.5000,-2758299.7500,2195856.7500,-1782142.7500,-3103889.2500,445579.4375,-198811.8125,1337731.7500,6317408.5000,3534085.0000,-3113459.2500,-2120820.2500,-5341181.5000,1554123.7500,3464967.2500,-1216439.6250,2960406.7500,-8843331.0000,-1933670.3750,3046006.5000,8910392.0000,-2725336.0000,5242360.0000,3899878.0000,7756655.5000,-1201021.0000,6846426.0000,3493146.0000,-109490.2422,-5456555.5000,-5730900.0000,4418794.0000,-4897232.0000,-1593397.8750,-3612171.5000,2578663.2500,-7096775.5000,-2268626.2500,1234054.8750,1884826.2500,2174058.0000,-3972647.7500,-1179222.2500,-609265.6250,-4838748.0000,-3957229.0000,6991573.5000,348814.4375,-4690410.0000,831576.1875,5519894.5000,1641850.3750,-4280488.0000,5175368.5000,916644.3125,8921026.0000,-4955716.5000,52670.9180,-7010644.0000,4954191.5000,-2230345.5000,-5761205.5000,-8803455.0000,6184489.5000,-79716.3906,5044044.5000
0.0340,5224283.0000,5158355.0000,4493228.5000,-4786643.5000,-4633521.0000,-2750324.7500,2207553.5000,-1775231.0000,-3098040.7500,451959.5625,-195090.0781,1343580.1250,6331232.0000,3550567.0000,-3104952.5000,-2113908.5000,-5341181.5000,1559972.2500,3467093.7500,-1205274.3750,2974230.2500,-8836951.0000,-1922505.2500,3066742.0000,8906139.0000,-2730652.7500,5244486.5000,3904663.2500,7757187.0000,-1183475.6250,6866630.0000,3497399.5000,-111616.9531,-5467189.0000,-5729305.0000,4429427.5000,-4883940.5000,-1572662.5000,-3593031.0000,2581853.5000,-7095712.0000,-2264904.5000,1240966.6250,1898649.8750,2186818.2500,-3956697.5000,-1167525.3750,-597568.7500,-4825987.5000,-3944468.7500,7008055.5000,361042.9688,-4687752.0000,833702.8750,5525211.5000,1646635.3750,-4277298.0000,5176963.5000,932062.9375,8922089.0000,-4949868.0000,61709.4102,-7008517.5000,4958976.5000,-2230877.2500,-5757484.0000,-8772087.0000,6183426.5000,-69082.8750,5047235.0000
0.0360,5224814.5000,5167393.5000,4499608.5000,-4777073.5000,-4619165.5000,-2733311.0000,2216592.0000,-1763534.1250,-3087407.2500,460998.0625,-182861.5312,1360062.1250,6341865.5000,3568112.2500,-3094319.0000,-2102743.5000,-5350220.0000,1561035.6250,3475600.7500,-1191982.5000,2981142.0000,-8822596.0000,-1906555.0000,3080565.5000,8904544.0000,-2733842.7500,5250335.0000,3915828.2500,7762504.0000,-1168588.7500,6878327.0000,3497931.0000,-110021.9219,-5465594.0000,-5720266.5000,4442719.0000,-4869053.5000,-1551927.1250,-3579739.2500,2586106.7500,-7086673.5000,-2261714.5000,1250536.8750,1916195.1250,2204895.2500,-3939152.0000,-1157955.2500,-587998.6250,-4809505.5000,-3932772.0000,7022411.0000,370081.4688,-4682967.0000,842741.3750,5531591.5000,1650888.8750,-4269854.5000,5184939.0000,952266.6250,8919431.0000,-4942956.5000,70747.8984,-7004795.5000,4963761.5000,-2226624.0000,-5748977.0000,-8740186.0000,6199376.5000,-46220.8086,5061590.0000
0.0380,5207801.0000,5156760.0000,4482595.0000,-4795150.5000,-4633521.0000,-2740222.7500,2210212.0000,-1774167.6250,-3095382.5000,442389.3750,-194026.7188,1343048.5000,6334422.5000,3564390.5000,-3106547.5000,-2118162.0000,-5376272.0000,1546148.6250,3459650.5000,-1201021.0000,2958811.7500,-8835888.0000,-1909745.0000,3072590.2500,8880087.0000,-2748198.0000,5240233.0000,3907321.5000,7746022.0000,-1168057.0000,6874605.0000,3500589.5000,-132352.3125,-5478354.0000,-5729836.5000,4431554.0000,-4874902.0000,-1548737.0000,-3588777.7500,2584511.7500,-7102092.5000,-2275538.0000,1238308.2500,1908751.6250,2197983.5000,-3943937.2500,-1172310.5000,-598100.4375,-4822266.0000,-3946595.5000,7011246.0000,356789.5625,-4701044.0000,823601.0625,5516173.0000,1636001.8750,-4288463.0000,5165267.0000,945354.8125,8899227.0000,-4957843.0000,60646.0586,-7018619.0000,4946216.5000,-2244700.7500,-5761205.5000,-8733806.0000,6192996.5000,-48347.5117,5048830.0000
0.0400,5221093.0000,5169520.5000,4492165.0000,-4789833.5000,-4622355.5000,-2726399.2500,2221377.0000,-1763534.1250,-3079963.7500,446642.8125,-189773.3125,1356340.3750,6340802.5000,3585126.0000,-3095382.5000,-2112313.5000,-5384779.0000,1549338.7500,3461245.5000,-1191450.7500,2963065.0000,-8826849.0000,-1891136.3750,3086945.5000,8879555.0000,-2738627.7500,5254056.5000,3923803.5000,7763035.5000,-1148385.0000,6896403.5000,3523983.2500,-132352.3125,-5465062.0000,-5700063.0000,4448567.5000,-4857356.5000,-1524811.6250,-3574954.0000,2623324.2500,-7097307.5000,-2266499.5000,1256385.2500,1924170.2500,2215528.7500,-3925328.5000,-1164335.3750,-586403.5625,-4808442.5000,-3930113.5000,7031981.0000,372739.8438,-4693600.5000,833171.1875,5529465.0000,1645040.3750,-4278361.5000,5174305.5000,968748.5625,8898164.0000,-4949868.0000,70216.2266,-7011176.0000,4952065.0000,-2240447.5000,-5758015.5000,-8716261.0000,6195655.0000,-38777.3438,5061590.0000
0.0420,5231194.5000,5179622.0000,4498545.0000,-4794618.5000,-4617039.0000,-2718424.2500,2224035.5000,-1760875.7500,-3063481.7500,455681.2812,-185519.9062,1366973.8750,6345587.5000,3595759.5000,-3087939.0000,-2114972.0000,-5386905.5000,1553592.1250,3467625.5000,-1185070.7500,2965191.7500,-8818342.0000,-1875717.7500,3090135.5000,8877428.0000,-2741286.2500,5265753.5000,3939222.0000,7775264.0000,-1130308.1250,6915012.5000,3548440.2500,-134479.0156,-5459745.5000,-5680922.5000,4454416.0000,-4846191.5000,-1508861.3750,-3564320.5000,2642996.2500,-7099965.5000,-2262246.2500,1268613.8750,1935867.1250,2224035.5000,-3914695.0000,-1159550.2500,-581086.8125,-4806847.5000,-3923201.7500,7040488.0000,376461.5625,-4694132.0000,834766.2500,5528401.5000,1646635.3750,-4277298.0000,5175368.5000,979913.7500,8893379.0000,-4943488.0000,76596.3359,-7015961.0000,4956850.0000,-2239915.7500,-5752699.0000,-8693930.0000,6212668.5000,-24953.7695,5069565.0000
0.0440,5208332.5000,5159950.0000,4477810.0000,-4819076.0000,-4644686.0000,-2741286.2500,2207553.5000,-1785864.5000,-3078368.7500,432819.2188,-209977.0000,1336668.3750,6317940.5000,3576619.0000,-3108142.5000,-2139960.7500,-5418806.5000,1530198.3750,3442105.0000,-1212717.8750,2935418.0000,-8839078.0000,-1894858.1250,3068337.0000,8848186.0000,-2781693.5000,5241828.0000,3917423.5000,7753997.0000,-1146790.0000,6899594.0000,3525578.2500,-167442.9219,-5487924.0000,-5707506.5000,4431022.5000,-4864800.0000,-1522153.2500,-3586119.2500,2615880.7500,-7131334.5000,-2288830.0000,1253195.2500,1915663.5000,2207021.7500,-3932772.0000,-1183475.6250,-609797.3125,-4828646.0000,-3943405.5000,7021347.5000,354131.1875,-4722842.5000,807119.0625,5503413.0000,1619520.0000,-4303882.0000,5150380.0000,965026.8750,8861478.0000,-4967945.0000,57456.0039,-7049988.0000,4925481.0000,-2271816.2500,-5780346.0000,-8718919.0000,6191401.5000,-43030.7539,5043513.0000
0.0460,5234384.5000,5198231.0000,4502798.5000,-4786112.0000,-4618634.0000,-2707259.0000,2243175.7500,-1756622.3750,-3043278.2500,468973.1875,-181266.5000,1369632.2500,6339207.5000,3610646.5000,-3071457.0000,-2112313.5000,-5397007.5000,1561035.6250,3467093.7500,-1185602.3750,2967318.5000,-8803455.0000,-1858172.5000,3105022.5000,8875833.0000,-2764680.0000,5271070.5000,3954640.7500,7783239.0000,-1108509.3750,6940533.0000,3562263.7500,-140859.1250,-5467720.5000,-5678264.0000,4467708.0000,-4829177.5000,-1479087.5000,-3546775.2500,2655224.7500,-7100497.5000,-2259587.7500,1288817.5000,1951817.3750,2244239.2500,-3896086.2500,-1151575.1250,-584808.5625,-4792492.0000,-3909378.2500,7058033.0000,387095.0938,-4702639.0000,829981.1875,5529465.0000,1648230.5000,-4277829.5000,5174305.5000,997990.7500,8879023.0000,-4938703.0000,89888.2344,-7027657.5000,4949938.0000,-2250549.2500,-5752167.0000,-8689145.0000,6231809.0000,-9535.1670,5072755.0000
0.0480,5232789.5000,5184407.0000,4490570.0000,-4799404.0000,-4636179.5000,-2717892.5000,2228289.0000,-1771509.2500,-3046999.7500,458871.3438,-190836.6719,1357403.7500,6319003.5000,3602139.5000,-3078900.5000,-2133580.5000,-5419869.5000,1551997.1250,3456460.2500,-1202084.3750,2954026.5000,-8817279.0000,-1870401.0000,3093325.7500,8857756.0000,-2793390.5000,5260968.5000,3948260.5000,7771010.5000,-1118079.5000,6929367.5000,3539933.5000,-162126.1719,-5488987.5000,-5695278.0000,4461328.0000,-4839811.0000,-1489189.3750,-3560067.2500,2641401.0000,-7118574.5000,-2275538.0000,1273398.8750,1936398.7500,2230947.2500,-3910441.5000,-1165398.6250,-604480.5625,-4806315.5000,-3926392.0000,7038893.0000,371144.8125,-4716994.0000,809245.8125,5507134.5000,1628558.3750,-4295906.5000,5153038.5000,988952.2500,8852971.0000,-4954121.5000,75532.9844,-7045203.0000,4930798.0000,-2268094.5000,-5767054.0000,-8693398.0000,6238720.5000,-9003.4912,5064248.5000
0.0500,5226409.5000,5176963.5000,4475151.5000,-4814822.5000,-4655319.5000,-2727462.5000,2212338.7500,-1786396.2500,-3052316.7500,444516.0938,-197748.4531,1344111.7500,6305712.0000,3587784.2500,-3092192.2500,-2155911.0000,-5437946.5000,1546680.3750,3443168.5000,-1213781.2500,2939671.2500,-8826849.0000,-1881034.5000,3081628.7500,8835426.0000,-2815720.7500,5245018.0000,3935500.5000,7758250.5000,-1123928.0000,6915544.0000,3527173.2500,-177013.0938,-5494836.0000,-5709101.5000,4456543.0000,-4846191.5000,-1494506.1250,-3569637.2500,2630236.0000,-7130271.0000,-2287235.0000,1256385.2500,1923638.6250,2227225.5000,-3916290.0000,-1168057.0000,-618835.8125,-4822266.0000,-3942873.7500,7028259.5000,358384.5938,-4736666.0000,788510.4375,5486399.0000,1608354.7500,-4319300.5000,5130708.0000,977787.0625,8830109.0000,-4972730.0000,60646.0586,-7066470.0000,4908467.5000,-2289893.2500,-5781941.0000,-8723704.0000,6230745.5000,-17510.3066,5047235.0000
0.0520,5260968.5000,5219498.0000,4510242.0000,-4780795.0000,-4621824.0000,-2685992.0000,2245302.5000,-1749178.8750,-3009251.0000,482796.7500,-159999.4688,1383455.8750,6337080.5000,3617026.5000,-3052848.2500,-2130922.2500,-5411894.5000,1580707.6250,3479854.0000,-1177627.2500,2980610.5000,-8780593.0000,-1836373.7500,3113529.2500,8865200.0000,-2780630.2500,5283299.0000,3975907.7500,7798658.0000,-1078735.5000,6958078.0000,3567580.7500,-141922.4844,-5445922.0000,-5674010.5000,4499608.5000,-4802594.0000,-1447186.8750,-3526040.0000,2660541.5000,-7096244.0000,-2251612.7500,1289880.8750,1960324.2500,2268696.2500,-3872161.0000,-1124459.6250,-588530.2500,-4790365.5000,-3912036.7500,7056970.0000,391348.5000,-4708487.0000,817220.9375,5515641.5000,1641850.3750,-4288463.0000,5161545.0000,1018194.4375,8856693.0000,-4936576.0000,100521.7578,-7031379.5000,4935583.0000,-2262246.2500,-5750572.0000,-8703500.0000,6266367.5000,17048.6309,5079135.5000
0.0540,5268943.5000,5233853.0000,4515559.0000,-4781858.5000,-4619697.5000,-2676421.7500,2264442.7500,-1737482.0000,-2996490.7500,493961.9688,-155746.0469,1384519.1250,6337080.5000,3612241.5000,-3047531.5000,-2131454.0000,-5417743.0000,1584429.3750,3486234.2500,-1174968.8750,2981142.0000,-8765706.0000,-1823613.5000,3121504.5000,8868390.0000,-2779035.2500,5290210.5000,3982819.5000,7806101.5000,-1063848.6250,6969243.5000,3559073.7500,-140327.4531,-5429971.5000,-5668694.0000,4506520.5000,-4790897.0000,-1435490.1250,-3517001.5000,2658946.5000,-7091990.5000,-2247891.0000,1291475.8750,1968299.3750,2280393.2500,-3859400.7500,-1115421.1250,-589593.6250,-4790365.5000,-3913631.7500,7054843.0000,389753.4688,-4715399.0000,820942.6875,5517768.0000,1644508.7500,-4290058.0000,5157823.5000,1021384.5000,8841806.0000,-4933386.0000,103711.8125,-7034038.0000,4933456.0000,-2265968.0000,-5747382.0000,-8706690.0000,6274874.5000,26087.1211,5084984.0000
0.0560,5238106.5000,5205142.5000,4479405.0000,-4818544.0000,-4657446.5000,-2707259.0000,2225630.5000,-1775231.0000,-3029454.5000,455681.2812,-196153.4219,1338795.0000,6299331.5000,3571302.2500,-3079963.7500,-2170266.2500,-5466657.0000,1548807.0000,3447953.5000,-1219629.6250,2932759.5000,-8801860.0000,-1855514.1250,3092262.2500,8832236.0000,-2821037.5000,5252461.5000,3944538.7500,7768352.5000,-1091495.7500,6937343.0000,3516008.0000,-177013.0938,-5460808.5000,-5709633.0000,4473025.0000,-4823861.0000,-1467922.2500,-3549965.2500,2619070.7500,-7128676.0000,-2286171.5000,1256917.0000,1937993.8750,2248492.5000,-3890769.5000,-1149448.3750,-624684.2500,-4828646.0000,-3951912.2500,7015499.0000,354662.8438,-4761655.0000,777876.9375,5470980.5000,1601974.6250,-4336314.0000,5114226.0000,982040.5000,8785448.0000,-4977515.0000,64367.7891,-7081888.5000,4887732.0000,-2317540.5000,-5796296.0000,-8763048.0000,6230745.5000,-10066.8428,5046171.5000
0.0580,5277450.5000,5246081.5000,4508115.5000,-4788238.5000,-4622355.5000,-2663129.7500,2254341.0000,-1744925.5000,-2993300.5000,483860.1250,-162657.8438,1371227.2500,6326979.0000,3596291.2500,-3045404.7500,-2141555.7500,-5431566.5000,1584961.0000,3487829.2500,-1185602.3750,2959875.0000,-8767833.0000,-1815106.7500,3128948.0000,8865731.0000,-2793390.5000,5288084.0000,3974844.5000,7795999.5000,-1052151.7500,6975092.0000,3544187.0000,-138732.4219,-5428908.0000,-5671352.5000,4510774.0000,-4785048.5000,-1427514.8750,-3511153.0000,2649908.0000,-7086673.5000,-2250549.2500,1296792.6250,1976274.5000,2286773.2500,-3853020.5000,-1118611.2500,-595973.7500,-4800999.0000,-3922138.5000,7039956.5000,383373.3750,-4736666.0000,806055.7500,5499159.5000,1632280.1250,-4306540.0000,5141341.5000,1017131.0625,8809374.0000,-4942956.5000,99990.0781,-7054773.0000,4915379.0000,-2292551.7500,-5769180.5000,-8716261.0000,6270621.0000,29277.1777,5081262.0000
0.0600,5277982.0000,5247145.0000,4502267.0000,-4803125.5000,-4629799.0000,-2663129.7500,2244770.7500,-1753964.0000,-2994895.7500,471631.5625,-171164.6562,1367505.5000,6316345.5000,3582999.2500,-3050190.0000,-2150062.5000,-5435820.0000,1579644.2500,3480917.5000,-1190387.5000,2938608.0000,-8777935.0000,-1819360.1250,3117782.7500,8860946.0000,-2802960.5000,5280109.0000,3965806.0000,7785366.0000,-1050556.6250,6969775.0000,3529300.0000,-140327.4531,-5441136.5000,-5688366.0000,4506520.5000,-4787175.5000,-1430705.0000,-3510621.2500,2636616.0000,-7086673.5000,-2255334.5000,1296261.0000,1975211.1250,2285710.0000,-3845577.2500,-1123928.0000,-603417.1875,-4812695.5000,-3936493.7500,7023474.5000,370081.4688,-4745704.5000,794890.5625,5487994.0000,1626431.7500,-4314515.5000,5130176.0000,1012346.0000,8789170.0000,-4951463.0000,95736.6719,-7067533.5000,4901555.5000,-2308502.0000,-5775029.0000,-8722109.0000,6277001.5000,39379.0195,5084452.0000
0.0620,5287552.5000,5254588.5000,4508647.0000,-4803657.0000,-4621824.0000,-2656749.7500,2246366.0000,-1751837.2500,-2984262.0000,466314.8125,-163721.1875,1385582.5000,6321662.0000,3581936.0000,-3042746.5000,-2153252.5000,-5433693.0000,1590809.5000,3480385.7500,-1184539.0000,2941266.2500,-8782720.0000,-1819891.7500,3116719.5000,8864136.0000,-2798175.5000,5278514.0000,3970591.0000,7782176.0000,-1039391.5000,6976155.0000,3515476.5000,-129162.2578,-5443795.0000,-5698468.0000,4510774.0000,-4781858.5000,-1424856.5000,-3502114.5000,2634489.2500,-7075508.5000,-2247891.0000,1304236.1250,1982123.0000,2299001.7500,-3838665.2500,-1119674.5000,-593315.3750,-4814822.5000,-3938620.5000,7016031.0000,370613.1250,-4741451.0000,802334.0000,5494374.5000,1626963.3750,-4316110.5000,5130708.0000,1012346.0000,8773220.0000,-4951463.0000,95736.6719,-7062216.5000,4898897.0000,-2316477.0000,-5781941.0000,-8711475.0000,6290825.0000,56392.6523,5093490.5000
0.0640,5305097.5000,5277982.0000,4530446.0000,-4780795.0000,-4597898.5000,-2637077.7500,2263379.5000,-1736418.6250,-2963526.7500,487050.1562,-144580.8594,1410571.2500,6334422.5000,3598949.5000,-3026264.5000,-2141555.7500,-5416679.5000,1611013.1250,3500589.5000,-1168057.0000,2955621.5000,-8772618.0000,-1804473.1250,3130011.2500,8889125.0000,-2777440.2500,5291805.5000,3988136.2500,7801848.0000,-1018656.1250,6998485.5000,3534085.0000,-97793.3750,-5417743.0000,-5694214.5000,4530446.0000,-4758996.5000,-1402526.1250,-3480315.7500,2662668.2500,-7049988.0000,-2215990.2500,1335605.0000,2003921.6250,2325054.0000,-3816866.7500,-1107446.0000,-571516.6250,-4797277.0000,-3921606.7500,7026132.5000,387095.0938,-4722842.5000,818815.9375,5512451.5000,1645040.3750,-4301223.5000,5139746.5000,1026701.2500,8778537.0000,-4932854.5000,119662.0859,-7043608.0000,4910594.0000,-2304248.5000,-5760674.0000,-8674258.0000,6324852.0000,92014.9375,5125923.0000
0.0660,5287020.5000,5262563.5000,4512369.0000,-4797809.0000,-4614912.0000,-2657813.0000,2245834.2500,-1753964.0000,-2976287.0000,464719.7812,-165847.8906,1394621.0000,6316345.5000,3572365.7500,-3055506.7500,-2166544.5000,-5435820.0000,1598252.8750,3477195.7500,-1188792.3750,2930101.2500,-8805050.0000,-1836373.7500,3103959.2500,8872643.0000,-2801365.5000,5268943.5000,3968464.2500,7782176.0000,-1035138.0625,6977218.5000,3506438.0000,-103641.8125,-5428908.0000,-5720266.5000,4517154.0000,-4770693.5000,-1420603.1250,-3497329.5000,2643527.7500,-7060090.0000,-2226092.2500,1330819.8750,1991693.1250,2318142.2500,-3822183.5000,-1132434.7500,-590657.0000,-4819607.5000,-3948722.2500,6998485.5000,364233.0312,-4745704.5000,799675.6250,5495437.5000,1627495.1250,-4320895.5000,5118479.5000,1009687.6250,8744509.0000,-4953058.0000,105838.5156,-7065406.5000,4889858.5000,-2327110.7500,-5776624.0000,-8688613.0000,6315282.0000,91483.2656,5125391.0000
0.0680,5300844.0000,5268943.5000,4523002.5000,-4779200.0000,-4596303.5000,-2645052.7500,2255936.0000,-1743862.1250,-2960336.7500,473758.2812,-158404.4375,1405254.5000,6329637.0000,3580340.7500,-3058165.0000,-2160164.5000,-5426781.5000,1613671.5000,3484639.2500,-1182412.3750,2939671.2500,-8810367.0000,-1837968.7500,3107149.2500,8884872.0000,-2791263.7500,5271070.5000,3975376.0000,7787492.5000,-1023972.8750,6980940.0000,3515476.5000,-89286.5625,-5417211.5000,-5710164.5000,4532041.0000,-4758996.5000,-1419008.1250,-3491481.0000,2648844.5000,-7044671.5000,-2202698.5000,1351023.6250,2004453.3750,2339409.2500,-3803574.7500,-1131371.3750,-582681.8125,-4811632.5000,-3938620.5000,7005929.0000,373803.1875,-4738792.5000,810840.8125,5506603.0000,1637065.2500,-4316110.5000,5122201.0000,1013941.0625,8737598.0000,-4946146.5000,115940.3594,-7060090.0000,4893580.5000,-2329769.0000,-5773434.0000,-8685423.0000,6323789.0000,106901.8672,5138683.0000
0.0700,5307224.5000,5271602.0000,4527787.5000,-4764845.0000,-4589923.5000,-2643989.5000,2255936.0000,-1741735.3750,-2950234.7500,479606.7188,-148302.5938,1412166.3750,6332295.5000,3577150.7500,-3060823.5000,-2160164.5000,-5428376.5000,1623773.3750,3497399.5000,-1177627.2500,2941266.2500,-8815684.0000,-1840095.5000,3109807.7500,8887530.0000,-2775313.5000,5275324.0000,3973249.5000,7790682.5000,-1014934.3750,6984130.5000,3516008.0000,-73336.2812,-5409236.0000,-5698999.5000,4544801.0000,-4746236.0000,-1418476.3750,-3487759.2500,2642464.5000,-7032443.0000,-2180899.7500,1376544.0000,2017745.2500,2358017.7500,-3794536.2500,-1124991.2500,-580023.4375,-4813227.5000,-3936493.7500,7001144.0000,376993.2500,-4738792.5000,810840.8125,5510856.0000,1642913.6250,-4313452.0000,5123796.0000,1017131.0625,8731217.0000,-4939766.5000,126042.2031,-7058495.0000,4891453.5000,-2337744.2500,-5771839.0000,-8686487.0000,6332827.0000,115940.3594,5137619.5000
0.0720,5271070.5000,5234916.5000,4486848.5000,-4806315.5000,-4625546.0000,-2690245.2500,2216592.0000,-1780547.7500,-2983730.5000,440262.6875,-187646.6094,1370163.8750,6292420.0000,3523983.2500,-3108674.2500,-2208547.0000,-5471442.0000,1591872.7500,3462308.7500,-1214844.5000,2887567.0000,-8875763.0000,-1893263.0000,3065678.5000,8848186.0000,-2809872.5000,5233321.5000,3925398.5000,7742300.0000,-1051088.3750,6943191.0000,3474537.2500,-102046.7812,-5445390.0000,-5737280.0000,4507583.5000,-4783985.0000,-1463668.8750,-3526040.0000,2600462.0000,-7069660.0000,-2211205.2500,1355277.0000,1984781.3750,2329839.0000,-3828563.5000,-1166993.7500,-623089.1875,-4858951.5000,-3988066.2500,6949571.5000,336054.1875,-4779200.0000,769901.7500,5468322.0000,1604101.3750,-4355986.0000,5079135.5000,974065.3125,8675391.0000,-4981768.5000,86698.1797,-7098370.5000,4845729.5000,-2385063.2500,-5818095.0000,-8741781.0000,6295078.0000,87229.8594,5103592.5000
0.0740,5329023.0000,5300844.0000,4534167.5000,-4752616.5000,-4570783.0000,-2646116.2500,2267633.0000,-1732696.8750,-2919397.7500,495557.0000,-136605.7188,1425458.2500,6335485.5000,3568644.0000,-3067203.5000,-2170266.2500,-5418806.5000,1645040.3750,3513349.7500,-1168057.0000,2930632.7500,-8840673.0000,-1852324.0000,3106617.5000,8904012.0000,-2758831.5000,5274792.0000,3971654.2500,7785897.5000,-1003769.1875,6986788.5000,3531426.7500,-42499.0742,-5399666.0000,-5694746.0000,4561283.0000,-4731349.5000,-1419539.7500,-3477657.5000,2655224.7500,-7009580.5000,-2150594.2500,1417483.1250,2044329.0000,2389918.5000,-3780712.7500,-1119674.5000,-572048.3125,-4814290.5000,-3941810.5000,6994232.0000,381778.3438,-4731349.5000,819879.3125,5518299.5000,1655142.2500,-4307603.5000,5125391.0000,1019789.5000,8712609.0000,-4933918.0000,135612.3750,-7049456.5000,4890390.5000,-2349972.7500,-5774497.5000,-8689677.0000,6351436.0000,144119.1875,5157823.5000
0.0760,5316794.5000,5297122.5000,4511837.0000,-4769098.5000,-4592050.0000,-2663129.7500,2246897.5000,-1755027.2500,-2927372.7500,481201.7500,-157872.7500,1403127.8750,6315813.5000,3541528.5000,-3098572.5000,-2198445.0000,-5445390.0000,1625900.0000,3487829.2500,-1193577.5000,2900327.2500,-8874168.0000,-1886883.0000,3078970.5000,8882745.0000,-2783820.2500,5248740.0000,3954109.0000,7763035.5000,-1023441.1875,6961800.0000,3522388.2500,-57386.0039,-5415084.5000,-5715481.5000,4550118.0000,-4749958.0000,-1443996.8750,-3505304.5000,2641932.7500,-7025531.0000,-2161227.7500,1410571.2500,2032100.5000,2372373.0000,-3802511.5000,-1144663.3750,-590657.0000,-4833431.0000,-3968394.2500,6962863.0000,357321.2500,-4747299.5000,804460.6875,5504476.0000,1639192.0000,-4325680.5000,5107846.0000,1002244.1875,8686557.0000,-4954653.0000,122320.4688,-7064875.0000,4869123.5000,-2378151.5000,-5795233.0000,-8687018.0000,6357284.5000,142524.1562,5152506.5000
0.0780,5292869.0000,5282235.5000,4481531.5000,-4795150.5000,-4622355.5000,-2689713.7500,2226694.0000,-1782142.7500,-2945981.5000,455149.6250,-185519.9062,1372290.6250,6286040.0000,3507501.2500,-3130473.0000,-2232472.2500,-5481544.0000,1599316.2500,3453270.2500,-1226009.7500,2860451.5000,-8916702.0000,-1921441.8750,3052386.7500,8858820.0000,-2816252.5000,5211522.5000,3929120.2500,7732730.0000,-1052683.3750,6928836.0000,3499526.0000,-89286.5625,-5433161.5000,-5746318.5000,4518749.0000,-4776010.0000,-1476429.1250,-3535078.5000,2616944.0000,-7053710.0000,-2184621.5000,1385050.8750,2006580.0000,2347916.0000,-3838133.7500,-1177095.5000,-617240.7500,-4863205.0000,-4002421.5000,6925646.0000,323825.6562,-4782390.0000,770433.4375,5472575.5000,1607291.3750,-4359708.0000,5075413.5000,968748.5625,8648276.0000,-4987617.0000,89888.2344,-7091990.5000,4836691.0000,-2418027.2500,-5831918.5000,-8713602.0000,6346119.0000,121257.1172,5126986.0000
0.0800,5350822.0000,5351885.0000,4533636.0000,-4738792.5000,-4570783.0000,-2633356.0000,2281988.2500,-1727911.8750,-2890155.5000,510443.9062,-139795.7812,1424926.5000,6341334.0000,3555352.0000,-3076242.0000,-2179836.5000,-5423591.5000,1654078.8750,3502184.5000,-1179222.2500,2902454.0000,-8873105.0000,-1877312.7500,3114592.7500,8922621.0000,-2770528.5000,5257778.5000,3987073.0000,7784302.5000,-997920.7500,6979877.0000,3544187.0000,-26548.7969,-5373614.0000,-5688897.5000,4584145.0000,-4716994.0000,-1424324.8750,-3480315.7500,2670643.2500,-6996289.0000,-2124542.0000,1445130.2500,2067191.1250,2406400.2500,-3788687.7500,-1126586.3750,-558756.4375,-4811100.5000,-3950317.2500,6974028.5000,379119.9375,-4734007.5000,820411.0000,5522553.0000,1658332.2500,-4309198.5000,5123796.0000,1019257.8125,8694532.0000,-4933386.0000,148372.5938,-7033506.0000,4887200.5000,-2376024.7500,-5780346.0000,-8625876.0000,6429592.5000,188248.2812,5185470.5000
0.0820,5327428.0000,5335403.0000,4506520.5000,-4763781.5000,-4593645.0000,-2650901.2500,2264974.5000,-1747583.8750,-2914081.0000,483328.4375,-168506.2812,1381860.7500,6317940.5000,3525578.2500,-3103889.2500,-2208015.2500,-5455492.0000,1612608.1250,3470284.0000,-1212717.8750,2859388.2500,-8910322.0000,-1910276.7500,3093857.2500,8898164.0000,-2807745.7500,5220029.5000,3963147.5000,7753465.5000,-1019719.5000,6951166.5000,3509628.0000,-53132.5938,-5410831.0000,-5722393.5000,4562878.0000,-4745704.5000,-1450908.6250,-3507963.0000,2631831.0000,-7024999.5000,-2153252.5000,1422268.1250,2045924.0000,2380880.0000,-3821120.0000,-1157955.2500,-584808.5625,-4844064.5000,-3984344.5000,6941064.5000,347219.4062,-4764313.0000,785852.0625,5490121.0000,1632280.1250,-4337909.0000,5094022.5000,989483.9375,8659441.0000,-4962628.5000,120193.7656,-7063280.0000,4857958.0000,-2402077.0000,-5807993.0000,-8642889.0000,6430655.5000,184526.5625,5175368.5000
0.0840,5319453.0000,5338593.0000,4500140.0000,-4762718.0000,-4600025.5000,-2650369.5000,2255936.0000,-1759280.7500,-2918334.2500,473226.5938,-178608.1250,1362720.5000,6312092.0000,3513881.2500,-3113459.2500,-2222370.5000,-5470379.0000,1602506.3750,3455397.0000,-1228668.1250,2838121.2500,-8928931.0000,-1927822.0000,3082692.2500,8896569.0000,-2824227.7500,5199294.0000,3946665.5000,7742832.0000,-1031416.3125,6936279.5000,3498994.5000,-61107.7344,-5423059.5000,-5743660.5000,4556498.0000,-4753679.5000,-1463668.8750,-3520191.5000,2605247.2500,-7040949.5000,-2164417.7500,1418546.3750,2040075.6250,2368119.7500,-3835475.2500,-1174437.1250,-594910.3750,-4852571.5000,-3995509.7500,6932026.0000,336585.8750,-4779732.0000,774686.8750,5480550.5000,1623241.6250,-4348011.0000,5082325.5000,975128.6875,8642428.0000,-4973262.0000,110091.9219,-7072850.0000,4847856.5000,-2416432.2500,-5821285.0000,-8651928.0000,6429592.5000,193033.3750,5170583.5000
0.0860,5366240.5000,5389634.0000,4544801.0000,-4706360.5000,-4550048.0000,-2601455.5000,2301660.2500,-1717278.3750,-2870483.5000,518419.0625,-136074.0469,1401001.1250,6350904.0000,3555352.0000,-3070393.5000,-2183558.2500,-5436351.5000,1643445.3750,3491551.0000,-1189324.1250,2875338.5000,-8890650.0000,-1885819.6250,3127353.0000,8942293.0000,-2791795.5000,5232789.5000,3987073.0000,7786429.5000,-991009.0000,6979345.0000,3546845.2500,-20700.3613,-5381057.5000,-5706443.0000,4599032.0000,-4705297.0000,-1419008.1250,-3477125.7500,2638211.0000,-7003200.5000,-2125605.5000,1465333.8750,2079419.6250,2406400.2500,-3805169.7500,-1133498.1250,-553439.6875,-4807379.0000,-3949785.7500,6973497.0000,378056.5938,-4736666.0000,818284.3125,5522021.5000,1667370.7500,-4304413.5000,5125391.0000,1007560.9375,8675923.0000,-4936044.5000,148904.2656,-7028721.0000,4889858.5000,-2378683.2500,-5786726.0000,-8600887.0000,6480633.0000,251517.7188,5223751.0000
0.0880,5362518.5000,5380064.0000,4526724.0000,-4715399.0000,-4563871.5000,-2613152.2500,2291558.2500,-1731633.6250,-2877395.2500,507253.8438,-154151.0312,1383987.5000,6334422.5000,3543655.2500,-3085280.5000,-2203761.7500,-5462403.5000,1624305.0000,3469220.5000,-1205806.0000,2854071.5000,-8909259.0000,-1903364.8750,3115656.0000,8931128.0000,-2811467.5000,5210991.0000,3971122.7500,7772074.0000,-1004832.5625,6964458.5000,3532490.0000,-37182.3164,-5408173.0000,-5726646.5000,4581486.5000,-4719652.5000,-1433895.0000,-3494139.2500,2610032.2500,-7015961.0000,-2150062.5000,1452573.7500,2058684.2500,2379285.0000,-3831222.0000,-1154765.1250,-575770.0625,-4822797.5000,-3967862.5000,6958610.0000,361042.9688,-4746768.0000,810840.8125,5510856.0000,1658332.2500,-4317173.5000,5109441.0000,983103.8125,8654656.0000,-4954653.0000,131890.6406,-7050520.0000,4877098.5000,-2391975.0000,-5802144.5000,-8624281.0000,6475316.5000,249922.7031,5223751.0000
0.0900,5392292.5000,5407711.0000,4543737.5000,-4687220.0000,-4537287.5000,-2591353.5000,2312293.7500,-1713556.6250,-2852406.5000,521077.4375,-134479.0156,1404722.8750,6358879.5000,3573429.0000,-3060291.7500,-2189406.5000,-5441668.5000,1634938.5000,3488892.5000,-1184007.3750,2875338.5000,-8894372.0000,-1884224.6250,3130543.0000,8952395.0000,-2794453.7500,5222688.0000,3991326.2500,7795999.5000,-985160.5625,6977218.5000,3542591.7500,-17510.3066,-5398602.5000,-5712823.0000,4604348.5000,-4694132.0000,-1409969.6250,-3476062.2500,2623855.7500,-6994162.0000,-2136770.7500,1474372.3750,2075166.2500,2387260.0000,-3823246.7500,-1140409.8750,-557161.3750,-4798872.0000,-3939683.7500,6985725.5000,387626.7812,-4727627.5000,826791.1250,5529465.0000,1678004.2500,-4299628.5000,5129113.0000,992142.3125,8668480.0000,-4929132.5000,155284.3750,-7029784.5000,4898897.0000,-2373898.0000,-5788852.5000,-8609925.0000,6497115.0000,281291.5625,5249803.5000
0.0920,5397077.5000,5413559.5000,4541611.0000,-4685625.0000,-4528249.0000,-2592948.5000,2318142.2500,-1718341.6250,-2849216.5000,524799.1875,-135010.6875,1406849.6250,6361537.5000,3579809.2500,-3057633.5000,-2194723.2500,-5441668.5000,1624305.0000,3491551.0000,-1186665.7500,2874275.2500,-8900752.0000,-1883692.8750,3120972.7500,8951863.0000,-2784352.0000,5219498.0000,3987604.7500,7799189.5000,-988882.2500,6969243.5000,3529831.7500,-28675.5020,-5409768.0000,-5712823.0000,4606475.5000,-4702639.0000,-1416881.3750,-3487227.5000,2614817.2500,-7000542.0000,-2152721.0000,1463207.2500,2064001.0000,2369714.7500,-3841855.5000,-1148385.0000,-563541.5000,-4803125.5000,-3939683.7500,6986257.0000,386563.4062,-4723374.0000,829449.5000,5529996.5000,1680662.6250,-4299096.5000,5128581.0000,984167.1875,8664758.0000,-4929664.5000,156347.7344,-7032443.0000,4900492.0000,-2370708.0000,-5792043.0000,-8600887.0000,6508280.5000,297241.8438,5255120.0000
0.0940,5380064.0000,5399204.5000,4522470.5000,-4708487.0000,-4546857.5000,-2609962.2500,2309103.7500,-1739077.0000,-2861445.0000,506722.1875,-157872.7500,1388240.8750,6342929.0000,3564390.5000,-3075178.7500,-2221307.0000,-5467189.0000,1600379.6250,3473474.0000,-1212717.8750,2854603.2500,-8924146.0000,-1900174.8750,3100237.5000,8923152.0000,-2803492.2500,5191319.0000,3963147.5000,7777391.0000,-1018124.4375,6941064.5000,3512818.0000,-61107.7344,-5446453.5000,-5734090.0000,4584676.5000,-4727096.0000,-1439743.5000,-3512216.2500,2588765.2500,-7024999.5000,-2189406.5000,1425458.2500,2032632.1250,2328775.7500,-3877477.7500,-1178158.8750,-581618.5000,-4828646.0000,-3964141.0000,6964990.0000,364233.0312,-4744641.0000,810840.8125,5503944.5000,1656737.2500,-4324085.5000,5107846.0000,950139.9375,8635516.0000,-4957311.5000,126573.8750,-7052115.0000,4879757.0000,-2391975.0000,-5818626.5000,-8617900.0000,6496052.0000,288203.3750,5235448.0000
0.0960,5426851.5000,5444928.5000,4560219.5000,-4673396.5000,-4507513.5000,-2572213.2500,2354827.7500,-1706113.1250,-2815720.7500,543939.5000,-122782.1406,1429711.6250,6380678.0000,3617026.5000,-3035834.7500,-2185153.2500,-5428908.0000,1635470.2500,3516539.7500,-1174437.1250,2896605.5000,-8883207.0000,-1854982.3750,3138518.2500,8949205.0000,-2763616.5000,5227473.0000,3998769.7500,7819393.0000,-981970.5000,6972433.5000,3539401.7500,-30270.5293,-5425186.5000,-5704848.0000,4624020.5000,-4690942.0000,-1397209.3750,-3473404.0000,2631299.2500,-6986187.0000,-2162822.7500,1447788.6250,2060279.2500,2351637.7500,-3848235.5000,-1139878.2500,-536426.0625,-4790365.5000,-3924796.7500,7003270.5000,400387.0000,-4701575.5000,847526.4375,5543820.0000,1694486.2500,-4283146.5000,5147721.5000,981508.8125,8667948.0000,-4919562.5000,163791.1875,-7014366.0000,4919632.5000,-2349972.7500,-5783536.0000,-8574835.0000,6540712.5000,337649.2188,5273197.0000
0.0980,5423129.5000,5447587.0000,4557029.5000,-4686688.5000,-4512830.5000,-2578061.7500,2358017.7500,-1714088.2500,-2819974.2500,537027.6875,-131288.9531,1422268.1250,6372171.5000,3622343.2500,-3041683.0000,-2194191.7500,-5440605.0000,1630153.5000,3513349.7500,-1180285.6250,2895542.2500,-8883738.0000,-1859235.7500,3128948.0000,8933254.0000,-2766275.0000,5218966.0000,3990263.0000,7818330.0000,-993135.6875,6964458.5000,3527173.2500,-48347.5117,-5451238.5000,-5729305.0000,4609665.5000,-4705297.0000,-1400931.1250,-3478720.7500,2629172.5000,-6989377.0000,-2185153.2500,1425458.2500,2045924.0000,2327712.2500,-3871097.5000,-1148385.0000,-546527.8750,-4799935.5000,-3934367.0000,6998485.5000,391880.1875,-4705829.0000,842741.3750,5542757.0000,1690764.5000,-4287400.0000,5144000.0000,970343.6250,8655719.0000,-4929132.5000,152626.0000,-7017556.0000,4917506.0000,-2347846.0000,-5791511.0000,-8568455.0000,6553473.0000,347751.0625,5275855.5000
0.1001,5411964.5000,5433763.0000,4545332.5000,-4703702.0000,-4527185.5000,-2589758.5000,2361208.0000,-1726316.7500,-2837519.5000,514697.3125,-148834.2656,1404191.1250,6363133.0000,3618089.7500,-3052848.2500,-2214395.2500,-5454960.0000,1616861.6250,3498994.5000,-1194109.1250,2880655.2500,-8899689.0000,-1868274.2500,3110871.0000,8907202.0000,-2779035.2500,5198231.0000,3976439.5000,7811418.0000,-1008022.6250,6953825.0000,3510691.2500,-75462.9844,-5467720.5000,-5752699.0000,4593183.5000,-4721779.0000,-1406247.8750,-3487759.2500,2619070.7500,-7000542.0000,-2210673.5000,1406317.8750,2028910.3750,2303255.2500,-3894491.2500,-1158486.8750,-558224.7500,-4813227.5000,-3940215.5000,6986788.5000,382310.0000,-4717525.5000,836361.2500,5529996.5000,1680131.0000,-4299096.5000,5133366.5000,952266.6250,8642428.0000,-4944019.5000,138802.4219,-7027657.5000,4906872.5000,-2353162.7500,-5807461.5000,-8592380.0000,6543902.5000,343497.6562,5255120.0000
0.1021,5423129.5000,5438548.5000,4561814.5000,-4685625.0000,-4508045.5000,-2572745.0000,2386196.7500,-1713556.6250,-2829544.5000,512570.6250,-135010.6875,1416951.3750,6380146.5000,3638293.5000,-3036898.0000,-2205888.5000,-5445922.0000,1631216.8750,3511754.7500,-1179753.8750,2892352.2500,-8885865.0000,-1844880.5000,3125758.0000,8909329.0000,-2768933.2500,5212054.5000,3988136.2500,7833217.0000,-995794.0625,6974560.0000,3527173.2500,-77589.6875,-5465594.0000,-5746850.5000,4604348.5000,-4708487.0000,-1379132.3750,-3467555.5000,2649908.0000,-6991503.5000,-2209610.2500,1405254.5000,2043265.6250,2306445.2500,-3894491.2500,-1135624.8750,-546527.8750,-4794618.5000,-3925860.2500,7005397.5000,396665.2500,-4702107.0000,851779.8750,5546478.5000,1695549.6250,-4285805.0000,5149316.5000,958115.0625,8652529.0000,-4932854.5000,145714.2031,-7007985.5000,4925481.0000,-2336149.0000,-5801081.5000,-8575898.0000,6563574.5000,356789.5625,5265753.5000
0.1041,5411433.0000,5427915.0000,4562346.5000,-4684030.0000,-4513894.0000,-2576466.7500,2401083.5000,-1715683.2500,-2839114.5000,502468.7812,-136605.7188,1411634.6250,6380678.0000,3639357.0000,-3037429.7500,-2213863.7500,-5456555.5000,1628026.7500,3508033.0000,-1180285.6250,2888098.7500,-8891182.0000,-1845943.8750,3120972.7500,8894974.0000,-2778503.5000,5207801.0000,3981224.5000,7834812.0000,-997920.7500,6978282.0000,3526641.5000,-90881.5859,-5476227.5000,-5762800.5000,4599563.5000,-4716462.5000,-1371689.0000,-3469150.5000,2651503.0000,-6996820.5000,-2226624.0000,1389304.2500,2034758.8750,2293685.0000,-3908846.5000,-1135093.1250,-547059.5625,-4792492.0000,-3923733.5000,7005397.5000,394006.8750,-4704234.0000,849653.1875,5549137.0000,1697144.6250,-4282615.0000,5148785.0000,954925.0000,8651466.0000,-4938703.0000,139334.0938,-7005327.5000,4925481.0000,-2331895.7500,-5806929.5000,-8582810.0000,6566764.5000,356789.5625,5264690.5000
0.1061,5377937.0000,5398672.5000,4541079.5000,-4697853.5000,-4537819.0000,-2593480.2500,2393108.5000,-1733760.2500,-2859850.0000,476416.6562,-155214.3750,1395152.7500,6368981.0000,3629786.7500,-3044341.5000,-2235662.2500,-5487392.5000,1603038.0000,3484639.2500,-1195172.5000,2876933.5000,-8910854.0000,-1863489.2500,3104490.7500,8866795.0000,-2808809.0000,5191319.0000,3973249.5000,7820988.0000,-1013339.3750,6959141.5000,3501652.7500,-117465.3828,-5509723.0000,-5788852.5000,4581486.5000,-4737197.5000,-1383385.8750,-3486696.0000,2631831.0000,-7023936.0000,-2255866.0000,1351023.6250,2011365.1250,2268696.2500,-3933835.2500,-1153170.1250,-565136.5625,-4806315.5000,-3938088.7500,6994232.0000,374866.5312,-4723906.0000,833702.8750,5533186.5000,1681194.3750,-4296970.0000,5133898.0000,941101.4375,8633389.0000,-4955185.0000,120193.7656,-7018087.5000,4913252.5000,-2345719.2500,-5828197.0000,-8611520.0000,6546561.0000,338180.9062,5244486.5000
0.1081,5389102.5000,5402926.0000,4556498.0000,-4679776.5000,-4517615.5000,-2566364.7500,2414907.2500,-1710366.5000,-2846558.0000,495025.3125,-137137.3906,1416419.7500,6396096.5000,3654243.7500,-3014036.0000,-2213863.7500,-5475164.0000,1615266.5000,3499526.0000,-1177627.2500,2906175.7500,-8886397.0000,-1841158.8750,3133201.2500,8879555.0000,-2793390.5000,5213649.5000,4000896.5000,7849698.5000,-994730.6875,6987320.5000,3522388.2500,-106300.1875,-5500152.5000,-5768117.5000,4596373.5000,-4721779.0000,-1363182.1250,-3469682.2500,2648844.5000,-7013302.5000,-2250549.2500,1352087.0000,2027315.3750,2278266.5000,-3925860.2500,-1136688.1250,-544932.8750,-4784517.0000,-3915226.7500,7017094.0000,396133.5938,-4713272.5000,851248.1875,5552327.0000,1700866.3750,-4274639.5000,5159950.0000,955988.3750,8647744.0000,-4937108.0000,136675.7188,-6993630.5000,4938241.0000,-2324452.2500,-5815436.5000,-8584937.0000,6574740.0000,370081.4688,5265753.5000
0.1101,5371025.5000,5367303.5000,4536826.0000,-4694663.5000,-4542072.5000,-2581783.5000,2390981.7500,-1724721.7500,-2868888.5000,483328.4375,-153087.6719,1403127.8750,6389716.5000,3636698.5000,-3023074.5000,-2234067.2500,-5494304.5000,1593999.5000,3481980.7500,-1188260.7500,2893947.2500,-8894372.0000,-1856045.7500,3121504.5000,8854566.0000,-2815189.2500,5196635.5000,3990263.0000,7835875.0000,-1014402.6875,6974560.0000,3502184.5000,-129162.2578,-5514508.0000,-5781409.5000,4572448.0000,-4746236.0000,-1384449.1250,-3494671.0000,2622260.7500,-7040949.5000,-2276069.7500,1323908.1250,2003390.0000,2252214.2500,-3955634.0000,-1160081.8750,-563541.5000,-4802594.0000,-3933303.7500,6996359.0000,379651.6250,-4732412.5000,829981.1875,5533718.5000,1682789.3750,-4290590.0000,5144000.0000,940038.0625,8629136.0000,-4954121.5000,119662.0859,-7013302.5000,4921759.5000,-2340402.5000,-5832982.0000,-8596633.0000,6575803.0000,373271.5312,5252993.5000
0.1121,5344441.5000,5336466.5000,4516622.0000,-4713272.5000,-4560681.5000,-2595075.2500,2371309.7500,-1737482.0000,-2896535.5000,460466.3750,-170632.9844,1390899.2500,6372703.0000,3613836.5000,-3034771.2500,-2250549.2500,-5508659.5000,1570074.1250,3466030.5000,-1204211.0000,2890225.5000,-8903410.0000,-1871464.3750,3114592.7500,8836489.0000,-2834329.5000,5183875.5000,3977502.7500,7827368.5000,-1030884.6875,6962863.0000,3510159.5000,-148302.5938,-5524610.0000,-5790448.0000,4547459.5000,-4769630.0000,-1404121.1250,-3512216.2500,2613222.2500,-7069660.0000,-2296273.5000,1301577.7500,1982654.6250,2229352.2500,-3977964.5000,-1177627.2500,-577896.7500,-4814290.5000,-3947659.0000,6982003.5000,365828.0625,-4741983.0000,820411.0000,5524148.0000,1673750.8750,-4300692.0000,5134961.5000,932062.9375,8621692.0000,-4967413.5000,105838.5156,-7026594.5000,4913784.0000,-2349972.7500,-5849995.5000,-8610989.0000,6582715.0000,370613.1250,5235448.0000
0.1141,5358265.0000,5346036.5000,4534167.5000,-4690410.0000,-4537287.5000,-2572213.2500,2388323.2500,-1711429.8750,-2875800.2500,487050.1562,-146707.5625,1421736.5000,6392375.0000,3628191.7500,-3006060.7500,-2233004.0000,-5479949.0000,1594531.1250,3485702.5000,-1185070.7500,2915746.0000,-8873637.0000,-1845412.2500,3143303.2500,8857225.0000,-2816252.5000,5208332.5000,3997706.5000,7856079.0000,-1011212.6875,6988915.5000,3537275.0000,-129162.2578,-5500152.5000,-5769180.5000,4560219.5000,-4755274.5000,-1390829.2500,-3499987.7500,2641401.0000,-7060090.0000,-2278728.0000,1319123.0000,2002858.2500,2247429.2500,-3959887.5000,-1157955.2500,-559288.1250,-4787707.0000,-3921075.2500,7008055.5000,391348.5000,-4715399.0000,845931.4375,5544883.5000,1697144.6250,-4275703.0000,5157291.5000,964495.1875,8649871.0000,-4946146.5000,125510.5234,-7001605.5000,4939304.5000,-2320730.5000,-5826601.5000,-8568455.0000,6628439.0000,398791.9688,5259905.0000
0.1161,5327428.0000,5305629.5000,4508647.0000,-4720716.0000,-4563871.5000,-2594012.0000,2360676.2500,-1731633.6250,-2901320.7500,461529.7188,-166379.5781,1397279.3750,6372703.0000,3594696.0000,-3024669.5000,-2253207.7500,-5502279.5000,1578049.2500,3455397.0000,-1210059.5000,2896605.5000,-8891182.0000,-1869337.6250,3126289.5000,8836489.0000,-2840709.5000,5186534.0000,3968464.2500,7837470.0000,-1034606.3750,6967116.5000,3523451.5000,-154151.0312,-5527800.0000,-5792043.0000,4526724.0000,-4783453.5000,-1420603.1250,-3523913.2500,2627577.5000,-7095180.5000,-2302121.7500,1285627.5000,1978401.2500,2218718.7500,-3982217.7500,-1179222.2500,-583745.1875,-4808974.0000,-3942873.7500,6982535.5000,372208.1562,-4737197.5000,825196.0625,5523616.5000,1677472.6250,-4294311.5000,5137088.0000,951203.2500,8631794.0000,-4967413.5000,101053.4297,-7020214.0000,4920696.0000,-2335085.7500,-5847337.0000,-8593975.0000,6624717.5000,384968.3750,5241296.5000
0.1181,5336998.0000,5310414.5000,4530446.0000,-4706360.5000,-4547921.0000,-2574871.7500,2368119.7500,-1710898.2500,-2881648.7500,476416.6562,-147239.2344,1423863.2500,6392906.5000,3609583.0000,-3002870.7500,-2233535.7500,-5476759.0000,1606228.0000,3472942.2500,-1189855.7500,2928506.2500,-8864598.0000,-1848070.6250,3139049.7500,8858288.0000,-2820506.0000,5215776.0000,3978034.5000,7863522.5000,-1018656.1250,6988383.5000,3552693.7500,-135542.3750,-5496962.5000,-5762800.5000,4538952.5000,-4768035.0000,-1404121.1250,-3507431.2500,2655756.2500,-7081888.5000,-2277664.7500,1292539.2500,1993819.8750,2234669.0000,-3966799.2500,-1151575.1250,-560351.4375,-4784517.0000,-3918416.7500,7007524.0000,398791.9688,-4713804.0000,849121.5000,5544883.5000,1699803.0000,-4268791.0000,5164203.5000,983103.8125,8654656.0000,-4949868.0000,123383.8203,-7000542.0000,4945684.5000,-2310628.7500,-5826601.5000,-8580683.0000,6652364.5000,404108.7188,5264158.5000
0.1201,5338061.5000,5303502.5000,4537889.0000,-4702107.0000,-4539946.0000,-2565833.2500,2367588.0000,-1702391.3750,-2871546.7500,487581.8438,-135542.3750,1443003.5000,6399286.5000,3614899.7500,-2994364.0000,-2221838.7500,-5462403.5000,1624305.0000,3483044.2500,-1168057.0000,2949773.2500,-8848116.0000,-1838500.3750,3145430.0000,8869453.0000,-2800302.2500,5234916.5000,3982287.7500,7884257.5000,-1013339.3750,7005397.5000,3562263.7500,-124377.1719,-5467189.0000,-5740470.0000,4538952.5000,-4763781.5000,-1404121.1250,-3498392.7500,2683403.5000,-7076572.0000,-2265968.0000,1299451.0000,1999668.2500,2239985.7500,-3959355.7500,-1137751.5000,-542274.5000,-4765376.5000,-3906720.0000,7016562.5000,412615.5312,-4700512.0000,862945.0625,5556580.5000,1710968.2500,-4253372.5000,5180154.0000,999054.1250,8665290.0000,-4940829.5000,130295.6094,-6994694.0000,4960040.0000,-2296805.0000,-5817031.5000,-8579620.0000,6676821.5000,414742.2500,5286489.0000
0.1221,5300312.5000,5261500.0000,4505457.0000,-4737197.5000,-4577695.0000,-2597202.0000,2326117.2500,-1733760.2500,-2900789.0000,458339.6562,-165316.2188,1415356.3750,6368449.5000,3576619.0000,-3020416.0000,-2250549.2500,-5489519.0000,1594531.1250,3450612.0000,-1188260.7500,2931164.5000,-8872042.0000,-1868806.0000,3116719.5000,8840211.0000,-2818379.2500,5210459.5000,3944007.2500,7855015.5000,-1046834.9375,6978813.5000,3534085.0000,-158404.4375,-5477290.5000,-5761205.5000,4498013.5000,-4799935.5000,-1446123.6250,-3534015.0000,2673301.7500,-7115916.0000,-2296273.5000,1264360.3750,1962450.8750,2207021.7500,-3992319.7500,-1162740.2500,-564604.8750,-4795682.0000,-3937025.5000,6986788.5000,387626.7812,-4722311.0000,839551.3125,5526806.5000,1688106.1250,-4277829.5000,5155696.5000,977787.0625,8639769.0000,-4971667.0000,100521.7578,-7022872.5000,4936114.5000,-2320730.5000,-5848932.0000,-8617369.0000,6655023.0000,386031.7500,5260968.5000
0.1241,5317858.0000,5270538.5000,4518217.0000,-4721779.0000,-4565998.0000,-2578061.7500,2339940.7500,-1719936.7500,-2892282.2500,478011.6875,-149365.9375,1426521.6250,6378019.5000,3582467.5000,-3008719.2500,-2234599.0000,-5475164.0000,1609949.7500,3466562.2500,-1173373.8750,2944988.0000,-8851838.0000,-1850197.2500,3131074.7500,8858288.0000,-2801897.2500,5228004.5000,3949324.0000,7874156.0000,-1035669.7500,6993700.5000,3560668.7500,-140859.1250,-5447517.0000,-5734622.0000,4505988.5000,-4790365.5000,-1445591.8750,-3526040.0000,2692973.7500,-7105282.5000,-2281918.2500,1271272.2500,1967767.7500,2217123.7500,-3982749.5000,-1141473.2500,-541211.1250,-4776010.0000,-3919480.0000,7002739.0000,412615.5312,-4707424.0000,853374.8750,5542225.0000,1704056.3750,-4256562.5000,5175900.5000,995864.0625,8646681.0000,-4959438.5000,111155.2734,-7007454.0000,4957913.0000,-2306907.0000,-5838830.5000,-8584937.0000,6681606.5000,397196.9375,5281172.0000
0.1261,5313073.0000,5260968.5000,4511305.5000,-4737197.5000,-4571846.5000,-2592417.0000,2328244.0000,-1725253.5000,-2905574.0000,472163.2500,-154151.0312,1414293.0000,6372171.5000,3563859.0000,-3021479.5000,-2245232.5000,-5486329.0000,1601443.0000,3460713.7500,-1174968.8750,2932759.5000,-8853965.0000,-1858172.5000,3127884.5000,8848186.0000,-2807745.7500,5233321.5000,3936032.0000,7866712.5000,-1044708.2500,6979877.0000,3558542.2500,-147770.9219,-5443263.5000,-5735153.5000,4490570.0000,-4805252.0000,-1473239.0000,-3544648.5000,2679681.7500,-7115384.0000,-2287235.0000,1260638.6250,1949159.0000,2204363.5000,-3997636.5000,-1145195.0000,-548122.8750,-4786643.5000,-3930645.2500,6991573.5000,405703.7500,-4715930.5000,843804.7500,5534250.0000,1699271.3750,-4258689.5000,5175368.5000,992142.3125,8636579.0000,-4965818.5000,107433.5391,-7014366.0000,4957381.5000,-2307438.5000,-5839893.5000,-8569518.0000,6696493.5000,395070.2188,5278514.0000
0.1281,5297654.0000,5243423.0000,4495887.0000,-4762186.5000,-4594177.0000,-2616342.2500,2301660.2500,-1743862.1250,-2920992.7500,455681.2812,-169569.6250,1389304.2500,6356221.0000,3540996.7500,-3037961.5000,-2267563.0000,-5504406.0000,1585492.6250,3443168.5000,-1197299.2500,2906707.5000,-8871510.0000,-1878907.7500,3108212.5000,8830641.0000,-2814125.7500,5219498.0000,3920081.7500,7849698.5000,-1065443.6250,6950103.0000,3526110.0000,-164784.5469,-5457618.5000,-5749508.5000,4465049.5000,-4830772.5000,-1515773.1250,-3577080.7500,2648313.0000,-7132929.5000,-2306907.0000,1239903.3750,1926828.6250,2183096.5000,-4022625.2500,-1165930.3750,-567794.9375,-4807379.0000,-3954570.7500,6966585.0000,389753.4688,-4735071.0000,824664.3750,5513514.5000,1679599.3750,-4274639.5000,5166862.0000,974597.0000,8615312.0000,-4987617.0000,86698.1797,-7034038.0000,4939836.5000,-2321262.2500,-5859034.0000,-8570581.0000,6694367.0000,374866.5312,5264690.5000
0.1301,5322643.0000,5268943.5000,4517154.0000,-4735602.5000,-4566529.5000,-2593480.2500,2313357.0000,-1720468.3750,-2894940.5000,476948.3125,-148302.5938,1410571.2500,6375893.0000,3555883.7500,-3015631.0000,-2250017.5000,-5476227.5000,1607823.1250,3467625.5000,-1177627.2500,2927974.5000,-8840141.0000,-1857109.1250,3126821.2500,8857756.0000,-2785947.0000,5246613.5000,3945602.2500,7878941.0000,-1046303.2500,6964990.0000,3544718.5000,-138732.4219,-5434225.0000,-5719203.0000,4484190.0000,-4809505.5000,-1515241.5000,-3563257.2500,2669580.0000,-7106877.5000,-2279791.5000,1260107.0000,1945437.2500,2203300.2500,-4006143.2500,-1144131.6250,-547591.2500,-4782922.0000,-3931177.0000,6984662.0000,416868.9375,-4716994.0000,844336.4375,5530528.0000,1698208.0000,-4251777.5000,5188129.0000,988952.2500,8626477.0000,-4969008.5000,109560.2422,-7015961.0000,4962698.5000,-2303717.0000,-5837235.5000,-8526984.0000,6727331.0000,390285.1562,5281172.0000
0.1321,5298717.5000,5244486.5000,4490038.5000,-4762186.5000,-4595240.0000,-2620064.0000,2279861.5000,-1745988.8750,-2914612.5000,449832.8438,-176481.4219,1390367.6250,6348777.5000,3528768.2500,-3032644.5000,-2279259.7500,-5490051.0000,1580707.6250,3444763.5000,-1197299.2500,2899264.0000,-8853965.0000,-1873591.0000,3105554.2500,8842869.0000,-2811467.5000,5222156.0000,3930183.5000,7868307.5000,-1072355.3750,6930431.0000,3519729.7500,-162657.8438,-5453365.0000,-5748445.5000,4458669.5000,-4830772.5000,-1553522.1250,-3594626.0000,2641401.0000,-7134524.5000,-2302653.5000,1238840.0000,1916195.1250,2177779.7500,-4031663.7500,-1170715.5000,-571516.6250,-4813227.5000,-3964672.5000,6953825.0000,394538.5625,-4737729.5000,825727.7500,5507666.0000,1678004.2500,-4270918.0000,5170583.5000,952798.3125,8593513.0000,-4996655.5000,85634.8281,-7037759.5000,4941431.5000,-2319135.5000,-5854249.0000,-8547188.0000,6719355.5000,367423.0938,5255120.0000
0.1341,5312009.5000,5256183.5000,4495887.0000,-4756869.5000,-4585670.0000,-2606772.2500,2284646.5000,-1735355.2500,-2900257.2500,456744.6562,-167974.5938,1402064.5000,6358347.5000,3535680.0000,-3018289.2500,-2270221.2500,-5478354.0000,1587087.7500,3444231.7500,-1188260.7500,2908302.5000,-8838546.0000,-1866679.2500,3116719.5000,8862541.0000,-2804024.0000,5232258.0000,3942412.2500,7888511.0000,-1063848.6250,6927241.0000,3521856.5000,-148834.2656,-5439541.5000,-5735685.0000,4471429.5000,-4820671.0000,-1556180.5000,-3585056.0000,2653098.0000,-7122296.0000,-2284576.5000,1257980.2500,1931613.7500,2193730.0000,-4014650.0000,-1154765.1250,-564073.1875,-4798340.5000,-3954039.0000,6963926.5000,413147.2188,-4722842.5000,834766.2500,5516704.5000,1690764.5000,-4258689.5000,5184407.0000,950671.6250,8597235.0000,-4988680.5000,93078.2891,-7026062.5000,4954723.0000,-2311692.0000,-5850527.0000,-8551441.0000,6729989.0000,359447.9375,5257247.0000
0.1361,5330618.0000,5268412.0000,4511837.0000,-4739856.0000,-4563871.5000,-2588695.2500,2292090.0000,-1715683.2500,-2881117.0000,466846.4688,-149365.9375,1423331.5000,6376956.5000,3551630.2500,-2993832.2500,-2252144.2500,-5455492.0000,1608886.3750,3454333.7500,-1161677.0000,2931696.2500,-8807709.0000,-1842753.8750,3132669.7500,8886467.0000,-2785947.0000,5261500.0000,3967401.0000,7919880.0000,-1045771.6250,6943191.0000,3531426.7500,-120655.4375,-5409768.0000,-5711228.0000,4495887.0000,-4796213.5000,-1545547.0000,-3561662.2500,2678618.5000,-7102624.0000,-2253739.2500,1288817.5000,1953944.1250,2213933.7500,-3992851.5000,-1130308.1250,-545464.5000,-4785048.5000,-3941278.7500,6979877.0000,432819.2188,-4697322.0000,857096.6250,5540098.5000,1716816.6250,-4234232.5000,5209396.0000,959710.0625,8605742.0000,-4973262.0000,111686.9531,-7008517.5000,4978648.5000,-2291488.2500,-5830323.5000,-8547719.0000,6755509.5000,371144.8125,5273197.0000
0.1381,5299781.0000,5231726.5000,4471961.5000,-4785580.0000,-4594708.5000,-2622722.5000,2258594.5000,-1745457.1250,-2910359.2500,434414.2500,-183393.2031,1385582.5000,6341334.0000,3508564.5000,-3018821.0000,-2285640.0000,-5475164.0000,1578580.8750,3422433.0000,-1187729.1250,2901390.7500,-8827912.0000,-1867210.8750,3107149.2500,8858820.0000,-2820506.0000,5231194.5000,3937627.0000,7892233.0000,-1078203.8750,6902252.0000,3492082.7500,-148302.5938,-5441668.5000,-5748445.5000,4457074.5000,-4836089.5000,-1590207.7500,-3594094.5000,2640869.5000,-7138246.5000,-2289361.7500,1266487.1250,1922043.5000,2180969.7500,-4026347.0000,-1164867.0000,-579491.8125,-4822266.0000,-3982749.5000,6939469.5000,400387.0000,-4728691.0000,827322.7500,5510324.5000,1688637.8750,-4266133.0000,5182812.0000,918239.3750,8567461.0000,-5009947.5000,79254.7188,-7044139.5000,4945684.5000,-2323389.0000,-5864350.5000,-8603545.0000,6726799.0000,332864.1562,5237575.0000
0.1401,5294996.0000,5236511.5000,4466644.5000,-4795682.0000,-4590455.0000,-2622722.5000,2261784.5000,-1741735.3750,-2905574.0000,435477.5938,-187646.6094,1380797.5000,6343461.0000,3505906.2500,-3007655.7500,-2281918.2500,-5458150.5000,1579112.6250,3422964.7500,-1182412.3750,2905112.5000,-8820469.0000,-1857109.1250,3116187.7500,8865731.0000,-2825291.0000,5234384.5000,3944007.2500,7897549.5000,-1084584.0000,6894808.5000,3477195.7500,-136605.7188,-5434756.5000,-5738875.0000,4457074.5000,-4830772.5000,-1593397.8750,-3591967.7500,2639274.5000,-7133461.0000,-2281386.5000,1274993.8750,1928423.6250,2187349.7500,-4021030.2500,-1157955.2500,-574175.0000,-4813759.0000,-3974774.5000,6943191.0000,409425.4688,-4719120.5000,829449.5000,5515109.5000,1699271.3750,-4257094.5000,5192382.5000,910795.8750,8563740.0000,-5007289.0000,81381.4219,-7043076.5000,4949406.5000,-2323389.0000,-5863819.0000,-8614179.0000,6722545.5000,314255.5000,5226941.5000
0.1421,5300312.5000,5245018.0000,4467708.0000,-4787707.0000,-4580885.0000,-2615810.7500,2275608.0000,-1725253.5000,-2890687.2500,444516.0938,-182861.5312,1387709.2500,6353031.0000,3508564.5000,-2986920.5000,-2270753.0000,-5428908.0000,1588682.7500,3435725.0000,-1170715.5000,2913087.5000,-8800265.0000,-1835842.0000,3132669.7500,8890720.0000,-2814657.5000,5249803.5000,3963679.2500,7914563.0000,-1079267.1250,6901189.0000,3487297.5000,-119060.4141,-5418806.5000,-5729305.0000,4466644.5000,-4823861.0000,-1594992.8750,-3582397.5000,2646186.2500,-7121764.5000,-2274474.7500,1292007.5000,1943842.2500,2194793.2500,-4013055.0000,-1144663.3750,-564073.1875,-4804720.5000,-3966267.5000,6949039.5000,418995.6562,-4701575.5000,843804.7500,5528933.0000,1713626.6250,-4239017.5000,5210991.0000,913985.9375,8571183.0000,-4995060.5000,98926.7266,-7022872.5000,4966420.0000,-2310097.0000,-5849464.0000,-8601419.0000,6738496.0000,309470.4062,5230663.0000
0.1441,5261500.0000,5198762.5000,4425174.0000,-4831836.0000,-4614912.0000,-2648243.0000,2246897.5000,-1753964.0000,-2923119.2500,404640.4062,-210508.6719,1348896.8750,6317940.5000,3472410.7500,-3009782.5000,-2301058.5000,-5449643.5000,1558908.8750,3402761.0000,-1200489.2500,2873211.7500,-8826317.0000,-1866147.6250,3105022.5000,8872643.0000,-2847621.5000,5222688.0000,3941880.5000,7886384.5000,-1120737.8750,6855464.5000,3480917.5000,-140859.1250,-5439541.5000,-5769712.5000,4435807.5000,-4857888.0000,-1635400.2500,-3620146.5000,2616944.0000,-7152070.0000,-2309565.2500,1274462.2500,1917258.5000,2159702.7500,-4046019.0000,-1177095.5000,-594378.6875,-4836089.5000,-3997104.7500,6919797.5000,389753.4688,-4736134.5000,814030.8750,5500222.5000,1684916.1250,-4271449.5000,5180685.5000,867730.1250,8530776.0000,-5030151.0000,61177.7344,-7048924.5000,4935583.0000,-2341466.0000,-5882427.5000,-8621091.0000,6707659.0000,258429.5156,5185470.5000
0.1461,5272665.5000,5203016.0000,4435276.0000,-4819607.5000,-4597367.0000,-2626975.7500,2272418.0000,-1729506.8750,-2906105.7500,422717.3750,-196153.4219,1359530.3750,6330700.5000,3484107.5000,-2992769.0000,-2284045.0000,-5416679.5000,1579112.6250,3417648.0000,-1181349.0000,2888630.5000,-8806114.0000,-1845412.2500,3122567.7500,8898164.0000,-2825822.7500,5241828.0000,3975907.7500,7904993.0000,-1110104.3750,6858655.0000,3519729.7500,-113743.6562,-5415084.5000,-5753762.0000,4455479.5000,-4840874.5000,-1630083.5000,-3611108.0000,2645654.5000,-7125486.0000,-2288830.0000,1294134.2500,1940120.5000,2178843.0000,-4030600.5000,-1162740.2500,-574706.6875,-4812164.0000,-3976369.5000,6937874.5000,407830.4688,-4720184.0000,826791.1250,5515641.5000,1704056.3750,-4249119.0000,5198762.5000,873046.9375,8547258.0000,-5012074.0000,80849.7422,-7029252.5000,4955255.0000,-2327110.7500,-5864882.5000,-8586000.0000,6722545.5000,246200.9688,5185470.5000
0.1481,5276387.0000,5201421.0000,4441124.0000,-4806315.5000,-4588328.5000,-2611557.2500,2281456.5000,-1717810.0000,-2898130.5000,431755.8750,-191900.0156,1362720.5000,6331232.0000,3490487.5000,-2983198.7500,-2268094.5000,-5400729.5000,1595062.8750,3427218.2500,-1168588.7500,2902985.7500,-8788037.0000,-1832652.0000,3140644.7500,8911456.0000,-2816252.5000,5250866.5000,3993984.7500,7915626.5000,-1105851.0000,6863971.5000,3552693.7500,-100983.4297,-5411363.0000,-5744723.5000,4459201.0000,-4837684.5000,-1635400.2500,-3610576.5000,2654161.2500,-7119637.5000,-2285640.0000,1294666.0000,1944374.0000,2178311.2500,-4028473.7500,-1155828.5000,-564073.1875,-4805252.0000,-3969457.7500,6943191.0000,408893.8125,-4711677.5000,827854.4375,5518831.5000,1710968.2500,-4244334.0000,5204079.0000,868793.5000,8547258.0000,-5010479.0000,84039.7969,-7015429.0000,4957381.5000,-2320730.5000,-5856375.5000,-8556758.0000,6733179.0000,229187.3281,5183344.0000
0.1501,5262032.0000,5186002.0000,4427300.5000,-4821202.5000,-4600025.5000,-2622190.7500,2268164.5000,-1724721.7500,-2916207.5000,416337.2812,-204128.5625,1347301.8750,6321130.5000,3484639.2500,-2994364.0000,-2280323.2500,-5404982.5000,1590277.7500,3416053.0000,-1171778.7500,2888630.5000,-8791227.0000,-1845412.2500,3136923.0000,8905607.0000,-2823164.2500,5246613.5000,3987604.7500,7903929.5000,-1122864.6250,6848021.0000,3544187.0000,-100451.7578,-5417743.0000,-5738875.0000,4452289.5000,-4847254.5000,-1652945.5000,-3621741.5000,2636616.0000,-7130271.0000,-2294146.7500,1287222.5000,1937462.1250,2168209.5000,-4038575.5000,-1164867.0000,-566731.5625,-4814290.5000,-3978496.2500,6935216.0000,396665.2500,-4719652.5000,816157.5625,5509793.0000,1700866.3750,-4254436.0000,5193977.5000,852311.5625,8535561.0000,-5018454.5000,76596.3359,-7019682.5000,4945684.5000,-2327642.2500,-5865946.0000,-8573771.0000,6711912.0000,189311.6406,5150911.5000
0.1521,5268943.5000,5197167.5000,4438997.5000,-4806315.5000,-4584075.0000,-2603050.5000,2272949.7500,-1712493.2500,-2910359.2500,421122.3438,-194558.3906,1361125.3750,6331232.0000,3501121.2500,-2987983.7500,-2269689.7500,-5386374.0000,1609418.1250,3426686.5000,-1158486.8750,2891288.7500,-8775808.0000,-1834778.7500,3145961.5000,8921557.0000,-2806682.2500,5262563.5000,4003023.2500,7916158.0000,-1123396.2500,6847489.5000,3534085.0000,-79184.7188,-5407641.0000,-5716013.0000,4459201.0000,-4841938.0000,-1652413.8750,-3616424.7500,2636084.2500,-7115916.0000,-2280854.7500,1295197.6250,1949690.7500,2178311.2500,-4025283.5000,-1156891.8750,-549717.9375,-4802062.0000,-3968394.2500,6947444.5000,404108.7188,-4708487.0000,823601.0625,5516173.0000,1706183.1250,-4247524.0000,5200357.5000,848589.8125,8540346.0000,-5012606.0000,86698.1797,-7013302.5000,4951001.5000,-2322857.2500,-5856375.5000,-8575898.0000,6715102.5000,175488.0625,5141873.0000
0.1541,5265222.0000,5197167.5000,4436871.0000,-4804189.0000,-4579290.0000,-2597733.7500,2263379.5000,-1714620.0000,-2917802.5000,413678.8750,-197748.4531,1361125.3750,6332295.5000,3497931.0000,-2994364.0000,-2277664.7500,-5380525.5000,1614203.1250,3432003.2500,-1153701.7500,2884908.7500,-8767833.0000,-1838500.3750,3150746.7500,8931128.0000,-2800302.2500,5265753.5000,4010466.7500,7917753.0000,-1135093.1250,6833666.0000,3512286.2500,-78121.3672,-5416148.0000,-5712823.0000,4457074.5000,-4845659.5000,-1661984.0000,-3623336.5000,2618007.5000,-7118042.5000,-2281918.2500,1289880.8750,1947564.0000,2171399.5000,-4025815.2500,-1156891.8750,-548654.5625,-4811100.5000,-3974242.7500,6941064.5000,396133.5938,-4709019.0000,819347.6250,5508729.5000,1700866.3750,-4251777.5000,5192382.5000,838488.0000,8534497.0000,-5017922.5000,78191.3672,-7021277.5000,4944089.5000,-2328174.0000,-5863287.5000,-8592912.0000,6704468.5000,152094.3281,5121669.5000
0.1561,5251930.0000,5180154.0000,4418794.0000,-4824392.5000,-4596835.5000,-2615810.7500,2235200.7500,-1735355.2500,-2938006.2500,392411.8438,-222737.2188,1348896.8750,6320598.5000,3481980.7500,-3017757.7500,-2302121.7500,-5389564.0000,1601443.0000,3424028.0000,-1163803.6250,2872680.2500,-8781125.0000,-1866147.6250,3129479.7500,8917304.0000,-2814125.7500,5251930.0000,4001428.2500,7900208.0000,-1157423.5000,6807614.0000,3471347.2500,-90349.9141,-5424654.5000,-5721861.5000,4443251.0000,-4860015.0000,-1677402.6250,-3640882.0000,2579726.7500,-7126018.0000,-2294146.7500,1272335.5000,1937462.1250,2159171.0000,-4036980.5000,-1172842.1250,-563541.5000,-4828646.0000,-3990193.0000,6929367.5000,376993.2500,-4728691.0000,796485.5625,5481614.0000,1676409.2500,-4274108.0000,5172710.5000,817220.9375,8518547.0000,-5033873.0000,65962.8203,-7044139.5000,4922291.0000,-2349972.7500,-5881364.5000,-8635446.0000,6683733.5000,113281.9766,5083389.0000
0.1581,5281704.0000,5216839.5000,4445377.5000,-4793555.5000,-4561213.0000,-2579656.7500,2262847.7500,-1711429.8750,-2905042.5000,428565.8125,-192431.6875,1389835.8750,6353562.5000,3519198.0000,-2991174.0000,-2281386.5000,-5348625.0000,1639192.0000,3456992.0000,-1128713.0000,2916809.2500,-8751351.0000,-1836373.7500,3155000.0000,8959306.0000,-2786478.7500,5290742.5000,4036518.7500,7926791.5000,-1138814.8750,6827817.5000,3486766.0000,-52600.9180,-5385842.5000,-5686239.5000,4478341.5000,-4828114.5000,-1644438.7500,-3615361.5000,2588233.5000,-7093585.5000,-2259056.0000,1299451.0000,1970957.7500,2190008.2500,-4009333.2500,-1148916.7500,-542806.1250,-4799935.5000,-3963077.5000,6956483.0000,400387.0000,-4701044.0000,819879.3125,5505539.5000,1702993.1250,-4246992.5000,5201952.5000,842741.3750,8552043.0000,-5000909.0000,97863.3750,-7013302.5000,4952065.0000,-2322325.5000,-5853185.5000,-8605672.0000,6708722.0000,130295.6094,5100402.5000
0.1601,5244486.5000,5174837.0000,4410287.0000,-4835026.0000,-4595240.0000,-2614215.7500,2240517.5000,-1752900.6250,-2939601.2500,392411.8438,-229117.3281,1358998.7500,6324320.5000,3491019.2500,-3029986.2500,-2324452.2500,-5379462.5000,1614203.1250,3423496.5000,-1161677.0000,2895542.2500,-8792290.0000,-1878907.7500,3122567.7500,8932191.0000,-2822632.5000,5263627.0000,4002491.5000,7885321.0000,-1177627.2500,6786347.0000,3444231.7500,-80779.7422,-5419338.0000,-5727178.5000,4446441.0000,-4862673.0000,-1682719.3750,-3655237.2500,2563244.7500,-7124422.5000,-2295741.7500,1268613.8750,1938525.5000,2156512.7500,-4046019.0000,-1188260.7500,-586403.5625,-4838748.0000,-3997104.7500,6923519.0000,359447.9375,-4735602.5000,783725.3750,5464600.5000,1662585.7500,-4283678.0000,5161545.0000,801270.6875,8517484.0000,-5034936.0000,62241.0859,-7052115.0000,4915911.0000,-2360606.2500,-5886149.5000,-8646079.0000,6679480.0000,90419.9141,5055741.5000
0.1621,5250866.5000,5181749.0000,4419857.0000,-4828114.5000,-4584606.5000,-2601987.0000,2256467.7500,-1749710.5000,-2921524.2500,397196.9375,-219547.1719,1370695.6250,6343461.0000,3506438.0000,-3024137.7500,-2322325.5000,-5361917.0000,1633343.5000,3432535.0000,-1144131.6250,2912024.2500,-8786973.0000,-1873591.0000,3129479.7500,8944951.0000,-2805619.0000,5281172.0000,4011530.0000,7893296.0000,-1172310.5000,6794322.0000,3445826.7500,-59512.7070,-5400729.5000,-5721330.0000,4460264.5000,-4852571.5000,-1675807.6250,-3645667.0000,2586106.7500,-7110599.0000,-2279791.5000,1286690.7500,1946500.6250,2167146.2500,-4034853.7500,-1182944.0000,-578960.1250,-4833431.0000,-3988066.2500,6937343.0000,365828.0625,-4727627.5000,791700.5000,5470980.5000,1665775.7500,-4277829.5000,5170052.0000,808714.1250,8528117.0000,-5023771.0000,71811.2500,-7046266.5000,4921227.5000,-2348377.7500,-5874452.5000,-8647674.0000,6690645.0000,94141.6406,5062653.5000
0.1641,5262032.0000,5195040.5000,4436871.0000,-4813759.0000,-4570783.0000,-2582846.7500,2278266.5000,-1736950.3750,-2900789.0000,412615.5312,-200938.5156,1386645.8750,6359411.0000,3531958.2500,-3018821.0000,-2313818.7500,-5337460.0000,1649293.7500,3449548.5000,-1118611.2500,2932227.7500,-8772618.0000,-1866679.2500,3139581.5000,8963560.0000,-2781693.5000,5306161.0000,4031733.7500,7907119.5000,-1164335.3750,6805487.0000,3439446.7500,-36118.9648,-5373082.0000,-5703784.5000,4476746.5000,-4837684.5000,-1660389.0000,-3631843.5000,2593550.2500,-7086673.5000,-2260119.5000,1307957.8750,1964046.0000,2186286.5000,-4018903.5000,-1169120.3750,-567263.2500,-4821202.5000,-3975837.7500,6950634.5000,378056.5938,-4720184.0000,799143.9375,5482677.5000,1673750.8750,-4269323.0000,5178559.0000,820942.6875,8543536.0000,-5007289.0000,88824.8828,-7037228.0000,4934519.5000,-2335617.5000,-5857439.0000,-8638636.0000,6705532.0000,101585.1094,5075413.5000
0.1661,5246613.5000,5178559.0000,4429427.5000,-4823329.0000,-4581948.5000,-2601987.0000,2269759.7500,-1755559.0000,-2909295.7500,396133.5938,-203596.8906,1378139.1250,6356221.0000,3528768.2500,-3040088.0000,-2332427.5000,-5339055.0000,1645040.3750,3444763.5000,-1120206.2500,2919999.2500,-8784847.0000,-1891136.3750,3116187.7500,8947610.0000,-2792327.0000,5307756.0000,4034392.0000,7889042.5000,-1181349.0000,6784752.0000,3418711.2500,-47284.1602,-5371487.0000,-5705911.5000,4472493.0000,-4850976.5000,-1672085.8750,-3645667.0000,2584511.7500,-7089864.0000,-2271284.7500,1300514.3750,1959792.5000,2176716.2500,-4026347.0000,-1181349.0000,-584808.5625,-4834494.5000,-3984344.5000,6943191.0000,365296.3750,-4733476.0000,786915.3750,5471512.0000,1660990.6250,-4284741.5000,5161013.5000,809245.8125,8538219.0000,-5018986.0000,76596.3359,-7047329.5000,4921227.5000,-2340934.2500,-5863287.5000,-8673195.0000,6699152.0000,85634.8281,5059995.0000
0.1681,5264690.5000,5198231.0000,4451226.0000,-4805784.0000,-4565466.5000,-2589227.0000,2293153.2500,-1739608.7500,-2881117.0000,421654.0312,-174354.7188,1406849.6250,6376956.5000,3554820.5000,-3033176.2500,-2321262.2500,-5301306.0000,1673750.8750,3478790.7500,-1097344.1250,2944988.0000,-8768896.0000,-1887414.6250,3123099.5000,8967813.0000,-2766275.0000,5342846.5000,4064697.7500,7898613.0000,-1168057.0000,6794853.5000,3449548.5000,-24422.0938,-5342245.0000,-5673479.0000,4500672.0000,-4828646.0000,-1654008.8750,-3627058.2500,2602057.0000,-7064343.5000,-2246827.5000,1329756.5000,1981059.6250,2201173.5000,-3997636.5000,-1158486.8750,-568326.5625,-4810037.5000,-3961482.5000,6971901.5000,391348.5000,-4713272.5000,802865.6875,5492779.0000,1677472.6250,-4265601.0000,5176432.0000,827322.7500,8558954.0000,-4999314.0000,95736.6719,-7024999.5000,4937178.0000,-2321262.2500,-5842020.5000,-8671600.0000,6707127.0000,101585.1094,5074350.5000
0.1701,5251930.0000,5192382.5000,4442719.0000,-4806847.5000,-4577163.5000,-2597733.7500,2285178.2500,-1751837.2500,-2884307.0000,424844.0938,-173823.0312,1408444.6250,6379614.5000,3554288.7500,-3053911.7500,-2335085.7500,-5307154.5000,1677472.6250,3484639.2500,-1097344.1250,2943393.0000,-8782720.0000,-1907618.2500,3101300.7500,8957180.0000,-2771060.0000,5341783.5000,4059381.0000,7885321.0000,-1183475.6250,6777840.0000,3452738.5000,-30270.5293,-5348625.0000,-5678264.0000,4496418.5000,-4835026.0000,-1668364.1250,-3644072.0000,2576536.7500,-7070723.5000,-2250549.2500,1323908.1250,1973616.1250,2197983.5000,-4003485.0000,-1168588.7500,-581618.5000,-4816417.5000,-3967862.5000,6968711.5000,382841.6875,-4722842.5000,800207.3125,5488526.0000,1669497.5000,-4274639.5000,5165267.0000,818815.9375,8552043.0000,-5005694.0000,88824.8828,-7033506.0000,4928671.0000,-2329769.0000,-5848932.0000,-8686487.0000,6695430.0000,95736.6719,5067438.5000
0.1721,5217903.0000,5157823.5000,4419857.0000,-4824392.5000,-4606405.5000,-2623254.2500,2256467.7500,-1784269.5000,-2910359.2500,404640.4062,-190304.9844,1389835.8750,6359942.5000,3530895.0000,-3083685.5000,-2372303.0000,-5338523.0000,1667370.7500,3465498.7500,-1114889.5000,2922126.0000,-8810899.0000,-1945899.0000,3065146.7500,8925811.0000,-2796048.7500,5321579.5000,4037050.5000,7851825.5000,-1215376.2500,6740622.5000,3435725.0000,-56322.6523,-5380525.5000,-5708038.0000,4476746.5000,-4862141.5000,-1708771.5000,-3678631.0000,2527622.5000,-7098902.5000,-2277664.7500,1293602.6250,1945969.0000,2177779.7500,-4029005.2500,-1197299.2500,-608733.9375,-4845128.0000,-3997636.5000,6937343.0000,355726.2188,-4754211.5000,772560.1250,5463537.0000,1638660.2500,-4306540.0000,5135493.0000,794358.8750,8531839.0000,-5032809.5000,60646.0586,-7063280.0000,4895175.5000,-2357947.7500,-5873389.0000,-8727426.0000,6665124.5000,78191.3672,5038728.0000
0.1741,5239701.5000,5179090.5000,4449099.5000,-4793023.5000,-4580353.5000,-2597733.7500,2274013.0000,-1760875.7500,-2881648.7500,440262.6875,-153087.6719,1421204.8750,6388653.0000,3560137.2500,-3060291.7500,-2349972.7500,-5302901.0000,1706714.7500,3498994.5000,-1076608.7500,2946583.0000,-8787505.0000,-1927290.3750,3082692.2500,8957180.0000,-2768933.2500,5358797.0000,4073736.2500,7878941.0000,-1193045.8750,6762953.0000,3476132.2500,-20168.6855,-5350752.0000,-5667630.5000,4513964.0000,-4827582.5000,-1686972.7500,-3654705.5000,2554206.2500,-7068065.0000,-2244169.2500,1318591.3750,1981059.6250,2208085.2500,-3999231.5000,-1168588.7500,-582681.8125,-4819607.5000,-3966267.5000,6967116.5000,383905.0312,-4722842.5000,799143.9375,5492247.5000,1663649.0000,-4278893.0000,5162608.5000,825196.0625,8567993.0000,-4997719.0000,96268.3438,-7033506.0000,4925481.0000,-2332427.5000,-5844678.5000,-8694993.0000,6679480.0000,107433.5391,5062653.5000
0.1761,5209927.5000,5149316.5000,4427832.5000,-4818012.5000,-4605342.0000,-2629634.2500,2236795.7500,-1790117.8750,-2909827.5000,424312.4062,-165847.8906,1397279.3750,6364196.0000,3538338.5000,-3084748.7500,-2380810.0000,-5319383.0000,1693954.6250,3495272.7500,-1093622.3750,2926911.0000,-8817811.0000,-1964507.6250,3051855.0000,8936444.0000,-2797112.2500,5342846.5000,4051937.5000,7853420.5000,-1219629.6250,6728394.0000,3469752.2500,-46220.8086,-5376804.0000,-5677732.5000,4489506.5000,-4856293.0000,-1725253.5000,-3689796.0000,2540382.7500,-7099434.0000,-2272348.0000,1285627.5000,1946500.6250,2182564.7500,-4030068.7500,-1200489.2500,-615114.0625,-4847786.5000,-3992851.5000,6937343.0000,355194.5312,-4745173.0000,777345.2500,5476297.5000,1636533.6250,-4301223.5000,5136556.5000,797017.2500,8541409.0000,-5023239.5000,69684.5469,-7048393.0000,4899429.0000,-2355289.5000,-5867541.0000,-8703500.0000,6655023.0000,86698.1797,5049361.5000
0.1781,5202484.0000,5133366.5000,4414540.5000,-4822797.5000,-4616507.5000,-2650901.2500,2217655.5000,-1802878.1250,-2915676.0000,420590.6875,-168506.2812,1396216.0000,6358347.5000,3528236.5000,-3099635.7500,-2401013.5000,-5330016.5000,1687042.7500,3496336.0000,-1095217.5000,2917872.5000,-8838014.0000,-1991623.1250,3030588.0000,8924747.0000,-2805619.0000,5336998.0000,4042367.2500,7839597.0000,-1232389.8750,6706595.5000,3459650.5000,-62171.0859,-5389032.5000,-5675074.0000,4484721.5000,-4868521.5000,-1742267.1250,-3712126.5000,2534002.5000,-7114321.0000,-2287766.5000,1266487.1250,1926828.6250,2169273.0000,-4044424.0000,-1218034.6250,-629469.3125,-4856825.0000,-4004016.5000,6925114.5000,348282.7500,-4751553.0000,770433.4375,5470449.0000,1624305.0000,-4314515.5000,5123796.0000,782662.0000,8531839.0000,-5034404.5000,60646.0586,-7055305.0000,4884542.0000,-2365923.0000,-5876579.5000,-8722109.0000,6641731.0000,74469.6328,5045108.0000
0.1801,5236511.5000,5162077.0000,4444846.0000,-4779200.0000,-4581948.5000,-2628571.0000,2234669.0000,-1780547.7500,-2873673.5000,453022.9062,-129162.2578,1427584.8750,6387590.0000,3563327.2500,-3079432.0000,-2380278.2500,-5305559.5000,1715753.2500,3540996.7500,-1060126.8750,2932227.7500,-8823659.0000,-1973014.5000,3053981.7500,8955053.0000,-2781693.5000,5371557.0000,4073736.2500,7863522.5000,-1207401.1250,6728926.0000,3479854.0000,-28675.5020,-5357132.0000,-5645832.0000,4522470.5000,-4836089.5000,-1714088.2500,-3683416.0000,2558991.2500,-7086673.5000,-2262246.2500,1292539.2500,1961387.6250,2199578.5000,-4018903.5000,-1189324.1250,-596505.4375,-4827051.0000,-3970521.0000,6955420.0000,378056.5938,-4729222.5000,801802.3125,5502349.5000,1652483.8750,-4286336.5000,5151443.5000,805524.0625,8554701.0000,-5002504.0000,89356.5625,-7021277.5000,4912721.0000,-2338807.5000,-5847337.0000,-8684892.0000,6670973.0000,104243.4844,5080730.5000
0.1821,5206206.0000,5124859.5000,4416667.0000,-4811632.5000,-4621824.0000,-2674826.7500,2181501.5000,-1818296.7500,-2905042.5000,424844.0938,-156277.7344,1398874.3750,6353562.5000,3519198.0000,-3118776.0000,-2419090.5000,-5339586.5000,1681194.3750,3528236.5000,-1085115.6250,2881718.7500,-8865661.0000,-2018206.8750,3015169.2500,8918899.0000,-2814657.5000,5343910.0000,4048747.2500,7823115.0000,-1244618.3750,6696493.5000,3437851.7500,-64829.4648,-5387437.5000,-5680922.5000,4492165.0000,-4871180.0000,-1757154.0000,-3717975.0000,2520710.7500,-7126018.0000,-2298400.2500,1254258.6250,1926297.0000,2162892.7500,-4056120.7500,-1228136.5000,-633191.0625,-4862141.5000,-4005611.5000,6917671.0000,345092.6875,-4760060.0000,772028.5000,5473639.0000,1618988.2500,-4322490.5000,5114226.0000,768306.7500,8523332.0000,-5039189.5000,54797.6211,-7052115.0000,4875503.5000,-2369113.0000,-5874984.0000,-8733274.0000,6639072.5000,68089.5234,5053083.0000
0.1841,5222156.0000,5136556.5000,4438997.5000,-4798340.5000,-4610659.0000,-2668978.2500,2183628.2500,-1807131.5000,-2886433.7500,436009.2812,-139795.7812,1414293.0000,6363133.0000,3526110.0000,-3111332.7500,-2417495.5000,-5320978.0000,1691296.2500,3555352.0000,-1072355.3750,2883313.7500,-8857686.0000,-2013953.5000,3022081.0000,8937508.0000,-2802429.0000,5365708.5000,4070546.0000,7827368.5000,-1234516.5000,6705000.5000,3447953.5000,-45157.4570,-5366702.0000,-5659124.0000,4508647.0000,-4860546.5000,-1748647.2500,-3707341.5000,2541977.7500,-7111131.0000,-2279791.5000,1274462.2500,1937993.8750,2176184.7500,-4046019.0000,-1215907.8750,-615645.7500,-4848318.0000,-3993383.0000,6931494.5000,360511.2812,-4750489.5000,785320.3750,5488526.0000,1628026.7500,-4308135.0000,5123796.0000,777345.2500,8536092.0000,-5024834.5000,67557.8438,-7042013.0000,4886668.5000,-2356352.7500,-5865946.0000,-8739123.0000,6641199.5000,80318.0703,5062121.5000
0.1861,5237043.0000,5157823.5000,4452821.0000,-4777605.0000,-4601620.5000,-2664724.7500,2188945.0000,-1799156.3750,-2867293.5000,447706.1562,-125440.5234,1428648.2500,6367386.0000,3535680.0000,-3097509.0000,-2406330.2500,-5301306.0000,1702461.3750,3567580.7500,-1064380.2500,2888630.5000,-8847584.0000,-1997471.5000,3034841.2500,8955585.0000,-2793922.0000,5386444.0000,4089686.5000,7832685.0000,-1223883.0000,6719887.5000,3446358.5000,-31865.5566,-5359258.5000,-5636261.5000,4526724.0000,-4845128.0000,-1734823.6250,-3687669.5000,2543041.0000,-7101560.5000,-2264904.5000,1290412.5000,1950754.0000,2188945.0000,-4034853.7500,-1203679.3750,-605012.2500,-4838748.0000,-3979027.7500,6940533.0000,370081.4688,-4740919.5000,803397.3750,5502349.5000,1639192.0000,-4298033.5000,5134429.5000,783725.3750,8546726.0000,-5015796.0000,75532.9844,-7023404.5000,4896770.5000,-2346782.7500,-5857970.5000,-8739123.0000,6644389.5000,79254.7188,5075945.5000
0.1881,5203547.5000,5133898.0000,4422515.5000,-4811100.5000,-4629267.5000,-2706195.5000,2157044.2500,-1833715.3750,-2891750.5000,404640.4062,-158936.1094,1389835.8750,6328574.0000,3503247.7500,-3126751.2500,-2445142.7500,-5327358.0000,1670029.1250,3524514.7500,-1101065.8750,2857261.5000,-8889055.0000,-2034157.1250,2999750.7500,8926343.0000,-2827417.7500,5352948.5000,4062039.2500,7802911.0000,-1256315.2500,6687987.0000,3399039.2500,-60044.3828,-5397539.0000,-5667630.5000,4500672.0000,-4878092.0000,-1772041.0000,-3722228.2500,2499443.7500,-7135588.0000,-2301058.5000,1263828.7500,1917790.1250,2157044.2500,-4063564.2500,-1230263.1250,-636381.1250,-4876497.0000,-4016245.2500,6902784.0000,331800.7812,-4776541.5000,772028.5000,5471512.0000,1608354.7500,-4329934.0000,5101997.5000,753419.8125,8515357.0000,-5046101.5000,47885.8359,-7052115.0000,4862743.0000,-2373898.0000,-5887744.5000,-8780062.0000,6596538.5000,39379.0195,5051488.0000
0.1901,5223751.0000,5161013.5000,4443782.5000,-4792492.0000,-4603747.0000,-2690777.0000,2171931.2500,-1812980.0000,-2859850.0000,421122.3438,-141390.7969,1406849.6250,6343992.5000,3522388.2500,-3107079.2500,-2427065.7500,-5305027.5000,1690232.8750,3536743.5000,-1079798.8750,2880655.2500,-8882143.0000,-2020333.6250,3016764.2500,8953458.0000,-2808277.2500,5371025.5000,4082243.0000,7817798.0000,-1241428.3750,6705000.5000,3430408.2500,-38245.6680,-5374145.5000,-5651680.5000,4520875.5000,-4859483.0000,-1755559.0000,-3698303.0000,2534534.2500,-7120169.5000,-2282449.7500,1282437.3750,1942247.2500,2184691.5000,-4038575.5000,-1210591.1250,-615645.7500,-4854166.5000,-3989129.7500,6924582.5000,355726.2188,-4751553.0000,793827.1875,5493842.5000,1629090.1250,-4310793.5000,5121138.0000,772028.5000,8534497.0000,-5028024.5000,64899.4648,-7020214.0000,4882947.0000,-2359542.7500,-5872326.0000,-8772087.0000,6599197.0000,45227.4570,5073818.5000
0.1921,5243423.0000,5190255.5000,4469303.0000,-4770693.5000,-4584075.0000,-2676421.7500,2200110.0000,-1787991.2500,-2830607.7500,443984.4062,-120655.4375,1427584.8750,6364196.0000,3552693.7500,-3084217.2500,-2406330.2500,-5281634.0000,1719475.0000,3560137.2500,-1055341.7500,2911492.5000,-8866193.0000,-2001725.0000,3049196.5000,8987485.0000,-2771060.0000,5392824.0000,4109890.0000,7838533.5000,-1222288.0000,6733711.0000,3474005.7500,-15915.2783,-5348093.5000,-5628818.5000,4543737.5000,-4836621.0000,-1730570.2500,-3674377.5000,2583448.5000,-7104219.0000,-2260119.5000,1302641.1250,1958729.2500,2205426.7500,-4013055.0000,-1182944.0000,-588530.2500,-4837153.0000,-3973711.0000,6940533.0000,367423.0938,-4731349.5000,811904.1875,5513514.5000,1650357.1250,-4291653.5000,5139214.5000,792763.8125,8554701.0000,-5008352.5000,84571.4766,-6993630.5000,4903150.5000,-2336149.0000,-5848932.0000,-8730084.0000,6610362.0000,57456.0039,5103592.5000
0.1941,5211522.5000,5164735.0000,4442719.0000,-4794618.5000,-4615975.5000,-2709385.7500,2174589.7500,-1810853.2500,-2848153.0000,416337.2812,-142454.1562,1396216.0000,6339739.0000,3531958.2500,-3110269.2500,-2431850.7500,-5306622.5000,1694486.2500,3534616.7500,-1079267.1250,2888098.7500,-8901815.0000,-2032030.5000,3029524.5000,8962496.0000,-2799239.0000,5364113.5000,4089686.5000,7806633.0000,-1248871.7500,6711912.0000,3459118.7500,-43562.4297,-5374145.5000,-5659124.0000,4514495.5000,-4864268.5000,-1755027.2500,-3696708.0000,2565371.5000,-7135056.5000,-2285108.2500,1271272.2500,1929487.0000,2184159.7500,-4029005.2500,-1200489.2500,-615114.0625,-4862673.0000,-4002421.5000,6908632.5000,337117.5625,-4753679.5000,781067.0000,5482677.5000,1614203.1250,-4320364.0000,5109441.0000,764585.0000,8525459.0000,-5038658.0000,53734.2695,-7030316.0000,4870186.5000,-2369644.7500,-5884554.5000,-8767833.0000,6566764.5000,9605.1670,5075413.5000
0.1961,5248740.0000,5208864.5000,4484721.5000,-4759528.0000,-4580885.0000,-2675890.0000,2213933.7500,-1773104.2500,-2804555.7500,449301.1875,-102046.7812,1425458.2500,6376424.5000,3565985.5000,-3083153.7500,-2398355.2500,-5271532.0000,1732235.2500,3563859.0000,-1045239.9375,2920531.0000,-8876827.0000,-2003320.0000,3056640.0000,8996524.0000,-2759363.2500,5396014.0000,4129030.5000,7838002.0000,-1219098.0000,6744876.0000,3497399.5000,-6345.1113,-5334801.5000,-5628286.5000,4554371.0000,-4829709.5000,-1716215.0000,-3656832.2500,2615349.0000,-7104750.5000,-2247359.2500,1310616.2500,1964577.6250,2218718.7500,-3985408.0000,-1161677.0000,-581086.8125,-4828646.0000,-3968394.2500,6943191.0000,368486.4375,-4724969.0000,809777.5000,5513514.5000,1646635.3750,-4289526.5000,5140278.0000,800207.3125,8564271.0000,-5005694.0000,87229.8594,-7005859.0000,4902619.0000,-2339339.2500,-5850527.0000,-8734869.0000,6589095.0000,19707.0098,5106251.0000
0.1981,5259905.0000,5223751.0000,4492165.0000,-4757933.0000,-4584606.5000,-2676421.7500,2221908.7500,-1770977.6250,-2804555.7500,444516.0938,-101515.1094,1427584.8750,6372171.5000,3564922.2500,-3091660.7500,-2401545.2500,-5259303.5000,1731171.8750,3561200.5000,-1043113.1875,2912555.7500,-8883738.0000,-2011295.1250,3049196.5000,8997055.0000,-2755109.7500,5396014.0000,4131157.2500,7828963.5000,-1223351.3750,6743281.0000,3512818.0000,-10066.8428,-5340118.0000,-5647427.0000,4550118.0000,-4834494.5000,-1716746.6250,-3660022.2500,2603652.2500,-7111131.0000,-2254802.7500,1305831.1250,1966172.6250,2219782.0000,-3977964.5000,-1163803.6250,-586403.5625,-4834494.5000,-3972647.7500,6936279.5000,362106.3125,-4725501.0000,815625.9375,5515641.5000,1642382.0000,-4292716.5000,5133898.0000,793827.1875,8560018.0000,-5013137.5000,81381.4219,-7009049.0000,4896770.5000,-2339870.7500,-5849464.0000,-8733806.0000,6590158.5000,11200.1953,5110504.0000
0.2001,5229068.0000,5195572.5000,4453884.5000,-4793023.5000,-4622887.5000,-2719487.5000,2183096.5000,-1811385.0000,-2846558.0000,402513.6875,-145112.5312,1387709.2500,6332827.0000,3524514.7500,-3132068.0000,-2441952.7500,-5298647.5000,1693422.8750,3512818.0000,-1085647.2500,2865768.2500,-8929994.0000,-2055424.2500,3002409.0000,8955053.0000,-2794985.5000,5354543.5000,4084901.2500,7787492.5000,-1265885.3750,6698620.5000,3475069.0000,-51005.8906,-5373082.0000,-5686239.5000,4511837.0000,-4870648.5000,-1754495.6250,-3696708.0000,2571751.5000,-7156323.5000,-2298931.7500,1259043.6250,1933740.3750,2186286.5000,-4005080.0000,-1201021.0000,-625215.9375,-4868521.5000,-4008801.7500,6902784.0000,321167.2812,-4758465.0000,784788.6875,5477892.5000,1602506.3750,-4333655.5000,5096149.0000,748103.0625,8523332.0000,-5056203.5000,37252.3164,-7048393.0000,4855831.5000,-2382936.5000,-5891998.0000,-8801329.0000,6538586.0000,-39840.6953,5062121.5000
0.2021,5264158.5000,5224814.5000,4486848.5000,-4757401.5000,-4596835.5000,-2692903.7500,2209680.2500,-1785864.5000,-2822632.5000,432287.5625,-125440.5234,1408444.6250,6353562.5000,3552693.7500,-3108142.5000,-2419622.2500,-5274722.0000,1717880.0000,3527173.2500,-1067038.6250,2882250.2500,-8908727.0000,-2036815.6250,3023144.5000,8973662.0000,-2768933.2500,5383785.5000,4112548.5000,7813013.0000,-1247808.5000,6715634.0000,3485702.5000,-29207.1777,-5351283.5000,-5639452.0000,4534167.5000,-4846723.0000,-1732696.8750,-3674377.5000,2586106.7500,-7135588.0000,-2277133.0000,1276589.0000,1953412.5000,2211275.2500,-3976369.5000,-1180285.6250,-608733.9375,-4841406.0000,-3977964.5000,6926177.5000,341370.9688,-4728691.0000,812967.5000,5507134.5000,1625368.3750,-4313452.0000,5117416.0000,768838.4375,8549916.0000,-5033341.0000,60646.0586,-7022341.0000,4876035.0000,-2358479.5000,-5869136.0000,-8792822.0000,6549751.0000,-22827.0664,5080198.5000
0.2041,5279045.5000,5232258.0000,4490570.0000,-4744109.5000,-4593113.5000,-2687055.2500,2211275.2500,-1776294.3750,-2814125.7500,445047.7812,-120123.7656,1411634.6250,6354626.0000,3565985.5000,-3104420.7500,-2415900.5000,-5276317.0000,1721601.7500,3519198.0000,-1062785.2500,2882250.2500,-8907132.0000,-2037878.8750,3028993.0000,8974193.0000,-2756704.7500,5392824.0000,4120523.5000,7815140.0000,-1250466.8750,6714039.0000,3466030.5000,-20168.6855,-5341181.5000,-5620311.5000,4543206.0000,-4843533.0000,-1726848.5000,-3672250.7500,2585043.5000,-7126549.5000,-2271284.7500,1277652.2500,1956070.8750,2220313.7500,-3967331.0000,-1177095.5000,-611392.3125,-4837153.0000,-3974774.5000,6925114.5000,343497.6562,-4722842.5000,820942.6875,5517236.5000,1631216.8750,-4305477.0000,5124859.5000,771496.8125,8558423.0000,-5026429.5000,66494.4922,-7015429.0000,4880288.5000,-2355821.2500,-5863287.5000,-8797607.0000,6536459.0000,-29207.1777,5083389.0000
0.2061,5272133.5000,5217903.0000,4479936.5000,-4752084.5000,-4609595.5000,-2700347.2500,2195856.7500,-1793308.0000,-2826354.2500,440262.6875,-127567.2266,1399937.7500,6338675.5000,3548440.2500,-3124093.0000,-2438231.0000,-5299711.0000,1708309.8750,3498994.5000,-1082457.2500,2865768.2500,-8929994.0000,-2062867.6250,3007725.7500,8954521.0000,-2773186.7500,5379532.5000,4105105.0000,7797594.5000,-1273860.6250,6684796.5000,3435193.2500,-34523.9375,-5352347.0000,-5636261.5000,4528850.5000,-4861610.0000,-1744925.5000,-3690327.7500,2562181.5000,-7147816.5000,-2280854.7500,1256385.2500,1942778.8750,2203300.2500,-3984344.5000,-1191982.5000,-634254.4375,-4847254.5000,-3988598.0000,6912885.5000,327547.3750,-4735602.5000,811372.5000,5504476.0000,1618456.6250,-4323022.0000,5107846.0000,752888.1250,8539814.0000,-5047696.5000,47885.8359,-7028189.5000,4864870.0000,-2371771.5000,-5885618.0000,-8829508.0000,6498710.0000,-49942.5391,5063185.0000
0.2081,5305097.5000,5246081.5000,4511305.5000,-4717525.5000,-4589392.0000,-2676421.7500,2220313.7500,-1767787.5000,-2794985.5000,476948.3125,-94071.6406,1432370.0000,6356221.0000,3574492.5000,-3100167.5000,-2413242.2500,-5273658.5000,1733830.2500,3517071.5000,-1056936.7500,2887035.5000,-8912981.0000,-2045322.3750,3035904.7500,8973662.0000,-2747134.7500,5407711.0000,4126903.7500,7822583.5000,-1258442.0000,6704468.5000,3450612.0000,-5281.7593,-5316724.5000,-5614463.0000,4559156.5000,-4838216.0000,-1725785.1250,-3667997.5000,2594082.0000,-7130271.0000,-2258524.5000,1272335.5000,1961387.6250,2227757.2500,-3966799.2500,-1172842.1250,-612987.3750,-4821202.5000,-3963609.2500,6936279.5000,349877.7812,-4703702.0000,835297.9375,5529465.0000,1643977.0000,-4292185.0000,5136556.5000,775750.1875,8566930.0000,-5021112.5000,69684.5469,-6999479.0000,4891985.5000,-2353694.5000,-5862224.0000,-8795480.0000,6512002.0000,-37713.9922,5082325.5000
0.2101,5284362.5000,5225878.0000,4488443.5000,-4746236.0000,-4622355.5000,-2706727.2500,2194793.2500,-1791713.0000,-2822101.0000,455681.2812,-120123.7656,1406849.6250,6320598.5000,3536211.7500,-3128346.2500,-2443016.0000,-5308217.5000,1703524.7500,3480917.5000,-1082457.2500,2856730.0000,-8947540.0000,-2076159.6250,3011447.5000,8938571.0000,-2771591.7500,5377937.0000,4095003.2500,7791746.0000,-1289279.1250,6671505.0000,3422433.0000,-28675.5020,-5347030.0000,-5636793.5000,4538421.0000,-4866395.0000,-1758749.0000,-3700429.5000,2561118.0000,-7156855.0000,-2286171.5000,1244688.3750,1929487.0000,2198515.0000,-4001890.0000,-1205806.0000,-634786.0625,-4843001.0000,-3988066.2500,6909695.5000,321698.9375,-4737197.5000,804460.6875,5498096.0000,1615266.5000,-4323554.0000,5108909.0000,743849.6250,8538751.0000,-5048228.0000,45227.4570,-7028189.5000,4863275.0000,-2380278.2500,-5889871.0000,-8827381.0000,6474784.5000,-69082.8750,5055210.0000
0.2121,5281172.0000,5223751.0000,4485253.5000,-4752616.5000,-4630862.5000,-2715234.0000,2195325.0000,-1797561.3750,-2824759.2500,447706.1562,-130225.6094,1403127.8750,6311560.0000,3526110.0000,-3134194.7500,-2450459.5000,-5321509.5000,1687042.7500,3471347.2500,-1085115.6250,2849818.0000,-8961363.0000,-2086261.3750,3006130.7500,8923684.0000,-2773186.7500,5372089.0000,4087028.0000,7777922.5000,-1301507.7500,6659808.0000,3427218.2500,-35587.2891,-5359790.5000,-5649022.0000,4530446.0000,-4874902.0000,-1768319.2500,-3707341.5000,2562181.5000,-7163767.0000,-2294678.5000,1232991.5000,1918321.8750,2188945.0000,-4010928.2500,-1211654.5000,-628406.0000,-4846191.5000,-3989661.2500,6904379.0000,316913.8750,-4747299.5000,791700.5000,5488526.0000,1608354.7500,-4328339.0000,5103061.0000,731089.4375,8533434.0000,-5054076.5000,38315.6680,-7040949.5000,4855831.5000,-2388253.2500,-5895719.5000,-8849711.0000,6454581.0000,-81843.0938,5039259.5000
0.2141,5318921.0000,5257247.0000,4515027.0000,-4715399.0000,-4599493.5000,-2685460.2500,2228820.5000,-1767787.5000,-2787542.0000,478543.3438,-100983.4297,1434496.7500,6341865.5000,3550035.2500,-3108674.2500,-2422280.7500,-5286419.0000,1707246.5000,3503779.5000,-1048961.6250,2881187.0000,-8936374.0000,-2063931.0000,3032714.5000,8951331.0000,-2745008.0000,5403457.5000,4117865.2500,7798658.0000,-1273328.8750,6687987.0000,3458055.5000,-7408.4634,-5326826.5000,-5619780.0000,4558624.5000,-4849913.0000,-1735355.2500,-3674909.2500,2612690.5000,-7132398.0000,-2266499.5000,1258512.0000,1944374.0000,2215528.7500,-3985408.0000,-1177095.5000,-594378.6875,-4815354.0000,-3959887.5000,6931494.5000,345092.6875,-4719120.5000,819347.6250,5516704.5000,1633875.2500,-4301223.5000,5130708.0000,755014.8750,8560549.0000,-5027493.0000,63836.1133,-7018087.5000,4884542.0000,-2359011.2500,-5865946.0000,-8831103.0000,6481165.0000,-61107.7344,5073287.0000
0.2161,5294996.0000,5230131.5000,4485253.5000,-4734539.5000,-4627672.5000,-2708854.0000,2207553.5000,-1790117.8750,-2809340.7500,448769.5000,-130757.2812,1402064.5000,6318472.0000,3521324.7500,-3131004.7500,-2448864.5000,-5316724.5000,1673750.8750,3472942.2500,-1072887.1250,2851944.7500,-8968807.0000,-2095831.6250,3010916.0000,8927406.0000,-2780630.2500,5376342.0000,4091813.0000,7767289.0000,-1299381.0000,6660871.5000,3442105.0000,-38245.6680,-5356068.5000,-5643705.0000,4525129.0000,-4873838.5000,-1759280.7500,-3692454.5000,2604715.5000,-7157918.5000,-2296273.5000,1223953.0000,1919916.8750,2190008.2500,-4004548.2500,-1196235.8750,-612987.3750,-4840874.5000,-3985408.0000,6905974.0000,318508.9062,-4745173.0000,795422.2500,5492247.5000,1611013.1250,-4325680.5000,5104124.0000,727367.6875,8536092.0000,-5053545.0000,38315.6680,-7046798.0000,4855831.5000,-2383468.2500,-5890403.0000,-8861940.0000,6447137.5000,-80779.7422,5055741.5000
0.2181,5311477.5000,5244486.5000,4499077.0000,-4707955.5000,-4612254.0000,-2695562.0000,2219782.0000,-1772572.6250,-2790732.0000,450364.5312,-116933.7109,1410039.6250,6329105.5000,3537806.7500,-3118776.0000,-2432914.2500,-5298116.0000,1682789.3750,3483575.7500,-1062253.5000,2866300.0000,-8953920.0000,-2084134.7500,3026334.5000,8941761.0000,-2777971.7500,5386444.0000,4097661.5000,7784302.5000,-1287152.5000,6673631.5000,3447421.7500,-19637.0098,-5341181.5000,-5619248.0000,4529382.5000,-4860546.5000,-1740140.3750,-3677567.5000,2616944.0000,-7139309.5000,-2285108.2500,1232991.5000,1934803.7500,2203831.7500,-3989661.2500,-1172310.5000,-595973.7500,-4822797.5000,-3969989.2500,6921924.0000,339244.2500,-4728159.0000,808714.1250,5507666.0000,1626963.3750,-4312920.5000,5120074.5000,735874.5000,8549916.0000,-5042911.5000,51075.8906,-7031911.0000,4868060.0000,-2367518.0000,-5876579.5000,-8871510.0000,6445011.0000,-61107.7344,5072755.0000
0.2201,5320516.0000,5243955.0000,4498013.5000,-4694132.0000,-4605342.0000,-2694498.7500,2214997.0000,-1770977.6250,-2784352.0000,445047.7812,-117997.0625,1401532.7500,6331764.0000,3536211.7500,-3116117.7500,-2429724.0000,-5288545.5000,1674814.2500,3480917.5000,-1071292.0000,2866300.0000,-8952856.0000,-2081476.3750,3032714.5000,8945483.0000,-2775845.2500,5376874.0000,4089154.7500,7789087.5000,-1287684.1250,6672568.0000,3446358.5000,-20168.6855,-5332675.0000,-5614463.0000,4519280.5000,-4856825.0000,-1733760.2500,-3672250.7500,2594613.7500,-7138778.0000,-2286703.2500,1236713.2500,1933740.3750,2200641.7500,-3991788.0000,-1166993.7500,-595442.0625,-4824392.5000,-3972647.7500,6922987.5000,339775.9375,-4731349.5000,808182.4375,5510856.0000,1628026.7500,-4309198.5000,5122201.0000,728431.0625,8550448.0000,-5043443.0000,50012.5391,-7037228.0000,4866996.5000,-2367518.0000,-5879769.5000,-8876295.0000,6429592.5000,-56322.6523,5072223.5000
0.2221,5300844.0000,5220029.5000,4478341.5000,-4707424.0000,-4627672.5000,-2723741.0000,2199046.7500,-1792776.2500,-2806682.2500,421122.3438,-144049.1875,1368037.2500,6306243.5000,3506969.5000,-3142169.7500,-2449927.7500,-5316724.5000,1648762.1250,3455928.7500,-1094685.7500,2839184.5000,-8978377.0000,-2103806.7500,3008789.2500,8919962.0000,-2796580.5000,5348695.0000,4065229.2500,7774732.5000,-1306292.7500,6653428.0000,3419774.7500,-39309.0195,-5344903.5000,-5636793.5000,4490570.0000,-4875433.5000,-1743862.1250,-3686074.2500,2553674.5000,-7160045.0000,-2310628.7500,1223953.0000,1916195.1250,2182033.0000,-4008801.7500,-1182944.0000,-615645.7500,-4849913.0000,-3999231.5000,6902784.0000,320103.9375,-4752616.5000,783725.3750,5488526.0000,1609949.7500,-4330465.5000,5103592.5000,703973.9375,8531839.0000,-5064178.5000,31403.8809,-7061685.0000,4847324.5000,-2382936.5000,-5898909.5000,-8899157.0000,6396628.5000,-71209.5781,5048298.0000
0.2241,5321048.0000,5240765.0000,4499608.5000,-4680308.5000,-4604810.5000,-2700347.2500,2212870.2500,-1774167.6250,-2783820.2500,439199.3438,-127035.5547,1379734.1250,6324852.0000,3524514.7500,-3124624.5000,-2431850.7500,-5304496.0000,1667902.5000,3478259.0000,-1079267.1250,2868426.7500,-8960300.0000,-2083071.3750,3025802.7500,8931659.0000,-2778503.5000,5363582.0000,4078521.2500,7801848.0000,-1288215.8750,6673631.5000,3436788.2500,-20700.3613,-5325231.5000,-5614463.0000,4501203.5000,-4853634.5000,-1711961.5000,-3660554.0000,2596740.2500,-7146221.5000,-2295741.7500,1240435.0000,1933740.3750,2197451.7500,-3991788.0000,-1159550.2500,-597037.0625,-4829709.5000,-3979027.7500,6926709.5000,340307.5938,-4730817.5000,801270.6875,5512983.0000,1632280.1250,-4308667.0000,5126454.5000,719392.5625,8553106.0000,-5042911.5000,48417.5117,-7042013.0000,4866465.0000,-2365923.0000,-5885618.0000,-8871510.0000,6403540.0000,-55790.9766,5064248.5000
0.2261,5310414.5000,5218434.5000,4473025.0000,-4712209.0000,-4628736.0000,-2726931.0000,2180969.7500,-1797029.7500,-2805619.0000,418463.9688,-156277.7344,1352087.0000,6303053.5000,3497931.0000,-3150145.0000,-2456308.0000,-5339586.5000,1643445.3750,3451143.5000,-1110104.3750,2854071.5000,-8986884.0000,-2109655.2500,2999219.0000,8908797.0000,-2805087.2500,5338061.5000,4049279.0000,7782707.5000,-1313204.6250,6648643.0000,3404887.7500,-47815.8359,-5357663.5000,-5634135.0000,4473025.0000,-4879687.0000,-1727380.1250,-3683947.7500,2590892.0000,-7173868.5000,-2321793.7500,1209066.1250,1907688.2500,2170868.0000,-4019966.7500,-1184539.0000,-616177.4375,-4855761.5000,-4004016.5000,6898530.5000,317977.2188,-4752084.5000,780535.3125,5492779.0000,1611013.1250,-4330465.5000,5103061.0000,694935.4375,8531307.0000,-5066837.0000,23960.4180,-7060621.5000,4844134.5000,-2385595.0000,-5905290.0000,-8879485.0000,6387058.0000,-80779.7422,5045640.0000
0.2281,5303502.5000,5211522.5000,4460796.0000,-4736134.5000,-4636711.0000,-2739159.5000,2166614.5000,-1806599.8750,-2809872.5000,410488.8438,-173291.3594,1336668.3750,6296141.5000,3483044.2500,-3166627.0000,-2465878.0000,-5360853.5000,1628026.7500,3432003.2500,-1131903.1250,2851413.0000,-9006024.0000,-2124010.5000,2984863.7500,8894974.0000,-2811999.0000,5325833.0000,4043962.2500,7768884.0000,-1327559.8750,6631629.0000,3392659.2500,-57917.6797,-5371487.0000,-5644237.0000,4457074.5000,-4891915.5000,-1730570.2500,-3687137.7500,2587701.7500,-7181843.5000,-2329237.2500,1199496.0000,1899713.1250,2159171.0000,-4033790.5000,-1193045.8750,-628937.6250,-4866395.0000,-4016245.2500,6893213.5000,312660.4688,-4758465.0000,775218.5625,5489589.0000,1608886.3750,-4336314.0000,5100934.0000,690682.0625,8532371.0000,-5066305.0000,23960.4180,-7063811.5000,4837754.5000,-2384000.0000,-5906353.0000,-8871510.0000,6382805.0000,-86628.1797,5037664.5000
0.2301,5341251.5000,5252461.5000,4502798.5000,-4708487.0000,-4596303.5000,-2696625.5000,2211807.0000,-1769382.5000,-2769465.0000,450364.5312,-133415.6562,1380265.7500,6336017.5000,3513349.7500,-3131004.7500,-2432914.2500,-5317788.0000,1661522.3750,3467625.5000,-1101065.8750,2896605.5000,-8973592.0000,-2082539.7500,3023144.5000,8931659.0000,-2771591.7500,5366772.0000,4089686.5000,7810886.5000,-1294064.2500,6668846.5000,3434661.7500,-23358.7422,-5339055.0000,-5608083.0000,4491102.0000,-4852039.5000,-1679529.3750,-3640882.0000,2625982.5000,-7146221.5000,-2290425.0000,1240966.6250,1939588.8750,2194793.2500,-4002421.5000,-1152638.5000,-588530.2500,-4822266.0000,-3977432.7500,6933621.0000,355726.2188,-4720184.0000,818815.9375,5529996.5000,1650357.1250,-4296438.5000,5141341.5000,726836.0000,8573310.0000,-5028556.0000,62241.0859,-7028189.5000,4878162.0000,-2343592.5000,-5867541.0000,-8813026.0000,6424275.5000,-40372.3711,5081793.5000
0.2321,5315199.5000,5224283.0000,4477278.0000,-4739324.5000,-4625546.0000,-2720550.7500,2190008.2500,-1797561.3750,-2799770.5000,419527.3125,-157341.0781,1354213.6250,6312623.5000,3481980.7500,-3157588.5000,-2462156.2500,-5342245.0000,1636001.8750,3441041.7500,-1132434.7500,2870021.7500,-9001771.0000,-2110718.5000,2997624.0000,8903480.0000,-2801897.2500,5338061.5000,4060976.0000,7787492.5000,-1318521.3750,6643326.0000,3417648.0000,-56854.3281,-5372019.0000,-5648490.5000,4457074.5000,-4883408.5000,-1705049.7500,-3672250.7500,2591423.5000,-7174400.5000,-2320198.7500,1212256.1250,1911941.7500,2165551.2500,-4037512.2500,-1185602.3750,-624152.5625,-4855230.0000,-4011460.0000,6901189.0000,327015.7188,-4750489.5000,786915.3750,5498096.0000,1621646.6250,-4325149.0000,5111567.5000,696530.5000,8547258.0000,-5055671.5000,33530.5859,-7061685.0000,4848919.5000,-2364328.0000,-5889871.0000,-8819937.0000,6408857.0000,-56854.3281,5063185.0000
0.2341,5336466.5000,5234384.5000,4490038.5000,-4726564.0000,-4610659.0000,-2700878.7500,2206490.2500,-1783206.1250,-2785415.2500,430160.8438,-141390.7969,1370695.6250,6329637.0000,3496336.0000,-3146955.0000,-2451522.7500,-5333738.0000,1647698.7500,3453802.0000,-1124991.2500,2884908.7500,-8986352.0000,-2099021.7500,3007194.2500,8911456.0000,-2801897.2500,5342315.0000,4059381.0000,7806101.5000,-1308951.2500,6652896.0000,3435725.0000,-47815.8359,-5364043.5000,-5649022.0000,4467176.5000,-4873838.5000,-1693884.6250,-3664275.7500,2591955.2500,-7164298.5000,-2305843.5000,1230333.1250,1924702.0000,2174589.7500,-4033258.7500,-1174968.8750,-617240.7500,-4841406.0000,-3995509.7500,6917671.0000,350409.4375,-4741983.0000,799143.9375,5509793.0000,1638660.2500,-4309730.5000,5128049.5000,713012.4375,8567993.0000,-5039721.5000,48417.5117,-7053710.0000,4863275.0000,-2345719.2500,-5877642.5000,-8813026.0000,6420554.0000,-45689.1328,5082325.5000
0.2361,5354012.0000,5243955.0000,4498545.0000,-4716994.0000,-4601088.5000,-2685992.0000,2213402.0000,-1781079.3750,-2771591.7500,428565.8125,-136605.7188,1384519.1250,6346119.0000,3511223.0000,-3138448.2500,-2449396.0000,-5327358.0000,1657800.6250,3461245.5000,-1126054.6250,2896605.5000,-8973060.0000,-2085729.7500,3012511.0000,8915709.0000,-2804024.0000,5342315.0000,4059381.0000,7819393.0000,-1302571.1250,6658213.0000,3443700.2500,-44094.1055,-5357132.0000,-5653275.5000,4467176.5000,-4866926.5000,-1685377.7500,-3656300.5000,2591423.5000,-7157386.5000,-2301058.5000,1239371.6250,1931613.7500,2180438.0000,-4027410.2500,-1165398.6250,-616177.4375,-4833962.5000,-3990724.7500,6925114.5000,358916.2812,-4737197.5000,803397.3750,5518831.5000,1647167.1250,-4300160.0000,5139214.5000,723645.9375,8579158.0000,-5027493.0000,60646.0586,-7044671.5000,4869655.0000,-2333490.7500,-5868604.0000,-8805050.0000,6432782.5000,-37182.3164,5103061.0000
0.2381,5335935.0000,5228536.5000,4476215.0000,-4739324.5000,-4620229.0000,-2705132.2500,2193198.2500,-1805004.8750,-2785415.2500,394006.8750,-162126.1719,1364847.1250,6329105.5000,3498994.5000,-3155993.5000,-2470663.2500,-5351283.5000,1633875.2500,3434130.0000,-1153701.7500,2870021.7500,-8990605.0000,-2105933.5000,2995497.2500,8894974.0000,-2830076.0000,5304566.0000,4034923.7500,7797063.0000,-1324369.7500,6633756.0000,3419774.7500,-67487.8438,-5390096.0000,-5694214.5000,4439529.0000,-4889788.5000,-1707176.5000,-3681821.0000,2554738.0000,-7182907.0000,-2323920.5000,1211724.5000,1903966.6250,2159702.7500,-4049209.0000,-1191450.7500,-644887.9375,-4860015.0000,-4017308.5000,6899062.0000,332332.4688,-4758996.5000,778408.5625,5495969.5000,1627495.1250,-4317705.5000,5122733.0000,709822.3750,8564271.0000,-5045570.0000,42037.3984,-7068065.0000,4852109.5000,-2351036.0000,-5889339.5000,-8821532.0000,6415237.0000,-56854.3281,5090832.0000
0.2401,5358797.0000,5252993.5000,4485253.5000,-4722842.5000,-4599493.5000,-2683865.2500,2212870.2500,-1788522.8750,-2763085.0000,396665.2500,-153087.6719,1378670.7500,6343992.5000,3520793.2500,-3131004.7500,-2452586.2500,-5352347.0000,1643445.3750,3446358.5000,-1144131.6250,2882250.2500,-8968807.0000,-2088388.1250,3012511.0000,8900822.0000,-2825291.0000,5307224.5000,4049279.0000,7810354.5000,-1313204.6250,6650769.5000,3414989.7500,-57386.0039,-5391691.0000,-5690492.5000,4448567.5000,-4875433.5000,-1693884.6250,-3674377.5000,2548889.5000,-7165893.5000,-2312755.5000,1216509.6250,1911941.7500,2174589.7500,-4039107.2500,-1187729.1250,-640634.5000,-4836621.0000,-3995509.7500,6918734.0000,354662.8438,-4740388.0000,794358.8750,5508198.0000,1642913.6250,-4302818.5000,5141341.5000,725772.6875,8578095.0000,-5032809.5000,54265.9453,-7060090.0000,4866465.0000,-2338275.7500,-5881364.5000,-8815684.0000,6427465.5000,-48879.1875,5103061.0000
0.2421,5366772.0000,5258310.0000,4487380.0000,-4729222.5000,-4597898.5000,-2679611.7500,2216592.0000,-1788522.8750,-2761490.0000,401450.3438,-153087.6719,1383455.8750,6342929.0000,3528236.5000,-3124093.0000,-2443016.0000,-5367233.5000,1650357.1250,3454333.7500,-1141473.2500,2883845.2500,-8956046.0000,-2080413.0000,3015169.2500,8896569.0000,-2825291.0000,5307756.0000,4050342.5000,7811949.5000,-1311609.6250,6655554.5000,3432003.2500,-57386.0039,-5392222.5000,-5696873.0000,4445377.5000,-4874370.0000,-1692289.5000,-3675972.5000,2546762.7500,-7158981.5000,-2312223.7500,1210661.1250,1909815.0000,2169804.5000,-4044424.0000,-1196767.6250,-649141.3125,-4837153.0000,-3995509.7500,6921392.5000,355194.5312,-4735071.0000,798612.2500,5511388.0000,1645040.3750,-4297501.5000,5146126.5000,732152.8125,8587133.0000,-5023771.0000,60646.0586,-7064875.0000,4870186.5000,-2332959.0000,-5876047.5000,-8792822.0000,6443416.0000,-40904.0469,5112099.5000
0.2441,5348695.0000,5238638.0000,4456011.0000,-4764845.0000,-4628204.0000,-2700347.2500,2185223.2500,-1815638.3750,-2782757.0000,370081.4688,-181266.5000,1351555.2500,6311028.5000,3502716.2500,-3147486.5000,-2469599.7500,-5407641.0000,1623241.6250,3419243.0000,-1170183.7500,2858325.0000,-8975187.0000,-2108060.2500,2986458.7500,8862541.0000,-2854001.5000,5275855.5000,4016315.2500,7786429.5000,-1340851.7500,6626844.0000,3419243.0000,-84501.4766,-5421464.5000,-5730900.0000,4409223.5000,-4909460.5000,-1724190.1250,-3704683.0000,2522305.7500,-7190882.0000,-2348909.2500,1185672.3750,1871002.6250,2133650.5000,-4082704.5000,-1235048.2500,-684763.6250,-4861078.0000,-4019435.2500,6897467.0000,329674.0938,-4765908.0000,767243.3750,5480019.0000,1617924.8750,-4320895.5000,5123796.0000,702378.9375,8556828.0000,-5055671.5000,30340.5293,-7095180.5000,4844134.5000,-2358479.5000,-5905821.5000,-8810367.0000,6427465.5000,-70146.2266,5086047.0000
0.2461,5368898.5000,5261500.0000,4470898.0000,-4747299.5000,-4619697.5000,-2676953.5000,2200641.7500,-1798093.1250,-2766275.0000,386563.4062,-161062.8125,1368037.2500,6317408.5000,3525046.5000,-3122497.7500,-2447801.0000,-5402856.0000,1632811.8750,3429345.0000,-1152106.7500,2874275.2500,-8953388.0000,-2083071.3750,3002409.0000,8872643.0000,-2833797.7500,5296591.0000,4039708.7500,7806101.5000,-1320648.0000,6647047.5000,3453802.0000,-62171.0859,-5399666.0000,-5712291.5000,4427300.5000,-4896169.0000,-1709834.8750,-3688732.7500,2546762.7500,-7172805.0000,-2330832.2500,1209597.7500,1884294.6250,2146942.5000,-4067286.0000,-1219098.0000,-663496.5625,-4834494.5000,-3997636.5000,6917671.0000,347751.0625,-4748363.0000,788510.4375,5499691.0000,1637596.8750,-4302287.0000,5139746.5000,719924.2500,8571715.0000,-5037594.5000,48949.1875,-7078698.5000,4859553.0000,-2341466.0000,-5890934.5000,-8769428.0000,6446074.0000,-50474.2148,5098807.5000
0.2481,5383785.5000,5266817.0000,4477278.0000,-4746768.0000,-4614380.5000,-2663661.5000,2211275.2500,-1786396.2500,-2761490.0000,389221.7812,-150429.2969,1376544.0000,6312623.5000,3529300.0000,-3114522.7500,-2433977.5000,-5406046.0000,1629621.7500,3437320.0000,-1140409.8750,2884908.7500,-8939033.0000,-2069779.5000,3020486.0000,8876897.0000,-2819442.5000,5306692.5000,4050874.0000,7815671.5000,-1311609.6250,6660871.5000,3462308.7500,-52600.9180,-5390627.5000,-5692619.5000,4429427.5000,-4892447.0000,-1701859.7500,-3678099.2500,2547826.2500,-7169615.0000,-2325515.5000,1211192.8750,1889079.6250,2146942.5000,-4065159.2500,-1212186.1250,-649141.3125,-4829177.5000,-3991256.2500,6926709.5000,352004.4688,-4743046.0000,798080.6250,5508729.5000,1649293.7500,-4294311.5000,5149316.5000,728962.7500,8578626.0000,-5029088.0000,55329.2969,-7070192.0000,4868060.0000,-2332427.5000,-5879769.5000,-8726894.0000,6468404.5000,-26548.7969,5105719.0000
0.2501,5359860.5000,5226409.5000,4445909.5000,-4783985.0000,-4659041.5000,-2700878.7500,2176716.2500,-1822018.5000,-2798707.2500,349346.0938,-181266.5000,1344111.7500,6269558.0000,3496867.7500,-3149613.2500,-2464283.0000,-5445922.0000,1593999.5000,3400634.5000,-1168057.0000,2848754.7500,-8964022.0000,-2095831.6250,2991775.5000,8842869.0000,-2857723.2500,5275324.0000,4019505.2500,7785366.0000,-1339256.7500,6633756.0000,3415521.2500,-84501.4766,-5424123.0000,-5714950.0000,4394868.5000,-4926474.5000,-1728443.5000,-3708404.7500,2512735.5000,-7205769.0000,-2358479.5000,1185140.7500,1856115.7500,2110256.7500,-4092274.7500,-1238238.2500,-676256.8125,-4854698.0000,-4018903.5000,6896935.5000,322230.6250,-4775478.5000,765116.6875,5475234.0000,1619520.0000,-4325680.5000,5118479.5000,696530.5000,8540346.0000,-5063115.0000,21833.7148,-7101029.0000,4836691.0000,-2364328.0000,-5914328.5000,-8746566.0000,6427997.0000,-46752.4844,5075413.5000
0.2521,5385912.5000,5247145.0000,4471961.5000,-4761123.0000,-4635116.0000,-2680143.5000,2193198.2500,-1803409.8750,-2778503.5000,363701.3438,-156809.4062,1364315.5000,6288698.0000,3515476.5000,-3129409.7500,-2440357.5000,-5425186.5000,1611544.7500,3420838.0000,-1138814.8750,2866831.7500,-8931058.0000,-2064994.3750,3018891.0000,8864668.0000,-2836987.7500,5306692.5000,4052469.0000,7808759.5000,-1310546.2500,6660871.5000,3430940.0000,-62171.0859,-5399666.0000,-5689429.5000,4414540.5000,-4906802.5000,-1705049.7500,-3683947.7500,2539319.2500,-7186629.0000,-2338275.7500,1213851.2500,1876851.1250,2128333.7500,-4072071.0000,-1212717.8750,-652331.3750,-4831836.0000,-3996041.5000,6918202.5000,345624.3750,-4756338.0000,785320.3750,5494906.0000,1645040.3750,-4302287.0000,5139746.5000,722582.6250,8559486.0000,-5039721.5000,44164.1055,-7071787.0000,4857958.0000,-2342529.2500,-5888276.0000,-8716792.0000,6438631.0000,-20168.6855,5095617.5000
0.2541,5392292.5000,5240233.0000,4475683.0000,-4766971.5000,-4637774.5000,-2695562.0000,2188413.2500,-1805536.5000,-2781162.0000,360511.2812,-159999.4688,1362720.5000,6282318.0000,3511754.7500,-3130473.0000,-2443016.0000,-5423059.5000,1608354.7500,3416053.0000,-1138814.8750,2862046.7500,-8926804.0000,-2057019.2500,3022081.0000,8864136.0000,-2849216.5000,5309882.5000,4050342.5000,7809823.0000,-1307887.8750,6666188.0000,3422433.0000,-66956.1719,-5401792.5000,-5691556.0000,4412945.5000,-4902549.0000,-1705049.7500,-3679162.5000,2537724.2500,-7189819.0000,-2335617.5000,1218636.2500,1874192.7500,2127270.5000,-4069412.7500,-1205806.0000,-649673.0000,-4833962.5000,-3997104.7500,6915012.5000,342434.3125,-4758465.0000,781067.0000,5490652.5000,1646635.3750,-4302818.5000,5142405.0000,728962.7500,8553638.0000,-5042911.5000,44695.7812,-7071255.0000,4858490.0000,-2341466.0000,-5891998.0000,-8693398.0000,6432782.5000,-13788.5742,5094022.5000
0.2561,5382190.5000,5222688.0000,4467708.0000,-4781858.5000,-4654788.0000,-2716297.5000,2168741.2500,-1817233.3750,-2796048.7500,341370.9688,-174354.7188,1347833.5000,6263177.5000,3502184.5000,-3142701.5000,-2449396.0000,-5440605.0000,1588151.1250,3401166.0000,-1155828.5000,2847691.5000,-8928931.0000,-2067121.1250,3019954.5000,8850313.0000,-2867825.0000,5302439.5000,4030138.7500,7795999.5000,-1312141.2500,6658744.5000,3412863.0000,-76526.3359,-5412426.0000,-5699531.0000,4402843.5000,-4912119.0000,-1718341.6250,-3686074.2500,2515394.0000,-7205237.5000,-2349441.0000,1210661.1250,1865154.2500,2118232.0000,-4082704.5000,-1215376.2500,-653394.7500,-4842469.5000,-4007206.7500,6904910.5000,331800.7812,-4765376.5000,775750.1875,5482145.5000,1641318.6250,-4313983.5000,5131771.5000,723645.9375,8543536.0000,-5055671.5000,31935.5566,-7079762.0000,4846793.0000,-2357947.7500,-5909011.5000,-8700310.0000,6404603.5000,-25485.4453,5074882.0000
0.2581,5400267.5000,5237043.0000,4487380.0000,-4766971.5000,-4632989.0000,-2695562.0000,2185754.7500,-1797561.3750,-2768401.7500,362106.3125,-156277.7344,1374417.3750,6283381.5000,3528236.5000,-3114522.7500,-2422812.2500,-5420933.0000,1605696.3750,3418711.2500,-1134561.5000,2872148.5000,-8898094.0000,-2038942.2500,3053981.7500,8878492.0000,-2843899.7500,5322643.0000,4046089.0000,7818861.5000,-1282367.3750,6694367.0000,3439978.5000,-51005.8906,-5392754.0000,-5677201.0000,4429427.5000,-4888193.5000,-1694947.8750,-3658427.2500,2533471.0000,-7179717.0000,-2326047.2500,1229269.7500,1884826.2500,2139499.0000,-4060906.0000,-1189324.1250,-627342.6250,-4815886.0000,-3981154.5000,6929899.5000,352536.1562,-4735071.0000,807119.0625,5509261.0000,1666307.3750,-4287400.0000,5162608.5000,757141.5625,8568525.0000,-5026961.0000,59582.7070,-7052115.0000,4873908.5000,-2333490.7500,-5883491.0000,-8646079.0000,6425870.5000,8541.8154,5100402.5000
0.2601,5368367.0000,5195572.5000,4463986.5000,-4803657.0000,-4671801.5000,-2725867.5000,2159171.0000,-1826803.6250,-2790732.0000,332864.1562,-189773.3125,1346770.1250,6257861.0000,3496336.0000,-3145360.0000,-2451522.7500,-5440605.0000,1576454.2500,3395849.2500,-1164867.0000,2846628.0000,-8924677.0000,-2061272.6250,3031119.5000,8862010.0000,-2878458.5000,5290210.5000,4011530.0000,7790682.5000,-1301507.7500,6674163.0000,3432535.0000,-74931.3125,-5429971.5000,-5717076.5000,4401780.0000,-4915841.0000,-1717278.3750,-3677567.5000,2505292.0000,-7204706.0000,-2352631.0000,1199496.0000,1857710.7500,2108130.2500,-4084831.2500,-1215376.2500,-647546.3125,-4844596.5000,-4007738.2500,6903847.0000,323825.6562,-4749958.0000,786915.3750,5485336.0000,1644508.7500,-4311325.5000,5141341.5000,738532.8750,8543004.0000,-5053545.0000,35125.6133,-7078167.0000,4850514.5000,-2357947.7500,-5907948.0000,-8649269.0000,6409388.5000,1098.3519,5078603.5000
0.2621,5371025.5000,5203547.5000,4475151.5000,-4797277.0000,-4672333.0000,-2724272.5000,2168741.2500,-1821486.7500,-2782225.2500,345092.6875,-183924.8750,1353150.2500,6268494.5000,3496336.0000,-3137916.5000,-2441952.7500,-5431035.0000,1578580.8750,3409141.2500,-1159018.6250,2867363.5000,-8914044.0000,-2050639.1250,3043348.2500,8872112.0000,-2876863.5000,5294464.0000,4011530.0000,7795468.0000,-1285557.5000,6693303.5000,3449548.5000,-64297.7891,-5428376.5000,-5726115.0000,4409223.5000,-4905739.0000,-1707708.1250,-3662680.5000,2529749.2500,-7191414.0000,-2349972.7500,1211192.8750,1869407.6250,2117700.2500,-4074729.5000,-1202616.0000,-632659.3750,-4840343.0000,-4002953.2500,6914480.5000,327015.7188,-4738261.0000,793295.5000,5487462.5000,1652483.8750,-4301755.0000,5148785.0000,756078.1875,8553106.0000,-5038658.0000,46822.4844,-7069660.0000,4855831.5000,-2348377.7500,-5891998.0000,-8635977.0000,6425870.5000,24492.0938,5082325.5000
0.2641,5392292.5000,5232258.0000,4507583.5000,-4770161.5000,-4653193.0000,-2705664.0000,2201173.5000,-1790649.6250,-2750856.2500,378056.5938,-156809.4062,1377075.7500,6289761.5000,3518666.5000,-3111864.2500,-2415368.7500,-5399666.0000,1605696.3750,3438915.0000,-1127118.0000,2904580.7500,-8891182.0000,-2022992.0000,3069400.2500,8900290.0000,-2848153.0000,5325833.0000,4037582.2500,7825773.5000,-1250998.5000,6725204.0000,3477195.7500,-36118.9648,-5400197.5000,-5693151.0000,4432085.5000,-4878623.5000,-1685909.5000,-3631843.5000,2584511.7500,-7164298.5000,-2324984.0000,1236713.2500,1898649.8750,2145347.5000,-4044424.0000,-1175500.5000,-604480.5625,-4810569.0000,-3969989.2500,6948508.0000,354662.8438,-4699448.5000,829981.1875,5518831.5000,1688106.1250,-4270386.0000,5179622.0000,792232.1875,8581285.0000,-5015264.0000,72342.9297,-7040949.5000,4887732.0000,-2317008.7500,-5862755.5000,-8581747.0000,6464683.0000,77128.0156,5117947.5000
0.2661,5359860.5000,5194509.0000,4474088.0000,-4807910.5000,-4696258.5000,-2755109.7500,2170868.0000,-1828930.2500,-2791263.7500,342966.0000,-195621.7500,1339326.7500,6251481.0000,3468157.2500,-3150145.0000,-2448864.5000,-5442200.0000,1563162.2500,3392659.2500,-1153701.7500,2862046.7500,-8936374.0000,-2061804.3750,3030056.2500,8860415.0000,-2884838.7500,5290210.5000,3995048.0000,7787492.5000,-1282899.1250,6695430.0000,3447953.5000,-64829.4648,-5436351.5000,-5714950.0000,4394868.5000,-4910524.0000,-1726848.5000,-3666934.0000,2581853.5000,-7197262.5000,-2363264.5000,1199496.0000,1860369.1250,2113978.5000,-4072602.7500,-1205806.0000,-633191.0625,-4846723.0000,-4004016.5000,6914480.5000,320635.5938,-4729754.5000,796485.5625,5482677.5000,1656205.6250,-4304413.5000,5147721.5000,766180.0625,8550979.0000,-5043443.0000,40974.0469,-7073913.5000,4854236.5000,-2346782.7500,-5893061.0000,-8606204.0000,6424807.0000,65962.8203,5087642.0000
0.2681,5381659.0000,5203016.0000,4487380.0000,-4795682.0000,-4692537.0000,-2751388.0000,2184691.5000,-1820423.5000,-2785415.2500,352536.1562,-190836.6719,1344643.5000,6257329.5000,3467625.5000,-3143233.2500,-2439826.0000,-5433693.0000,1564757.3750,3402761.0000,-1139878.2500,2867363.5000,-8933184.0000,-2052234.1250,3040158.0000,8872112.0000,-2872078.5000,5294464.0000,3997174.7500,7800253.0000,-1270670.5000,6710849.0000,3455928.7500,-48879.1875,-5422528.0000,-5703784.5000,4400717.0000,-4902549.0000,-1723126.7500,-3655768.7500,2605778.7500,-7181312.0000,-2351567.7500,1209597.7500,1866749.2500,2124080.5000,-4064096.0000,-1193577.5000,-625747.5625,-4830241.0000,-3990724.7500,6930962.5000,333395.8125,-4717525.5000,809245.8125,5491716.0000,1670560.8750,-4291653.5000,5159418.5000,781067.0000,8560018.0000,-5033341.0000,53202.5938,-7068597.0000,4866996.5000,-2337744.2500,-5879769.5000,-8607267.0000,6435440.5000,87229.8594,5094022.5000
0.2701,5397077.5000,5209396.0000,4501735.5000,-4785580.0000,-4679245.0000,-2749261.2500,2187881.5000,-1810853.2500,-2776376.7500,358916.2812,-185519.9062,1354745.3750,6260519.5000,3467093.7500,-3138448.2500,-2427597.5000,-5427313.0000,1566884.0000,3408609.5000,-1136688.1250,2865768.2500,-8926273.0000,-2037878.8750,3051855.0000,8884340.0000,-2862508.2500,5295527.5000,3998238.2500,7811418.0000,-1260037.0000,6724672.5000,3476664.0000,-29738.8535,-5411894.5000,-5694746.0000,4410287.0000,-4890320.5000,-1720468.3750,-3647262.0000,2615349.0000,-7165362.0000,-2337744.2500,1223421.3750,1884826.2500,2134714.0000,-4052930.7500,-1189324.1250,-619367.5000,-4816949.0000,-3974242.7500,6945849.5000,351472.8125,-4703702.0000,817220.9375,5500222.5000,1688106.1250,-4275703.0000,5170052.0000,797017.2500,8571715.0000,-5018986.0000,64367.7891,-7061153.5000,4881352.0000,-2322325.5000,-5867541.0000,-8612052.0000,6452986.0000,102116.7812,5099339.0000
0.2721,5348163.5000,5155165.0000,4451226.0000,-4849913.0000,-4739324.5000,-2814657.5000,2129928.7500,-1868274.2500,-2830607.7500,300963.5938,-243472.5781,1301046.0000,6198845.0000,3395849.2500,-3203844.2500,-2485550.0000,-5482607.5000,1506804.6250,3350125.2500,-1195172.5000,2796650.5000,-8990074.0000,-2102743.5000,2990180.5000,8829046.0000,-2919397.7500,5236511.5000,3938690.5000,7748680.5000,-1317458.0000,6662998.0000,3406482.7500,-73336.2812,-5463467.0000,-5743660.5000,4352334.5000,-4946146.5000,-1788522.8750,-3712658.2500,2540914.2500,-7219061.0000,-2384531.7500,1171317.1250,1829000.2500,2077824.6250,-4106098.2500,-1248871.7500,-676256.8125,-4870648.5000,-4027942.0000,6895340.5000,295115.1562,-4754743.0000,762458.3125,5445460.0000,1638660.2500,-4328870.5000,5123264.5000,752356.5000,8520674.0000,-5067900.0000,18111.9824,-7118574.5000,4828184.5000,-2378683.2500,-5918050.0000,-8680638.0000,6395565.0000,62772.7617,5049893.0000
0.2741,5384849.0000,5186534.0000,4487380.0000,-4824924.0000,-4714335.5000,-2792327.0000,2155981.0000,-1840095.5000,-2797112.2500,333927.5000,-216357.1094,1327098.1250,6224897.0000,3421369.7500,-3182577.2500,-2453649.5000,-5449112.0000,1536578.5000,3372455.5000,-1169120.3750,2817917.5000,-8967212.0000,-2076691.2500,3011447.5000,8857756.0000,-2890155.5000,5256183.5000,3959957.5000,7767289.0000,-1297254.3750,6676821.5000,3429345.0000,-38245.6680,-5435820.0000,-5713886.5000,4375196.5000,-4923816.0000,-1774699.3750,-3699898.0000,2553674.5000,-7181843.5000,-2354226.0000,1204281.0000,1853457.3750,2103876.7500,-4087489.7500,-1235579.8750,-645951.2500,-4837684.5000,-3992319.7500,6931494.5000,328610.7500,-4718057.5000,791168.8125,5472044.0000,1665775.7500,-4299096.5000,5148785.0000,783193.6875,8545663.0000,-5043974.5000,39910.6953,-7090395.5000,4857426.5000,-2355289.5000,-5894124.5000,-8642889.0000,6421617.0000,92014.9375,5079135.5000
0.2761,5365708.5000,5173773.5000,4471961.5000,-4841938.0000,-4727096.0000,-2810935.7500,2148005.7500,-1852324.0000,-2815189.2500,324357.3438,-232307.3906,1304236.1250,6214795.0000,3405419.5000,-3201717.5000,-2462156.2500,-5463998.5000,1521691.6250,3351720.2500,-1183475.6250,2799840.5000,-8983694.0000,-2094768.2500,2996560.7500,8838616.0000,-2912485.7500,5231194.5000,3936563.7500,7748148.5000,-1313204.6250,6657149.5000,3413394.5000,-53132.5938,-5450707.0000,-5743660.5000,4351802.5000,-4940298.0000,-1801814.7500,-3730203.5000,2522837.5000,-7192477.5000,-2366986.2500,1196305.8750,1837507.1250,2082609.7500,-4113010.2500,-1262163.7500,-662433.2500,-4853103.0000,-4005080.0000,6917139.0000,316913.8750,-4733476.0000,777345.2500,5455562.0000,1652483.8750,-4311857.0000,5135493.0000,776281.8750,8532371.0000,-5053013.0000,33530.5859,-7108472.5000,4842539.5000,-2370708.0000,-5906353.0000,-8654054.0000,6428529.0000,85103.1484,5069565.0000
0.2781,5355607.0000,5156228.5000,4459733.0000,-4861610.0000,-4744641.0000,-2829544.5000,2133650.5000,-1868274.2500,-2832202.7500,304153.6562,-253042.7500,1288285.8750,6196186.5000,3385215.7500,-3217136.2500,-2477043.2500,-5473569.0000,1511058.0000,3330453.2500,-1198894.2500,2781763.5000,-8993264.0000,-2112845.2500,2977952.0000,8824261.0000,-2931626.2500,5207801.0000,3913170.0000,7719970.0000,-1331281.6250,6634287.5000,3393722.5000,-70146.2266,-5468252.0000,-5770776.0000,4327345.5000,-4962096.5000,-1831057.0000,-3756255.5000,2495190.2500,-7204174.0000,-2381341.5000,1187267.3750,1821556.7500,2063469.3750,-4134277.2500,-1289279.1250,-682636.9375,-4869053.5000,-4023688.5000,6904910.5000,300963.5938,-4750489.5000,757673.2500,5438548.5000,1641318.6250,-4326212.0000,5122201.0000,766180.0625,8515357.0000,-5066305.0000,18643.6582,-7124954.5000,4826589.5000,-2387190.0000,-5919645.0000,-8677448.0000,6423744.0000,78191.3672,5059463.5000
0.2801,5392292.5000,5190787.5000,4493760.0000,-4829177.5000,-4705829.0000,-2796048.7500,2165019.5000,-1836373.7500,-2790200.5000,329142.4062,-224863.9219,1323376.5000,6226492.0000,3409141.2500,-3182045.5000,-2444611.0000,-5450175.0000,1543490.2500,3357568.7500,-1165930.3750,2811537.5000,-8953920.0000,-2077222.8750,3005067.5000,8855098.0000,-2906105.7500,5240765.0000,3944007.2500,7740705.0000,-1302039.3750,6666719.5000,3413394.5000,-38245.6680,-5438478.5000,-5738343.5000,4355524.5000,-4931259.5000,-1807663.2500,-3730203.5000,2518052.2500,-7171742.0000,-2351036.0000,1210661.1250,1852925.6250,2095901.6250,-4106630.0000,-1260037.0000,-657116.5000,-4833431.0000,-3989129.7500,6939469.5000,332864.1562,-4720716.0000,786915.3750,5467259.0000,1669497.5000,-4291121.5000,5158355.0000,806587.4375,8546726.0000,-5032278.0000,51607.5664,-7094117.0000,4860616.5000,-2354757.7500,-5888276.0000,-8639699.0000,6455644.5000,124447.1719,5091895.5000
0.2821,5367835.5000,5175368.5000,4470366.5000,-4854166.5000,-4731881.0000,-2823696.0000,2141094.0000,-1861894.1250,-2809340.7500,303621.9688,-248257.6719,1300514.3750,6204161.5000,3382025.7500,-3209692.7500,-2465878.0000,-5485797.5000,1532856.7500,3334706.5000,-1190387.5000,2783358.5000,-8972528.0000,-2102211.7500,2978483.7500,8826387.0000,-2937474.5000,5215244.5000,3910511.5000,7713058.0000,-1329154.8750,6638009.0000,3368733.7500,-65892.8203,-5466657.0000,-5766522.5000,4331067.5000,-4956780.0000,-1839032.1250,-3761040.7500,2467011.5000,-7199920.5000,-2381341.5000,1180887.2500,1825278.5000,2067722.7500,-4133745.5000,-1291937.5000,-690612.0625,-4861610.0000,-4015713.5000,6913417.5000,306812.0312,-4746768.0000,762458.3125,5445992.0000,1652483.8750,-4315047.0000,5133366.5000,782662.0000,8519079.0000,-5058330.0000,26618.7969,-7118574.5000,4836159.5000,-2374429.7500,-5910075.0000,-8645016.0000,6438631.0000,116472.0312,5075945.5000
0.2841,5361455.5000,5181217.0000,4473556.5000,-4849913.0000,-4731881.0000,-2823696.0000,2137904.0000,-1863489.2500,-2809872.5000,302026.9375,-241877.5625,1302641.1250,6205756.5000,3386279.2500,-3205439.2500,-2468536.5000,-5503874.5000,1537110.1250,3339491.7500,-1188260.7500,2779105.2500,-8966680.0000,-2102743.5000,2975825.2500,8824261.0000,-2931094.5000,5213117.5000,3912106.7500,7710931.5000,-1332876.6250,6631629.0000,3355442.0000,-70146.2266,-5463467.0000,-5771307.5000,4335852.5000,-4954653.0000,-1849665.6250,-3767420.7500,2444149.2500,-7199389.0000,-2382405.0000,1183014.0000,1831127.0000,2071444.5000,-4135340.5000,-1294596.0000,-699118.8750,-4855230.0000,-4007738.2500,6924582.5000,312660.4688,-4756869.5000,754483.1875,5439611.5000,1649825.5000,-4319832.0000,5131771.5000,785852.0625,8512699.0000,-5060988.5000,23960.4180,-7124954.5000,4835628.0000,-2379215.0000,-5913265.0000,-8658840.0000,6418427.0000,110091.9219,5069565.0000
0.2861,5376874.0000,5207801.0000,4503862.0000,-4827582.5000,-4704234.0000,-2792327.0000,2154917.7500,-1836905.3750,-2785415.2500,325420.6875,-216888.7812,1330819.8750,6229150.5000,3419774.7500,-3176197.2500,-2446206.0000,-5484202.5000,1570605.7500,3365543.7500,-1161145.2500,2804625.7500,-8935311.0000,-2076691.2500,2995497.2500,8845528.0000,-2908764.0000,5240233.0000,3944538.7500,7737515.0000,-1307887.8750,6651301.0000,3384152.5000,-40904.0469,-5418806.5000,-5753230.5000,4365626.0000,-4927537.5000,-1823613.5000,-3742963.7500,2469669.7500,-7169083.5000,-2353694.5000,1205876.0000,1864090.8750,2098560.0000,-4107161.7500,-1270138.8750,-675725.1250,-4831304.5000,-3982217.7500,6951698.0000,341902.6250,-4738792.5000,772560.1250,5461942.0000,1677472.6250,-4288995.0000,5156228.5000,818815.9375,8538751.0000,-5035999.5000,52139.2422,-7105282.5000,4863275.0000,-2354757.7500,-5888808.0000,-8636509.0000,6440226.0000,130827.2812,5090300.5000
0.2881,5344441.5000,5184939.0000,4481000.0000,-4855230.0000,-4726032.5000,-2811999.0000,2131524.0000,-1864020.8750,-2810935.7500,295115.1562,-243472.5781,1304236.1250,6203630.0000,3396912.7500,-3195869.2500,-2470131.5000,-5509723.0000,1550933.7500,3341086.7500,-1188260.7500,2781232.0000,-8957641.0000,-2103275.0000,2965191.7500,8819476.0000,-2938538.0000,5217371.0000,3922740.2500,7706678.0000,-1333940.0000,6619400.5000,3375114.0000,-71209.5781,-5449643.5000,-5777156.0000,4343296.0000,-4951463.0000,-1855514.1250,-3773801.0000,2458504.5000,-7191945.5000,-2382936.5000,1180355.6250,1837507.1250,2076761.2500,-4135340.5000,-1296722.6250,-711347.4375,-4858951.5000,-4010396.7500,6923519.0000,314255.5000,-4765908.0000,749698.0625,5436953.5000,1655142.2500,-4316110.5000,5133898.0000,796485.5625,8512699.0000,-5059393.5000,29808.8535,-7128144.5000,4838818.0000,-2380810.0000,-5916986.5000,-8677448.0000,6408857.0000,112750.3047,5059995.0000
0.2901,5325833.0000,5171115.5000,4473025.0000,-4861610.0000,-4730286.0000,-2810404.0000,2128333.7500,-1870932.6250,-2824759.2500,281291.5625,-257827.8281,1296261.0000,6198313.0000,3396912.7500,-3205439.2500,-2476511.5000,-5519824.5000,1537641.8750,3328858.0000,-1204742.7500,2778041.7500,-8963490.0000,-2112845.2500,2954026.5000,8802994.0000,-2951830.0000,5207801.0000,3912638.2500,7692322.5000,-1346700.1250,6597070.0000,3365012.0000,-78653.0391,-5466657.0000,-5779814.5000,4336915.5000,-4959438.5000,-1866679.2500,-3789219.5000,2447339.5000,-7195135.5000,-2391443.5000,1172912.1250,1830595.2500,2072507.8750,-4143315.7500,-1305229.5000,-723575.9375,-4867990.0000,-4018903.5000,6915012.5000,302026.9375,-4770161.5000,740659.6250,5427383.0000,1645572.1250,-4325680.5000,5122201.0000,789042.1250,8499407.0000,-5072685.0000,14390.2510,-7135588.0000,4826589.5000,-2394633.5000,-5929215.0000,-8699247.0000,6380146.5000,94673.3203,5046703.0000
0.2921,5331681.5000,5192382.5000,4491102.0000,-4830241.0000,-4702639.0000,-2785947.0000,2146942.5000,-1857109.1250,-2815720.7500,286076.6562,-246130.9688,1310084.5000,6217985.0000,3425091.5000,-3193742.5000,-2460029.5000,-5506001.0000,1549870.3750,3341618.2500,-1187729.1250,2798245.5000,-8945945.0000,-2094236.6250,2969976.7500,8818412.0000,-2931094.5000,5228004.5000,3929120.2500,7708273.0000,-1332876.6250,6605045.5000,3384152.5000,-60576.0586,-5453365.0000,-5754294.0000,4353929.5000,-4943488.0000,-1853387.3750,-3775927.5000,2466479.7500,-7174400.5000,-2371771.5000,1182482.3750,1845482.2500,2087394.7500,-4128428.7500,-1294064.2500,-707625.6875,-4853634.5000,-4004548.2500,6926709.5000,313723.8125,-4743046.0000,759799.9375,5448118.5000,1667370.7500,-4310262.0000,5137619.5000,806587.4375,8509509.0000,-5058330.0000,28213.8262,-7113789.0000,4844134.5000,-2381873.2500,-5916986.5000,-8689677.0000,6388121.5000,103711.8125,5063185.0000
0.2941,5302971.0000,5176432.0000,4470366.5000,-4838748.0000,-4716994.0000,-2799770.5000,2130460.5000,-1877312.7500,-2836456.2500,263214.5938,-262081.2500,1290412.5000,6206820.0000,3416053.0000,-3210224.5000,-2478638.2500,-5526205.0000,1537641.8750,3321414.7500,-1203147.6250,2778573.5000,-8970402.0000,-2114972.0000,2951900.0000,8801399.0000,-2945981.5000,5208332.5000,3904663.2500,7695512.5000,-1351485.2500,6575803.0000,3366075.5000,-77058.0156,-5470379.0000,-5770244.0000,4334789.0000,-4965818.5000,-1876781.1250,-3806764.7500,2453187.7500,-7185565.5000,-2385595.0000,1164937.0000,1829000.2500,2064532.7500,-4147037.5000,-1317989.6250,-725702.6875,-4882877.0000,-4027942.0000,6899594.0000,287671.6875,-4771756.5000,738001.2500,5423661.5000,1646635.3750,-4331529.0000,5117947.5000,786915.3750,8487710.0000,-5077470.5000,11731.8711,-7134524.5000,4824994.0000,-2402608.5000,-5932405.5000,-8738059.0000,6364728.0000,91483.2656,5047766.5000
0.2961,5331681.5000,5213117.5000,4504925.5000,-4800999.0000,-4676055.0000,-2760426.5000,2168741.2500,-1845943.8750,-2799770.5000,305217.0000,-226458.9531,1329224.8750,6241379.0000,3455397.0000,-3170348.7500,-2437167.5000,-5488987.5000,1577517.5000,3362353.7500,-1172310.5000,2815790.7500,-8940096.0000,-2082539.7500,2986458.7500,8838616.0000,-2907700.7500,5241828.0000,3938690.5000,7734325.0000,-1319584.7500,6607703.5000,3392127.5000,-35055.6133,-5422528.0000,-5734622.0000,4372538.0000,-4928069.5000,-1847538.8750,-3775927.5000,2489341.7500,-7154728.5000,-2348909.2500,1202154.3750,1870471.0000,2100686.7500,-4110883.5000,-1282367.3750,-684231.9375,-4848318.0000,-3994446.5000,6930431.0000,320635.5938,-4735602.5000,768306.7500,5457157.0000,1680131.0000,-4300160.0000,5153038.5000,817752.6250,8513762.0000,-5047165.0000,43100.7539,-7101029.0000,4856363.0000,-2372834.7500,-5903695.0000,-8717324.0000,6392375.0000,130827.2812,5079135.5000
0.2981,5333808.0000,5207801.0000,4500140.0000,-4812164.0000,-4679245.0000,-2763085.0000,2163424.5000,-1849134.0000,-2799239.0000,311065.4375,-225395.6094,1335073.2500,6237125.5000,3455397.0000,-3174070.5000,-2433445.7500,-5481544.0000,1574859.1250,3364480.5000,-1178158.8750,2813664.2500,-8945413.0000,-2083603.0000,2986458.7500,8836489.0000,-2901320.7500,5237043.0000,3931778.7500,7733261.5000,-1325433.1250,6603982.0000,3371924.0000,-38245.6680,-5419338.0000,-5743660.5000,4367753.0000,-4932323.0000,-1851260.6250,-3784966.0000,2487215.0000,-7164830.0000,-2356884.5000,1193647.5000,1869407.6250,2096965.0000,-4116200.2500,-1283962.3750,-682636.9375,-4861078.0000,-4005080.0000,6916607.5000,307875.3750,-4748363.0000,755546.5000,5445460.0000,1671092.5000,-4310793.5000,5137619.5000,802865.6875,8496748.0000,-5063646.5000,28213.8262,-7118042.5000,4846793.0000,-2381341.5000,-5912201.5000,-8715729.0000,6392375.0000,130827.2812,5074350.5000
0.3002,5335935.0000,5203016.0000,4500140.0000,-4820139.0000,-4683498.5000,-2768401.7500,2154386.0000,-1850729.0000,-2799239.0000,312128.7812,-222205.5469,1336668.3750,6237657.0000,3450612.0000,-3176197.2500,-2436104.2500,-5477822.5000,1575922.5000,3364480.5000,-1187197.3750,2816322.5000,-8955515.0000,-2092109.8750,2982205.5000,8834363.0000,-2898130.5000,5236511.5000,3925930.2500,7729008.5000,-1331813.2500,6594943.5000,3350125.2500,-40904.0469,-5415616.0000,-5748977.0000,4366689.5000,-4932854.5000,-1849665.6250,-3788687.7500,2479240.0000,-7161640.0000,-2352631.0000,1186735.7500,1869939.3750,2098028.2500,-4113541.7500,-1280240.7500,-672535.0625,-4863205.0000,-4005611.5000,6921392.5000,309470.4062,-4755274.5000,758736.5625,5447055.0000,1673750.8750,-4312388.5000,5137088.0000,801270.6875,8494090.0000,-5065242.0000,23960.4180,-7123891.0000,4845198.0000,-2382405.0000,-5916986.5000,-8728489.0000,6381210.0000,127105.5547,5065312.0000
0.3022,5355607.0000,5228004.5000,4517154.0000,-4805784.0000,-4665421.5000,-2748198.0000,2166082.7500,-1831057.0000,-2771060.0000,336585.8750,-202533.5312,1353682.0000,6252012.5000,3464967.2500,-3157056.7500,-2413242.2500,-5450707.0000,1599316.2500,3386810.7500,-1168057.0000,2837589.5000,-8945413.0000,-2074032.8750,3004004.0000,8860415.0000,-2872078.5000,5256183.5000,3944007.2500,7747085.5000,-1314799.6250,6609830.5000,3358632.0000,-15383.6025,-5391159.0000,-5727710.0000,4385830.0000,-4912651.0000,-1825208.5000,-3772205.7500,2490405.2500,-7135056.5000,-2329237.2500,1200559.2500,1889079.6250,2117700.2500,-4097059.7500,-1262163.7500,-650204.6875,-4846723.0000,-3985939.5000,6945318.0000,331269.1250,-4732944.5000,779471.9375,5468854.0000,1694486.2500,-4292185.0000,5157291.5000,823069.3750,8511635.0000,-5048228.0000,46822.4844,-7105282.5000,4868591.5000,-2362201.2500,-5897846.5000,-8705095.0000,6400350.0000,145182.5312,5084452.0000
0.3042,5345505.0000,5215244.5000,4501203.5000,-4817481.0000,-4676055.0000,-2764680.0000,2143220.7500,-1848070.6250,-2785415.2500,317977.2188,-220078.8438,1329224.8750,6233935.5000,3442636.7500,-3180982.2500,-2433445.7500,-5465594.0000,1578049.2500,3370328.7500,-1189855.7500,2826956.0000,-8965085.0000,-2095831.6250,2989117.2500,8843401.0000,-2890687.2500,5237043.0000,3930715.2500,7730603.5000,-1339788.3750,6589626.5000,3344808.5000,-33992.2617,-5409236.0000,-5751635.5000,4366689.5000,-4932854.5000,-1848070.6250,-3790282.7500,2467543.0000,-7152601.5000,-2345187.5000,1176102.2500,1865685.8750,2102813.5000,-4111946.7500,-1272797.2500,-663496.5625,-4862141.5000,-4001890.0000,6932557.5000,316913.8750,-4754743.0000,760863.3125,5449182.0000,1675345.8750,-4312920.5000,5136024.5000,800739.0000,8487710.0000,-5071090.0000,24492.0938,-7127081.0000,4845729.5000,-2383468.2500,-5920176.5000,-8704564.0000,6367386.0000,115940.3594,5061590.0000
0.3062,5358265.0000,5215244.5000,4504393.5000,-4811632.5000,-4677650.0000,-2758299.7500,2137904.0000,-1848602.2500,-2783820.2500,315318.8438,-218483.8125,1329224.8750,6239252.5000,3434130.0000,-3190552.5000,-2434509.2500,-5462403.5000,1572200.7500,3371392.2500,-1191982.5000,2829082.7500,-8972528.0000,-2103275.0000,2988053.7500,8844464.0000,-2885902.0000,5233853.0000,3935500.5000,7727945.0000,-1342978.5000,6585373.5000,3336833.2500,-25485.4453,-5412426.0000,-5758015.5000,4362436.0000,-4931259.5000,-1847007.2500,-3788156.2500,2470733.2500,-7144094.5000,-2348909.2500,1172912.1250,1862495.8750,2098560.0000,-4106630.0000,-1270670.5000,-660306.5000,-4861610.0000,-4005080.0000,6933089.5000,313723.8125,-4761123.0000,752356.5000,5445460.0000,1673750.8750,-4315047.0000,5134961.5000,802334.0000,8483988.0000,-5070027.0000,23960.4180,-7129208.0000,4845729.5000,-2386658.2500,-5925493.5000,-8723704.0000,6354094.5000,107433.5391,5061590.0000
0.3082,5386444.0000,5241296.5000,4536294.0000,-4781858.5000,-4651066.0000,-2725867.5000,2160234.5000,-1822018.5000,-2753514.7500,349346.0938,-184988.2344,1358467.0000,6271153.0000,3452738.5000,-3165563.5000,-2403140.2500,-5440073.5000,1596657.8750,3408077.7500,-1163272.0000,2860983.2500,-8944350.0000,-2078286.2500,3008789.2500,8873175.0000,-2857723.2500,5266817.0000,3970591.0000,7758782.0000,-1320116.3750,6607703.5000,3359163.7500,2693.3796,-5402856.0000,-5739407.0000,4387956.5000,-4907334.0000,-1822550.1250,-3761572.2500,2506355.5000,-7112194.0000,-2326047.2500,1199496.0000,1893333.0000,2126738.7500,-4073134.5000,-1239301.6250,-639039.5000,-4830772.5000,-3979027.7500,6964990.0000,340839.2812,-4739324.5000,778408.5625,5470449.0000,1699271.3750,-4291653.5000,5157291.5000,826259.4375,8506319.0000,-5045570.0000,47885.8359,-7101560.5000,4869655.0000,-2366986.2500,-5901036.5000,-8701374.0000,6370044.5000,117535.3828,5091895.5000
0.3102,5368367.0000,5218966.0000,4515027.0000,-4806315.5000,-4670206.5000,-2742881.2500,2138967.2500,-1843817.2500,-2769465.0000,340839.2812,-205723.5938,1334541.6250,6246695.5000,3425091.5000,-3190020.7500,-2420154.0000,-5472505.5000,1577517.5000,3388937.5000,-1187197.3750,2835462.7500,-8966148.0000,-2104338.5000,2983800.5000,8853503.0000,-2880585.2500,5244486.5000,3950919.0000,7727413.5000,-1341915.1250,6574740.0000,3337896.5000,-23358.7422,-5436883.5000,-5768649.0000,4365626.0000,-4930196.0000,-1844880.5000,-3788687.7500,2483493.2500,-7136119.5000,-2351567.7500,1167063.7500,1871002.6250,2103345.0000,-4091743.0000,-1264290.3750,-667218.3125,-4852571.5000,-4002421.5000,6941596.0000,317977.2188,-4764313.0000,753951.5000,5445992.0000,1673750.8750,-4316110.5000,5136556.5000,799675.6250,8480266.0000,-5068432.0000,27682.1484,-7123359.5000,4842008.0000,-2391443.5000,-5925493.5000,-8717856.0000,6338144.0000,77659.6875,5071692.0000
0.3122,5374215.5000,5228536.5000,4520875.5000,-4804189.0000,-4663826.5000,-2729589.2500,2151727.5000,-1837437.1250,-2753514.7500,355726.2188,-198811.8125,1343048.5000,6245632.5000,3432535.0000,-3185767.2500,-2415900.5000,-5466125.5000,1580707.6250,3399571.0000,-1180817.2500,2840248.0000,-8965085.0000,-2101148.2500,2993902.2500,8862010.0000,-2870483.5000,5248208.5000,3951450.7500,7734856.5000,-1336598.3750,6579525.0000,3357568.7500,-20168.6855,-5444858.5000,-5769180.5000,4368284.5000,-4926474.5000,-1840627.1250,-3786029.5000,2473391.5000,-7129739.5000,-2344124.2500,1164405.3750,1875256.1250,2105471.7500,-4083236.2500,-1258442.0000,-669345.0000,-4854166.5000,-4001890.0000,6944786.5000,321167.2812,-4765376.5000,753951.5000,5448118.5000,1674282.6250,-4315578.5000,5138683.0000,801270.6875,8481330.0000,-5065773.5000,31935.5566,-7110599.0000,4843603.0000,-2390380.0000,-5918581.5000,-8715197.0000,6336017.5000,77128.0156,5083389.0000
0.3142,5399736.0000,5255652.0000,4549586.0000,-4783453.5000,-4637242.5000,-2695030.5000,2188413.2500,-1807663.2500,-2726399.2500,391348.5000,-166911.2500,1381860.7500,6276469.5000,3474005.7500,-3151740.0000,-2383468.2500,-5429440.0000,1604633.0000,3431471.5000,-1160613.6250,2874275.2500,-8934779.0000,-2070842.8750,3014106.0000,8895505.0000,-2840709.5000,5274260.5000,3990794.7500,7766757.5000,-1307887.8750,6607703.5000,3387874.2500,2161.7039,-5417743.0000,-5746318.5000,4396995.0000,-4898827.0000,-1816170.0000,-3754660.5000,2497848.5000,-7096244.0000,-2314882.0000,1185672.3750,1901308.2500,2133119.0000,-4053994.0000,-1232921.5000,-646482.9375,-4823329.0000,-3969989.2500,6971901.5000,349877.7812,-4734539.5000,782662.0000,5477892.5000,1701929.7500,-4287931.5000,5162608.5000,821474.3125,8502597.0000,-5038658.0000,54265.9453,-7080825.5000,4871250.0000,-2364328.0000,-5893061.0000,-8694462.0000,6351436.0000,95204.9922,5112099.5000
0.3162,5348695.0000,5197167.5000,4495887.0000,-4838748.0000,-4691473.5000,-2740222.7500,2144284.0000,-1859235.7500,-2784352.0000,337649.2188,-221673.8750,1327629.8750,6223302.0000,3427218.2500,-3199590.7500,-2439294.2500,-5475164.0000,1549870.3750,3379367.2500,-1220693.0000,2818449.2500,-8990605.0000,-2126668.7500,2950836.5000,8837021.0000,-2900257.2500,5216839.5000,3942943.7500,7710931.5000,-1362650.5000,6549219.5000,3325136.5000,-55259.2969,-5458150.5000,-5810651.5000,4346486.0000,-4954653.0000,-1875717.7500,-3810486.5000,2440959.2500,-7152070.0000,-2370176.5000,1139416.5000,1843355.5000,2079951.3750,-4103440.0000,-1282899.1250,-701245.5625,-4873307.0000,-4021030.2500,6918734.0000,295646.8438,-4788238.5000,730557.7500,5423661.5000,1645572.1250,-4346416.0000,5109441.0000,762458.3125,8444112.0000,-5097674.0000,-1560.0278,-7130803.0000,4815424.0000,-2417495.5000,-5947824.0000,-8757731.0000,6297205.0000,29808.8535,5063185.0000
0.3182,5388571.0000,5233321.5000,4533636.0000,-4811100.5000,-4647876.0000,-2701942.2500,2184159.7500,-1826271.8750,-2749261.2500,381246.6562,-186051.5781,1364315.5000,6261051.0000,3469752.2500,-3157056.7500,-2406862.0000,-5435820.0000,1585492.6250,3417648.0000,-1195172.5000,2848754.7500,-8954451.0000,-2095831.6250,2975825.2500,8875302.0000,-2856128.2500,5254056.5000,3978034.5000,7743363.5000,-1332876.6250,6575803.0000,3343745.0000,-16446.9551,-5409768.0000,-5779814.5000,4384766.5000,-4920094.0000,-1845412.2500,-3779649.2500,2470201.5000,-7116447.5000,-2330300.7500,1188862.3750,1884826.2500,2117168.7500,-4067817.7500,-1248871.7500,-664559.9375,-4833962.5000,-3985939.5000,6957546.5000,334990.8438,-4756338.0000,765648.3750,5458752.0000,1680131.0000,-4310793.5000,5145595.0000,796485.5625,8477076.0000,-5060456.5000,39379.0195,-7099965.5000,4853173.0000,-2386658.2500,-5912733.0000,-8731147.0000,6331764.0000,53734.2695,5099870.5000
0.3202,5393887.5000,5240765.0000,4543206.0000,-4814822.5000,-4633521.0000,-2696093.7500,2194793.2500,-1819360.1250,-2742881.2500,386031.7500,-178608.1250,1372290.6250,6265836.0000,3483044.2500,-3144296.5000,-2393570.2500,-5420933.0000,1600379.6250,3432535.0000,-1189855.7500,2867363.5000,-8944350.0000,-2091046.5000,2982205.5000,8888594.0000,-2843899.7500,5260968.5000,3987073.0000,7752402.0000,-1329154.8750,6582715.0000,3335238.2500,-6876.7871,-5388501.0000,-5768117.5000,4394336.5000,-4911587.5000,-1836373.7500,-3770079.2500,2478708.2500,-7108472.5000,-2319135.5000,1205876.0000,1889079.6250,2125143.7500,-4063564.2500,-1238770.0000,-654989.7500,-4821202.5000,-3975837.7500,6966585.0000,345624.3750,-4753679.5000,766711.7500,5463005.5000,1683852.7500,-4304945.0000,5149848.5000,798080.6250,8481330.0000,-5054076.5000,44164.1055,-7095712.0000,4860616.5000,-2384531.7500,-5907948.0000,-8727426.0000,6339739.0000,53734.2695,5106782.5000
0.3222,5354012.0000,5200889.0000,4508115.5000,-4859483.0000,-4673928.5000,-2730652.7500,2163956.0000,-1854982.3750,-2777440.2500,348282.7500,-211040.3594,1326034.8750,6228087.0000,3458587.0000,-3176728.7500,-2424939.0000,-5450707.0000,1580707.6250,3397976.0000,-1229731.5000,2822702.5000,-8976250.0000,-2129327.2500,2948709.7500,8858288.0000,-2872078.5000,5222156.0000,3957830.7500,7712526.5000,-1363713.7500,6550814.5000,3293767.5000,-40372.3711,-5416679.5000,-5795764.5000,4366689.5000,-4944019.5000,-1871464.3750,-3800916.2500,2444149.2500,-7145690.0000,-2348377.7500,1178760.6250,1850799.0000,2092179.8750,-4093869.7500,-1273860.6250,-686890.3125,-4855761.5000,-4014118.5000,6931494.5000,308407.0625,-4788770.5000,735874.5000,5429510.0000,1650357.1250,-4340036.0000,5119542.5000,764585.0000,8449961.0000,-5086509.0000,9605.1670,-7128144.5000,4830311.0000,-2417495.5000,-5945697.0000,-8766238.0000,6301990.0000,15453.6025,5065312.0000
0.3242,5357202.0000,5205674.0000,4521407.5000,-4844064.5000,-4668080.0000,-2723209.2500,2167677.7500,-1852324.0000,-2767870.0000,362638.0000,-202533.5312,1328693.2500,6233404.0000,3478259.0000,-3176728.7500,-2414305.5000,-5440073.5000,1599847.8750,3408077.7500,-1223883.0000,2820044.2500,-8969870.0000,-2120820.2500,2959343.2500,8873175.0000,-2858255.0000,5226409.5000,3964742.5000,7717311.5000,-1359992.1250,6560916.0000,3290045.7500,-35587.2891,-5402324.5000,-5777156.0000,4373601.5000,-4931791.0000,-1864552.5000,-3791878.0000,2448934.5000,-7143031.5000,-2337744.2500,1181950.6250,1859837.5000,2100686.7500,-4085363.0000,-1264290.3750,-675193.4375,-4848318.0000,-4003485.0000,6941596.0000,317445.5312,-4785580.0000,739596.2500,5434295.0000,1650357.1250,-4336314.0000,5122201.0000,766180.0625,8456341.0000,-5080660.5000,17048.6309,-7121764.5000,4835096.0000,-2418559.0000,-5941443.5000,-8749224.0000,6298800.0000,13326.8984,5065312.0000
0.3262,5366772.0000,5215776.0000,4535231.0000,-4824924.0000,-4656914.5000,-2713107.2500,2183096.5000,-1843817.2500,-2759363.2500,387626.7812,-190304.9844,1341985.1250,6246695.5000,3511223.0000,-3169817.0000,-2398887.0000,-5421996.5000,1618456.6250,3418179.7500,-1206869.3750,2821639.2500,-8953920.0000,-2107528.5000,2974762.0000,8893910.0000,-2849748.0000,5245018.0000,3981224.5000,7731135.0000,-1348295.2500,6573676.5000,3301742.7500,-22827.0664,-5397007.5000,-5764927.5000,4382640.0000,-4921689.5000,-1852855.6250,-3776459.2500,2462226.2500,-7138778.0000,-2315413.7500,1191520.7500,1865154.2500,2115573.5000,-4070476.0000,-1252061.8750,-666686.6250,-4841938.0000,-3993914.7500,6953293.0000,324889.0000,-4776541.5000,750761.4375,5445460.0000,1660990.6250,-4325149.0000,5131771.5000,775750.1875,8464316.0000,-5066837.0000,31935.5566,-7114852.5000,4849983.0000,-2408457.0000,-5927088.5000,-8727957.0000,6305180.0000,23960.4180,5074882.0000
0.3282,5364645.5000,5210459.5000,4530977.5000,-4824392.5000,-4661699.5000,-2718424.2500,2180969.7500,-1847538.8750,-2761490.0000,391348.5000,-191900.0156,1344111.7500,6247227.5000,3517071.5000,-3174602.0000,-2400482.0000,-5423059.5000,1612076.5000,3409672.7500,-1205806.0000,2814195.7500,-8956578.0000,-2113377.0000,2967318.5000,8897100.0000,-2860381.5000,5243955.0000,3978034.5000,7731135.0000,-1356802.0000,6570486.5000,3296957.5000,-24422.0938,-5400197.5000,-5772371.0000,4378386.5000,-4927537.5000,-1860830.8750,-3774864.2500,2454251.2500,-7146221.5000,-2313818.7500,1194710.8750,1858774.1250,2109193.5000,-4077387.7500,-1258973.6250,-677320.1875,-4848849.5000,-3999231.5000,6951166.5000,317977.2188,-4785048.5000,744913.0000,5438016.5000,1653547.2500,-4329934.0000,5128581.0000,772560.1250,8461126.0000,-5071622.0000,27682.1484,-7116447.5000,4847856.5000,-2410052.0000,-5926557.0000,-8732211.0000,6299863.5000,21833.7148,5068502.0000
0.3302,5392292.5000,5237575.0000,4561814.5000,-4790365.5000,-4635116.0000,-2688118.5000,2207553.5000,-1811385.0000,-2739691.2500,429629.1562,-165847.8906,1371227.2500,6278064.5000,3552693.7500,-3144296.5000,-2364328.0000,-5389032.5000,1637065.2500,3432003.2500,-1176032.2500,2840779.5000,-8925741.0000,-2082539.7500,2996560.7500,8935381.0000,-2827949.5000,5271602.0000,4010998.2500,7763567.0000,-1327028.1250,6604513.5000,3340555.0000,9605.1670,-5376272.0000,-5737812.0000,4408160.5000,-4896700.5000,-1829462.0000,-3741368.7500,2493063.5000,-7118574.5000,-2272879.7500,1230864.8750,1892269.7500,2139499.0000,-4047082.2500,-1224414.7500,-643292.8750,-4810037.5000,-3961482.5000,6992637.0000,351472.8125,-4758465.0000,773091.8125,5467790.5000,1677472.6250,-4303350.0000,5151975.0000,791168.8125,8487710.0000,-5043974.5000,54797.6211,-7085610.5000,4874972.0000,-2384000.0000,-5897314.5000,-8706159.0000,6324320.5000,41505.7227,5082857.0000
0.3322,5379532.5000,5224814.5000,4557029.5000,-4795150.5000,-4645749.5000,-2699283.7500,2199578.5000,-1817765.1250,-2749261.2500,426439.1250,-171164.6562,1356340.3750,6272216.0000,3552693.7500,-3151740.0000,-2370176.5000,-5382120.5000,1631748.5000,3418179.7500,-1180285.6250,2837057.7500,-8927868.0000,-2086793.1250,2992307.2500,8930596.0000,-2839114.5000,5266285.5000,4007276.7500,7759314.0000,-1332344.8750,6601323.5000,3353315.2500,10136.8428,-5394349.0000,-5742597.0000,4394868.5000,-4902017.5000,-1840627.1250,-3747217.0000,2482961.7500,-7122296.0000,-2273411.2500,1217041.2500,1885357.8750,2130460.5000,-4058779.2500,-1234516.5000,-652863.0625,-4823861.0000,-3971052.7500,6983598.5000,339244.2500,-4770161.5000,761926.6250,5459283.5000,1668434.1250,-4315578.5000,5140278.0000,777345.2500,8477608.0000,-5052481.5000,44695.7812,-7087737.0000,4865933.5000,-2389316.7500,-5897314.5000,-8708285.0000,6322725.5000,38315.6680,5076477.0000
0.3342,5369430.5000,5223751.0000,4554371.0000,-4788770.5000,-4648408.0000,-2699815.5000,2200110.0000,-1819360.1250,-2748729.7500,430160.8438,-166911.2500,1348896.8750,6274874.5000,3554820.5000,-3145891.5000,-2364859.7500,-5372019.0000,1631748.5000,3416053.0000,-1177627.2500,2833867.7500,-8929463.0000,-2086261.3750,2991775.5000,8936976.0000,-2843368.0000,5260968.5000,4003023.2500,7763567.0000,-1329686.5000,6600260.0000,3347466.7500,13858.5742,-5388501.0000,-5739938.5000,4392210.0000,-4903612.5000,-1836373.7500,-3738178.5000,2485088.5000,-7117511.0000,-2263309.5000,1209066.1250,1884826.2500,2128865.5000,-4059842.5000,-1232921.5000,-656584.8125,-4820671.0000,-3966267.5000,6990510.5000,341370.9688,-4775478.5000,755546.5000,5458752.0000,1670029.1250,-4319832.0000,5137619.5000,776813.5625,8479735.0000,-5054076.5000,44164.1055,-7088269.0000,4864338.5000,-2389316.7500,-5897846.5000,-8723172.0000,6305180.0000,26618.7969,5066375.0000
0.3362,5375279.0000,5233321.5000,4560751.5000,-4769098.5000,-4629799.0000,-2692372.0000,2208617.0000,-1807131.5000,-2740222.7500,443452.7500,-147239.2344,1363252.1250,6288698.0000,3565985.5000,-3125688.0000,-2346782.7500,-5350752.0000,1645040.3750,3438915.0000,-1166993.7500,2840248.0000,-8909791.0000,-2072969.5000,3006662.5000,8959306.0000,-2822632.5000,5271070.5000,4009935.0000,7768352.5000,-1313736.2500,6616210.5000,3357037.0000,31935.5566,-5373614.0000,-5733558.5000,4405502.0000,-4892979.0000,-1820955.1250,-3717443.2500,2512735.5000,-7106877.5000,-2243637.5000,1210661.1250,1897586.5000,2143220.7500,-4046550.7500,-1215907.8750,-649141.3125,-4807910.5000,-3949785.7500,7003802.5000,350941.1250,-4768035.0000,769370.1250,5473639.0000,1679599.3750,-4306540.0000,5150380.0000,786383.7500,8494090.0000,-5039189.5000,59051.0312,-7074445.0000,4877098.5000,-2373898.0000,-5884554.5000,-8710412.0000,6295610.0000,26618.7969,5073287.0000
0.3382,5353480.0000,5212054.5000,4539484.5000,-4776541.5000,-4640964.5000,-2717360.7500,2195856.7500,-1820423.5000,-2771060.0000,428565.8125,-157341.0781,1351023.6250,6279659.5000,3549503.7500,-3134726.5000,-2355821.2500,-5364575.5000,1628026.7500,3436788.2500,-1180817.2500,2826956.0000,-8922019.0000,-2085198.1250,3000282.5000,8942293.0000,-2831671.0000,5251398.5000,3991858.0000,7749212.0000,-1328091.5000,6602918.5000,3349593.5000,14390.2510,-5395412.5000,-5758015.5000,4384766.5000,-4911587.5000,-1835842.0000,-3732330.2500,2488810.0000,-7123359.5000,-2255334.5000,1193115.8750,1877382.7500,2122485.5000,-4067817.7500,-1232921.5000,-672535.0625,-4823861.0000,-3969457.7500,6987320.5000,327547.3750,-4788238.5000,752888.1250,5459815.5000,1668434.1250,-4323022.0000,5134961.5000,767775.0625,8481330.0000,-5058330.0000,37783.9922,-7095712.0000,4863275.0000,-2385063.2500,-5897846.5000,-8735401.0000,6280723.0000,22365.3906,5065312.0000
0.3402,5350290.0000,5210991.0000,4544269.5000,-4756869.5000,-4624482.5000,-2710980.7500,2203831.7500,-1814043.3750,-2768933.2500,429097.5000,-142985.8281,1358998.7500,6284976.5000,3551098.7500,-3128346.2500,-2347314.2500,-5353942.0000,1630153.5000,3445826.7500,-1172310.5000,2839184.5000,-8911386.0000,-2073501.2500,3003472.5000,8943356.0000,-2822632.5000,5258842.0000,4005681.5000,7761440.5000,-1319053.0000,6615147.0000,3358632.0000,18643.6582,-5390627.5000,-5753762.0000,4402843.5000,-4899359.0000,-1823613.5000,-3714253.2500,2490936.7500,-7115916.0000,-2241510.7500,1206939.3750,1884294.6250,2132055.5000,-4058779.2500,-1220693.0000,-666686.6250,-4807910.5000,-3952444.0000,7000080.5000,336585.8750,-4774415.0000,766180.0625,5474702.5000,1678004.2500,-4313452.0000,5144531.5000,776281.8750,8493558.0000,-5045570.0000,48417.5117,-7083483.5000,4871250.0000,-2373898.0000,-5891466.0000,-8742313.0000,6286040.0000,26087.1211,5073818.5000
0.3422,5348695.0000,5202484.0000,4539484.5000,-4753679.5000,-4622355.5000,-2710449.0000,2219782.0000,-1809258.2500,-2772123.5000,418995.6562,-143517.5000,1354213.6250,6277533.0000,3552693.7500,-3130473.0000,-2340402.5000,-5353410.0000,1625900.0000,3441573.5000,-1177095.5000,2840779.5000,-8907132.0000,-2075096.2500,3005599.2500,8936976.0000,-2822632.5000,5254588.5000,4013656.7500,7762504.0000,-1322243.1250,6620995.5000,3365543.7500,14390.2510,-5401261.0000,-5761737.5000,4398590.0000,-4899890.5000,-1826271.8750,-3715848.2500,2494127.0000,-7120169.5000,-2243105.7500,1214382.8750,1876851.1250,2129397.2500,-4063564.2500,-1217502.8750,-668281.6875,-4809505.5000,-3956165.7500,6994764.0000,329674.0938,-4769630.0000,768306.7500,5476829.0000,1675877.6250,-4313983.5000,5144000.0000,770433.4375,8493558.0000,-5048760.0000,44695.7812,-7080825.5000,4873908.5000,-2369113.0000,-5890403.0000,-8730084.0000,6294546.5000,27150.4727,5078072.0000
0.3442,5315731.0000,5161013.5000,4500672.0000,-4787175.5000,-4657446.5000,-2748729.7500,2190008.2500,-1838500.3750,-2814125.7500,381246.6562,-178608.1250,1315933.0000,6242442.5000,3525578.2500,-3163968.5000,-2366454.7500,-5390096.0000,1585492.6250,3400102.7500,-1212186.1250,2803562.2500,-8938501.0000,-2105933.5000,2976888.7500,8899759.0000,-2862508.2500,5217903.0000,3982819.5000,7728476.5000,-1352548.6250,6586436.5000,3329921.5000,-22295.3906,-5441668.5000,-5800018.0000,4360309.5000,-4933386.0000,-1852324.0000,-3751470.5000,2455314.5000,-7159513.5000,-2277664.7500,1202686.0000,1835912.0000,2094838.2500,-4093869.7500,-1246213.3750,-699118.8750,-4838216.0000,-3989129.7500,6960205.0000,292456.7812,-4804189.0000,733747.8125,5446523.5000,1645040.3750,-4346416.0000,5112099.5000,733216.1250,8460063.0000,-5079597.0000,10136.8428,-7109004.0000,4843071.0000,-2402077.0000,-5929215.0000,-8757731.0000,6255202.5000,3225.0557,5046703.0000
0.3462,5343378.5000,5190255.5000,4525660.5000,-4761655.0000,-4632457.5000,-2724804.2500,2216060.2500,-1810853.2500,-2794985.5000,413147.2188,-149365.9375,1344111.7500,6269026.0000,3553225.2500,-3139511.5000,-2337212.5000,-5368297.0000,1607291.3750,3430408.2500,-1192514.1250,2828019.5000,-8915107.0000,-2078818.0000,3001345.7500,8926874.0000,-2836456.2500,5238638.0000,4005681.5000,7751338.5000,-1328091.5000,6605577.0000,3351188.5000,3756.7317,-5414021.0000,-5770244.0000,4385830.0000,-4909460.5000,-1821486.7500,-3725950.0000,2475518.2500,-7136119.5000,-2247891.0000,1245220.1250,1859305.7500,2120358.7500,-4063564.2500,-1212717.8750,-667218.3125,-4804720.5000,-3957760.7500,6993169.0000,324889.0000,-4776541.5000,766180.0625,5477892.5000,1674814.2500,-4316110.5000,5138151.5000,763521.6875,8496217.0000,-5048760.0000,41505.7227,-7077103.5000,4872845.0000,-2368049.7500,-5900504.5000,-8725831.0000,6286040.0000,34062.2617,5075945.5000
0.3482,5326896.5000,5179090.5000,4516090.5000,-4765376.5000,-4638837.5000,-2733311.0000,2206490.2500,-1818828.3750,-2811467.5000,406235.4375,-160531.1406,1340921.7500,6259987.5000,3544187.0000,-3147486.5000,-2337744.2500,-5373082.0000,1600379.6250,3420306.5000,-1205274.3750,2826424.2500,-8919361.0000,-2086261.3750,2996029.0000,8925811.0000,-2840709.5000,5228004.5000,3999833.2500,7749743.5000,-1331813.2500,6598665.0000,3345340.0000,-5281.7593,-5421464.5000,-5772902.5000,4378386.5000,-4914246.0000,-1819360.1250,-3733393.5000,2461694.7500,-7148348.0000,-2253207.7500,1235118.2500,1850799.0000,2112915.2500,-4065159.2500,-1215907.8750,-668281.6875,-4807910.5000,-3960950.7500,6989447.0000,321167.2812,-4779200.0000,762990.0000,5480550.5000,1672687.5000,-4318237.0000,5135493.0000,760863.3125,8490900.0000,-5056735.0000,36720.6406,-7082952.0000,4872313.5000,-2366986.2500,-5901568.0000,-8736464.0000,6283381.5000,30872.2051,5071692.0000
0.3502,5325833.0000,5173242.0000,4511305.5000,-4763781.5000,-4643622.5000,-2731184.2500,2200110.0000,-1820423.5000,-2818911.0000,405703.7500,-168506.2812,1344111.7500,6255734.0000,3538338.5000,-3154398.5000,-2339870.7500,-5366170.5000,1601443.0000,3416053.0000,-1204742.7500,2825892.7500,-8916702.0000,-2093704.8750,2993370.5000,8927938.0000,-2839114.5000,5220029.5000,3999833.2500,7753997.0000,-1330218.2500,6593348.5000,3343213.2500,-6345.1113,-5423059.5000,-5769180.5000,4379450.0000,-4910524.0000,-1816170.0000,-3730203.5000,2464353.0000,-7153665.0000,-2255866.0000,1230333.1250,1852925.6250,2115042.0000,-4060374.2500,-1213781.2500,-666154.9375,-4808974.0000,-3963609.2500,6984662.0000,322230.6250,-4783453.5000,765116.6875,5481614.0000,1674282.6250,-4320895.5000,5132834.5000,758204.8750,8493027.0000,-5057266.5000,33530.5859,-7082420.5000,4870718.5000,-2362201.2500,-5903163.0000,-8759326.0000,6278064.5000,22897.0664,5072755.0000
0.3522,5342315.0000,5180154.0000,4529382.5000,-4739856.0000,-4619697.5000,-2709917.2500,2214465.2500,-1805004.8750,-2805619.0000,418995.6562,-154151.0312,1371759.0000,6271153.0000,3546313.5000,-3133131.2500,-2322325.5000,-5338523.0000,1626431.7500,3441573.5000,-1183475.6250,2848223.0000,-8891182.0000,-2077754.6250,3014106.0000,8949205.0000,-2813594.2500,5235980.0000,4012061.7500,7780581.0000,-1307356.1250,6611957.0000,3365012.0000,10136.8428,-5403919.5000,-5748445.5000,4405502.0000,-4885535.5000,-1790117.8750,-3705746.2500,2487746.7500,-7149411.5000,-2243637.5000,1246815.1250,1871002.6250,2134182.2500,-4040170.5000,-1194109.1250,-649141.3125,-4795682.0000,-3946064.0000,6998485.5000,333395.8125,-4760060.0000,786383.7500,5502881.0000,1689701.1250,-4302287.0000,5149316.5000,776281.8750,8511635.0000,-5041848.0000,48417.5117,-7061685.0000,4888263.5000,-2341466.0000,-5889871.0000,-8748693.0000,6286571.5000,27682.1484,5090832.0000
0.3542,5324769.5000,5151443.5000,4506520.5000,-4765908.0000,-4643091.0000,-2725336.0000,2194793.2500,-1828930.2500,-2834861.2500,397728.6250,-178608.1250,1357935.3750,6249886.0000,3517603.0000,-3151208.2500,-2344656.0000,-5355005.0000,1603569.6250,3419774.7500,-1204742.7500,2831209.5000,-8904474.0000,-2096895.0000,2991775.5000,8926874.0000,-2823164.2500,5212586.0000,3986009.5000,7766757.5000,-1323306.5000,6589626.5000,3336833.2500,-15383.6025,-5428908.0000,-5767585.5000,4388488.5000,-4904675.5000,-1802346.5000,-3723823.2500,2468074.7500,-7177058.5000,-2277664.7500,1227674.7500,1849204.0000,2113978.5000,-4064627.7500,-1216971.2500,-666154.9375,-4818544.0000,-3969989.2500,6971901.5000,313723.8125,-4783453.5000,769901.7500,5482145.5000,1667902.5000,-4326212.0000,5126454.5000,752888.1250,8493027.0000,-5062583.5000,25023.7695,-7081888.5000,4866996.5000,-2362733.0000,-5913265.0000,-8782188.0000,6247227.5000,-12725.2227,5066375.0000
0.3562,5322643.0000,5147190.0000,4502267.0000,-4769630.0000,-4646813.0000,-2731184.2500,2190008.2500,-1833715.3750,-2842836.2500,397728.6250,-179671.4688,1352618.6250,6246164.0000,3509096.2500,-3157056.7500,-2349972.7500,-5349156.5000,1607291.3750,3419243.0000,-1206869.3750,2832272.7500,-8907132.0000,-2102743.5000,2979547.0000,8925811.0000,-2819442.5000,5208864.5000,3983351.2500,7764630.5000,-1324901.5000,6581120.0000,3321414.7500,-21763.7148,-5433161.5000,-5763332.5000,4392210.0000,-4897232.0000,-1795434.6250,-3724355.0000,2469669.7500,-7182375.5000,-2284576.5000,1227143.1250,1850267.2500,2111851.7500,-4068881.0000,-1222288.0000,-667218.3125,-4819607.5000,-3970521.0000,6970838.5000,312660.4688,-4781327.0000,767243.3750,5482145.5000,1663649.0000,-4329402.5000,5123264.5000,752888.1250,8494622.0000,-5066305.0000,22897.0664,-7085610.5000,4866465.0000,-2365923.0000,-5920708.5000,-8802924.0000,6225960.5000,-29738.8535,5063185.0000
0.3582,5341783.5000,5164735.0000,4520875.5000,-4755806.5000,-4631394.0000,-2719487.5000,2207553.5000,-1815638.3750,-2822101.0000,418995.6562,-163721.1875,1370163.8750,6261051.0000,3523451.5000,-3142701.5000,-2328174.0000,-5328421.5000,1628026.7500,3436256.7500,-1190919.1250,2859920.0000,-8886397.0000,-2082539.7500,2994965.7500,8940698.0000,-2798707.2500,5228004.5000,4007808.2500,7784834.5000,-1312141.2500,6603450.5000,3328326.5000,-10598.5186,-5420933.0000,-5744723.5000,4413477.0000,-4879687.0000,-1773636.0000,-3702024.7500,2497317.0000,-7176527.0000,-2279791.5000,1223953.0000,1865685.8750,2124080.5000,-4062501.0000,-1209527.7500,-649141.3125,-4800467.0000,-3954570.7500,6988383.5000,330205.7500,-4763250.0000,784788.6875,5497032.5000,1674814.2500,-4317705.5000,5136556.5000,770433.4375,8510040.0000,-5053013.0000,32998.9102,-7074445.0000,4881883.5000,-2351567.7500,-5909543.0000,-8779530.0000,6233404.0000,-32397.2324,5072755.0000
0.3602,5310414.5000,5138683.0000,4495355.0000,-4781327.0000,-4664890.0000,-2747134.7500,2183096.5000,-1843285.5000,-2850279.7500,389753.4688,-194558.3906,1348896.8750,6233935.5000,3493146.0000,-3171412.0000,-2352099.5000,-5356068.5000,1601443.0000,3408077.7500,-1216971.2500,2834399.5000,-8917766.0000,-2111250.2500,2968381.7500,8912519.0000,-2823696.0000,5199294.0000,3982819.5000,7757187.0000,-1338193.3750,6580056.5000,3320883.0000,-39309.0195,-5456555.5000,-5781941.0000,4386893.5000,-4907865.5000,-1795434.6250,-3731798.5000,2480303.2500,-7203111.0000,-2310628.7500,1199496.0000,1838038.7500,2095901.6250,-4095464.7500,-1241428.3750,-673598.4375,-4830241.0000,-3982749.5000,6959673.0000,303090.2812,-4789833.5000,757673.2500,5472044.0000,1647698.7500,-4342694.0000,5114757.5000,750229.7500,8491432.0000,-5076407.0000,9073.4912,-7104750.5000,4856895.0000,-2373898.0000,-5936127.0000,-8787505.0000,6210010.0000,-63766.1133,5053615.0000
0.3622,5318389.5000,5155165.0000,4507583.5000,-4756869.5000,-4644154.5000,-2732779.5000,2204363.5000,-1828930.2500,-2827417.7500,408893.8125,-179671.4688,1368568.8750,6263709.5000,3504842.7500,-3159183.5000,-2332959.0000,-5334270.0000,1620583.2500,3426686.5000,-1203679.3750,2851413.0000,-8906601.0000,-2096895.0000,2986458.7500,8923152.0000,-2802960.5000,5218434.5000,3998238.2500,7768352.5000,-1324901.5000,6594943.5000,3345871.7500,-23358.7422,-5439541.5000,-5770776.0000,4404970.0000,-4891915.5000,-1781079.3750,-3714784.7500,2512203.7500,-7187692.0000,-2297336.7500,1232459.8750,1852925.6250,2111851.7500,-4080046.2500,-1225478.1250,-653926.4375,-4815354.0000,-3966267.5000,6977750.0000,322762.3125,-4774946.5000,774155.1875,5492247.5000,1664180.7500,-4324085.5000,5134429.5000,770965.1250,8513230.0000,-5058861.5000,27682.1484,-7090395.5000,4874972.0000,-2354757.7500,-5916986.5000,-8767833.0000,6233935.5000,-47815.8359,5070097.0000
0.3642,5332213.0000,5177495.5000,4523534.0000,-4736134.5000,-4620229.0000,-2710980.7500,2226694.0000,-1812448.3750,-2805619.0000,429629.1562,-161594.4844,1387177.5000,6291888.0000,3519729.7500,-3142701.5000,-2314350.5000,-5316193.0000,1628026.7500,3443700.2500,-1193045.8750,2869490.0000,-8898094.0000,-2079881.3750,3005067.5000,8938039.0000,-2788073.7500,5237575.0000,4009403.2500,7783771.0000,-1310546.2500,6617274.0000,3374582.2500,-7940.1392,-5427313.0000,-5762269.0000,4414008.5000,-4878092.0000,-1763002.5000,-3699898.0000,2524432.5000,-7173868.5000,-2287235.0000,1243093.3750,1867812.6250,2126207.0000,-4071007.7500,-1212186.1250,-639571.1875,-4801530.5000,-3950849.0000,6994232.0000,340839.2812,-4762718.0000,785852.0625,5503413.0000,1675345.8750,-4311857.0000,5142936.5000,782130.3125,8527054.0000,-5050886.5000,34062.2617,-7077635.0000,4885605.5000,-2341466.0000,-5902099.5000,-8761453.0000,6255734.0000,-32397.2324,5084452.0000
0.3662,5302439.5000,5148253.0000,4487380.0000,-4776541.5000,-4653724.5000,-2748729.7500,2201173.5000,-1839563.7500,-2833797.7500,406235.4375,-193495.0469,1360062.1250,6270089.5000,3487829.2500,-3168222.0000,-2341997.5000,-5344371.5000,1597721.2500,3418711.2500,-1223883.0000,2848754.7500,-8935311.0000,-2108591.7500,2979547.0000,8904012.0000,-2817315.7500,5209927.5000,3963679.2500,7753465.5000,-1336598.3750,6590158.5000,3347466.7500,-40372.3711,-5459745.5000,-5789916.0000,4370411.5000,-4908929.0000,-1792244.6250,-3731266.7500,2494127.0000,-7206832.5000,-2324452.2500,1201091.0000,1839633.7500,2094306.6250,-4102908.2500,-1241428.3750,-666686.6250,-4832367.5000,-3982217.7500,6963395.0000,313192.1250,-4784517.0000,762990.0000,5480550.5000,1650888.8750,-4341099.0000,5118479.5000,756078.1875,8503660.0000,-5080128.5000,5351.7593,-7106345.5000,4858490.0000,-2369113.0000,-5928152.0000,-8789632.0000,6231277.0000,-55790.9766,5054678.5000
0.3682,5316263.0000,5158355.0000,4498013.5000,-4770693.5000,-4650003.0000,-2741817.7500,2208085.2500,-1826803.6250,-2826886.0000,424312.4062,-188709.9688,1373354.0000,6288166.5000,3503247.7500,-3159715.2500,-2326579.0000,-5327358.0000,1612076.5000,3435725.0000,-1210059.5000,2865236.7500,-8929463.0000,-2095831.6250,2989648.7500,8911456.0000,-2809872.5000,5224814.5000,3966869.2500,7765162.5000,-1325964.8750,6601323.5000,3367670.5000,-29207.1777,-5447517.0000,-5773434.0000,4377323.0000,-4899359.0000,-1786927.8750,-3723823.2500,2505823.7500,-7190882.0000,-2314350.5000,1209066.1250,1855584.1250,2101750.0000,-4094401.5000,-1230263.1250,-653926.4375,-4820671.0000,-3971052.7500,6971370.0000,324357.3438,-4771225.0000,782130.3125,5495969.5000,1660990.6250,-4330465.5000,5134429.5000,767775.0625,8519610.0000,-5065242.0000,19707.0098,-7092522.0000,4871250.0000,-2354226.0000,-5913796.5000,-8798139.0000,6239252.5000,-55259.2969,5054678.5000
0.3702,5339125.0000,5172178.5000,4509710.5000,-4757933.0000,-4635647.5000,-2729057.7500,2221908.7500,-1807131.5000,-2811999.0000,447174.4688,-173823.0312,1384519.1250,6307307.0000,3517071.5000,-3142701.5000,-2308502.0000,-5305559.5000,1633343.5000,3456992.0000,-1190919.1250,2878528.5000,-8926273.0000,-2083603.0000,3001877.5000,8926343.0000,-2794985.5000,5238106.5000,3964211.0000,7774732.5000,-1317989.6250,6612489.0000,3400634.5000,-15915.2783,-5430503.0000,-5762800.5000,4385830.0000,-4888193.5000,-1772041.0000,-3715316.5000,2506355.5000,-7171210.0000,-2299995.2500,1226079.7500,1871002.6250,2111851.7500,-4088553.0000,-1214844.5000,-634254.4375,-4804720.5000,-3957229.0000,6985725.5000,346156.0312,-4757933.0000,800739.0000,5511388.0000,1675877.6250,-4314515.5000,5144531.5000,782662.0000,8539282.0000,-5051950.0000,34062.2617,-7074977.0000,4886137.0000,-2340402.5000,-5897846.5000,-8791759.0000,6254139.0000,-42499.0742,5070097.0000
0.3722,5331150.0000,5151975.0000,4487380.0000,-4786112.0000,-4661699.5000,-2756173.2500,2198515.0000,-1824676.8750,-2829012.7500,424312.4062,-189241.6406,1361657.1250,6290825.0000,3497931.0000,-3161310.2500,-2325515.5000,-5328953.0000,1608354.7500,3439446.7500,-1202616.0000,2854603.2500,-8956046.0000,-2107528.5000,2982205.5000,8906139.0000,-2807214.0000,5217903.0000,3932842.0000,7744427.0000,-1336066.6250,6589626.5000,3384684.0000,-40372.3711,-5453365.0000,-5790979.5000,4353397.5000,-4915841.0000,-1792776.2500,-3735520.2500,2487215.0000,-7187692.0000,-2321262.2500,1212256.1250,1846545.6250,2086863.1250,-4107693.5000,-1229731.5000,-651268.0625,-4827051.0000,-3980091.2500,6963395.0000,327015.7188,-4766971.5000,791700.5000,5501817.5000,1662585.7500,-4332592.5000,5130708.0000,769370.1250,8528117.0000,-5070558.5000,14390.2510,-7088269.0000,4867528.5000,-2353162.7500,-5916455.0000,-8808772.0000,6233404.0000,-61639.4102,5062121.5000
0.3742,5357202.0000,5176963.5000,4507583.5000,-4773883.5000,-4648408.0000,-2738627.7500,2212338.7500,-1811385.0000,-2810935.7500,441326.0312,-171164.6562,1379202.3750,6306775.0000,3516008.0000,-3146423.2500,-2314350.5000,-5322573.0000,1614203.1250,3464967.2500,-1186665.7500,2876402.0000,-8940628.0000,-2092109.8750,2991775.5000,8916241.0000,-2792327.0000,5233853.0000,3939753.7500,7751338.5000,-1322774.7500,6610362.0000,3388937.5000,-29207.1777,-5444326.5000,-5773966.0000,4360309.5000,-4902549.0000,-1781079.3750,-3719038.2500,2518052.2500,-7170678.5000,-2309565.2500,1226611.3750,1858774.1250,2100686.7500,-4097591.5000,-1213781.2500,-629469.3125,-4806315.5000,-3962545.7500,6980408.5000,345092.6875,-4744109.5000,806055.7500,5516173.0000,1673219.2500,-4319300.5000,5145063.0000,782662.0000,8544068.0000,-5058861.5000,25555.4453,-7069660.0000,4883478.5000,-2345187.5000,-5906885.0000,-8789632.0000,6239252.5000,-51005.8906,5081262.0000
0.3762,5350290.0000,5161013.5000,4488975.0000,-4798340.5000,-4667548.0000,-2758299.7500,2190008.2500,-1829993.6250,-2825291.0000,423249.0625,-188178.2812,1365378.8750,6290825.0000,3497399.5000,-3165032.0000,-2328705.7500,-5353410.0000,1589746.1250,3452738.5000,-1206337.7500,2871085.2500,-8953920.0000,-2108591.7500,2974230.2500,8891252.0000,-2811467.5000,5213117.5000,3913701.7500,7727413.5000,-1339788.3750,6596538.5000,3371392.2500,-53132.5938,-5470379.0000,-5796828.0000,4332662.5000,-4927537.5000,-1802878.1250,-3739242.0000,2504228.7500,-7186097.0000,-2336680.7500,1198964.2500,1831658.6250,2077824.6250,-4120453.5000,-1231326.5000,-653926.4375,-4833431.0000,-3983281.2500,6959673.0000,324357.3438,-4760060.0000,781067.0000,5493311.0000,1654078.8750,-4337377.5000,5126986.0000,762990.0000,8530776.0000,-5074280.5000,9605.1670,-7085610.5000,4863806.5000,-2361138.0000,-5918581.5000,-8806645.0000,6223833.5000,-62171.0859,5079135.5000
0.3782,5334871.5000,5136556.5000,4461859.5000,-4828646.0000,-4691473.5000,-2784883.7500,2166082.7500,-1853919.0000,-2847089.7500,392411.8438,-213698.7344,1340390.1250,6273811.0000,3476132.2500,-3189489.0000,-2348909.2500,-5381589.0000,1556782.1250,3429345.0000,-1230263.1250,2861515.0000,-8971997.0000,-2124010.5000,2946583.0000,8864668.0000,-2834329.5000,5186534.0000,3887649.5000,7702424.5000,-1358397.0000,6583778.5000,3361290.2500,-81843.0938,-5506533.0000,-5831918.5000,4303420.0000,-4953058.0000,-1828930.2500,-3755724.0000,2486683.5000,-7210022.5000,-2361138.0000,1164937.0000,1800289.7500,2052304.1250,-4144910.7500,-1253656.8750,-681573.5625,-4856293.0000,-4004548.2500,6936811.0000,303090.2812,-4788770.5000,751824.8125,5466727.0000,1628558.3750,-4362898.0000,5102529.0000,733747.8125,8507914.0000,-5099269.0000,-15915.2783,-7107409.0000,4841476.0000,-2385595.0000,-5941975.5000,-8823127.0000,6206288.5000,-71209.5781,5071692.0000
0.3802,5377405.5000,5182280.5000,4498545.0000,-4796213.5000,-4651066.0000,-2743944.5000,2211275.2500,-1814043.3750,-2810404.0000,430692.5312,-178076.4375,1377607.3750,6312092.0000,3513349.7500,-3153335.0000,-2311160.2500,-5346498.5000,1586024.3750,3468157.2500,-1197830.8750,2903517.2500,-8933716.0000,-2086261.3750,2984332.0000,8896569.0000,-2801897.2500,5223219.5000,3933373.7500,7738578.5000,-1320648.0000,6632161.0000,3413394.5000,-50474.2148,-5477822.5000,-5798954.5000,4346486.0000,-4909992.5000,-1790117.8750,-3710531.5000,2527622.5000,-7170147.0000,-2325515.5000,1190457.5000,1831658.6250,2089521.5000,-4111415.0000,-1213249.5000,-652331.3750,-4814290.5000,-3966267.5000,6974028.5000,345624.3750,-4749426.5000,790637.1250,5503413.0000,1663117.3750,-4324085.5000,5142405.0000,767775.0625,8548853.0000,-5061520.0000,20238.6855,-7071255.0000,4878693.5000,-2347846.0000,-5902631.5000,-8778998.0000,6254671.0000,-28675.5020,5108909.0000
0.3822,5376874.0000,5181217.0000,4489506.5000,-4798872.0000,-4657446.5000,-2738096.2500,2201173.5000,-1817233.3750,-2813062.5000,421122.3438,-186051.5781,1363252.1250,6307307.0000,3497399.5000,-3165563.5000,-2315945.5000,-5349688.5000,1576985.8750,3468157.2500,-1202084.3750,2902985.7500,-8938501.0000,-2092109.8750,2982205.5000,8889657.0000,-2811999.0000,5223751.0000,3941348.7500,7733793.5000,-1319584.7500,6630034.0000,3415521.2500,-57386.0039,-5487924.0000,-5809588.0000,4342764.0000,-4914777.5000,-1796498.0000,-3717443.2500,2503697.0000,-7173868.5000,-2331364.0000,1180355.6250,1823683.5000,2081014.6250,-4120985.2500,-1222288.0000,-666686.6250,-4817481.0000,-3972116.0000,6966053.5000,338712.5938,-4751553.0000,786915.3750,5501817.5000,1660990.6250,-4323554.0000,5143468.0000,766711.7500,8552043.0000,-5062583.5000,18643.6582,-7073913.5000,4875503.5000,-2340402.5000,-5895188.0000,-8774213.0000,6267963.0000,-28675.5020,5111036.0000
0.3842,5367303.5000,5170583.5000,4484190.0000,-4802062.0000,-4669143.0000,-2743413.0000,2187881.5000,-1822550.1250,-2811467.5000,419527.3125,-192963.3750,1357403.7500,6295610.0000,3479854.0000,-3176728.7500,-2319135.5000,-5358727.0000,1566352.3750,3461245.5000,-1206869.3750,2883313.7500,-8950730.0000,-2101680.0000,2973698.5000,8886999.0000,-2821569.2500,5219498.0000,3934968.7500,7716248.0000,-1325964.8750,6624185.5000,3407014.5000,-65361.1406,-5486861.0000,-5814905.0000,4336384.0000,-4916904.0000,-1797561.3750,-3724886.7500,2494127.0000,-7184502.0000,-2338807.5000,1160683.6250,1817303.3750,2077292.8750,-4124707.0000,-1234516.5000,-675725.1250,-4820671.0000,-3979027.7500,6959673.0000,333927.5000,-4758465.0000,780535.3125,5493842.5000,1654078.8750,-4330465.5000,5138151.5000,754483.1875,8546194.0000,-5076938.5000,4820.0835,-7081888.5000,4871250.0000,-2349972.7500,-5904226.5000,-8785378.0000,6255734.0000,-43562.4297,5097212.5000
0.3862,5392292.5000,5186002.0000,4500140.0000,-4780263.5000,-4644686.0000,-2729589.2500,2194793.2500,-1803409.8750,-2793390.5000,439199.3438,-167974.5938,1382924.1250,6312092.0000,3488361.0000,-3158651.7500,-2297336.7500,-5350220.0000,1575922.5000,3479854.0000,-1187729.1250,2883313.7500,-8939564.0000,-2082008.0000,2994965.7500,8904012.0000,-2799770.5000,5240233.0000,3954109.0000,7732198.5000,-1305229.5000,6645984.5000,3432535.0000,-47284.1602,-5462935.5000,-5787789.5000,4359778.0000,-4896700.5000,-1778952.7500,-3706278.0000,2515394.0000,-7170678.5000,-2317540.5000,1174507.1250,1839102.1250,2100155.0000,-4103440.0000,-1215376.2500,-659243.1875,-4802594.0000,-3958292.5000,6981472.0000,354131.1875,-4744641.0000,793827.1875,5511388.0000,1671092.5000,-4312920.5000,5153570.0000,770965.1250,8570120.0000,-5054608.5000,26618.7969,-7068065.0000,4886137.0000,-2330832.2500,-5883491.0000,-8762516.0000,6275938.0000,-22295.3906,5112631.0000
0.3882,5380064.0000,5154101.5000,4467708.0000,-4813759.0000,-4674460.0000,-2760426.5000,2156512.7500,-1828398.6250,-2816252.5000,416337.2812,-186583.2656,1362188.7500,6280723.0000,3441041.7500,-3185767.2500,-2318072.2500,-5378399.0000,1556782.1250,3451143.5000,-1214312.8750,2846096.2500,-8969870.0000,-2109123.5000,2967318.5000,8877428.0000,-2825822.7500,5221093.0000,3929652.0000,7702956.0000,-1329154.8750,6622059.0000,3403824.5000,-72804.6016,-5483139.0000,-5792043.0000,4335852.5000,-4919031.0000,-1807663.2500,-3734456.7500,2487746.7500,-7202047.5000,-2346251.0000,1146860.0000,1817303.3750,2075166.2500,-4127365.5000,-1244086.7500,-687953.6875,-4831304.5000,-3982749.5000,6955420.0000,327015.7188,-4768035.0000,768306.7500,5487994.0000,1644508.7500,-4338972.5000,5131239.5000,743318.0000,8548321.0000,-5079597.0000,2161.7039,-7102624.0000,4856895.0000,-2354757.7500,-5906885.0000,-8791227.0000,6248291.0000,-39840.6953,5074350.5000
0.3902,5399204.5000,5165798.5000,4482063.5000,-4799935.5000,-4661168.0000,-2743944.5000,2167677.7500,-1812980.0000,-2798707.2500,436009.2812,-163721.1875,1376544.0000,6297205.0000,3450080.2500,-3168222.0000,-2298400.2500,-5367233.5000,1578049.2500,3463903.7500,-1197299.2500,2857793.2500,-8954983.0000,-2089983.1250,2984863.7500,8890720.0000,-2811999.0000,5246613.5000,3945070.5000,7719438.0000,-1312141.2500,6640136.0000,3393722.5000,-62702.7617,-5467720.5000,-5745255.5000,4356587.5000,-4897764.0000,-1796498.0000,-3720101.5000,2503697.0000,-7187692.0000,-2329769.0000,1177165.5000,1840697.1250,2099623.2500,-4105035.0000,-1224946.3750,-668281.6875,-4811100.5000,-3962545.7500,6978282.0000,345092.6875,-4748363.0000,785852.0625,5501286.0000,1660990.6250,-4321959.0000,5146126.5000,755546.5000,8564803.0000,-5065773.5000,14390.2510,-7089332.0000,4872845.0000,-2344656.0000,-5895188.0000,-8793354.0000,6252544.0000,-29207.1777,5073287.0000
0.3922,5402926.0000,5170583.5000,4482595.0000,-4797809.0000,-4656914.5000,-2739159.5000,2175653.0000,-1808726.6250,-2794985.5000,446111.1250,-154151.0312,1381860.7500,6301458.5000,3456992.0000,-3160778.5000,-2284576.5000,-5360322.0000,1589214.3750,3464967.2500,-1195172.5000,2864173.2500,-8943286.0000,-2078818.0000,3000282.5000,8892847.0000,-2796048.7500,5259905.0000,3957830.7500,7729540.0000,-1305229.5000,6653959.5000,3407014.5000,-65361.1406,-5468784.0000,-5717608.0000,4364031.0000,-4892979.0000,-1791713.0000,-3721696.7500,2508482.2500,-7186629.0000,-2324984.0000,1182482.3750,1846545.6250,2106003.5000,-4098123.2500,-1224946.3750,-663496.5625,-4811100.5000,-3963077.5000,6976155.0000,346156.0312,-4737729.5000,789573.8125,5510856.0000,1669497.5000,-4315047.0000,5151443.5000,759268.2500,8569056.0000,-5064710.0000,18111.9824,-7086142.0000,4879225.0000,-2336680.7500,-5887744.5000,-8785910.0000,6262114.5000,-15383.6025,5075945.5000
0.3942,5369962.0000,5136556.5000,4456543.0000,-4830241.0000,-4685093.5000,-2769465.0000,2139499.0000,-1835842.0000,-2819442.5000,416868.9375,-182861.5312,1351023.6250,6264241.0000,3423496.5000,-3187362.2500,-2310628.7500,-5387437.5000,1563162.2500,3432003.2500,-1231326.5000,2821639.2500,-8974123.0000,-2106996.7500,2975293.5000,8864668.0000,-2813594.2500,5232258.0000,3930183.5000,7701361.0000,-1332344.8750,6627907.5000,3390532.5000,-94071.6406,-5492177.5000,-5734622.0000,4340106.0000,-4921157.5000,-1824145.1250,-3753065.5000,2485620.0000,-7214807.5000,-2354757.7500,1149518.3750,1818366.7500,2075697.8750,-4128428.7500,-1257378.6250,-692207.0625,-4846191.5000,-3989129.7500,6942128.0000,317445.5312,-4769630.0000,759799.9375,5478424.0000,1641318.6250,-4344821.0000,5121138.0000,728431.0625,8536624.0000,-5096610.5000,-17510.3066,-7115384.0000,4850514.5000,-2367518.0000,-5917518.5000,-8808772.0000,6248291.0000,-42499.0742,5049361.5000
0.3962,5389102.5000,5157823.5000,4483658.5000,-4798340.5000,-4662231.5000,-2752983.0000,2155981.0000,-1811916.6250,-2788605.2500,442921.0625,-159999.4688,1379202.3750,6280191.5000,3442105.0000,-3169285.2500,-2286171.5000,-5360853.5000,1585492.6250,3451675.2500,-1218566.2500,2834399.5000,-8954983.0000,-2087324.7500,2996029.0000,8883277.0000,-2785415.2500,5250335.0000,3946665.5000,7726881.5000,-1312141.2500,6651301.0000,3409672.7500,-74931.3125,-5458150.5000,-5712291.5000,4365094.5000,-4897764.0000,-1806599.8750,-3734456.7500,2520179.0000,-7196199.0000,-2328174.0000,1176102.2500,1839633.7500,2099091.7500,-4106630.0000,-1235579.8750,-663496.5625,-4822797.5000,-3967331.0000,6959141.5000,339244.2500,-4757401.5000,777876.9375,5494906.0000,1659927.3750,-4325149.0000,5140278.0000,748634.7500,8561081.0000,-5073217.0000,8541.8154,-7098370.5000,4870718.5000,-2345187.5000,-5893061.0000,-8779530.0000,6272748.0000,-18573.6582,5080730.5000
0.3982,5404521.0000,5167925.0000,4493228.5000,-4784517.0000,-4652129.5000,-2747134.7500,2166614.5000,-1805004.8750,-2770528.5000,451959.5625,-147770.9219,1385050.8750,6289761.5000,3451143.5000,-3167158.7500,-2279791.5000,-5355005.0000,1597721.2500,3456992.0000,-1215376.2500,2843438.0000,-8948071.0000,-2082539.7500,3004004.0000,8892315.0000,-2779566.7500,5248208.5000,3947197.2500,7744427.0000,-1302571.1250,6660339.5000,3417116.2500,-69614.5469,-5448048.5000,-5723988.5000,4369879.5000,-4888193.5000,-1807131.5000,-3731798.5000,2522305.7500,-7197794.0000,-2322325.5000,1178228.8750,1849735.6250,2106535.0000,-4105566.7500,-1231858.1250,-661369.8750,-4821202.5000,-3966799.2500,6958610.0000,339775.9375,-4757933.0000,777876.9375,5493842.5000,1660990.6250,-4322490.5000,5141341.5000,750761.4375,8571183.0000,-5070558.5000,13326.8984,-7093585.5000,4873377.0000,-2333490.7500,-5880832.5000,-8755605.0000,6289230.0000,-7408.4634,5103061.0000
0.4002,5388571.0000,5154101.5000,4476746.5000,-4806315.5000,-4673396.5000,-2769465.0000,2143220.7500,-1831588.6250,-2790200.5000,439731.0000,-168506.2812,1360593.7500,6272216.0000,3430408.2500,-3190552.5000,-2302653.5000,-5386374.0000,1575922.5000,3424559.7500,-1237706.6250,2823766.0000,-8971465.0000,-2110186.7500,2969976.7500,8869985.0000,-2809872.5000,5212586.0000,3912106.7500,7730071.5000,-1322243.1250,6643326.0000,3388937.5000,-95666.6719,-5470910.5000,-5761737.5000,4349144.5000,-4909992.5000,-1831057.0000,-3752002.2500,2486683.5000,-7224909.5000,-2347314.2500,1158556.8750,1828468.6250,2085268.1250,-4125238.7500,-1256315.2500,-681573.5625,-4843001.0000,-3989129.7500,6932557.5000,319040.5625,-4782390.0000,750761.4375,5468322.0000,1638128.6250,-4345884.0000,5117947.5000,730557.7500,8549916.0000,-5093420.5000,-9003.4912,-7114852.5000,4852641.5000,-2354226.0000,-5899441.5000,-8773150.0000,6269026.0000,-33460.5859,5087110.5000
0.4022,5410369.5000,5185470.5000,4502798.5000,-4786112.0000,-4645218.0000,-2745008.0000,2166082.7500,-1808726.6250,-2768401.7500,465251.4688,-148834.2656,1377075.7500,6290825.0000,3456992.0000,-3166095.2500,-2278196.5000,-5368297.0000,1595062.8750,3442636.7500,-1216439.6250,2843969.7500,-8951793.0000,-2087856.5000,2991244.0000,8891784.0000,-2794453.7500,5228004.5000,3932842.0000,7764099.0000,-1293532.6250,6672568.0000,3397444.2500,-76526.3359,-5438478.5000,-5751635.5000,4374664.5000,-4878623.5000,-1811385.0000,-3722228.2500,2503165.2500,-7205237.5000,-2329237.2500,1180887.2500,1851330.6250,2114510.2500,-4101845.0000,-1230263.1250,-653926.4375,-4821734.0000,-3968394.2500,6955420.0000,339244.2500,-4758465.0000,775750.1875,5491184.0000,1660990.6250,-4322490.5000,5139214.5000,755546.5000,8578626.0000,-5073748.5000,10136.8428,-7091459.0000,4876035.0000,-2331895.7500,-5879769.5000,-8748161.0000,6299331.5000,-13256.8984,5116884.5000
0.4042,5399736.0000,5170583.5000,4495887.0000,-4806315.5000,-4654256.5000,-2762021.5000,2152259.2500,-1822018.5000,-2796580.5000,449832.8438,-162657.8438,1357403.7500,6280723.0000,3445295.2500,-3178323.7500,-2288298.2500,-5393286.0000,1575922.5000,3421901.5000,-1230794.8750,2831209.5000,-8961895.0000,-2102743.5000,2975825.2500,8873175.0000,-2812530.7500,5207269.5000,3912638.2500,7751338.5000,-1304166.1250,6673631.5000,3375645.5000,-89286.5625,-5452833.5000,-5769180.5000,4356587.5000,-4889257.0000,-1820423.5000,-3720101.5000,2498912.0000,-7222251.0000,-2352099.5000,1158025.2500,1846545.6250,2104940.0000,-4109820.0000,-1235048.2500,-660838.1875,-4833431.0000,-3976901.0000,6949039.5000,328610.7500,-4768035.0000,763521.6875,5483209.0000,1651420.5000,-4332592.5000,5131239.5000,748103.0625,8567993.0000,-5085977.0000,-2623.3796,-7097839.0000,4864338.5000,-2343592.5000,-5891998.0000,-8756136.0000,6286571.5000,-19637.0098,5116884.5000
0.4062,5396546.0000,5159950.0000,4488443.5000,-4821734.0000,-4660104.5000,-2766275.0000,2143220.7500,-1827866.8750,-2810935.7500,439199.3438,-166379.5781,1348365.2500,6273279.5000,3442636.7500,-3178855.5000,-2288830.0000,-5407641.0000,1557845.5000,3404887.7500,-1232921.5000,2820576.0000,-8968275.0000,-2110186.7500,2968381.7500,8858820.0000,-2822632.5000,5192382.5000,3909980.0000,7744427.0000,-1307887.8750,6674695.0000,3361290.2500,-96730.0234,-5457618.5000,-5781941.0000,4351271.0000,-4888193.5000,-1822550.1250,-3706809.7500,2511672.2500,-7227036.0000,-2366454.7500,1147391.7500,1847077.2500,2106535.0000,-4108756.7500,-1233984.8750,-664559.9375,-4833962.5000,-3980622.7500,6947976.5000,328079.0625,-4772820.0000,758204.8750,5480019.0000,1643977.0000,-4338972.5000,5121669.5000,743318.0000,8571183.0000,-5091294.0000,-5281.7593,-7101560.5000,4859021.5000,-2347314.2500,-5894656.5000,-8768896.0000,6277001.5000,-22827.0664,5114757.5000
0.4082,5408774.5000,5165798.5000,4493228.5000,-4815886.0000,-4652661.0000,-2749793.0000,2157576.0000,-1819891.7500,-2804555.7500,445579.4375,-161062.8125,1356872.0000,6282849.5000,3460713.7500,-3170348.7500,-2271816.2500,-5399666.0000,1551997.1250,3408609.5000,-1225478.1250,2832272.7500,-8959236.0000,-2100616.7500,2973167.0000,8867858.0000,-2809872.5000,5198762.5000,3915828.2500,7752933.5000,-1294064.2500,6693303.5000,3360227.0000,-89818.2344,-5444858.5000,-5777687.5000,4359778.0000,-4876497.0000,-1807663.2500,-3689796.0000,2534534.2500,-7216402.5000,-2362733.0000,1145265.0000,1865685.8750,2116637.0000,-4101313.2500,-1219629.6250,-651268.0625,-4818012.5000,-3964141.0000,6964458.5000,342966.0000,-4756338.0000,768838.4375,5493311.0000,1653015.5000,-4328339.0000,5131239.5000,756078.1875,8584475.0000,-5076407.0000,9073.4912,-7091990.5000,4871781.5000,-2337212.5000,-5884554.5000,-8763048.0000,6293483.0000,-10066.8428,5136556.5000
0.4102,5382190.5000,5149316.5000,4472493.0000,-4837153.0000,-4675523.5000,-2767870.0000,2145879.2500,-1837437.1250,-2829544.5000,412083.8750,-178608.1250,1343580.1250,6261582.5000,3450080.2500,-3182045.5000,-2289361.7500,-5419869.5000,1531261.7500,3386279.2500,-1241960.0000,2820044.2500,-8977313.0000,-2116035.2500,2959875.0000,8848718.0000,-2825291.0000,5175900.5000,3896156.2500,7741237.0000,-1299381.0000,6685860.0000,3334175.0000,-102046.7812,-5471974.0000,-5805334.5000,4345422.5000,-4888193.5000,-1820955.1250,-3698303.0000,2508482.2500,-7238201.5000,-2383468.2500,1116554.5000,1855584.1250,2100686.7500,-4115668.5000,-1233984.8750,-664028.2500,-4832899.5000,-3981154.5000,6948508.0000,324357.3438,-4775478.5000,752888.1250,5478424.0000,1635470.2500,-4345352.5000,5113162.5000,736937.8750,8573841.0000,-5091825.5000,-8471.8154,-7104750.5000,4855831.5000,-2351036.0000,-5897314.5000,-8760390.0000,6288698.0000,-22827.0664,5131771.5000
0.4122,5381659.0000,5158355.0000,4482595.0000,-4837153.0000,-4667548.0000,-2762553.2500,2165019.5000,-1828398.6250,-2833266.2500,406767.0938,-166379.5781,1352618.6250,6275406.0000,3469752.2500,-3158651.7500,-2277133.0000,-5413489.5000,1530198.3750,3404356.0000,-1229731.5000,2822171.0000,-8964022.0000,-2100085.0000,2977952.0000,8856161.0000,-2825291.0000,5186534.0000,3904663.2500,7756124.0000,-1282899.1250,6708722.0000,3343745.0000,-90881.5859,-5469847.0000,-5804271.5000,4357651.0000,-4873307.0000,-1804473.1250,-3684479.2500,2512735.5000,-7230758.0000,-2380810.0000,1118681.2500,1870471.0000,2112915.2500,-4099186.5000,-1218034.6250,-645951.2500,-4822797.5000,-3971584.2500,6959141.5000,336585.8750,-4765908.0000,761926.6250,5487994.0000,1641850.3750,-4337377.5000,5121669.5000,747039.6875,8588197.0000,-5076407.0000,4820.0835,-7091459.0000,4864870.0000,-2337212.5000,-5880832.5000,-8747629.0000,6308370.0000,-11661.8711,5153570.0000
0.4142,5399204.5000,5180685.5000,4505457.0000,-4814822.5000,-4644686.0000,-2734374.5000,2190008.2500,-1803409.8750,-2818911.0000,418995.6562,-142985.8281,1387709.2500,6295610.0000,3486234.2500,-3133663.0000,-2254802.7500,-5399666.0000,1537110.1250,3430940.0000,-1201021.0000,2844501.2500,-8941159.0000,-2079349.6250,3008789.2500,8872643.0000,-2813594.2500,5210459.5000,3925398.5000,7775796.0000,-1252061.8750,6732647.5000,3364480.5000,-71741.2500,-5456555.5000,-5782472.5000,4383171.5000,-4845128.0000,-1778421.0000,-3667997.5000,2536129.2500,-7204706.0000,-2364328.0000,1134631.5000,1893864.7500,2136840.7500,-4078451.2500,-1195172.5000,-625215.9375,-4801530.5000,-3947127.2500,6977750.0000,359979.6250,-4748363.0000,782130.3125,5509261.0000,1660990.6250,-4318237.0000,5138151.5000,768838.4375,8611590.0000,-5053545.0000,27682.1484,-7069128.5000,4888263.5000,-2313287.0000,-5854249.0000,-8726894.0000,6342397.5000,20238.6855,5182812.0000
0.4162,5382722.5000,5149848.5000,4473025.0000,-4841938.0000,-4671270.0000,-2757236.5000,2162892.7500,-1826803.6250,-2856660.0000,382841.6875,-168506.2812,1366973.8750,6266367.5000,3443700.2500,-3163437.0000,-2280854.7500,-5436351.5000,1503082.8750,3402761.0000,-1226009.7500,2824829.2500,-8973060.0000,-2108060.2500,2987522.2500,8840743.0000,-2846026.2500,5181749.0000,3900941.5000,7747617.0000,-1268543.8750,6710849.0000,3351188.5000,-101515.1094,-5491114.0000,-5807461.5000,4357119.5000,-4866395.0000,-1802346.5000,-3693517.7500,2498912.0000,-7232353.0000,-2397291.7500,1100072.5000,1865154.2500,2110788.5000,-4097591.5000,-1219629.6250,-653394.7500,-4830772.5000,-3979559.5000,6945849.5000,327015.7188,-4782922.0000,756609.8750,5482677.5000,1632280.1250,-4345352.5000,5107846.0000,742786.3125,8588197.0000,-5080660.5000,-2623.3796,-7097307.5000,4860616.5000,-2334022.5000,-5878174.5000,-8757731.0000,6310497.0000,5351.7593,5156228.5000
0.4182,5408774.5000,5180154.0000,4506520.5000,-4809505.5000,-4643091.0000,-2723209.2500,2186818.2500,-1799688.1250,-2834329.5000,416337.2812,-137669.0781,1392494.3750,6294546.5000,3459650.5000,-3142701.5000,-2256929.5000,-5406046.0000,1520096.5000,3432535.0000,-1190387.5000,2857261.5000,-8950198.0000,-2081476.3750,3018891.0000,8866263.0000,-2825822.7500,5208332.5000,3931778.7500,7776327.5000,-1233453.2500,6743813.0000,3384152.5000,-75994.6641,-5462935.5000,-5776092.5000,4387425.0000,-4830772.5000,-1763002.5000,-3664275.7500,2518584.0000,-7208959.0000,-2373366.5000,1131441.3750,1895459.7500,2140562.5000,-4063564.2500,-1187197.3750,-625215.9375,-4802594.0000,-3955634.0000,6969243.5000,352004.4688,-4758465.0000,777345.2500,5506603.0000,1658864.0000,-4323022.0000,5130176.0000,767243.3750,8615312.0000,-5056735.0000,22365.3906,-7068597.0000,4887200.5000,-2309565.2500,-5849995.5000,-8730616.0000,6325915.5000,32467.2324,5179622.0000
0.4202,5415686.0000,5189724.0000,4511305.5000,-4806847.5000,-4643622.5000,-2722145.7500,2185223.2500,-1795434.6250,-2827949.5000,431224.1875,-124908.8516,1399406.1250,6298268.5000,3461777.0000,-3146955.0000,-2248422.5000,-5400197.5000,1526476.6250,3437851.7500,-1178158.8750,2868958.5000,-8941691.0000,-2074564.5000,3024207.7500,8867858.0000,-2827417.7500,5210991.0000,3935500.5000,7779517.5000,-1218566.2500,6750193.0000,3383089.0000,-76526.3359,-5469847.0000,-5767054.0000,4395932.0000,-4821734.0000,-1750773.8750,-3664807.2500,2509545.5000,-7213212.5000,-2373898.0000,1145796.6250,1902371.5000,2143220.7500,-4057715.7500,-1181880.6250,-627342.6250,-4801530.5000,-3951380.7500,6972965.0000,355726.2188,-4758465.0000,773091.8125,5501817.5000,1655142.2500,-4321959.0000,5125923.0000,766180.0625,8617970.0000,-5053545.0000,23428.7422,-7066470.0000,4887732.0000,-2307438.5000,-5847869.0000,-8729552.0000,6323257.0000,32467.2324,5180154.0000
0.4222,5381127.5000,5163672.0000,4482063.5000,-4843533.0000,-4678713.5000,-2760426.5000,2158107.7500,-1825740.2500,-2861445.0000,409425.4688,-147770.9219,1373354.0000,6272216.0000,3427218.2500,-3184172.2500,-2270753.0000,-5427313.0000,1504678.0000,3408077.7500,-1202084.3750,2845564.7500,-8967743.0000,-2101148.2500,2999750.7500,8837021.0000,-2855064.7500,5181749.0000,3920613.5000,7744958.5000,-1234516.5000,6723609.0000,3350656.7500,-111616.9531,-5508128.0000,-5783536.0000,4371474.5000,-4843533.0000,-1774699.3750,-3693517.7500,2474986.5000,-7240328.0000,-2405798.7500,1128251.3750,1871534.3750,2117700.2500,-4083768.0000,-1214844.5000,-658711.5000,-4832367.5000,-3983813.0000,6945849.5000,322230.6250,-4787707.0000,745976.3750,5473107.0000,1625368.3750,-4349606.0000,5099870.5000,734279.5000,8589260.0000,-5080660.5000,-1560.0278,-7095180.5000,4860616.5000,-2334022.5000,-5871262.5000,-8768896.0000,6299331.5000,2693.3796,5153038.5000
0.4242,5400799.5000,5204079.0000,4517154.0000,-4810037.5000,-4651066.0000,-2725867.5000,2187881.5000,-1793308.0000,-2833797.7500,439199.3438,-111085.2734,1409508.0000,6304648.5000,3459650.5000,-3153866.7500,-2229282.2500,-5396476.0000,1549338.7500,3447953.5000,-1163272.0000,2883845.2500,-8925209.0000,-2063399.3750,3038031.5000,8869453.0000,-2825822.7500,5230663.0000,3963679.2500,7779517.5000,-1187729.1250,6766675.0000,3386810.7500,-79716.3906,-5477290.5000,-5738875.0000,4411882.0000,-4802594.0000,-1729506.8750,-3655237.2500,2511140.5000,-7207364.0000,-2371771.5000,1170785.5000,1907688.2500,2155449.2500,-4044424.0000,-1180817.2500,-622025.8750,-4799935.5000,-3944468.7500,6982535.5000,355726.2188,-4754211.5000,777345.2500,5505539.5000,1659927.3750,-4317173.5000,5127518.0000,759799.9375,8621161.0000,-5048760.0000,29808.8535,-7055305.0000,4896770.5000,-2306375.2500,-5843615.5000,-8758795.0000,6330700.5000,26087.1211,5177495.5000
0.4262,5375810.5000,5193977.5000,4501203.5000,-4829177.5000,-4670206.5000,-2743944.5000,2168209.5000,-1809789.8750,-2857191.5000,412083.8750,-135010.6875,1387177.5000,6281786.5000,3436788.2500,-3180982.2500,-2240979.2500,-5416148.0000,1544022.0000,3434130.0000,-1177627.2500,2860451.5000,-8937438.0000,-2079349.6250,3025271.2500,8854566.0000,-2832734.5000,5230663.0000,3957830.7500,7765694.0000,-1197299.2500,6751788.0000,3375645.5000,-100983.4297,-5489519.0000,-5742065.5000,4400717.0000,-4813227.5000,-1739077.0000,-3675972.5000,2487746.7500,-7222783.0000,-2391443.5000,1158025.2500,1889079.6250,2141625.7500,-4059311.0000,-1205806.0000,-641166.1875,-4819607.5000,-3964141.0000,6964458.5000,337649.2188,-4774415.0000,761394.9375,5489589.0000,1641318.6250,-4335250.5000,5108377.5000,737469.5625,8604679.0000,-5063646.5000,14390.2510,-7068597.0000,4880288.5000,-2321793.7500,-5855844.0000,-8776872.0000,6316877.0000,11200.1953,5155696.5000
0.4282,5358265.0000,5187065.5000,4479936.5000,-4855230.0000,-4697853.5000,-2764148.2500,2144284.0000,-1829993.6250,-2872610.2500,403577.0312,-155214.3750,1361657.1250,6256266.0000,3408077.7500,-3203312.5000,-2265436.2500,-5423591.5000,1534451.7500,3422964.7500,-1197299.2500,2823234.2500,-8951261.0000,-2098490.0000,3000814.0000,8839679.0000,-2834329.5000,5220029.5000,3939753.7500,7735388.5000,-1219629.6250,6727331.0000,3351188.5000,-121718.7891,-5503343.0000,-5750572.0000,4378918.0000,-4838216.0000,-1763534.1250,-3708404.7500,2465416.5000,-7240860.0000,-2409520.5000,1139416.5000,1870471.0000,2119827.0000,-4080046.2500,-1237174.8750,-664028.2500,-4845128.0000,-3982217.7500,6946381.5000,317445.5312,-4794087.0000,738001.2500,5468322.0000,1617924.8750,-4357581.0000,5086579.0000,709822.3750,8580753.0000,-5083850.5000,-5281.7593,-7082952.0000,4859553.0000,-2343061.0000,-5876047.5000,-8786973.0000,6295078.0000,-4218.4077,5128049.5000
0.4302,5393356.0000,5227473.0000,4510774.0000,-4831304.5000,-4664890.0000,-2734906.0000,2167677.7500,-1800751.5000,-2840709.5000,462061.4062,-123845.5000,1383987.5000,6282849.5000,3436788.2500,-3176197.2500,-2233004.0000,-5384247.5000,1580175.8750,3458587.0000,-1168057.0000,2847159.7500,-8916171.0000,-2067121.1250,3028993.0000,8873707.0000,-2790200.5000,5260968.5000,3973249.5000,7758250.5000,-1196767.6250,6750193.0000,3380430.7500,-90349.9141,-5458682.0000,-5710164.5000,4409223.5000,-4807910.5000,-1736418.6250,-3685011.0000,2521774.0000,-7206832.5000,-2375493.2500,1163873.6250,1903966.6250,2151727.5000,-4052399.0000,-1214844.5000,-628406.0000,-4814290.5000,-3948190.5000,6980940.0000,347751.0625,-4768035.0000,763521.6875,5495969.5000,1643977.0000,-4330465.5000,5109441.0000,728962.7500,8604679.0000,-5054076.5000,23960.4180,-7053710.0000,4888795.5000,-2315945.5000,-5844678.5000,-8743908.0000,6323257.0000,19175.3340,5151443.5000
0.4322,5365177.0000,5206206.0000,4488975.0000,-4860015.0000,-4689347.0000,-2767338.2500,2150664.2500,-1820955.1250,-2861976.7500,454086.2500,-138200.7500,1362188.7500,6261051.0000,3425091.5000,-3192147.5000,-2254271.0000,-5399666.0000,1571137.3750,3439978.5000,-1187729.1250,2834399.5000,-8931058.0000,-2085729.7500,3005599.2500,8852440.0000,-2801365.5000,5241828.0000,3962084.2500,7731666.5000,-1217502.8750,6726799.0000,3360227.0000,-108958.5703,-5481012.5000,-5726115.0000,4390083.5000,-4831304.5000,-1763534.1250,-3712658.2500,2513799.0000,-7227568.0000,-2390380.0000,1137821.5000,1884826.2500,2130992.2500,-4074197.7500,-1249935.1250,-647546.3125,-4836089.5000,-3969457.7500,6959141.5000,324889.0000,-4789302.0000,745976.3750,5478424.0000,1624305.0000,-4352264.5000,5083920.5000,700783.8750,8583943.0000,-5074280.5000,4288.4077,-7075508.5000,4868591.5000,-2333490.7500,-5859034.0000,-8749756.0000,6290293.0000,-12193.5469,5121669.5000
0.4342,5357202.0000,5209396.0000,4492165.0000,-4855230.0000,-4684030.0000,-2765211.5000,2149600.7500,-1818828.3750,-2867293.5000,459934.6875,-139264.0938,1367505.5000,6259456.0000,3433066.5000,-3179918.7500,-2252676.0000,-5394349.0000,1577517.5000,3446358.5000,-1177627.2500,2848223.0000,-8926804.0000,-2081476.3750,3006130.7500,8851908.0000,-2797112.2500,5243423.0000,3965274.2500,7727945.0000,-1221224.6250,6722014.0000,3364480.5000,-106300.1875,-5474100.5000,-5721330.0000,4395400.0000,-4828646.0000,-1765660.8750,-3716911.5000,2519647.2500,-7217997.5000,-2380810.0000,1139416.5000,1890143.0000,2136840.7500,-4074729.5000,-1245150.1250,-639571.1875,-4833962.5000,-3965204.2500,6967648.5000,329674.0938,-4785048.5000,752888.1250,5477892.5000,1622710.0000,-4354922.5000,5081793.5000,691745.4375,8581817.0000,-5076407.0000,5351.7593,-7077103.5000,4866465.0000,-2332427.5000,-5860629.0000,-8738591.0000,6267431.0000,-23358.7422,5108909.0000
0.4362,5390697.5000,5243423.0000,4517685.5000,-4828646.0000,-4653193.0000,-2734374.5000,2183096.5000,-1796498.0000,-2836987.7500,490240.2188,-110553.5938,1396216.0000,6283913.0000,3464967.2500,-3135258.0000,-2228219.0000,-5375740.5000,1608354.7500,3478790.7500,-1147853.3750,2879592.0000,-8900752.0000,-2052234.1250,3031651.2500,8873175.0000,-2771591.7500,5273728.5000,3997174.7500,7761972.0000,-1198894.2500,6737964.5000,3386279.2500,-78653.0391,-5441668.5000,-5686239.5000,4428364.0000,-4797809.0000,-1742798.7500,-3698303.0000,2536661.0000,-7192477.5000,-2344656.0000,1168127.0000,1913536.7500,2165019.5000,-4049209.0000,-1215907.8750,-611924.0000,-4810037.5000,-3938620.5000,7001144.0000,353599.5000,-4760591.5000,780003.6250,5503944.5000,1647167.1250,-4330465.5000,5102529.0000,713012.4375,8602552.0000,-5051950.0000,28745.5020,-7045734.5000,4887732.0000,-2314350.5000,-5839893.5000,-8701374.0000,6266367.5000,-10598.5186,5122201.0000
0.4382,5369430.5000,5221624.5000,4492165.0000,-4855230.0000,-4678713.5000,-2761490.0000,2158639.2500,-1828398.6250,-2861445.0000,462061.4062,-139795.7812,1366973.8750,6252012.5000,3450080.2500,-3152271.7500,-2255334.5000,-5409768.0000,1584429.3750,3447953.5000,-1163803.6250,2854071.5000,-8925209.0000,-2078286.2500,2996560.7500,8841274.0000,-2801897.2500,5251930.0000,3978034.5000,7743895.0000,-1235048.2500,6691177.0000,3383620.7500,-110553.5938,-5462935.5000,-5705911.5000,4401248.5000,-4825456.0000,-1780547.7500,-3733925.2500,2510608.7500,-7221719.5000,-2364328.0000,1146860.0000,1874724.3750,2136840.7500,-4076856.2500,-1243555.0000,-642761.2500,-4847786.5000,-3969457.7500,6969243.5000,322230.6250,-4791428.5000,749698.0625,5475234.0000,1619520.0000,-4359708.0000,5072223.5000,676858.5000,8575436.0000,-5075343.5000,2161.7039,-7072318.5000,4860085.0000,-2344124.2500,-5864350.5000,-8731679.0000,6225960.5000,-47815.8359,5088174.0000
0.4402,5383254.0000,5247676.5000,4512900.5000,-4843001.0000,-4662231.5000,-2743944.5000,2169273.0000,-1812980.0000,-2844431.2500,481201.7500,-120655.4375,1386114.2500,6266367.5000,3486766.0000,-3131536.2500,-2242574.2500,-5402856.0000,1600911.2500,3460182.0000,-1140941.6250,2876933.5000,-8908727.0000,-2065526.1250,3006130.7500,8853503.0000,-2785415.2500,5273197.0000,3997174.7500,7771010.5000,-1228668.1250,6690645.0000,3416053.0000,-94071.6406,-5429971.5000,-5680922.5000,4419325.5000,-4804720.5000,-1766192.5000,-3722228.2500,2543041.0000,-7202579.0000,-2339339.2500,1172912.1250,1892801.3750,2155981.0000,-4056652.5000,-1224946.3750,-629469.3125,-4829709.5000,-3955102.5000,6990510.5000,339775.9375,-4777073.5000,764053.3125,5490121.0000,1634406.8750,-4348011.0000,5083920.5000,689618.6875,8587665.0000,-5058861.5000,18643.6582,-7063280.0000,4874440.0000,-2330832.2500,-5853717.0000,-8724236.0000,6228619.0000,-40904.0469,5089237.0000
0.4422,5392824.0000,5260968.5000,4530446.0000,-4833962.5000,-4651066.0000,-2729589.2500,2185754.7500,-1803941.5000,-2833266.2500,489176.8750,-116933.7109,1393026.0000,6281254.5000,3516539.7500,-3113991.0000,-2229814.0000,-5402856.0000,1606759.7500,3469752.2500,-1129776.3750,2888630.5000,-8891182.0000,-2053297.5000,3010916.0000,8865200.0000,-2776376.7500,5282767.0000,4009403.2500,7792277.5000,-1226009.7500,6690113.5000,3428281.5000,-80248.0703,-5405514.5000,-5676669.0000,4427832.5000,-4796745.5000,-1761939.1250,-3719570.0000,2552611.2500,-7191414.0000,-2319135.5000,1183014.0000,1898118.1250,2163424.5000,-4049209.0000,-1214844.5000,-625747.5625,-4823329.0000,-3950317.2500,6995295.5000,346687.7188,-4765376.5000,773623.5000,5500222.5000,1643445.3750,-4337377.5000,5096680.5000,698125.5000,8600425.0000,-5046101.5000,34062.2617,-7056900.0000,4884542.0000,-2319667.2500,-5835108.5000,-8720514.0000,6242442.5000,-26017.1211,5093490.5000
0.4442,5389102.5000,5243423.0000,4514495.5000,-4848318.0000,-4669143.0000,-2743944.5000,2176184.7500,-1820955.1250,-2845494.7500,466314.8125,-141922.4844,1373354.0000,6271153.0000,3515476.5000,-3129941.2500,-2245764.2500,-5430503.0000,1591341.1250,3441041.7500,-1143068.2500,2874806.7500,-8895967.0000,-2074564.5000,2989117.2500,8844464.0000,-2800302.2500,5264690.5000,3995579.7500,7788024.5000,-1248340.1250,6657149.5000,3394786.0000,-93008.2891,-5410299.5000,-5699531.0000,4409223.5000,-4814290.5000,-1787991.2500,-3749875.5000,2504760.5000,-7200452.5000,-2327110.7500,1166532.0000,1882167.8750,2145347.5000,-4063564.2500,-1239301.6250,-649673.0000,-4839811.0000,-3966799.2500,6979345.0000,328610.7500,-4778137.0000,759799.9375,5485867.5000,1627495.1250,-4354922.5000,5079667.0000,679516.8750,8588197.0000,-5058861.5000,19707.0098,-7078698.5000,4867528.5000,-2333490.7500,-5849464.0000,-8759858.0000,6218517.0000,-41435.7227,5077008.5000
0.4462,5409306.0000,5260437.0000,4527787.5000,-4825456.0000,-4649471.0000,-2727994.2500,2197451.7500,-1809258.2500,-2832734.5000,480670.0625,-129693.9297,1393557.6250,6290825.0000,3539401.7500,-3118776.0000,-2236194.0000,-5426249.5000,1605164.7500,3451143.5000,-1126054.6250,2892883.7500,-8872042.0000,-2061272.6250,2997624.0000,8852440.0000,-2796048.7500,5274260.5000,4014188.5000,7820988.0000,-1239833.3750,6657681.0000,3394786.0000,-76526.3359,-5389564.0000,-5694214.5000,4425174.0000,-4799404.0000,-1783206.1250,-3746685.5000,2508482.2500,-7182907.0000,-2301058.5000,1176102.2500,1894396.3750,2159171.0000,-4052399.0000,-1231326.5000,-642761.2500,-4828646.0000,-3954570.7500,6994232.0000,342966.0000,-4770693.5000,773091.8125,5500754.5000,1637065.2500,-4344289.0000,5091364.0000,691745.4375,8602552.0000,-5043974.5000,32998.9102,-7070192.0000,4881883.5000,-2323389.0000,-5835640.0000,-8754010.0000,6237657.0000,-35055.6133,5092959.0000
0.4482,5406116.0000,5269475.5000,4527787.5000,-4822266.0000,-4645749.5000,-2725336.0000,2202768.5000,-1812980.0000,-2842836.2500,470036.5312,-131288.9531,1393557.6250,6289230.0000,3536743.5000,-3123561.2500,-2233535.7500,-5425186.5000,1609418.1250,3451143.5000,-1129244.7500,2891288.7500,-8863535.0000,-2060209.2500,2998687.2500,8850845.0000,-2798175.5000,5270538.5000,4018973.5000,7826305.0000,-1241960.0000,6646516.0000,3385215.7500,-72804.6016,-5401261.0000,-5706974.5000,4419857.0000,-4800467.0000,-1794371.3750,-3762104.0000,2508482.2500,-7180780.5000,-2296273.5000,1173443.8750,1884826.2500,2153854.2500,-4054525.7500,-1244618.3750,-649673.0000,-4838216.0000,-3962014.2500,6986257.0000,335522.5312,-4785580.0000,762990.0000,5491184.0000,1632280.1250,-4350137.5000,5085515.5000,695467.1250,8612122.0000,-5044506.5000,30872.2051,-7077103.5000,4877630.0000,-2317540.5000,-5829260.0000,-8773150.0000,6247227.5000,-46220.8086,5091364.0000
0.4502,5397077.5000,5267348.5000,4524597.5000,-4820671.0000,-4653193.0000,-2729589.2500,2193198.2500,-1822550.1250,-2858786.5000,453022.9062,-135010.6875,1388240.8750,6280723.0000,3533553.2500,-3134726.5000,-2244700.7500,-5438478.5000,1596657.8750,3437320.0000,-1138814.8750,2874806.7500,-8876827.0000,-2074032.8750,2989117.2500,8841274.0000,-2800302.2500,5255120.0000,4007808.2500,7818330.0000,-1255251.8750,6626844.0000,3373519.0000,-74931.3125,-5411363.0000,-5714950.0000,4412413.5000,-4812164.0000,-1811385.0000,-3774864.2500,2482961.7500,-7184502.0000,-2298400.2500,1177697.2500,1877914.5000,2146410.7500,-4059842.5000,-1253125.2500,-665091.6250,-4847786.5000,-3973711.0000,6974560.0000,321167.2812,-4798340.5000,749698.0625,5482145.5000,1624305.0000,-4362898.0000,5073818.5000,689618.6875,8609464.0000,-5052481.5000,22365.3906,-7087737.0000,4868060.0000,-2324984.0000,-5835108.5000,-8798139.0000,6243505.5000,-66956.1719,5078603.5000
0.4522,5405052.5000,5281704.0000,4549054.5000,-4789302.0000,-4634584.5000,-2709917.2500,2218187.0000,-1803409.8750,-2852406.5000,459403.0312,-116402.0312,1409508.0000,6300926.5000,3548440.2500,-3120371.2500,-2223433.7500,-5423591.5000,1610481.5000,3452738.5000,-1124459.6250,2884377.0000,-8866193.0000,-2060741.0000,3005067.5000,8858288.0000,-2778503.5000,5273728.5000,4024822.0000,7839597.0000,-1245681.7500,6639604.5000,3389469.2500,-48879.1875,-5383184.0000,-5695809.5000,4427300.5000,-4795682.0000,-1796498.0000,-3761040.7500,2498380.2500,-7163767.0000,-2275006.5000,1194710.8750,1887484.6250,2158639.2500,-4042829.0000,-1241428.3750,-647546.3125,-4832367.5000,-3956165.7500,6987852.0000,338712.5938,-4778137.0000,767243.3750,5500222.5000,1640787.0000,-4343226.0000,5090832.0000,706632.3125,8632857.0000,-5032809.5000,39910.6953,-7073913.5000,4885073.5000,-2307438.5000,-5814373.0000,-8785910.0000,6262114.5000,-64829.4648,5083389.0000
0.4542,5387507.5000,5265753.5000,4544269.5000,-4797277.0000,-4644154.5000,-2718955.7500,2213933.7500,-1815106.7500,-2872610.2500,446642.8125,-125440.5234,1410571.2500,6296141.5000,3536211.7500,-3136853.0000,-2233004.0000,-5436351.5000,1596657.8750,3442105.0000,-1136688.1250,2873743.5000,-8882675.0000,-2077754.6250,2991775.5000,8853503.0000,-2777971.7500,5267880.5000,4012593.5000,7832153.5000,-1257910.2500,6628970.5000,3385215.7500,-52600.9180,-5385842.5000,-5705911.5000,4409755.5000,-4811100.5000,-1803409.8750,-3766357.5000,2485088.5000,-7167488.5000,-2276069.7500,1186204.0000,1877382.7500,2148537.5000,-4049740.7500,-1245150.1250,-656053.1250,-4839279.5000,-3967331.0000,6980408.5000,329142.4062,-4788770.5000,761926.6250,5493842.5000,1631748.5000,-4355986.0000,5081262.0000,701315.5625,8626477.0000,-5037063.0000,32467.2324,-7087205.5000,4876035.0000,-2316477.0000,-5819690.0000,-8793885.0000,6245100.5000,-82374.7734,5064780.0000
0.4562,5367835.5000,5247676.5000,4533636.0000,-4810037.5000,-4657446.5000,-2739159.5000,2193198.2500,-1827335.2500,-2893345.5000,428034.1250,-136605.7188,1406317.8750,6281254.5000,3509628.0000,-3161842.0000,-2247359.2500,-5453365.0000,1578580.8750,3426686.5000,-1154765.1250,2858856.5000,-8910854.0000,-2099553.2500,2967318.5000,8843401.0000,-2796580.5000,5255120.0000,3984946.2500,7817798.0000,-1277582.2500,6612489.0000,3371392.2500,-55259.2969,-5399666.0000,-5718140.0000,4388488.5000,-4829709.5000,-1817233.3750,-3775396.0000,2471796.5000,-7171742.0000,-2288298.2500,1170785.5000,1865154.2500,2132587.2500,-4065159.2500,-1256847.0000,-665091.6250,-4850444.5000,-3979027.7500,6972965.0000,319040.5625,-4800467.0000,746508.0625,5482145.5000,1619520.0000,-4363961.0000,5075945.5000,694935.4375,8619566.0000,-5043974.5000,25023.7695,-7101560.5000,4864338.5000,-2328705.7500,-5831387.0000,-8806645.0000,6214795.0000,-116402.0312,5039259.5000
0.4582,5400267.5000,5275855.5000,4555434.5000,-4780263.5000,-4633521.0000,-2723209.2500,2213933.7500,-1805004.8750,-2880585.2500,453022.9062,-114807.0078,1433965.0000,6296673.5000,3521324.7500,-3150145.0000,-2227155.5000,-5426249.5000,1596126.2500,3448485.2500,-1138283.2500,2879592.0000,-8891714.0000,-2082539.7500,2981673.7500,8864136.0000,-2773186.7500,5279045.5000,4001960.0000,7831621.5000,-1267480.5000,6636946.0000,3392127.5000,-28675.5020,-5382120.5000,-5690492.5000,4400185.0000,-4817481.0000,-1799156.3750,-3747748.7500,2514862.2500,-7142499.5000,-2264904.5000,1184609.0000,1885357.8750,2149600.7500,-4050272.5000,-1234516.5000,-639039.5000,-4823329.0000,-3955102.5000,6996359.0000,340839.2812,-4773351.5000,766711.7500,5507134.5000,1643445.3750,-4339504.0000,5103061.0000,720987.5625,8646681.0000,-5022176.0000,45759.1328,-7080825.5000,4890922.0000,-2306375.2500,-5809588.0000,-8764643.0000,6220643.5000,-104705.1641,5053083.0000
0.4602,5376342.0000,5240233.0000,4527787.5000,-4800999.0000,-4657978.0000,-2748198.0000,2184691.5000,-1827335.2500,-2912485.7500,429097.5000,-136074.0469,1405786.2500,6264241.0000,3482512.5000,-3182577.2500,-2251612.7500,-5446985.0000,1568479.0000,3424028.0000,-1164867.0000,2843969.7500,-8925209.0000,-2118693.7500,2947646.5000,8842869.0000,-2802960.5000,5248740.0000,3971654.2500,7794404.5000,-1302571.1250,6611425.5000,3353847.0000,-47815.8359,-5411894.5000,-5717076.5000,4366158.0000,-4857356.5000,-1831588.6250,-3775396.0000,2498912.0000,-7161640.0000,-2288298.2500,1154835.1250,1852925.6250,2116637.0000,-4082704.5000,-1262695.3750,-658179.8125,-4847254.5000,-3980622.7500,6970306.5000,315318.8438,-4796213.5000,741722.9375,5481614.0000,1621115.0000,-4358644.5000,5083920.5000,701847.2500,8631794.0000,-5041848.0000,22897.0664,-7101029.0000,4868591.5000,-2328174.0000,-5828197.0000,-8767833.0000,6183958.0000,-122782.1406,5021714.5000
0.4622,5375279.0000,5239170.0000,4526192.5000,-4795682.0000,-4658509.5000,-2745008.0000,2192135.0000,-1823613.5000,-2911422.5000,434945.9375,-136605.7188,1402064.5000,6253607.5000,3473474.0000,-3194274.0000,-2249486.0000,-5431035.0000,1570074.1250,3426154.7500,-1171778.7500,2842906.2500,-8929994.0000,-2124010.5000,2943924.7500,8849250.0000,-2800834.0000,5245018.0000,3966869.2500,7782707.5000,-1310546.2500,6606108.5000,3335238.2500,-42499.0742,-5412958.0000,-5725051.5000,4361904.5000,-4869053.5000,-1835842.0000,-3779649.2500,2501038.7500,-7148348.0000,-2286703.2500,1161747.0000,1842292.1250,2108661.7500,-4085894.7500,-1266948.7500,-653394.7500,-4841938.0000,-3976901.0000,6972433.5000,321167.2812,-4786112.0000,750229.7500,5486931.0000,1622178.3750,-4352796.0000,5096149.0000,714075.8125,8645618.0000,-5031746.0000,30872.2051,-7089864.0000,4877630.0000,-2318603.7500,-5820221.5000,-8746034.0000,6178641.0000,-111616.9531,5018524.5000
0.4642,5390697.5000,5257247.0000,4548523.0000,-4764845.0000,-4635116.0000,-2719487.5000,2217123.7500,-1795434.6250,-2885902.0000,459403.0312,-117465.3828,1433433.3750,6270089.5000,3487829.2500,-3176197.2500,-2221307.0000,-5390627.5000,1593467.8750,3452738.5000,-1144131.6250,2863641.7500,-8906069.0000,-2104870.0000,2967318.5000,8886999.0000,-2769996.7500,5266285.5000,3991326.2500,7794936.0000,-1295659.2500,6625780.5000,3360227.0000,-13256.8984,-5378399.0000,-5705911.5000,4375728.0000,-4855761.5000,-1819891.7500,-3759977.2500,2531875.7500,-7109536.0000,-2259056.0000,1194710.8750,1863559.2500,2126207.0000,-4070476.0000,-1241428.3750,-629469.3125,-4816417.5000,-3955102.5000,6997422.0000,342966.0000,-4757401.5000,776281.8750,5512983.0000,1646103.7500,-4324085.5000,5126986.0000,746508.0625,8673265.0000,-5011011.0000,55860.9766,-7055836.5000,4906340.5000,-2286703.2500,-5788321.0000,-8704032.0000,6206820.0000,-81311.4219,5051488.0000
0.4662,5343378.5000,5214181.0000,4510774.0000,-4809505.5000,-4672333.0000,-2755109.7500,2175653.0000,-1835842.0000,-2925777.7500,416868.9375,-159999.4688,1391431.0000,6233404.0000,3448485.2500,-3212882.7500,-2261182.7500,-5421464.5000,1557313.8750,3410204.5000,-1185602.3750,2817917.5000,-8953920.0000,-2152721.0000,2928506.2500,8859883.0000,-2796048.7500,5225878.0000,3950919.0000,7740705.0000,-1342446.7500,6579525.0000,3318224.5000,-51537.5664,-5410831.0000,-5753230.5000,4326814.0000,-4909460.5000,-1868806.0000,-3804638.0000,2477645.0000,-7139309.5000,-2304248.5000,1152708.5000,1817835.1250,2078356.2500,-4114605.2500,-1285025.7500,-672535.0625,-4852571.5000,-3993383.0000,6955420.0000,304685.3125,-4797277.0000,739596.2500,5477360.5000,1612076.5000,-4357049.5000,5095617.5000,716202.5000,8640833.0000,-5048228.0000,14390.2510,-7086673.5000,4872845.0000,-2315945.5000,-5820221.5000,-8757731.0000,6163754.5000,-107895.2188,5020651.0000
0.4682,5354012.0000,5223751.0000,4515559.0000,-4801530.5000,-4662231.5000,-2743413.0000,2183096.5000,-1831057.0000,-2920992.7500,431224.1875,-156809.4062,1396216.0000,6244037.5000,3460713.7500,-3209161.0000,-2257992.7500,-5399666.0000,1567415.7500,3419774.7500,-1178690.6250,2815790.7500,-8951261.0000,-2151657.5000,2930101.2500,8875833.0000,-2779035.2500,5229068.0000,3961020.7500,7739110.0000,-1346700.1250,6581120.0000,3335770.0000,-43030.7539,-5402856.0000,-5749508.5000,4328409.0000,-4913182.5000,-1869337.6250,-3804106.5000,2462226.2500,-7121232.5000,-2301058.5000,1159088.6250,1825810.2500,2081014.6250,-4111946.7500,-1282367.3750,-668813.3750,-4839811.0000,-3981686.2500,6966585.0000,315850.5000,-4786112.0000,749166.4375,5490652.5000,1625900.0000,-4345352.5000,5112099.5000,729494.3750,8653061.0000,-5039721.5000,22365.3906,-7075508.5000,4886137.0000,-2302653.5000,-5811183.0000,-8780062.0000,6159501.0000,-93008.2891,5035006.0000
0.4702,5373152.0000,5235980.0000,4521939.0000,-4790897.0000,-4657978.0000,-2735969.5000,2196920.0000,-1824676.8750,-2911422.5000,438667.6562,-151492.6406,1396747.7500,6254671.0000,3464967.2500,-3203844.2500,-2252144.2500,-5383184.0000,1580707.6250,3427218.2500,-1174437.1250,2820576.0000,-8949135.0000,-2148999.2500,2929569.5000,8898695.0000,-2753514.7500,5236511.5000,3965806.0000,7743895.0000,-1350953.6250,6584841.5000,3360227.0000,-26548.7969,-5395412.5000,-5729305.0000,4335852.5000,-4907334.0000,-1856045.7500,-3788687.7500,2481366.7500,-7104750.5000,-2294678.5000,1164405.3750,1827405.2500,2085268.1250,-4106098.2500,-1274923.8750,-661369.8750,-4834494.5000,-3973179.5000,6969243.5000,318508.9062,-4778668.5000,756078.1875,5497032.5000,1637065.2500,-4327807.0000,5126986.0000,742786.3125,8664758.0000,-5028024.5000,32467.2324,-7064875.0000,4896770.5000,-2289361.7500,-5798423.0000,-8773682.0000,6160564.0000,-83438.1250,5049893.0000
0.4722,5343910.0000,5214181.0000,4496950.0000,-4810037.5000,-4680840.0000,-2755641.5000,2169273.0000,-1849134.0000,-2934284.5000,421122.3438,-172759.6875,1370695.6250,6234467.0000,3440510.0000,-3224048.0000,-2276069.7500,-5393817.5000,1562099.0000,3407546.2500,-1202084.3750,2795055.5000,-8974655.0000,-2177709.7500,2906175.7500,8885403.0000,-2761490.0000,5215776.0000,3929120.2500,7716248.0000,-1378069.1250,6557726.0000,3352783.5000,-44625.7812,-5417211.5000,-5746318.5000,4306078.5000,-4941893.0000,-1877312.7500,-3809423.2500,2445744.2500,-7120169.5000,-2319135.5000,1148986.7500,1799226.3750,2060811.0000,-4125770.2500,-1291405.8750,-682636.9375,-4854698.0000,-3999231.5000,6943191.0000,292988.4375,-4800467.0000,737469.5625,5477892.5000,1618456.6250,-4347479.0000,5113694.5000,723114.3125,8645618.0000,-5051418.0000,11200.1953,-7088269.0000,4879225.0000,-2310628.7500,-5820753.5000,-8784847.0000,6130790.5000,-101515.1094,5032879.5000
0.4742,5370494.0000,5256183.5000,4535231.0000,-4770693.5000,-4639901.0000,-2719487.5000,2203300.2500,-1815106.7500,-2892813.7500,462593.0625,-139795.7812,1407912.8750,6271153.0000,3472410.7500,-3180982.2500,-2239384.0000,-5334801.5000,1604633.0000,3449548.5000,-1175500.5000,2833867.7500,-8942754.0000,-2141555.7500,2948178.2500,8934318.0000,-2708854.0000,5253525.0000,3960489.2500,7747617.0000,-1349358.5000,6592817.0000,3391596.0000,3756.7317,-5384247.5000,-5708569.5000,4341701.0000,-4907334.0000,-1840627.1250,-3772205.7500,2496785.2500,-7067533.5000,-2287766.5000,1184609.0000,1830595.2500,2092179.8750,-4095464.7500,-1257378.6250,-651799.6875,-4817481.0000,-3958292.5000,6977750.0000,328610.7500,-4758996.5000,778408.5625,5519894.5000,1654610.5000,-4303882.0000,5154633.5000,762458.3125,8683898.0000,-5010479.0000,48417.5117,-7044671.5000,4923354.5000,-2273943.0000,-5784599.5000,-8741781.0000,6171729.5000,-58449.3555,5067438.5000
0.4762,5358797.0000,5251398.5000,4523534.0000,-4776541.5000,-4653193.0000,-2728526.0000,2199046.7500,-1826271.8750,-2897599.0000,455149.6250,-141390.7969,1401001.1250,6263709.5000,3465498.7500,-3182577.2500,-2247891.0000,-5321509.5000,1598784.6250,3447953.5000,-1187197.3750,2832272.7500,-8949135.0000,-2148999.2500,2943393.0000,8936444.0000,-2714702.5000,5243955.0000,3944538.7500,7736452.0000,-1362118.7500,6579525.0000,3401697.7500,-4218.4077,-5404982.5000,-5730368.5000,4329472.5000,-4925411.0000,-1853387.3750,-3784434.5000,2475518.2500,-7067533.5000,-2301058.5000,1161747.0000,1815176.7500,2078888.0000,-4106630.0000,-1261632.0000,-659774.8750,-4830772.5000,-3973179.5000,6964990.0000,316913.8750,-4764845.0000,776813.5625,5514578.0000,1650357.1250,-4306540.0000,5155696.5000,756078.1875,8675391.0000,-5019517.5000,37252.3164,-7047329.5000,4919101.0000,-2278728.0000,-5790448.0000,-8740718.0000,6176514.5000,-57386.0039,5059995.0000
0.4782,5339125.0000,5234384.5000,4503862.0000,-4796745.5000,-4677118.5000,-2749793.0000,2188945.0000,-1849665.6250,-2917271.0000,438135.9688,-149365.9375,1381329.1250,6245100.5000,3442105.0000,-3191084.0000,-2264904.5000,-5331611.5000,1577517.5000,3428281.5000,-1209527.7500,2815259.2500,-8967743.0000,-2166544.5000,2930101.2500,8925279.0000,-2739691.2500,5228536.5000,3919550.0000,7714653.0000,-1383385.8750,6558258.0000,3387874.2500,-21232.0371,-5435820.0000,-5759079.0000,4303420.0000,-4947741.5000,-1871464.3750,-3804106.5000,2453719.5000,-7083483.5000,-2325515.5000,1130378.1250,1796036.3750,2057620.8750,-4127897.0000,-1272797.2500,-681041.8750,-4850444.5000,-3997104.7500,6936811.0000,294583.4688,-4784517.0000,755546.5000,5496501.0000,1634406.8750,-4320364.0000,5145063.0000,741722.9375,8655719.0000,-5037594.5000,19175.3340,-7062748.5000,4901555.5000,-2294146.7500,-5808525.0000,-8751883.0000,6158969.0000,-65361.1406,5040854.5000
0.4802,5371557.0000,5261500.0000,4535231.0000,-4760591.5000,-4644154.5000,-2708322.2500,2228289.0000,-1816701.7500,-2887497.0000,475353.3125,-114275.3281,1411634.6250,6280191.5000,3478259.0000,-3148550.0000,-2226624.0000,-5295989.0000,1611013.1250,3459118.7500,-1181349.0000,2846096.2500,-8931589.0000,-2131454.0000,2962533.5000,8957711.0000,-2712575.7500,5262032.0000,3951450.7500,7744427.0000,-1358397.0000,6588563.5000,3400102.7500,9605.1670,-5412958.0000,-5726115.0000,4334789.0000,-4915309.0000,-1841690.5000,-3774332.5000,2471264.7500,-7053178.0000,-2301058.5000,1152176.7500,1824215.1250,2086331.3750,-4099186.5000,-1240896.6250,-654989.7500,-4819076.0000,-3965736.0000,6966585.0000,322762.3125,-4754743.0000,783725.3750,5528401.5000,1660459.0000,-4287931.5000,5177495.5000,772560.1250,8688152.0000,-5011011.0000,44164.1055,-7029252.5000,4935051.0000,-2270753.0000,-5781409.5000,-8706159.0000,6187148.0000,-34523.9375,5070097.0000
0.4822,5351353.5000,5230131.5000,4512900.5000,-4781327.0000,-4663826.5000,-2720550.7500,2214465.2500,-1833715.3750,-2908232.5000,458871.3438,-130757.2812,1395152.7500,6262114.5000,3458055.5000,-3158120.2500,-2240979.2500,-5310876.0000,1588682.7500,3434661.7500,-1200489.2500,2826424.2500,-8948603.0000,-2148999.2500,2949773.2500,8942824.0000,-2729057.7500,5246081.5000,3934968.7500,7729008.5000,-1379664.1250,6573145.0000,3378304.0000,-7940.1392,-5439541.5000,-5743128.5000,4314053.5000,-4936576.0000,-1862957.5000,-3797194.7500,2451061.2500,-7077103.5000,-2322325.5000,1133568.1250,1805074.8750,2063469.3750,-4119390.2500,-1263227.0000,-678383.5000,-4838748.0000,-3993383.0000,6937874.5000,301495.2500,-4775478.5000,764585.0000,5509261.0000,1641850.3750,-4306540.0000,5163140.0000,758204.8750,8671138.0000,-5032809.5000,22897.0664,-7046798.0000,4916442.5000,-2286171.5000,-5796828.0000,-8724767.0000,6171729.5000,-43030.7539,5060526.5000
0.4842,5361455.5000,5232258.0000,4528850.5000,-4764313.0000,-4646813.0000,-2700878.7500,2221908.7500,-1822018.5000,-2900789.0000,470036.5312,-123845.5000,1407912.8750,6281254.5000,3465498.7500,-3143233.2500,-2230345.5000,-5299179.0000,1607291.3750,3443700.2500,-1190919.1250,2834399.5000,-8931058.0000,-2139429.0000,2957748.2500,8951331.0000,-2720019.2500,5256183.5000,3942943.7500,7736452.0000,-1366372.2500,6585373.5000,3386279.2500,4820.0835,-5433161.5000,-5734090.0000,4324155.5000,-4926474.5000,-1852855.6250,-3780712.7500,2498912.0000,-7075508.5000,-2315945.5000,1146328.3750,1814113.3750,2075166.2500,-4109820.0000,-1250466.8750,-669345.0000,-4819076.0000,-3973711.0000,6955420.0000,321698.9375,-4760591.5000,775750.1875,5520958.0000,1651952.1250,-4293248.5000,5177495.5000,774686.8750,8684430.0000,-5024834.5000,32467.2324,-7037228.0000,4926544.5000,-2279791.5000,-5789916.0000,-8733274.0000,6172261.0000,-36650.6406,5075413.5000
0.4862,5384317.5000,5249803.5000,4547991.0000,-4737197.5000,-4615444.0000,-2671636.7500,2234669.0000,-1799688.1250,-2877927.0000,489176.8750,-105768.5156,1437686.7500,6307838.5000,3486766.0000,-3117181.0000,-2204825.2500,-5273127.0000,1630685.1250,3464435.5000,-1171778.7500,2848754.7500,-8901815.0000,-2111781.7500,2973698.5000,8977915.0000,-2710980.7500,5271070.5000,3959425.7500,7760909.0000,-1348826.8750,6607703.5000,3396381.0000,25555.4453,-5414553.0000,-5719735.0000,4345422.5000,-4904675.5000,-1833715.3750,-3752533.7500,2533471.0000,-7062748.5000,-2296273.5000,1171317.1250,1834848.7500,2094306.6250,-4090148.0000,-1227604.7500,-649673.0000,-4796745.5000,-3951380.7500,6974028.5000,344029.3438,-4738261.0000,794358.8750,5541693.5000,1671092.5000,-4271981.5000,5199826.0000,800739.0000,8707824.0000,-5002504.0000,51075.8906,-7016492.5000,4947279.5000,-2264904.5000,-5769712.5000,-8716792.0000,6186084.5000,-21232.0371,5096680.5000
0.4882,5352948.5000,5214712.5000,4518749.0000,-4756869.5000,-4635647.5000,-2697688.7500,2202768.5000,-1826803.6250,-2915676.0000,439199.3438,-138732.4219,1411103.0000,6283913.0000,3458055.5000,-3147486.5000,-2234067.2500,-5300774.0000,1604101.3750,3429876.5000,-1198362.6250,2817917.5000,-8925209.0000,-2142619.0000,2942861.5000,8951863.0000,-2752983.0000,5233321.5000,3932842.0000,7730071.5000,-1377537.3750,6579525.0000,3376709.0000,-4218.4077,-5448048.5000,-5749508.5000,4312990.5000,-4936044.5000,-1864552.5000,-3782839.5000,2486151.7500,-7097839.0000,-2329769.0000,1142606.6250,1801884.7500,2063469.3750,-4116200.2500,-1257378.6250,-677851.8125,-4830241.0000,-3984344.5000,6946381.5000,312660.4688,-4768035.0000,762990.0000,5512983.0000,1638660.2500,-4301223.5000,5170052.0000,770965.1250,8680708.0000,-5034404.5000,19707.0098,-7043076.5000,4914847.5000,-2295210.0000,-5803739.5000,-8748161.0000,6158969.0000,-44625.7812,5061058.5000
0.4902,5355075.0000,5214712.5000,4529382.5000,-4746236.0000,-4618634.0000,-2690245.2500,2207553.5000,-1820423.5000,-2907700.7500,443452.7500,-135010.6875,1418014.7500,6296673.5000,3465498.7500,-3143233.2500,-2227687.2500,-5298647.5000,1618456.6250,3436256.7500,-1191982.5000,2829614.5000,-8914576.0000,-2133580.5000,2946051.5000,8959306.0000,-2748729.7500,5237575.0000,3943475.5000,7738047.0000,-1372220.6250,6580588.0000,3371392.2500,8010.1392,-5437415.0000,-5729305.0000,4324687.0000,-4927537.5000,-1861894.1250,-3776991.0000,2499975.2500,-7106345.5000,-2321262.2500,1160151.8750,1810923.2500,2069849.5000,-4109288.5000,-1251530.1250,-654989.7500,-4821202.5000,-3974774.5000,6956483.0000,327015.7188,-4763250.0000,771496.8125,5524680.0000,1647698.7500,-4293248.5000,5177495.5000,778408.5625,8690810.0000,-5024834.5000,25555.4453,-7031911.0000,4920696.0000,-2301058.5000,-5802676.5000,-8757731.0000,6161627.5000,-37713.9922,5055210.0000
0.4922,5348695.0000,5209396.0000,4534699.0000,-4745704.5000,-4613849.0000,-2684928.5000,2212338.7500,-1816170.0000,-2906105.7500,442389.3750,-140327.4531,1413761.3750,6303585.0000,3464435.5000,-3150145.0000,-2227687.2500,-5297584.0000,1624836.7500,3438915.0000,-1189324.1250,2843969.7500,-8903942.0000,-2129327.2500,2942861.5000,8967282.0000,-2743413.0000,5238106.5000,3949324.0000,7746553.5000,-1368498.8750,6578461.5000,3359163.7500,7478.4634,-5433161.5000,-5717608.0000,4326282.0000,-4927537.5000,-1862425.8750,-3780712.7500,2506887.0000,-7114852.5000,-2320730.5000,1169190.3750,1804543.1250,2070381.1250,-4108225.0000,-1252593.5000,-646482.9375,-4817481.0000,-3973179.5000,6959141.5000,329674.0938,-4757401.5000,780535.3125,5526806.5000,1648762.1250,-4289526.5000,5181749.0000,781067.0000,8694000.0000,-5022707.5000,31935.5566,-7024467.5000,4920696.0000,-2303185.2500,-5801613.0000,-8757200.0000,6175451.0000,-40904.0469,5055741.5000
0.4942,5316263.0000,5172178.5000,4501735.5000,-4774946.5000,-4638306.0000,-2709917.2500,2186818.2500,-1843285.5000,-2933753.0000,411552.1875,-170101.2969,1381860.7500,6282849.5000,3447421.7500,-3181514.0000,-2252676.0000,-5327889.5000,1605164.7500,3406482.7500,-1219629.6250,2817385.7500,-8922019.0000,-2149530.7500,2919467.7500,8938039.0000,-2759363.2500,5208864.5000,3930183.5000,7723160.0000,-1393487.6250,6552409.5000,3338428.2500,-25485.4453,-5461872.0000,-5752167.0000,4298635.0000,-4955185.0000,-1893263.0000,-3807828.2500,2482430.0000,-7147816.5000,-2345187.5000,1142606.6250,1778491.0000,2042734.0000,-4133213.7500,-1279177.3750,-670940.0625,-4843001.0000,-4000826.5000,6940001.0000,307343.6875,-4776541.5000,754483.1875,5500754.5000,1618456.6250,-4319300.5000,5153570.0000,759799.9375,8670075.0000,-5049291.5000,566.6760,-7051583.0000,4894644.0000,-2331895.7500,-5830855.0000,-8773150.0000,6163754.5000,-77589.6875,5027031.0000
0.4962,5342846.5000,5192382.5000,4525129.0000,-4752084.5000,-4611190.5000,-2682801.7500,2205958.5000,-1814575.0000,-2899194.0000,443452.7500,-148834.2656,1402596.1250,6304648.5000,3476132.2500,-3157056.7500,-2223965.5000,-5307154.5000,1633875.2500,3429876.5000,-1202616.0000,2841311.2500,-8892777.0000,-2118162.0000,2952963.2500,8959838.0000,-2724272.5000,5228004.5000,3958894.0000,7753997.0000,-1366903.8750,6580056.5000,3354910.2500,-6345.1113,-5437946.5000,-5734090.0000,4321497.0000,-4927006.0000,-1868274.2500,-3776459.2500,2531875.7500,-7125486.0000,-2320198.7500,1165468.6250,1801884.7500,2068786.1250,-4107693.5000,-1253656.8750,-648609.6875,-4817481.0000,-3972647.7500,6969775.0000,336585.8750,-4746768.0000,785320.3750,5522021.5000,1640787.0000,-4295906.5000,5174837.0000,785320.3750,8697722.0000,-5025366.0000,23428.7422,-7025531.0000,4915911.0000,-2309565.2500,-5809588.0000,-8739123.0000,6195655.0000,-53132.5938,5055210.0000
0.4982,5338593.0000,5190255.5000,4523002.5000,-4758465.0000,-4609595.5000,-2690777.0000,2206490.2500,-1809789.8750,-2892282.2500,453022.9062,-146707.5625,1397279.3750,6303585.0000,3483044.2500,-3157056.7500,-2218117.0000,-5299711.0000,1640255.2500,3433598.2500,-1205806.0000,2834399.5000,-8888524.0000,-2114972.0000,2955090.0000,8965155.0000,-2715234.0000,5231194.5000,3965274.2500,7759314.0000,-1361055.3750,6583246.5000,3370328.7500,-6345.1113,-5430503.0000,-5742597.0000,4319902.0000,-4929664.5000,-1873591.0000,-3774332.5000,2536661.0000,-7129208.0000,-2316477.0000,1167595.3750,1801353.1250,2068786.1250,-4107693.5000,-1252061.8750,-647546.3125,-4821734.0000,-3973179.5000,6975092.0000,337117.5625,-4740388.0000,787447.0625,5522021.5000,1637596.8750,-4295906.5000,5174837.0000,788510.4375,8705165.0000,-5025366.0000,23960.4180,-7026062.5000,4915911.0000,-2306375.2500,-5806398.0000,-8738059.0000,6205756.5000,-46752.4844,5063716.5000
0.5002,5326896.5000,5181217.0000,4512900.5000,-4783453.5000,-4619165.5000,-2707790.5000,2193198.2500,-1814575.0000,-2899194.0000,438135.9688,-156277.7344,1373885.6250,6287635.0000,3471347.2500,-3170348.7500,-2221838.7500,-5312471.0000,1632811.8750,3419774.7500,-1215376.2500,2811005.7500,-8898625.0000,-2127732.2500,2948178.2500,8951863.0000,-2727462.5000,5221624.5000,3957830.7500,7746022.0000,-1364777.1250,6572081.5000,3378304.0000,-16446.9551,-5431566.5000,-5748445.5000,4310863.5000,-4936044.5000,-1882629.5000,-3780181.0000,2522305.7500,-7144094.5000,-2322857.2500,1154835.1250,1790719.6250,2061342.6250,-4115668.5000,-1260037.0000,-649141.3125,-4829709.5000,-3982217.7500,6968711.5000,327547.3750,-4749426.5000,783193.6875,5509793.0000,1627495.1250,-4308135.0000,5160482.0000,787447.0625,8704102.0000,-5033341.0000,12795.2227,-7039354.5000,4901024.0000,-2317008.7500,-5814905.0000,-8761453.0000,6186084.5000,-62171.0859,5050425.0000
0.5023,5351353.5000,5203016.0000,4534699.0000,-4769098.5000,-4601088.5000,-2693435.2500,2216060.2500,-1790649.6250,-2876863.5000,459934.6875,-137137.3906,1390899.2500,6307307.0000,3493677.7500,-3147486.5000,-2200040.0000,-5295989.0000,1657800.6250,3438915.0000,-1187197.3750,2828551.0000,-8870447.0000,-2099553.2500,2972103.5000,8971535.0000,-2700878.7500,5246613.5000,3978034.5000,7769415.5000,-1336066.6250,6592817.0000,3410204.5000,2161.7039,-5397539.0000,-5720266.5000,4336915.5000,-4908397.5000,-1858704.1250,-3756255.5000,2547294.5000,-7123359.5000,-2293615.0000,1175570.5000,1817303.3750,2090053.1250,-4089616.5000,-1232921.5000,-627342.6250,-4812164.0000,-3962014.2500,6992105.5000,351472.8125,-4729754.5000,803929.0625,5529465.0000,1642382.0000,-4288995.0000,5179622.0000,818284.3125,8736534.0000,-5008352.5000,36188.9648,-7017556.0000,4924949.5000,-2294146.7500,-5788852.5000,-8752946.0000,6193528.0000,-43030.7539,5069565.0000
0.5043,5332213.0000,5185470.5000,4523534.0000,-4795682.0000,-4628204.0000,-2715234.0000,2193198.2500,-1800751.5000,-2890687.2500,447174.4688,-150960.9688,1379202.3750,6291356.5000,3486766.0000,-3158651.7500,-2209078.5000,-5309281.0000,1639192.0000,3419243.0000,-1200489.2500,2816854.2500,-8883207.0000,-2110718.5000,2960406.7500,8960901.0000,-2709385.7500,5232258.0000,3959425.7500,7766757.5000,-1335003.2500,6580588.0000,3391596.0000,-11130.1953,-5396476.0000,-5726115.0000,4322560.5000,-4916904.0000,-1866679.2500,-3771674.2500,2528154.2500,-7143031.5000,-2300526.7500,1161215.2500,1805606.5000,2079419.6250,-4101845.0000,-1244086.7500,-649141.3125,-4825987.5000,-3974774.5000,6982003.5000,335522.5312,-4747831.0000,789042.1250,5520426.5000,1626963.3750,-4303882.0000,5165798.5000,812967.5000,8731217.0000,-5020581.0000,24492.0938,-7035633.0000,4910594.0000,-2305312.0000,-5802144.5000,-8792822.0000,6163754.5000,-55790.9766,5054678.5000
0.5063,5310414.5000,5165798.5000,4504393.5000,-4817481.0000,-4652661.0000,-2738627.7500,2184691.5000,-1814575.0000,-2906105.7500,437604.3125,-169037.9531,1363252.1250,6275406.0000,3473474.0000,-3175665.5000,-2225028.7500,-5324168.0000,1619520.0000,3397444.2500,-1210591.1250,2798245.5000,-8900220.0000,-2119757.0000,2950836.5000,8945483.0000,-2731184.2500,5214181.0000,3937627.0000,7748680.5000,-1337130.0000,6571018.0000,3389469.2500,-26548.7969,-5402324.5000,-5731963.5000,4314053.5000,-4921689.5000,-1871464.3750,-3778586.0000,2510077.2500,-7163767.0000,-2307970.2500,1146328.3750,1796568.0000,2073039.5000,-4109288.5000,-1253656.8750,-660306.5000,-4835026.0000,-3985408.0000,6972433.5000,325420.6875,-4761655.0000,779471.9375,5512451.5000,1614734.8750,-4319300.5000,5148253.0000,810840.8125,8728027.0000,-5029619.5000,10136.8428,-7052646.5000,4896239.0000,-2319667.2500,-5815968.0000,-8838014.0000,6137170.5000,-75462.9844,5033943.0000
0.5083,5332745.0000,5189192.5000,4519812.5000,-4799404.0000,-4632989.0000,-2718424.2500,2213933.7500,-1792244.6250,-2874205.2500,466846.4688,-140859.1250,1392494.3750,6301990.0000,3498994.5000,-3146955.0000,-2198976.7500,-5300774.0000,1646635.3750,3422433.0000,-1185070.7500,2826424.2500,-8874168.0000,-2085198.1250,2986458.7500,8973130.0000,-2710449.0000,5244486.5000,3964211.0000,7772605.5000,-1300976.0000,6605577.0000,3414989.7500,-5281.7593,-5379462.5000,-5700594.5000,4348081.0000,-4889788.5000,-1840095.5000,-3746153.7500,2527090.7500,-7143031.5000,-2276601.5000,1171317.1250,1827405.2500,2103345.0000,-4081109.5000,-1223351.3750,-632127.6875,-4811632.5000,-3959355.7500,6997954.0000,345092.6875,-4738792.5000,806587.4375,5536908.5000,1635470.2500,-4293780.0000,5168988.5000,842209.6875,8760460.0000,-5003567.5000,37252.3164,-7028189.5000,4924949.5000,-2293083.2500,-5792043.0000,-8823127.0000,6158437.5000,-57917.6797,5065843.5000
0.5103,5312009.5000,5159418.5000,4491633.5000,-4830772.5000,-4661699.5000,-2739159.5000,2196920.0000,-1814575.0000,-2894940.5000,443452.7500,-168506.2812,1371227.2500,6280191.5000,3466562.2500,-3167158.7500,-2219180.5000,-5328421.5000,1620051.6250,3404887.7500,-1203147.6250,2808879.0000,-8893309.0000,-2105401.7500,2965723.5000,8947610.0000,-2732247.7500,5221624.5000,3939753.7500,7750807.0000,-1314799.6250,6583246.5000,3376709.0000,-27612.1484,-5400197.5000,-5725583.5000,4328409.0000,-4911056.0000,-1853387.3750,-3770610.7500,2496253.5000,-7163767.0000,-2292020.0000,1155366.8750,1809859.8750,2086331.3750,-4099186.5000,-1243555.0000,-656053.1250,-4831304.5000,-3983281.2500,6974560.0000,320103.9375,-4765908.0000,780535.3125,5516173.0000,1612608.1250,-4316110.5000,5146126.5000,828917.8125,8747699.0000,-5020049.5000,18643.6582,-7052115.0000,4902619.0000,-2311160.2500,-5807461.5000,-8840673.0000,6133449.0000,-79716.3906,5050956.5000
0.5123,5306692.5000,5146658.0000,4476746.5000,-4844596.5000,-4673928.5000,-2748729.7500,2187881.5000,-1823613.5000,-2903979.0000,436009.2812,-171696.3281,1363252.1250,6263709.5000,3455928.7500,-3178855.5000,-2225560.5000,-5342245.0000,1606759.7500,3401166.0000,-1208996.1250,2796118.7500,-8897562.0000,-2110186.7500,2955621.5000,8938571.0000,-2745539.5000,5208332.5000,3928588.5000,7736452.0000,-1321711.3750,6574208.0000,3348530.2500,-33992.2617,-5413489.5000,-5739407.0000,4320965.5000,-4916904.0000,-1860299.1250,-3775396.0000,2508482.2500,-7167488.5000,-2298400.2500,1146860.0000,1799758.1250,2082609.7500,-4107693.5000,-1246213.3750,-667750.0000,-4836089.5000,-3989661.2500,6967648.5000,313192.1250,-4774415.0000,770965.1250,5503413.0000,1601974.6250,-4326744.0000,5134429.5000,832107.8750,8746636.0000,-5028556.0000,10136.8428,-7063280.0000,4894112.0000,-2317008.7500,-5813841.5000,-8839078.0000,6114840.0000,-85033.1484,5047766.5000
0.5143,5344441.5000,5188660.5000,4510774.0000,-4807910.5000,-4639901.0000,-2709917.2500,2224567.2500,-1785864.5000,-2867293.5000,476416.6562,-132883.9844,1410039.6250,6292951.5000,3492614.2500,-3144296.5000,-2183026.5000,-5314066.0000,1640787.0000,3442636.7500,-1172842.1250,2823766.0000,-8859813.0000,-2068716.1250,2995497.2500,8970472.0000,-2713639.0000,5241828.0000,3961020.7500,7768884.0000,-1279709.0000,6617274.0000,3369797.2500,-1028.3519,-5384779.0000,-5711228.0000,4358183.0000,-4877560.0000,-1820423.5000,-3739242.0000,2544636.0000,-7132398.0000,-2261182.7500,1176633.8750,1840165.5000,2117168.7500,-4071539.5000,-1208464.3750,-630532.6875,-4800467.0000,-3953507.2500,7003802.5000,349877.7812,-4746768.0000,792232.1875,5532123.5000,1628026.7500,-4294843.5000,5163140.0000,875173.6250,8790233.0000,-4989744.0000,46822.4844,-7038291.0000,4929734.5000,-2279791.5000,-5772371.0000,-8794417.0000,6148335.5000,-50474.2148,5090300.5000
0.5163,5316263.0000,5161013.5000,4476215.0000,-4844596.5000,-4678181.5000,-2743413.0000,2191603.2500,-1819360.1250,-2903447.2500,440262.6875,-163189.5156,1381860.7500,6257861.0000,3458587.0000,-3172475.5000,-2212268.7500,-5358195.0000,1598784.6250,3411799.5000,-1206869.3750,2793992.0000,-8898094.0000,-2100616.7500,2968381.7500,8930596.0000,-2756704.7500,5197167.5000,3924866.7500,7729540.0000,-1307356.1250,6586436.5000,3335238.2500,-36650.6406,-5419338.0000,-5758547.0000,4323624.0000,-4907865.5000,-1850729.0000,-3775927.5000,2495190.2500,-7172273.5000,-2296273.5000,1142606.6250,1806138.2500,2086331.3750,-4104503.2500,-1241428.3750,-658711.5000,-4835026.0000,-3985408.0000,6969775.0000,317977.2188,-4781858.5000,758204.8750,5495969.5000,1593467.8750,-4336314.0000,5123264.5000,852311.5625,8768966.0000,-5022707.5000,13858.5742,-7081888.5000,4893580.5000,-2307438.5000,-5798954.5000,-8827381.0000,6115372.0000,-86628.1797,5058931.5000
0.5183,5333276.5000,5174305.5000,4485253.5000,-4836621.0000,-4671801.5000,-2737032.7500,2191603.2500,-1811916.6250,-2891750.5000,451959.5625,-159467.7812,1388240.8750,6267431.0000,3462840.5000,-3163968.5000,-2201635.0000,-5349688.5000,1600379.6250,3421369.7500,-1202616.0000,2809942.5000,-8893840.0000,-2086261.3750,2984863.7500,8932723.0000,-2756704.7500,5195040.5000,3923803.5000,7733261.5000,-1295127.6250,6600792.0000,3349593.5000,-23890.4180,-5409768.0000,-5758015.5000,4327877.0000,-4901485.5000,-1842753.8750,-3768484.2500,2507418.7500,-7166425.0000,-2285640.0000,1144733.3750,1817303.3750,2097496.5000,-4097591.5000,-1237174.8750,-636381.1250,-4825456.0000,-3977432.7500,6978813.5000,326484.0312,-4777605.0000,760863.3125,5501286.0000,1597189.5000,-4329402.5000,5128049.5000,868261.8125,8785448.0000,-5014201.0000,22365.3906,-7076572.0000,4899960.5000,-2302121.7500,-5792574.5000,-8810367.0000,6121752.0000,-77589.6875,5065843.5000
0.5203,5352948.5000,5193977.5000,4505457.0000,-4824392.5000,-4658509.5000,-2729589.2500,2197983.5000,-1795434.6250,-2874736.7500,472163.2500,-149897.6250,1404722.8750,6282318.0000,3478259.0000,-3145891.5000,-2186216.5000,-5332143.0000,1615798.2500,3436788.2500,-1187197.3750,2831209.5000,-8879485.0000,-2067121.1250,3002409.0000,8939634.0000,-2740754.5000,5200357.5000,3934437.0000,7747085.5000,-1277582.2500,6623122.5000,3369797.2500,-8471.8154,-5388501.0000,-5744192.0000,4341701.0000,-4878623.5000,-1821486.7500,-3748812.0000,2522305.7500,-7153665.0000,-2268094.5000,1153771.7500,1835380.3750,2113978.5000,-4084299.7500,-1222819.6250,-608202.3125,-4814290.5000,-3963077.5000,6989447.0000,346156.0312,-4762718.0000,773623.5000,5511388.0000,1610481.5000,-4316642.0000,5136556.5000,891655.5625,8813096.0000,-4994529.0000,39910.6953,-7064343.5000,4915911.0000,-2285640.0000,-5774497.5000,-8769428.0000,6130258.5000,-58981.0312,5080730.5000
0.5223,5324238.0000,5157291.5000,4468239.5000,-4865331.5000,-4698385.5000,-2774250.0000,2154917.7500,-1834778.7500,-2908764.0000,434945.9375,-189773.3125,1363783.7500,6245100.5000,3429876.5000,-3184172.2500,-2218648.7500,-5371487.0000,1581771.0000,3399039.2500,-1227073.1250,2792397.0000,-8920424.0000,-2102743.5000,2968913.5000,8897100.0000,-2771060.0000,5160482.0000,3882332.7500,7707741.0000,-1309482.8750,6589626.5000,3348530.2500,-52600.9180,-5433161.5000,-5781941.0000,4306610.0000,-4914777.5000,-1850197.2500,-3782307.7500,2485088.5000,-7192477.5000,-2305843.5000,1118681.2500,1801353.1250,2077824.6250,-4123112.0000,-1263227.0000,-650204.6875,-4849381.5000,-3999763.2500,6949571.5000,311597.0938,-4803125.5000,735874.5000,5472044.0000,1572200.7500,-4355454.5000,5098807.5000,864540.1250,8787043.0000,-5028556.0000,5351.7593,-7107409.0000,4875503.5000,-2318072.2500,-5806929.5000,-8790163.0000,6087193.0000,-87159.8594,5046171.5000
0.5243,5349226.5000,5182280.5000,4492165.0000,-4847254.5000,-4676586.5000,-2759363.2500,2168741.2500,-1809258.2500,-2873141.7500,460998.0625,-164252.8750,1378139.1250,6258924.5000,3441041.7500,-3158651.7500,-2198445.0000,-5348625.0000,1598784.6250,3424028.0000,-1213781.2500,2807815.7500,-8908196.0000,-2078818.0000,2987522.2500,8916772.0000,-2746071.2500,5182280.5000,3887649.5000,7724755.0000,-1290342.5000,6616210.5000,3376177.2500,-31865.5566,-5417743.0000,-5764927.5000,4330004.0000,-4887662.0000,-1823081.8750,-3752533.7500,2495190.2500,-7171742.0000,-2289361.7500,1141543.2500,1824215.1250,2099091.7500,-4102376.7500,-1239301.6250,-633191.0625,-4823861.0000,-3975837.7500,6972965.0000,336054.1875,-4780795.0000,756078.1875,5490121.0000,1585492.6250,-4341099.0000,5112631.0000,893250.6250,8814691.0000,-5007289.0000,26087.1211,-7091459.0000,4893580.5000,-2306907.0000,-5789916.0000,-8761985.0000,6103143.0000,-68551.1953,5064780.0000
0.5263,5339125.0000,5175900.5000,4487911.5000,-4867990.0000,-4686688.5000,-2769465.0000,2154386.0000,-1820423.5000,-2871546.7500,458339.6562,-175418.0625,1365910.5000,6249886.0000,3426154.7500,-3176197.2500,-2205888.5000,-5361917.0000,1584961.0000,3412863.0000,-1230263.1250,2795055.5000,-8922019.0000,-2088388.1250,2977420.2500,8903480.0000,-2763616.5000,5167925.0000,3872762.5000,7710931.5000,-1303102.7500,6614084.0000,3390532.5000,-50474.2148,-5438478.5000,-5775561.0000,4315648.5000,-4902549.0000,-1836373.7500,-3767420.7500,2489341.7500,-7183439.0000,-2310097.0000,1122934.6250,1811986.6250,2084736.3750,-4118327.0000,-1252593.5000,-641697.8750,-4835026.0000,-3989661.2500,6954888.0000,325952.3438,-4798872.0000,741722.9375,5475234.0000,1570605.7500,-4357049.5000,5095617.5000,892187.2500,8808842.0000,-5016859.5000,13858.5742,-7104750.5000,4876567.0000,-2318603.7500,-5798954.5000,-8763048.0000,6096763.0000,-72804.6016,5063185.0000
0.5283,5334340.0000,5167393.5000,4476746.5000,-4886598.5000,-4703702.0000,-2788605.2500,2132055.5000,-1835842.0000,-2874205.2500,447706.1562,-192431.6875,1349960.2500,6236594.0000,3419774.7500,-3185767.2500,-2222902.2500,-5373614.0000,1573264.1250,3393722.5000,-1253125.2500,2780168.5000,-8940628.0000,-2100085.0000,2970508.5000,8882213.0000,-2768933.2500,5154101.5000,3854685.7500,7688601.0000,-1316926.3750,6605577.0000,3385747.5000,-71741.2500,-5457618.5000,-5796828.0000,4298103.5000,-4920094.0000,-1852855.6250,-3784434.5000,2494658.5000,-7199920.5000,-2333490.7500,1110174.3750,1792314.6250,2064001.0000,-4140657.2500,-1278114.0000,-658711.5000,-4850976.5000,-4005080.0000,6937874.5000,311065.4375,-4814822.5000,720987.5625,5456093.5000,1553592.1250,-4377785.0000,5072755.0000,883680.4375,8801930.0000,-5031214.5000,566.6760,-7119106.0000,4856895.0000,-2335617.5000,-5815436.5000,-8774213.0000,6080281.0000,-81311.4219,5052551.5000
0.5303,5369962.0000,5198231.0000,4512900.5000,-4852571.5000,-4670206.5000,-2748729.7500,2167677.7500,-1800219.7500,-2830607.7500,480138.3750,-158936.1094,1383455.8750,6276469.5000,3464435.5000,-3148018.2500,-2187279.7500,-5337991.5000,1604633.0000,3431471.5000,-1215907.8750,2815790.7500,-8901815.0000,-2060209.2500,3008789.2500,8910924.0000,-2732779.5000,5192914.0000,3886586.2500,7721033.0000,-1282899.1250,6648111.0000,3426154.7500,-46752.4844,-5425718.0000,-5764927.5000,4335320.5000,-4883408.5000,-1815106.7500,-3746685.5000,2533471.0000,-7168020.0000,-2298931.7500,1153240.1250,1833253.6250,2096965.0000,-4111415.0000,-1248340.1250,-632659.3750,-4814290.5000,-3966799.2500,6973497.0000,354131.1875,-4780795.0000,755014.8750,5484804.0000,1581239.2500,-4348011.0000,5098807.5000,924087.8125,8837021.0000,-4995592.0000,34593.9375,-7079762.0000,4887200.5000,-2307438.5000,-5785131.0000,-8746034.0000,6123878.5000,-36118.9648,5090832.0000
0.5323,5364113.5000,5184939.0000,4494823.5000,-4867990.0000,-4685093.5000,-2758299.7500,2163956.0000,-1814043.3750,-2837519.5000,459403.0312,-170632.9844,1366442.2500,6268494.5000,3450612.0000,-3157056.7500,-2198445.0000,-5348093.5000,1583897.6250,3412863.0000,-1232921.5000,2806220.7500,-8912981.0000,-2067121.1250,3000282.5000,8885403.0000,-2761490.0000,5180685.5000,3873826.0000,7704551.0000,-1286620.7500,6642262.5000,3415521.2500,-73867.9609,-5447517.0000,-5787257.5000,4318838.5000,-4895637.0000,-1826271.8750,-3759445.7500,2512735.5000,-7190350.5000,-2313818.7500,1142606.6250,1822088.5000,2082609.7500,-4127897.0000,-1265353.7500,-653394.7500,-4836089.5000,-3983813.0000,6953293.0000,333927.5000,-4791960.5000,743318.0000,5470449.0000,1564225.6250,-4368746.5000,5074882.0000,918771.0625,8827451.0000,-5014201.0000,18643.6582,-7093054.0000,4865401.5000,-2322325.5000,-5797359.5000,-8774213.0000,6116967.0000,-45689.1328,5079667.0000
0.5343,5372620.5000,5183875.5000,4489506.5000,-4873838.5000,-4684562.0000,-2758299.7500,2174058.0000,-1811916.6250,-2833266.2500,453554.5938,-170101.2969,1361657.1250,6271684.5000,3459650.5000,-3148550.0000,-2193660.0000,-5348625.0000,1581239.2500,3411799.5000,-1236111.6250,2807284.0000,-8910854.0000,-2061804.3750,3001345.7500,8873175.0000,-2782757.0000,5181749.0000,3873294.2500,7703488.0000,-1279709.0000,6651301.0000,3408609.5000,-81311.4219,-5450707.0000,-5789384.5000,4325750.5000,-4890852.0000,-1821486.7500,-3755724.0000,2511140.5000,-7194604.0000,-2310628.7500,1148986.7500,1826341.8750,2087394.7500,-4126302.0000,-1261100.3750,-658711.5000,-4832367.5000,-3983281.2500,6950634.5000,334990.8438,-4794618.5000,739596.2500,5467259.0000,1559440.5000,-4375658.0000,5064780.0000,921961.1250,8826387.0000,-5018454.5000,16516.9551,-7094649.0000,4858490.0000,-2327642.2500,-5803739.5000,-8780062.0000,6109523.5000,-52069.2422,5077008.5000
0.5363,5385380.5000,5195040.5000,4505457.0000,-4855230.0000,-4661168.0000,-2736501.0000,2198515.0000,-1792776.2500,-2811467.5000,468973.1875,-146175.8906,1369632.2500,6295610.0000,3485170.7500,-3125156.2500,-2170266.2500,-5335865.0000,1601974.6250,3437851.7500,-1215907.8750,2820576.0000,-8891182.0000,-2034688.8750,3016764.2500,8887530.0000,-2770528.5000,5203016.0000,3893498.0000,7724755.0000,-1254720.2500,6673100.0000,3403824.5000,-69614.5469,-5427313.0000,-5770244.0000,4349676.0000,-4867990.0000,-1801283.1250,-3732861.7500,2529217.5000,-7179185.5000,-2288298.2500,1180887.2500,1849204.0000,2110256.7500,-4101845.0000,-1238770.0000,-639571.1875,-4815354.0000,-3965736.0000,6972433.5000,353599.5000,-4779732.0000,761394.9375,5483740.5000,1573795.7500,-4362898.0000,5076477.0000,949076.5625,8846591.0000,-4996655.5000,39379.0195,-7076572.0000,4874440.0000,-2318072.2500,-5787789.5000,-8770491.0000,6119093.5000,-29207.1777,5097744.0000
0.5383,5352417.0000,5163140.0000,4478341.5000,-4881813.5000,-4681371.5000,-2755641.5000,2176184.7500,-1816701.7500,-2841241.2500,443984.4062,-162657.8438,1340390.1250,6275938.0000,3461245.5000,-3140574.7500,-2194723.2500,-5361917.0000,1578049.2500,3413926.2500,-1241960.0000,2800904.0000,-8914576.0000,-2053297.5000,2989117.2500,8855630.0000,-2794453.7500,5180154.0000,3881269.5000,7699766.0000,-1270138.8750,6654491.0000,3367670.5000,-103110.1328,-5441136.5000,-5786726.0000,4330004.0000,-4883408.5000,-1822018.5000,-3756255.5000,2512735.5000,-7213212.5000,-2316477.0000,1170253.7500,1826873.6250,2090584.8750,-4126302.0000,-1262163.7500,-663496.5625,-4845128.0000,-3996041.5000,6943191.0000,324889.0000,-4809505.5000,733747.8125,5460347.0000,1548275.3750,-4391076.5000,5046171.5000,930467.9375,8820539.0000,-5024834.5000,12263.5469,-7106877.5000,4844134.5000,-2343061.0000,-5814905.0000,-8800265.0000,6078154.5000,-43562.4297,5081262.0000
0.5403,5355075.0000,5171115.5000,4487380.0000,-4873838.5000,-4660104.5000,-2737564.5000,2183628.2500,-1810321.6250,-2836456.2500,453022.9062,-157341.0781,1351023.6250,6292951.5000,3473474.0000,-3129941.2500,-2185153.2500,-5364575.5000,1590277.7500,3422433.0000,-1232921.5000,2814195.7500,-8905537.0000,-2038410.6250,2995497.2500,8857756.0000,-2784883.7500,5188129.0000,3899346.5000,7716779.5000,-1250998.5000,6672568.0000,3411268.0000,-98325.0469,-5418806.5000,-5771839.0000,4351271.0000,-4859483.0000,-1802346.5000,-3736052.0000,2534002.5000,-7208427.5000,-2305843.5000,1192584.1250,1846013.8750,2109725.2500,-4110883.5000,-1244618.3750,-649673.0000,-4836621.0000,-3982749.5000,6957546.5000,336585.8750,-4804189.0000,734811.1875,5462473.5000,1554123.7500,-4388950.0000,5046171.5000,942696.4375,8827451.0000,-5015796.0000,23960.4180,-7100497.5000,4848919.5000,-2344656.0000,-5812246.5000,-8804519.0000,6062736.0000,-28675.5020,5084984.0000
0.5423,5358265.0000,5184939.0000,4491633.5000,-4860546.5000,-4646813.0000,-2725336.0000,2200110.0000,-1803409.8750,-2829012.7500,468441.5000,-154151.0312,1360593.7500,6305180.0000,3485170.7500,-3121966.2500,-2178241.2500,-5364575.5000,1596126.2500,3433066.5000,-1227073.1250,2823766.0000,-8898625.0000,-2020333.6250,3004535.7500,8859883.0000,-2768933.2500,5194509.0000,3916360.0000,7722096.5000,-1237174.8750,6690113.5000,3422964.7500,-96730.0234,-5414021.0000,-5758547.0000,4368816.5000,-4845128.0000,-1793308.0000,-3724355.0000,2541977.7500,-7204706.0000,-2296805.0000,1209597.7500,1860369.1250,2120890.2500,-4101845.0000,-1238238.2500,-646482.9375,-4841938.0000,-3982749.5000,6959673.0000,337649.2188,-4806847.5000,734811.1875,5461410.5000,1558377.2500,-4383633.0000,5046171.5000,952798.3125,8830109.0000,-5008352.5000,32998.9102,-7099434.0000,4852641.5000,-2341466.0000,-5806398.0000,-8785910.0000,6075496.0000,-3686.7317,5101997.5000
0.5443,5333808.0000,5163672.0000,4466113.0000,-4884472.0000,-4669143.0000,-2747666.2500,2173526.2500,-1828398.6250,-2852406.5000,447706.1562,-174354.7188,1339326.7500,6279128.0000,3471879.0000,-3150145.0000,-2204293.5000,-5390627.5000,1574859.1250,3414458.0000,-1252593.5000,2800372.2500,-8928931.0000,-2037878.8750,2986990.5000,8831704.0000,-2784883.7500,5169520.5000,3896156.2500,7696044.5000,-1251530.1250,6680011.5000,3387874.2500,-124908.8516,-5445922.0000,-5777687.5000,4351271.0000,-4862141.5000,-1812980.0000,-3744558.7500,2517520.5000,-7235011.5000,-2326047.2500,1193115.8750,1836443.7500,2098560.0000,-4123112.0000,-1262695.3750,-676256.8125,-4871180.0000,-4009865.0000,6931494.5000,312660.4688,-4831304.5000,705037.3125,5435890.0000,1532856.7500,-4413938.5000,5015866.0000,930999.5625,8800867.0000,-5032278.0000,7478.4634,-7129208.0000,4822336.0000,-2370176.5000,-5832982.0000,-8813026.0000,6065926.0000,-11661.8711,5082325.5000
0.5463,5361987.0000,5188660.5000,4483658.5000,-4857888.0000,-4640432.5000,-2720019.2500,2198515.0000,-1806599.8750,-2823696.0000,482265.0938,-150429.2969,1366442.2500,6294015.0000,3489956.0000,-3127283.0000,-2182494.7500,-5370955.5000,1598252.8750,3438383.2500,-1232389.8750,2822702.5000,-8916171.0000,-2012890.1250,3005067.5000,8855098.0000,-2767870.0000,5188129.0000,3921676.7500,7723691.5000,-1221224.6250,6713507.0000,3393191.0000,-99920.0781,-5433161.5000,-5761737.5000,4381045.0000,-4829177.5000,-1777889.3750,-3712658.2500,2527622.5000,-7210554.0000,-2303185.2500,1215446.2500,1866749.2500,2130460.5000,-4091211.5000,-1234516.5000,-656053.1250,-4852571.5000,-3984876.2500,6959673.0000,336585.8750,-4805252.0000,727367.6875,5460347.0000,1553060.5000,-4392140.0000,5032879.5000,954393.3125,8815222.0000,-5009947.5000,30872.2051,-7101560.5000,4844134.5000,-2353694.5000,-5815968.0000,-8792290.0000,6099953.0000,25555.4453,5102529.0000
0.5483,5374215.5000,5199826.0000,4487380.0000,-4851508.0000,-4630862.5000,-2708854.0000,2207021.7500,-1802878.1250,-2813062.5000,497152.0000,-140327.4531,1375480.6250,6298268.5000,3488892.5000,-3125156.2500,-2176114.7500,-5363512.0000,1614734.8750,3449548.5000,-1226009.7500,2836526.2500,-8915107.0000,-2004915.0000,3019422.7500,8858820.0000,-2773186.7500,5192382.5000,3930183.5000,7735388.5000,-1207401.1250,6735837.5000,3400634.5000,-98856.7266,-5440605.0000,-5754294.0000,4398058.5000,-4810569.0000,-1761407.3750,-3698303.0000,2523900.7500,-7207896.0000,-2302121.7500,1228738.1250,1879509.5000,2143752.5000,-4080046.2500,-1223351.3750,-653926.4375,-4855761.5000,-3983813.0000,6962863.0000,337117.5625,-4804189.0000,730026.0625,5464068.5000,1559972.2500,-4394266.5000,5031816.0000,961836.8125,8815754.0000,-5006225.5000,39379.0195,-7091990.5000,4846793.0000,-2353162.7500,-5811183.0000,-8782188.0000,6118030.0000,39379.0195,5108377.5000
0.5503,5358797.0000,5181217.0000,4466113.0000,-4859483.0000,-4653193.0000,-2731184.2500,2183628.2500,-1827866.8750,-2833266.2500,480670.0625,-158936.1094,1354745.3750,6277001.5000,3456460.2500,-3152803.5000,-2194191.7500,-5382652.5000,1599847.8750,3433598.2500,-1239833.3750,2812600.7500,-8945413.0000,-2033625.5000,3008789.2500,8833831.0000,-2800302.2500,5172710.5000,3912638.2500,7720501.5000,-1218034.6250,6731052.5000,3371392.2500,-114275.3281,-5468784.0000,-5767585.5000,4394868.5000,-4816949.0000,-1770445.8750,-3705214.7500,2520179.0000,-7221188.0000,-2320198.7500,1226611.3750,1871002.6250,2136309.0000,-4086958.0000,-1235579.8750,-674130.1250,-4872775.0000,-4004016.5000,6949039.5000,321167.2812,-4828646.0000,710885.7500,5445460.0000,1540831.8750,-4415002.0000,5005764.0000,945354.8125,8798740.0000,-5022176.0000,21833.7148,-7110599.0000,4826589.5000,-2374961.5000,-5832450.0000,-8797075.0000,6090383.0000,21833.7148,5085515.5000
0.5523,5377405.5000,5204611.0000,4484190.0000,-4829177.5000,-4633521.0000,-2716297.5000,2187881.5000,-1811385.0000,-2814125.7500,498747.0312,-144580.8594,1369632.2500,6287635.0000,3463372.2500,-3147486.5000,-2178773.0000,-5356600.0000,1621646.6250,3454865.2500,-1220161.2500,2831209.5000,-8940096.0000,-2025118.7500,3026334.5000,8850845.0000,-2776908.5000,5197167.5000,3934968.7500,7743895.0000,-1197830.8750,6754446.5000,3384152.5000,-87159.8594,-5445390.0000,-5738343.5000,4427832.5000,-4788238.5000,-1742267.1250,-3683416.0000,2578663.2500,-7202579.0000,-2294678.5000,1256917.0000,1895459.7500,2162892.7500,-4063564.2500,-1215376.2500,-659774.8750,-4858420.0000,-3988598.0000,6964990.0000,336054.1875,-4818012.5000,719392.5625,5460347.0000,1553592.1250,-4401710.0000,5017992.5000,970875.3125,8814159.0000,-5001972.5000,38847.3438,-7095712.0000,4840944.5000,-2361138.0000,-5815968.0000,-8766238.0000,6103143.0000,38847.3438,5110504.0000
0.5543,5365177.0000,5194509.0000,4473556.5000,-4829709.5000,-4643622.5000,-2734374.5000,2168741.2500,-1827335.2500,-2825822.7500,484391.7812,-158404.4375,1349960.2500,6272216.0000,3444231.7500,-3169285.2500,-2198445.0000,-5368297.0000,1613139.8750,3439978.5000,-1233453.2500,2815259.2500,-8964553.0000,-2050107.5000,3008789.2500,8843401.0000,-2791263.7500,5191850.5000,3924866.7500,7734856.5000,-1211654.5000,6747534.5000,3369797.2500,-88754.8828,-5452833.5000,-5730900.0000,4423579.0000,-4794087.0000,-1744925.5000,-3687669.5000,2566966.5000,-7214807.5000,-2297336.7500,1240435.0000,1890143.0000,2155449.2500,-4068881.0000,-1225478.1250,-673066.7500,-4866926.5000,-3999231.5000,6951166.5000,327015.7188,-4831836.0000,707164.0000,5449182.0000,1545617.0000,-4413938.5000,5002574.0000,967685.2500,8807247.0000,-5009416.0000,32467.2324,-7106345.5000,4830842.5000,-2374961.5000,-5830323.5000,-8773150.0000,6095168.0000,22365.3906,5102529.0000
0.5563,5356138.5000,5190255.5000,4467708.0000,-4832367.5000,-4652129.5000,-2747134.7500,2150132.5000,-1835842.0000,-2831139.5000,476948.3125,-166911.2500,1335073.2500,6261051.0000,3429876.5000,-3185767.2500,-2206951.7500,-5381589.0000,1607291.3750,3431471.5000,-1239301.6250,2811537.5000,-8975718.0000,-2068184.5000,2991244.0000,8840743.0000,-2809872.5000,5191319.0000,3926993.5000,7738578.5000,-1216439.6250,6750724.5000,3364480.5000,-89818.2344,-5463467.0000,-5726115.0000,4432085.5000,-4790365.5000,-1743330.5000,-3689264.5000,2544636.0000,-7218529.5000,-2298931.7500,1238308.2500,1895459.7500,2159702.7500,-4060906.0000,-1226541.3750,-668281.6875,-4863205.0000,-4002421.5000,6949039.5000,327015.7188,-4838216.0000,706100.6875,5444396.5000,1539236.8750,-4419787.0000,4995662.0000,973002.0000,8805120.0000,-5009947.5000,31935.5566,-7115916.0000,4826057.5000,-2384531.7500,-5838830.5000,-8785378.0000,6090383.0000,1630.0278,5099339.0000
0.5583,5375279.0000,5225878.0000,4489506.5000,-4800999.0000,-4621292.5000,-2724272.5000,2165019.5000,-1808726.6250,-2804024.0000,503000.4375,-139795.7812,1361657.1250,6283913.0000,3451143.5000,-3165032.0000,-2184621.5000,-5359790.5000,1638660.2500,3460182.0000,-1209527.7500,2841311.2500,-8957641.0000,-2050639.1250,3019954.5000,8868922.0000,-2793922.0000,5223751.0000,3967932.5000,7771010.5000,-1186665.7500,6784752.0000,3401697.7500,-57386.0039,-5435820.0000,-5684644.5000,4462923.0000,-4758996.5000,-1708771.5000,-3663212.2500,2564839.7500,-7183439.0000,-2265968.0000,1276057.2500,1934803.7500,2193198.2500,-4027942.0000,-1201552.6250,-634254.4375,-4835558.0000,-3977432.7500,6968711.5000,352004.4688,-4811100.5000,731089.4375,5464068.5000,1559972.2500,-4395862.0000,5017992.5000,1002244.1875,8831704.0000,-4976983.5000,63304.4375,-7091990.5000,4850514.5000,-2368581.2500,-5814373.0000,-8773150.0000,6114308.5000,15453.6025,5126986.0000
0.5603,5343910.0000,5199826.0000,4462923.0000,-4831836.0000,-4648939.5000,-2750856.2500,2141094.0000,-1828930.2500,-2832202.7500,479606.7188,-165316.2188,1339326.7500,6254671.0000,3425091.5000,-3196400.7500,-2208015.2500,-5393817.5000,1614734.8750,3433066.5000,-1233984.8750,2819512.5000,-8985820.0000,-2078286.2500,3000282.5000,8846059.0000,-2819442.5000,5208864.5000,3945070.5000,7751870.5000,-1211654.5000,6768801.5000,3365012.0000,-73867.9609,-5462403.5000,-5693683.0000,4442187.5000,-4778137.0000,-1717810.0000,-3684479.2500,2531875.7500,-7204174.0000,-2284576.5000,1264892.1250,1917258.5000,2174589.7500,-4040702.2500,-1229731.5000,-656584.8125,-4861078.0000,-4003485.0000,6941596.0000,324889.0000,-4839811.0000,704505.6250,5436421.5000,1534451.7500,-4421914.0000,4993535.5000,988952.2500,8815754.0000,-4993997.0000,43100.7539,-7114852.5000,4822867.5000,-2391975.0000,-5836172.0000,-8811431.0000,6097295.0000,-10598.5186,5117947.5000
0.5623,5336998.0000,5196104.0000,4461328.0000,-4835558.0000,-4656914.5000,-2751919.7500,2142157.5000,-1826271.8750,-2840709.5000,474821.6250,-167974.5938,1338263.3750,6254671.0000,3423496.5000,-3196400.7500,-2203230.2500,-5396476.0000,1609949.7500,3434130.0000,-1230794.8750,2824297.7500,-8987415.0000,-2078818.0000,2998155.7500,8844996.0000,-2825291.0000,5215776.0000,3947197.2500,7759845.5000,-1208996.1250,6777840.0000,3364480.5000,-66956.1719,-5462403.5000,-5680922.5000,4446972.5000,-4770161.5000,-1699733.0000,-3682884.2500,2540382.7500,-7194604.0000,-2277664.7500,1270740.5000,1925233.6250,2184159.7500,-4031663.7500,-1232921.5000,-653926.4375,-4863736.5000,-4005611.5000,6937343.0000,322230.6250,-4845128.0000,696530.5000,5431636.5000,1530730.0000,-4426167.5000,4990345.5000,997459.0625,8822666.0000,-4991339.0000,45759.1328,-7112726.0000,4818614.0000,-2395696.7500,-5838298.5000,-8819937.0000,6099953.0000,-23358.7422,5127518.0000
0.5643,5352948.5000,5210459.5000,4480468.0000,-4812164.0000,-4640432.5000,-2737032.7500,2154386.0000,-1806599.8750,-2827949.5000,484923.4688,-154682.7031,1348896.8750,6266367.5000,3437851.7500,-3181514.0000,-2185153.2500,-5384779.0000,1625368.3750,3446890.2500,-1212717.8750,2846628.0000,-8975187.0000,-2064994.3750,3005067.5000,8862541.0000,-2805619.0000,5231194.5000,3962084.2500,7780581.0000,-1193045.8750,6794322.0000,3393722.5000,-37713.9922,-5439010.0000,-5658060.5000,4465049.5000,-4745704.5000,-1668364.1250,-3669592.5000,2547294.5000,-7173868.5000,-2250549.2500,1284032.3750,1949690.7500,2209148.5000,-4007738.2500,-1220161.2500,-641697.8750,-4848849.5000,-3993383.0000,6947976.5000,333395.8125,-4831836.0000,708227.3750,5441738.5000,1544553.6250,-4412875.5000,5003105.5000,1021384.5000,8844464.0000,-4969540.0000,62772.7617,-7099965.5000,4832437.5000,-2380278.2500,-5818095.0000,-8794417.0000,6122815.0000,-11130.1953,5148785.0000
0.5663,5334340.0000,5192914.0000,4459201.0000,-4823329.0000,-4667548.0000,-2765743.2500,2126207.0000,-1826803.6250,-2847621.5000,463656.4375,-174886.3906,1321249.7500,6242442.5000,3417648.0000,-3207566.0000,-2206951.7500,-5409768.0000,1608354.7500,3424559.7500,-1231326.5000,2826424.2500,-9002834.0000,-2095299.8750,2977952.0000,8841274.0000,-2820506.0000,5209927.5000,3942412.2500,7758782.0000,-1214844.5000,6770928.0000,3377772.2500,-52069.2422,-5462403.5000,-5688897.5000,4442719.0000,-4764845.0000,-1671554.1250,-3690327.7500,2531875.7500,-7185565.5000,-2267031.2500,1274462.2500,1930550.3750,2197983.5000,-4020498.5000,-1244618.3750,-673598.4375,-4874902.0000,-4014650.0000,6922456.0000,311065.4375,-4845128.0000,693340.4375,5423661.5000,1527540.0000,-4432547.5000,4983433.5000,1009155.9375,8834363.0000,-4986022.0000,46290.8086,-7125486.0000,4811170.5000,-2395165.2500,-5833513.5000,-8813557.0000,6104738.5000,-14851.9268,5134961.5000
0.5683,5358265.0000,5215776.0000,4485253.5000,-4790897.0000,-4645749.5000,-2752451.5000,2144815.7500,-1808726.6250,-2827949.5000,485455.1562,-160531.1406,1339858.3750,6259987.5000,3435725.0000,-3192147.5000,-2189938.2500,-5404451.0000,1621115.0000,3435725.0000,-1207401.1250,2850881.5000,-8988479.0000,-2081476.3750,2989648.7500,8865200.0000,-2805087.2500,5223219.5000,3957830.7500,7774732.5000,-1199426.0000,6780498.5000,3399039.2500,-21763.7148,-5446453.5000,-5685707.5000,4463454.5000,-4740919.5000,-1632741.8750,-3672250.7500,2556864.7500,-7158450.0000,-2238320.7500,1304767.7500,1958197.5000,2224035.5000,-3988598.0000,-1229731.5000,-653926.4375,-4853103.0000,-3995509.7500,6942128.0000,327015.7188,-4822797.5000,714075.8125,5439080.0000,1546148.6250,-4411280.5000,5003105.5000,1038398.1250,8864136.0000,-4956780.0000,67557.8438,-7112194.0000,4831906.0000,-2376556.5000,-5812778.0000,-8797075.0000,6110586.5000,5351.7593,5157291.5000
0.5703,5375279.0000,5235980.0000,4504393.5000,-4769098.5000,-4628736.0000,-2734374.5000,2163956.0000,-1795434.6250,-2814125.7500,500342.0625,-149897.6250,1358467.0000,6275938.0000,3456992.0000,-3175133.7500,-2176646.2500,-5399666.0000,1634406.8750,3441573.5000,-1187197.3750,2868958.5000,-8974655.0000,-2071374.5000,3000814.0000,8888062.0000,-2789137.0000,5235448.0000,3975376.0000,7792277.5000,-1188260.7500,6786878.5000,3419243.0000,5351.7593,-5436351.5000,-5686239.5000,4480468.0000,-4721247.5000,-1604563.0000,-3662149.0000,2553674.5000,-7130271.0000,-2223965.5000,1326566.5000,1978401.2500,2247961.0000,-3963609.2500,-1215376.2500,-636912.8125,-4837684.5000,-3974242.7500,6960205.0000,340307.5938,-4805252.0000,726836.0000,5457157.0000,1566884.0000,-4393203.5000,5021714.5000,1064981.8750,8888594.0000,-4934981.0000,86166.5078,-7100497.5000,4850514.5000,-2356884.5000,-5796296.0000,-8783783.0000,6123878.5000,23428.7422,5177495.5000
0.5723,5342846.5000,5201952.5000,4473556.5000,-4795682.0000,-4662231.5000,-2765743.2500,2127802.2500,-1833715.3750,-2854533.2500,459403.0312,-190304.9844,1324971.5000,6246164.0000,3429345.0000,-3210224.5000,-2213863.7500,-5439541.5000,1604633.0000,3405951.2500,-1221756.3750,2831741.0000,-9010809.0000,-2114440.2500,2956685.0000,8858820.0000,-2820506.0000,5199294.0000,3944007.2500,7760909.0000,-1220161.2500,6737432.5000,3376709.0000,-30802.2051,-5482075.5000,-5728241.5000,4449099.5000,-4749426.5000,-1626361.7500,-3698834.5000,2509013.7500,-7159513.5000,-2259587.7500,1289349.1250,1947564.0000,2224567.2500,-3983813.0000,-1246745.1250,-663496.5625,-4869585.0000,-4008801.7500,6926709.5000,305217.0000,-4840874.5000,693872.1250,5425788.0000,1539236.8750,-4421914.0000,4991409.0000,1041056.5000,8867326.0000,-4961033.5000,57456.0039,-7136119.5000,4818082.5000,-2385063.2500,-5826070.0000,-8816747.0000,6078686.0000,-4218.4077,5146658.0000
0.5743,5368898.5000,5230131.5000,4497482.0000,-4768035.0000,-4638306.0000,-2734374.5000,2151196.0000,-1812448.3750,-2836456.2500,466846.4688,-173291.3594,1353682.0000,6264772.5000,3453802.0000,-3186299.0000,-2196850.0000,-5421464.5000,1625900.0000,3428813.2500,-1202616.0000,2854071.5000,-8987947.0000,-2095299.8750,2971040.2500,8885403.0000,-2796580.5000,5213649.5000,3966337.5000,7783771.0000,-1199426.0000,6750193.0000,3395849.2500,-5281.7593,-5456555.5000,-5708569.5000,4472493.0000,-4718589.0000,-1590739.5000,-3674909.2500,2529217.5000,-7139841.5000,-2237789.0000,1308489.5000,1978932.8750,2257531.0000,-3949254.0000,-1223351.3750,-640634.5000,-4843001.0000,-3979559.5000,6956483.0000,328610.7500,-4815886.0000,713012.4375,5448650.0000,1563694.0000,-4397988.5000,5012676.0000,1071362.0000,8898164.0000,-4931259.5000,84039.7969,-7115916.0000,4838818.0000,-2364859.7500,-5807461.5000,-8782188.0000,6095168.0000,16516.9551,5168457.0000
0.5763,5358797.0000,5219498.0000,4490038.5000,-4774946.5000,-4651066.0000,-2742881.2500,2139499.0000,-1826803.6250,-2844963.0000,457808.0000,-182861.5312,1348365.2500,6256797.5000,3441573.5000,-3192679.0000,-2206420.2500,-5430503.0000,1616329.8750,3420838.0000,-1210591.1250,2833336.2500,-8992732.0000,-2109123.5000,2963065.0000,8884872.0000,-2798707.2500,5198762.5000,3962084.2500,7773137.5000,-1209527.7500,6729989.0000,3387874.2500,-18573.6582,-5476227.5000,-5741533.5000,4457606.0000,-4721779.0000,-1598714.6250,-3695112.7500,2503697.0000,-7148880.0000,-2252676.0000,1292539.2500,1962450.8750,2250619.2500,-3960950.7500,-1241428.3750,-658711.5000,-4852571.5000,-3988066.2500,6949571.5000,318508.9062,-4825456.0000,707164.0000,5439080.0000,1554123.7500,-4408090.5000,5006295.5000,1067640.2500,8892847.0000,-4935513.0000,76596.3359,-7126549.5000,4829247.5000,-2370708.0000,-5811183.0000,-8769428.0000,6104206.5000,11731.8711,5158886.5000
0.5783,5329554.5000,5191319.0000,4465049.5000,-4791428.5000,-4677650.0000,-2768933.2500,2117700.2500,-1854982.3750,-2869420.0000,438667.6562,-214230.4062,1322844.7500,6227023.5000,3413926.2500,-3210756.0000,-2228750.5000,-5455492.0000,1589214.3750,3393191.0000,-1235579.8750,2798245.5000,-9015062.0000,-2134112.2500,2944456.5000,8864668.0000,-2829012.7500,5168988.5000,3934968.7500,7748148.5000,-1236643.2500,6697025.5000,3355442.0000,-51537.5664,-5512913.0000,-5781941.0000,4428895.5000,-4745173.0000,-1620513.2500,-3723291.7500,2504228.7500,-7179185.5000,-2287235.0000,1256917.0000,1937993.8750,2228289.0000,-3988066.2500,-1276519.0000,-687422.0000,-4878623.5000,-4013586.7500,6927772.5000,293520.1250,-4843533.0000,684301.9375,5407711.0000,1528071.6250,-4433079.0000,4979180.5000,1045309.9375,8868390.0000,-4961565.0000,49480.8633,-7150475.0000,4801600.5000,-2395696.7500,-5838830.5000,-8791759.0000,6088256.5000,-6876.7871,5132303.0000
0.5803,5358797.0000,5222688.0000,4496418.5000,-4753679.5000,-4641496.0000,-2739159.5000,2143752.5000,-1824145.1250,-2836456.2500,470036.5312,-177544.7656,1366973.8750,6267963.0000,3447421.7500,-3165032.0000,-2196850.0000,-5417211.5000,1619520.0000,3434130.0000,-1191450.7500,2834931.2500,-8974123.0000,-2093704.8750,2982737.0000,8901354.0000,-2809340.7500,5199294.0000,3969527.7500,7792809.5000,-1202084.3750,6727331.0000,3387874.2500,-22827.0664,-5482075.5000,-5748977.0000,4460796.0000,-4706892.0000,-1579042.6250,-3683947.7500,2554206.2500,-7137183.0000,-2255334.5000,1284032.3750,1970957.7500,2264974.5000,-3957760.7500,-1238238.2500,-660838.1875,-4844596.5000,-3979027.7500,6962331.5000,328079.0625,-4808974.0000,722050.9375,5440675.0000,1559972.2500,-4402773.5000,5008422.5000,1078273.8750,8900290.0000,-4927537.5000,79254.7188,-7118574.5000,4835096.0000,-2363264.5000,-5810651.5000,-8755073.0000,6133449.0000,23960.4180,5164203.5000
0.5823,5335403.0000,5203016.0000,4482063.5000,-4764313.0000,-4650534.5000,-2757236.5000,2128865.5000,-1839032.1250,-2858255.0000,453554.5938,-187114.9375,1351023.6250,6256797.5000,3425091.5000,-3176728.7500,-2212800.2500,-5421996.5000,1600379.6250,3426154.7500,-1198362.6250,2815259.2500,-8985820.0000,-2105401.7500,2967318.5000,8891784.0000,-2819974.2500,5183344.0000,3958894.0000,7785366.0000,-1215376.2500,6705532.0000,3356505.2500,-39309.0195,-5498557.5000,-5766522.5000,4440592.5000,-4719652.5000,-1600309.6250,-3707341.5000,2535597.5000,-7147285.0000,-2276601.5000,1256917.0000,1949159.0000,2248492.5000,-3985408.0000,-1260037.0000,-685295.3125,-4865331.5000,-3997636.5000,6945849.5000,308407.0625,-4821734.0000,712480.7500,5422598.0000,1544022.0000,-4417660.5000,4995130.5000,1066577.0000,8892847.0000,-4941893.0000,66494.4922,-7129208.0000,4824462.5000,-2367518.0000,-5818095.0000,-8760921.0000,6132385.5000,14390.2510,5155165.0000
0.5843,5341251.5000,5199826.0000,4490038.5000,-4755806.5000,-4645749.5000,-2756704.7500,2130992.2500,-1833715.3750,-2865698.2500,443984.4062,-183393.2031,1351555.2500,6268494.5000,3421369.7500,-3175665.5000,-2207483.5000,-5407109.5000,1599316.2500,3429345.0000,-1194109.1250,2816854.2500,-8979440.0000,-2101148.2500,2968381.7500,8900290.0000,-2807745.7500,5191319.0000,3961552.5000,7798658.0000,-1211654.5000,6694367.0000,3367138.7500,-38245.6680,-5488987.5000,-5755889.0000,4444846.0000,-4716994.0000,-1602436.3750,-3702556.2500,2537724.2500,-7144626.5000,-2275538.0000,1246815.1250,1945969.0000,2244770.7500,-3991788.0000,-1256315.2500,-682636.9375,-4859483.0000,-3996041.5000,6949039.5000,312660.4688,-4819607.5000,709822.3750,5422066.5000,1545617.0000,-4417660.5000,4993535.5000,1067640.2500,8894442.0000,-4939766.5000,66494.4922,-7132398.0000,4820209.0000,-2364328.0000,-5817563.0000,-8772618.0000,6124942.0000,8541.8154,5146658.0000
0.5863,5363050.5000,5223751.0000,4515559.0000,-4728159.0000,-4617570.5000,-2737564.5000,2159171.0000,-1814043.3750,-2852406.5000,462061.4062,-157872.7500,1375480.6250,6290825.0000,3439978.5000,-3151740.0000,-2187811.5000,-5381057.5000,1617393.2500,3453270.2500,-1172842.1250,2843969.7500,-8950198.0000,-2074564.5000,2988585.5000,8927938.0000,-2779566.7500,5219498.0000,3989731.2500,7831090.0000,-1189324.1250,6703405.5000,3375645.5000,-14851.9268,-5457087.0000,-5724520.0000,4472493.0000,-4689347.0000,-1592866.1250,-3686074.2500,2541977.7500,-7121764.5000,-2251081.0000,1271803.8750,1967236.0000,2261784.5000,-3983281.2500,-1236643.2500,-659774.8750,-4846191.5000,-3974774.5000,6969775.0000,331800.7812,-4794087.0000,737469.5625,5449182.0000,1575390.8750,-4393203.5000,5017461.0000,1094224.1250,8923152.0000,-4913714.0000,90419.9141,-7105814.0000,4848919.5000,-2338807.5000,-5796296.0000,-8768365.0000,6138765.5000,30872.2051,5164735.0000
0.5883,5336466.5000,5193445.5000,4487911.5000,-4755274.5000,-4646813.0000,-2769465.0000,2139499.0000,-1844880.5000,-2891750.5000,434945.9375,-188178.2812,1349428.5000,6261582.5000,3410736.2500,-3186299.0000,-2219180.5000,-5414553.0000,1589746.1250,3427749.7500,-1204211.0000,2819512.5000,-8973060.0000,-2103275.0000,2958811.7500,8896569.0000,-2813594.2500,5195572.5000,3958894.0000,7806101.5000,-1221756.3750,6657681.0000,3331516.5000,-46752.4844,-5491646.0000,-5746850.5000,4441656.0000,-4721779.0000,-1635400.2500,-3729140.0000,2495722.0000,-7154196.5000,-2281918.2500,1242561.7500,1932145.3750,2221908.7500,-4031132.0000,-1272265.5000,-689017.0625,-4880218.5000,-4008801.7500,6941064.5000,298836.8750,-4821202.5000,711949.1250,5421003.0000,1546148.6250,-4421914.0000,4989814.0000,1067640.2500,8897632.0000,-4942424.5000,59051.0312,-7132398.0000,4821804.0000,-2360074.5000,-5823411.5000,-8810899.0000,6112181.5000,5351.7593,5132303.0000
0.5903,5339125.0000,5200889.0000,4494292.0000,-4749958.0000,-4636711.0000,-2762021.5000,2150132.5000,-1839032.1250,-2893345.5000,441326.0312,-180734.8281,1357935.3750,6268494.5000,3417116.2500,-3183109.0000,-2213863.7500,-5404451.0000,1595062.8750,3438915.0000,-1203147.6250,2838121.2500,-8956578.0000,-2091578.2500,2967318.5000,8897100.0000,-2809340.7500,5199294.0000,3963147.5000,7817266.5000,-1218566.2500,6646516.0000,3337896.5000,-39309.0195,-5488987.5000,-5738875.0000,4446441.0000,-4717525.5000,-1644438.7500,-3734456.7500,2489341.7500,-7143031.5000,-2268626.2500,1255853.6250,1941183.8750,2218187.0000,-4041765.5000,-1271202.2500,-690612.0625,-4871711.5000,-4001358.2500,6945849.5000,308407.0625,-4810037.5000,724177.6250,5428446.5000,1555718.8750,-4409685.5000,5002042.5000,1074552.1250,8905075.0000,-4936044.5000,64367.7891,-7125486.0000,4832437.5000,-2355289.5000,-5817031.5000,-8823659.0000,6109523.5000,-4218.4077,5135493.0000
0.5923,5339656.5000,5198231.0000,4496950.0000,-4751553.0000,-4634052.5000,-2758831.5000,2150132.5000,-1837968.7500,-2896004.0000,444516.0938,-178076.4375,1364847.1250,6264241.0000,3421369.7500,-3175133.7500,-2211737.0000,-5392222.5000,1599316.2500,3443168.5000,-1204211.0000,2847159.7500,-8947008.0000,-2083071.3750,2968381.7500,8900822.0000,-2802429.0000,5207801.0000,3968996.0000,7825773.5000,-1215376.2500,6637477.5000,3335770.0000,-39840.6953,-5492709.0000,-5736748.5000,4442719.0000,-4717525.5000,-1658794.0000,-3745622.0000,2489341.7500,-7135056.5000,-2268094.5000,1256385.2500,1939588.8750,2207021.7500,-4057715.7500,-1281304.0000,-696992.1875,-4872775.0000,-4004016.5000,6941596.0000,304153.6562,-4804189.0000,735874.5000,5434826.5000,1556782.1250,-4405432.0000,5007891.0000,1079337.1250,8908797.0000,-4932323.0000,68089.5234,-7120169.5000,4839349.5000,-2346782.7500,-5816500.0000,-8805050.0000,6108991.5000,-14851.9268,5132303.0000
0.5943,5324238.0000,5189192.5000,4482063.5000,-4763250.0000,-4653193.0000,-2777440.2500,2138967.2500,-1854982.3750,-2916207.5000,432819.2188,-194026.7188,1346770.1250,6245632.5000,3401697.7500,-3190552.5000,-2230345.5000,-5402324.5000,1587619.3750,3430940.0000,-1221224.6250,2843969.7500,-8958173.0000,-2099021.7500,2945519.7500,8877960.0000,-2805087.2500,5197167.5000,3957299.0000,7822583.5000,-1237174.8750,6612489.0000,3308122.7500,-54195.9453,-5515039.5000,-5751635.5000,4422515.5000,-4739324.5000,-1686441.1250,-3773801.0000,2481366.7500,-7152601.5000,-2286171.5000,1234054.8750,1914600.1250,2179906.5000,-4089084.7500,-1309482.8750,-708157.3750,-4890852.0000,-4022625.2500,6921924.0000,287140.0000,-4819076.0000,715139.1250,5416218.0000,1540831.8750,-4423509.0000,4992472.0000,1060196.8750,8891252.0000,-4946678.0000,50012.5391,-7140373.0000,4821804.0000,-2365391.2500,-5832450.0000,-8818342.0000,6086129.5000,-40372.3711,5098807.5000
0.5963,5341783.5000,5216839.5000,4509178.5000,-4736666.0000,-4629267.5000,-2756704.7500,2161297.7500,-1828930.2500,-2895472.2500,459403.0312,-163189.5156,1374417.3750,6266367.5000,3425623.2500,-3168222.0000,-2206420.2500,-5369892.0000,1609418.1250,3455397.0000,-1199957.6250,2873743.5000,-8929463.0000,-2079881.3750,2966255.2500,8906139.0000,-2764148.2500,5225878.0000,3986009.5000,7856610.5000,-1215907.8750,6626312.5000,3319819.7500,-21763.7148,-5475164.0000,-5723456.5000,4447504.5000,-4716994.0000,-1673680.8750,-3755724.0000,2513267.2500,-7122296.0000,-2260119.5000,1252131.8750,1936398.7500,2188945.0000,-4076856.2500,-1287152.5000,-681573.5625,-4861078.0000,-3999763.2500,6945318.0000,317445.5312,-4785048.5000,744381.3125,5441206.5000,1565820.6250,-4394798.5000,5022246.0000,1086249.0000,8916241.0000,-4921157.5000,73406.2812,-7112726.0000,4848388.0000,-2340402.5000,-5811183.0000,-8770491.0000,6111650.0000,-28675.5020,5111567.5000
0.5983,5339125.0000,5222688.0000,4515027.0000,-4737729.5000,-4625546.0000,-2756173.2500,2162892.7500,-1824676.8750,-2896535.5000,464719.7812,-154682.7031,1382392.5000,6267963.0000,3429345.0000,-3165032.0000,-2202698.5000,-5363512.0000,1609418.1250,3460713.7500,-1202084.3750,2877465.2500,-8919361.0000,-2076159.6250,2967318.5000,8911987.0000,-2750324.7500,5234384.5000,3984946.2500,7870966.0000,-1214844.5000,6620995.5000,3358632.0000,-15915.2783,-5463467.0000,-5711759.5000,4446972.5000,-4720716.0000,-1694947.8750,-3762635.7500,2515394.0000,-7116447.5000,-2259587.7500,1240966.6250,1925765.2500,2181501.5000,-4092274.7500,-1291937.5000,-686358.6250,-4863205.0000,-4004016.5000,6937874.5000,313192.1250,-4778668.5000,745444.6875,5442270.0000,1566884.0000,-4392140.0000,5022246.0000,1087844.0000,8914646.0000,-4924347.5000,71279.5781,-7110067.5000,4848919.5000,-2336680.7500,-5804803.0000,-8731679.0000,6129195.5000,-35055.6133,5107846.0000
0.6003,5322643.0000,5208332.5000,4502267.0000,-4753679.5000,-4633521.0000,-2773186.7500,2148537.5000,-1840627.1250,-2918334.2500,442389.3750,-169569.6250,1368037.2500,6252012.5000,3412331.2500,-3181514.0000,-2221307.0000,-5377335.5000,1591872.7500,3445295.2500,-1219629.6250,2858325.0000,-8928931.0000,-2096363.2500,2946051.5000,8899227.0000,-2766275.0000,5217903.0000,3962615.7500,7858205.5000,-1238238.2500,6590158.5000,3358100.2500,-27080.4727,-5477290.5000,-5717608.0000,4426237.5000,-4743046.0000,-1744925.5000,-3794536.2500,2513799.0000,-7119637.5000,-2276601.5000,1226611.3750,1902371.5000,2152259.2500,-4116200.2500,-1317989.6250,-696460.5000,-4876497.0000,-4018903.5000,6922987.5000,306280.3438,-4793023.5000,731621.1250,5424724.5000,1553592.1250,-4407027.0000,5012676.0000,1069767.0000,8899227.0000,-4938703.0000,55860.9766,-7122296.0000,4839349.5000,-2349972.7500,-5820753.5000,-8719982.0000,6118030.0000,-72272.9297,5074882.0000
0.6023,5339125.0000,5221624.5000,4518217.0000,-4744641.0000,-4612254.0000,-2759363.2500,2159702.7500,-1822018.5000,-2908764.0000,458339.6562,-154682.7031,1390899.2500,6269026.0000,3426154.7500,-3174602.0000,-2204293.5000,-5349156.5000,1604633.0000,3460182.0000,-1203679.3750,2881187.0000,-8907132.0000,-2084134.7500,2960938.2500,8918899.0000,-2750324.7500,5236511.5000,3971122.7500,7872561.0000,-1228668.1250,6597602.0000,3357568.7500,-4750.0835,-5462403.5000,-5697936.0000,4435276.0000,-4739324.5000,-1757685.7500,-3790282.7500,2544636.0000,-7095712.0000,-2262246.2500,1243625.0000,1902903.2500,2159702.7500,-4112478.5000,-1312672.8750,-666686.6250,-4855761.5000,-4001890.0000,6940533.0000,323293.9688,-4774946.5000,748634.7500,5443865.0000,1573795.7500,-4386291.5000,5030753.0000,1083058.8750,8913582.0000,-4927006.0000,68621.1953,-7101029.0000,4857958.0000,-2335617.5000,-5806398.0000,-8713602.0000,6127600.5000,-63234.4375,5081262.0000
0.6043,5331150.0000,5210459.5000,4511305.5000,-4748363.0000,-4615975.5000,-2767870.0000,2143220.7500,-1828398.6250,-2918866.0000,450364.5312,-163189.5156,1383987.5000,6267431.0000,3416584.7500,-3187894.0000,-2209078.5000,-5344371.5000,1595062.8750,3452207.0000,-1209527.7500,2876933.5000,-8909259.0000,-2095831.6250,2954026.5000,8919431.0000,-2742349.5000,5229068.0000,3961020.7500,7864585.5000,-1240896.6250,6577398.0000,3324604.7500,-6345.1113,-5465594.0000,-5704848.0000,4423579.0000,-4758996.5000,-1791713.0000,-3809954.7500,2521774.0000,-7102092.5000,-2267563.0000,1242030.0000,1884294.6250,2141625.7500,-4130555.5000,-1328091.5000,-661369.8750,-4860546.5000,-4008801.7500,6934152.5000,319040.5625,-4785048.5000,740127.9375,5441206.5000,1570605.7500,-4386291.5000,5030753.0000,1079337.1250,8904544.0000,-4933918.0000,62241.0859,-7102624.0000,4856895.0000,-2339870.7500,-5816500.0000,-8738059.0000,6111118.5000,-65892.8203,5071160.0000
0.6063,5313604.5000,5195040.5000,4488975.0000,-4769630.0000,-4631926.0000,-2779566.7500,2121422.0000,-1848070.6250,-2935879.5000,425907.4375,-186583.2656,1370695.6250,6258924.5000,3410204.5000,-3210224.5000,-2227155.5000,-5357663.5000,1579644.2500,3436788.2500,-1226009.7500,2863110.0000,-8924146.0000,-2118162.0000,2932759.5000,8901354.0000,-2744476.2500,5213117.5000,3942412.2500,7838533.5000,-1265885.3750,6556131.0000,3301742.7500,-18573.6582,-5478354.0000,-5719203.0000,4404438.5000,-4785048.5000,-1827866.8750,-3830690.2500,2493063.5000,-7115384.0000,-2285640.0000,1228206.5000,1866217.6250,2116105.2500,-4149695.7500,-1345105.1250,-678383.5000,-4871711.5000,-4022625.2500,6920329.0000,304685.3125,-4806847.5000,719924.2500,5423661.5000,1557845.5000,-4399052.0000,5019587.5000,1061260.2500,8890720.0000,-4950931.5000,44164.1055,-7116447.5000,4843071.0000,-2355821.2500,-5835108.5000,-8756136.0000,6075496.0000,-73336.2812,5053615.0000
0.6083,5329554.5000,5216839.5000,4508647.0000,-4744109.5000,-4600025.5000,-2750856.2500,2138967.2500,-1823081.8750,-2913549.2500,443452.7500,-169569.6250,1393026.0000,6285508.0000,3442636.7500,-3192147.5000,-2202698.5000,-5333738.0000,1600379.6250,3460713.7500,-1205274.3750,2890757.2500,-8899157.0000,-2092641.5000,2956153.2500,8929001.0000,-2713107.2500,5240765.0000,3963147.5000,7857674.0000,-1248871.7500,6582183.5000,3307059.5000,12263.5469,-5446985.0000,-5691556.0000,4424110.5000,-4773351.5000,-1826271.8750,-3808891.5000,2524432.5000,-7088800.5000,-2256929.5000,1244688.3750,1886421.2500,2127802.2500,-4131087.2500,-1325433.1250,-667750.0000,-4846191.5000,-3999231.5000,6942659.5000,323825.6562,-4787175.5000,738532.8750,5449182.0000,1583897.6250,-4370873.0000,5045640.0000,1082527.2500,8918367.0000,-4927537.5000,67026.1719,-7090395.5000,4868591.5000,-2335617.5000,-5813310.0000,-8749224.0000,6089851.5000,-48879.1875,5075413.5000
0.6103,5308287.5000,5190787.5000,4474620.0000,-4770161.5000,-4622355.5000,-2766806.7500,2108130.2500,-1843285.5000,-2936411.2500,418463.9688,-197748.4531,1372822.2500,6266367.5000,3428281.5000,-3215541.2500,-2225028.7500,-5352878.5000,1578049.2500,3432003.2500,-1228668.1250,2864705.0000,-8919892.0000,-2114972.0000,2930632.7500,8908797.0000,-2742881.2500,5217903.0000,3937627.0000,7831090.0000,-1274923.8750,6555599.5000,3275690.5000,-5281.7593,-5463467.0000,-5716013.0000,4395932.0000,-4813227.5000,-1867742.6250,-3837602.0000,2510077.2500,-7107409.0000,-2280323.2500,1221294.6250,1860369.1250,2095369.8750,-4155012.5000,-1354143.6250,-691143.7500,-4866926.5000,-4019966.7500,6921392.5000,303090.2812,-4811632.5000,716734.1875,5426319.5000,1562630.6250,-4391076.5000,5024372.5000,1055943.3750,8898164.0000,-4949336.5000,42037.3984,-7112726.0000,4848919.5000,-2357947.7500,-5837235.5000,-8774745.0000,6064862.5000,-67487.8438,5058931.5000
0.6123,5300312.5000,5176432.0000,4458669.5000,-4779200.0000,-4628736.0000,-2764148.2500,2094306.6250,-1849134.0000,-2945449.7500,415273.9062,-208381.9688,1368568.8750,6261582.5000,3428281.5000,-3220858.0000,-2228219.0000,-5356068.5000,1577517.5000,3421901.5000,-1233984.8750,2867363.5000,-8920956.0000,-2120820.2500,2923721.0000,8908797.0000,-2746071.2500,5205674.0000,3929120.2500,7822583.5000,-1289279.1250,6543371.0000,3282070.7500,-9003.4912,-5463467.0000,-5726115.0000,4388488.5000,-4828114.5000,-1892731.3750,-3856742.2500,2484556.7500,-7114321.0000,-2281918.2500,1214914.5000,1854520.7500,2086331.3750,-4162987.7500,-1363713.7500,-696460.5000,-4869585.0000,-4021562.0000,6919797.5000,297241.8438,-4819076.0000,710885.7500,5426319.5000,1562099.0000,-4393735.0000,5022777.5000,1047436.6250,8891784.0000,-4952526.5000,39379.0195,-7118042.5000,4843603.0000,-2363796.2500,-5843083.5000,-8770491.0000,6061672.5000,-68551.1953,5059463.5000
0.6143,5325833.0000,5191319.0000,4471429.5000,-4762718.0000,-4603215.5000,-2732247.7500,2116105.2500,-1825208.5000,-2927904.5000,440262.6875,-190304.9844,1393026.0000,6282849.5000,3460182.0000,-3191615.7500,-2202698.5000,-5321509.5000,1603038.0000,3435725.0000,-1208464.3750,2891820.5000,-8894904.0000,-2096363.2500,2946583.0000,8938039.0000,-2718955.7500,5226941.5000,3948792.2500,7841723.5000,-1271733.8750,6564106.5000,3315566.2500,19175.3340,-5433693.0000,-5713886.5000,4409223.5000,-4812164.0000,-1880502.8750,-3839197.0000,2486683.5000,-7089864.0000,-2255334.5000,1242030.0000,1879509.5000,2107066.7500,-4142784.0000,-1346168.5000,-665623.3125,-4843001.0000,-3993914.7500,6945318.0000,323293.9688,-4800467.0000,734811.1875,5453435.0000,1588151.1250,-4365024.5000,5048298.0000,1069767.0000,8919962.0000,-4927537.5000,62241.0859,-7095712.0000,4871781.5000,-2339870.7500,-5818626.5000,-8748161.0000,6092509.5000,-40904.0469,5075413.5000
0.6163,5292337.5000,5161013.5000,4429959.0000,-4804720.5000,-4637242.5000,-2763616.5000,2091116.5000,-1857640.7500,-2958210.0000,411020.5000,-226990.6250,1355808.6250,6250949.0000,3433598.2500,-3216072.7500,-2230877.2500,-5341181.5000,1574859.1250,3399571.0000,-1232921.5000,2860983.2500,-8924146.0000,-2128263.7500,2913619.2500,8911456.0000,-2747134.7500,5190787.5000,3918486.7500,7806633.0000,-1302039.3750,6533269.0000,3284729.0000,-7940.1392,-5457618.5000,-5756420.5000,4382108.0000,-4847786.5000,-1912935.1250,-3865249.2500,2448934.5000,-7115916.0000,-2282449.7500,1222358.0000,1844418.8750,2076229.6250,-4166709.5000,-1364245.5000,-684763.6250,-4870648.5000,-4018903.5000,6922456.0000,298836.8750,-4832899.5000,703442.3125,5427383.0000,1561035.6250,-4393203.5000,5024904.5000,1039993.1875,8896569.0000,-4958375.0000,30340.5293,-7124422.5000,4843071.0000,-2363796.2500,-5844678.5000,-8772618.0000,6066457.5000,-55259.2969,5042981.5000
0.6183,5294996.0000,5165798.5000,4432617.5000,-4806315.5000,-4632457.5000,-2758299.7500,2103345.0000,-1851260.6250,-2951830.0000,421122.3438,-225927.2812,1359530.3750,6257329.5000,3446890.2500,-3200654.2500,-2220775.5000,-5325763.0000,1579112.6250,3399039.2500,-1223883.0000,2868426.7500,-8912449.0000,-2114440.2500,2929037.7500,8920494.0000,-2745539.5000,5192914.0000,3924866.7500,7801848.0000,-1298849.3750,6544434.5000,3303337.7500,3225.0557,-5441668.5000,-5758547.0000,4393273.5000,-4846723.0000,-1901769.8750,-3848235.5000,2476581.5000,-7102092.5000,-2265968.0000,1235649.8750,1850799.0000,2085268.1250,-4154480.7500,-1349358.5000,-666154.9375,-4852571.5000,-3999231.5000,6942128.0000,315318.8438,-4821734.0000,717797.5625,5440675.0000,1574327.5000,-4377785.0000,5035538.0000,1048500.0000,8913582.0000,-4948804.5000,43100.7539,-7117511.0000,4853704.5000,-2354757.7500,-5838298.5000,-8761985.0000,6066457.5000,-57386.0039,5040854.5000
0.6203,5295527.5000,5170583.5000,4434212.5000,-4806315.5000,-4627141.0000,-2747666.2500,2115042.0000,-1840095.5000,-2944386.5000,429097.5000,-222737.2188,1363252.1250,6265304.5000,3459650.5000,-3183109.0000,-2209610.2500,-5302901.0000,1580175.8750,3404356.0000,-1218566.2500,2871085.2500,-8911386.0000,-2103275.0000,2946051.5000,8930596.0000,-2735437.7500,5198231.0000,3931247.0000,7800784.5000,-1294064.2500,6558258.0000,3310249.5000,10136.8428,-5417743.0000,-5748445.5000,4404970.0000,-4847786.5000,-1893263.0000,-3837070.2500,2496253.5000,-7089864.0000,-2255334.5000,1239903.3750,1856115.7500,2087926.5000,-4147569.0000,-1337661.7500,-662964.9375,-4839279.5000,-3984344.5000,6954356.5000,327015.7188,-4810037.5000,724177.6250,5450245.0000,1587087.7500,-4365556.0000,5050956.5000,1055411.7500,8926874.0000,-4940829.5000,49480.8633,-7105814.0000,4866465.0000,-2343061.0000,-5826601.5000,-8760390.0000,6064862.5000,-56322.6523,5046171.5000
0.6223,5257778.5000,5136556.5000,4394336.5000,-4844064.5000,-4667548.0000,-2782757.0000,2081546.3750,-1878907.7500,-2989047.2500,384436.7188,-261017.8906,1320186.3750,6230214.0000,3430940.0000,-3211287.7500,-2245764.2500,-5328953.0000,1539768.5000,3365543.7500,-1252061.8750,2828019.5000,-8948071.0000,-2140492.5000,2914682.5000,8899759.0000,-2776376.7500,5156228.5000,3892966.2500,7760909.0000,-1329154.8750,6529547.5000,3269842.0000,-29207.1777,-5443263.5000,-5786726.0000,4370943.0000,-4890852.0000,-1926227.0000,-3866312.5000,2469669.7500,-7124954.5000,-2287766.5000,1199496.0000,1819961.7500,2056025.8750,-4175216.2500,-1364777.1250,-692738.7500,-4873307.0000,-4016776.7500,6923519.0000,290861.7500,-4847254.5000,688555.3750,5414091.0000,1556250.5000,-4398520.0000,5019056.0000,1021384.5000,8891252.0000,-4976983.5000,13858.5742,-7143563.0000,4832437.5000,-2377088.2500,-5862755.5000,-8806114.0000,6019670.0000,-95134.9922,4997789.0000
0.6243,5284894.0000,5167393.5000,4429427.5000,-4815354.0000,-4634052.5000,-2749261.2500,2121953.7500,-1847538.8750,-2957146.7500,408893.8125,-228053.9844,1344643.5000,6259456.0000,3467093.7500,-3174070.5000,-2213332.0000,-5300774.0000,1563162.2500,3394786.0000,-1224946.3750,2858856.5000,-8915639.0000,-2109655.2500,2945519.7500,8935913.0000,-2755641.5000,5186534.0000,3920081.7500,7790682.5000,-1302571.1250,6563043.0000,3303869.2500,5351.7593,-5401261.0000,-5758015.5000,4409223.5000,-4862673.0000,-1888478.0000,-3832285.2500,2503697.0000,-7089864.0000,-2251081.0000,1223421.3750,1853989.0000,2086863.1250,-4141720.7500,-1326496.5000,-654458.1250,-4838216.0000,-3980091.2500,6958078.0000,324889.0000,-4819076.0000,719392.5625,5444396.5000,1586024.3750,-4366619.5000,5052551.5000,1049563.3750,8920494.0000,-4946678.0000,46822.4844,-7113789.0000,4863275.0000,-2353162.7500,-5837767.0000,-8793885.0000,6037215.5000,-68019.5234,5010549.0000
0.6263,5271602.0000,5153038.5000,4425174.0000,-4830241.0000,-4648408.0000,-2756173.2500,2120890.2500,-1858172.5000,-2965121.7500,392411.8438,-245067.6094,1327098.1250,6247759.0000,3453270.2500,-3179918.7500,-2223433.7500,-5304496.0000,1553592.1250,3383089.0000,-1235579.8750,2850349.7500,-8920424.0000,-2119225.2500,2937544.5000,8927406.0000,-2774250.0000,5179090.5000,3906258.2500,7776859.0000,-1316394.6250,6552409.5000,3301211.0000,-9003.4912,-5407641.0000,-5765990.5000,4395400.0000,-4880218.5000,-1893263.0000,-3836538.7500,2498912.0000,-7102624.0000,-2263309.5000,1218636.2500,1840165.5000,2070381.1250,-4152354.2500,-1335535.0000,-665623.3125,-4852571.5000,-3995509.7500,6941596.0000,305748.6562,-4837153.0000,705037.3125,5429510.0000,1571669.1250,-4376189.5000,5041386.5000,1030954.6875,8904012.0000,-4963691.5000,26618.7969,-7127081.0000,4851046.5000,-2360606.2500,-5847337.0000,-8807709.0000,6032962.0000,-78121.3672,4991409.0000
0.6283,5245550.0000,5125923.0000,4410818.5000,-4859483.0000,-4673928.5000,-2774250.0000,2108661.7500,-1877844.5000,-2988515.5000,363701.3438,-265271.3125,1303172.7500,6226492.0000,3418711.2500,-3194274.0000,-2243637.5000,-5327358.0000,1532325.1250,3363417.0000,-1264290.3750,2830146.0000,-8940628.0000,-2137302.2500,2919467.7500,8906671.0000,-2804024.0000,5157823.5000,3882332.7500,7748680.5000,-1340320.1250,6531674.0000,3284197.2500,-30802.2051,-5437946.5000,-5792043.0000,4374133.0000,-4910524.0000,-1909213.3750,-3851425.5000,2481898.2500,-7124954.5000,-2289361.7500,1209597.7500,1821556.7500,2049114.1250,-4168304.5000,-1352548.6250,-687422.0000,-4871711.5000,-4016776.7500,6919797.5000,283418.2812,-4863736.5000,681111.8750,5406116.0000,1551465.3750,-4396925.0000,5023841.0000,1002775.8125,8881682.0000,-4991339.0000,4288.4077,-7154728.5000,4832437.5000,-2382405.0000,-5871262.5000,-8823659.0000,6013290.0000,-102578.4609,4958976.5000
0.6303,5270538.5000,5154633.5000,4448036.0000,-4839279.5000,-4635116.0000,-2742881.2500,2140030.7500,-1842753.8750,-2959805.0000,401450.3438,-230712.3594,1337200.0000,6266367.5000,3453802.0000,-3154930.0000,-2210673.5000,-5297584.0000,1564757.3750,3401166.0000,-1237174.8750,2861515.0000,-8904474.0000,-2104338.5000,2944456.5000,8947078.0000,-2765743.2500,5189192.5000,3915828.2500,7776859.0000,-1312141.2500,6569423.0000,3308122.7500,2693.3796,-5411363.0000,-5762269.0000,4408160.5000,-4879687.0000,-1868806.0000,-3803574.7500,2511140.5000,-7096775.5000,-2260651.2500,1243093.3750,1849735.6250,2083141.3750,-4131087.2500,-1311077.8750,-654989.7500,-4839811.0000,-3982749.5000,6950634.5000,315318.8438,-4835558.0000,707164.0000,5434826.5000,1579112.6250,-4364493.0000,5052020.0000,1026701.2500,8904012.0000,-4965818.5000,31935.5566,-7124422.5000,4862211.5000,-2352099.5000,-5840425.5000,-8784315.0000,6051039.0000,-80248.0703,4982902.0000
0.6323,5256183.5000,5137619.5000,4431554.0000,-4854166.5000,-4642027.5000,-2754046.5000,2130460.5000,-1858172.5000,-2977882.0000,396133.5938,-240814.2031,1317528.0000,6257861.0000,3443168.5000,-3163437.0000,-2222902.2500,-5310344.5000,1547212.0000,3385747.5000,-1248340.1250,2854603.2500,-8915107.0000,-2112313.5000,2931164.5000,8935381.0000,-2776908.5000,5168988.5000,3905194.7500,7760377.0000,-1324369.7500,6558789.5000,3306527.7500,-15915.2783,-5427845.0000,-5793106.0000,4395932.0000,-4896169.0000,-1872527.7500,-3810486.5000,2499975.2500,-7110599.0000,-2277664.7500,1237776.6250,1835912.0000,2075166.2500,-4137467.2500,-1315863.0000,-659774.8750,-4858420.0000,-4000294.7500,6928836.0000,297241.8438,-4848318.0000,691745.4375,5422598.0000,1564757.3750,-4380443.0000,5039259.5000,1003839.1875,8886467.0000,-4984427.0000,16516.9551,-7143563.0000,4847856.5000,-2360606.2500,-5849995.5000,-8787505.0000,6036683.5000,-100983.4297,4968547.0000
0.6343,5264690.5000,5136556.5000,4434212.5000,-4853634.5000,-4635647.5000,-2753514.7500,2138435.7500,-1854450.7500,-2980540.5000,400918.6562,-240814.2031,1313806.2500,6264241.0000,3447421.7500,-3158651.7500,-2221838.7500,-5314066.0000,1545085.2500,3389469.2500,-1249403.5000,2865236.7500,-8917234.0000,-2110186.7500,2937013.0000,8934318.0000,-2776376.7500,5167393.5000,3896688.0000,7755592.0000,-1327028.1250,6558789.5000,3317693.0000,-22827.0664,-5428908.0000,-5792574.5000,4394868.5000,-4892979.0000,-1860299.1250,-3804638.0000,2503697.0000,-7103155.5000,-2280323.2500,1247878.5000,1838038.7500,2080483.0000,-4127365.5000,-1308951.2500,-657116.5000,-4857356.5000,-4000826.5000,6926709.5000,298836.8750,-4847254.5000,691213.7500,5422066.5000,1564225.6250,-4380443.0000,5039259.5000,996927.4375,8889125.0000,-4990275.5000,13326.8984,-7139309.5000,4848919.5000,-2363264.5000,-5853185.5000,-8793354.0000,6022328.5000,-111085.2734,4968547.0000
0.6363,5295527.5000,5161013.5000,4459733.0000,-4823329.0000,-4604810.5000,-2717892.5000,2167677.7500,-1828930.2500,-2957146.7500,427502.4688,-211572.0312,1333478.2500,6289761.5000,3479854.0000,-3133663.0000,-2194191.7500,-5292267.5000,1567415.7500,3421901.5000,-1227073.1250,2891820.5000,-8893309.0000,-2085729.7500,2973167.0000,8962496.0000,-2752983.0000,5190787.5000,3917955.0000,7777922.5000,-1305229.5000,6587500.0000,3348530.2500,-2091.7039,-5394349.0000,-5768117.5000,4416667.0000,-4870116.5000,-1824676.8750,-3774864.2500,2530812.5000,-7075508.5000,-2258524.5000,1268613.8750,1868344.2500,2107066.7500,-4098655.0000,-1279709.0000,-643824.5625,-4837153.0000,-3980091.2500,6942128.0000,318508.9062,-4816949.0000,719924.2500,5449182.0000,1588682.7500,-4355454.5000,5066375.0000,1013941.0625,8911987.0000,-4967413.5000,37252.3164,-7113257.5000,4875503.5000,-2334022.5000,-5827665.0000,-8772618.0000,6040405.5000,-91413.2656,4991409.0000
0.6383,5276387.0000,5133366.5000,4443251.0000,-4840874.5000,-4619165.5000,-2738096.2500,2149600.7500,-1850197.2500,-2985325.5000,404108.7188,-226990.6250,1312211.2500,6273811.0000,3460182.0000,-3157056.7500,-2218648.7500,-5320978.0000,1544022.0000,3396381.0000,-1249403.5000,2866300.0000,-8916171.0000,-2111781.7500,2953495.0000,8942824.0000,-2773186.7500,5167393.5000,3890308.0000,7756124.0000,-1329154.8750,6563043.0000,3326199.7500,-29207.1777,-5406046.0000,-5784599.5000,4392741.5000,-4894574.0000,-1837968.7500,-3804106.5000,2490405.2500,-7099965.5000,-2285640.0000,1236181.6250,1846545.6250,2086331.3750,-4110351.7500,-1302039.3750,-676788.5000,-4861078.0000,-4009333.2500,6907037.5000,288735.0312,-4840343.0000,700252.2500,5426851.5000,1567415.7500,-4375126.5000,5049361.5000,989483.9375,8894442.0000,-4993465.5000,14390.2510,-7132929.5000,4856363.0000,-2348377.7500,-5844147.0000,-8800797.0000,6018607.0000,-97261.6953,4965888.5000
0.6403,5281172.0000,5142936.5000,4456011.0000,-4824924.0000,-4604810.5000,-2720550.7500,2168741.2500,-1838500.3750,-2983730.5000,411020.5000,-217952.1406,1324439.7500,6286040.0000,3474537.2500,-3150676.7500,-2211737.0000,-5318319.5000,1551997.1250,3405419.5000,-1241428.3750,2878528.5000,-8910322.0000,-2108060.2500,2959343.2500,8955053.0000,-2768401.7500,5178027.0000,3893498.0000,7760377.0000,-1321711.3750,6575803.0000,3335770.0000,-14320.2510,-5388501.0000,-5764927.5000,4398590.0000,-4880750.0000,-1809789.8750,-3789219.5000,2493063.5000,-7091459.0000,-2282981.5000,1245220.1250,1861432.5000,2097496.5000,-4099186.5000,-1287152.5000,-676256.8125,-4852039.5000,-4003485.0000,6912885.5000,298305.2188,-4828646.0000,712480.7500,5440143.5000,1579112.6250,-4366619.5000,5059995.0000,991079.0000,8901885.0000,-4988680.5000,22897.0664,-7122296.0000,4866465.0000,-2340934.2500,-5838298.5000,-8789100.0000,6014885.0000,-81843.0938,4968015.0000
0.6423,5282767.0000,5146658.0000,4458138.0000,-4820139.0000,-4600025.5000,-2708854.0000,2183628.2500,-1839032.1250,-2982667.0000,416337.2812,-206786.9375,1330819.8750,6289761.5000,3478259.0000,-3152271.7500,-2210142.0000,-5321509.5000,1557313.8750,3406482.7500,-1240365.0000,2886503.7500,-8914044.0000,-2107528.5000,2956685.0000,8959306.0000,-2757236.5000,5179622.0000,3887117.7500,7760377.0000,-1325964.8750,6584310.0000,3337896.5000,-17510.3066,-5383715.5000,-5758015.5000,4390083.5000,-4888725.5000,-1801283.1250,-3791878.0000,2484556.7500,-7089864.0000,-2289893.2500,1234054.8750,1860900.8750,2099091.7500,-4099186.5000,-1287152.5000,-679978.5625,-4858951.5000,-4010928.2500,6902784.0000,297241.8438,-4825987.5000,714075.8125,5441738.5000,1582834.2500,-4361834.5000,5063185.0000,988952.2500,8904012.0000,-4986022.0000,21302.0371,-7119637.5000,4868591.5000,-2338807.5000,-5836172.0000,-8794417.0000,6023923.5000,-81311.4219,4967483.5000
0.6443,5256715.0000,5120606.0000,4435807.5000,-4843533.0000,-4620229.0000,-2719487.5000,2171399.5000,-1857640.7500,-3010846.0000,389221.7812,-229649.0156,1311147.8750,6268494.5000,3458587.0000,-3171412.0000,-2233535.7500,-5346498.5000,1534983.5000,3379899.0000,-1258442.0000,2855666.5000,-8939564.0000,-2131985.5000,2938608.0000,8936976.0000,-2774250.0000,5156228.5000,3862660.7500,7734856.5000,-1347763.5000,6563043.0000,3321414.7500,-40904.0469,-5401261.0000,-5777687.5000,4362436.0000,-4912119.0000,-1810853.2500,-3805169.7500,2457973.0000,-7110067.5000,-2313818.7500,1213319.5000,1836443.7500,2078356.2500,-4119390.2500,-1310014.5000,-708157.3750,-4887130.5000,-4035917.2500,6874605.0000,270658.0625,-4849381.5000,691745.4375,5422066.5000,1564757.3750,-4380443.0000,5045108.0000,962900.1250,8885935.0000,-5010479.0000,35.0000,-7141436.5000,4846793.0000,-2353694.5000,-5853717.0000,-8824191.0000,6005846.5000,-102046.7812,4945684.5000
0.6463,5274260.5000,5142405.0000,4458138.0000,-4821734.0000,-4595240.0000,-2689713.7500,2201705.0000,-1834778.7500,-2986920.5000,408893.8125,-206786.9375,1345175.1250,6295610.0000,3485170.7500,-3146423.2500,-2203761.7500,-5320978.0000,1561567.2500,3402229.5000,-1233453.2500,2867895.0000,-8922019.0000,-2110186.7500,2957748.2500,8966750.0000,-2752451.5000,5181217.0000,3888713.0000,7758250.5000,-1324369.7500,6588031.5000,3353315.2500,-15383.6025,-5366702.0000,-5746318.5000,4383703.0000,-4886598.5000,-1776826.0000,-3773269.2500,2468606.5000,-7089332.0000,-2288298.2500,1238840.0000,1858242.5000,2104940.0000,-4090679.7500,-1288215.8750,-693270.4375,-4860015.0000,-4013586.7500,6896935.5000,299368.5625,-4823861.0000,717797.5625,5446523.5000,1588682.7500,-4354922.5000,5074350.5000,985762.1875,8914646.0000,-4983363.5000,25555.4453,-7116979.5000,4872845.0000,-2328174.0000,-5825538.5000,-8803455.0000,6038810.5000,-79184.7188,4978117.0000
0.6483,5270007.0000,5134429.5000,4450694.5000,-4823861.0000,-4598430.5000,-2688118.5000,2205426.7500,-1837968.7500,-2995959.0000,401982.0312,-212635.3750,1344111.7500,6289761.5000,3488361.0000,-3147486.5000,-2206420.2500,-5331611.5000,1554123.7500,3400102.7500,-1229199.7500,2863110.0000,-8931058.0000,-2116035.2500,2954558.2500,8965687.0000,-2762021.5000,5184407.0000,3887117.7500,7751870.5000,-1328623.2500,6586436.5000,3341086.7500,-21763.7148,-5369360.5000,-5747913.5000,4375728.0000,-4892979.0000,-1775231.0000,-3777522.7500,2447871.0000,-7097307.5000,-2290956.7500,1227143.1250,1843887.2500,2101750.0000,-4094401.5000,-1290874.2500,-690080.3750,-4868521.5000,-4023157.0000,6887897.0000,292988.4375,-4826519.5000,711949.1250,5442270.0000,1583366.0000,-4358644.5000,5069565.0000,975128.6875,8908797.0000,-4988149.0000,21833.7148,-7122296.0000,4868060.0000,-2328705.7500,-5823411.5000,-8791227.0000,6046785.5000,-72272.9297,4984497.0000
0.6503,5260968.5000,5121138.0000,4435807.5000,-4842469.5000,-4611190.5000,-2695562.0000,2203831.7500,-1847007.2500,-3008187.5000,382310.0000,-224863.9219,1329756.5000,6272748.0000,3473474.0000,-3160246.7500,-2218648.7500,-5342776.5000,1544553.6250,3384684.0000,-1235048.2500,2845564.7500,-8947008.0000,-2129327.2500,2943924.7500,8955585.0000,-2777971.7500,5174305.5000,3879142.7500,7738578.5000,-1335003.2500,6574208.0000,3320883.0000,-35587.2891,-5385842.5000,-5755889.0000,4366689.5000,-4900422.0000,-1774699.3750,-3781776.0000,2445212.7500,-7105282.5000,-2303185.2500,1217041.2500,1838038.7500,2098028.2500,-4098655.0000,-1294596.0000,-685827.0000,-4878623.5000,-4033790.5000,6878858.5000,286608.3438,-4838216.0000,701315.5625,5429510.0000,1570074.1250,-4373531.5000,5057336.5000,959178.4375,8893379.0000,-5002504.0000,10668.5186,-7137183.0000,4856895.0000,-2337744.2500,-5833513.5000,-8792290.0000,6032430.5000,-78121.3672,4973332.0000
0.6523,5281704.0000,5138151.5000,4453353.0000,-4825456.0000,-4588860.0000,-2680675.2500,2236264.0000,-1826271.8750,-2986920.5000,395601.9062,-205191.9219,1353682.0000,6284444.5000,3487829.2500,-3137916.5000,-2197381.7500,-5316193.0000,1564757.3750,3405419.5000,-1222288.0000,2866300.0000,-8928399.0000,-2113908.5000,2956685.0000,8978978.0000,-2761490.0000,5196104.0000,3899878.0000,7749212.0000,-1315863.0000,6598133.5000,3329921.5000,-16978.6309,-5365638.5000,-5733558.5000,4385298.0000,-4877560.0000,-1742267.1250,-3752533.7500,2486151.7500,-7082952.0000,-2284045.0000,1235118.2500,1859305.7500,2119827.0000,-4074729.5000,-1266417.1250,-658711.5000,-4857356.5000,-4013055.0000,6904379.0000,308938.7188,-4821734.0000,719392.5625,5448118.5000,1586556.0000,-4358644.5000,5075413.5000,970343.6250,8902949.0000,-4984427.0000,28745.5020,-7119637.5000,4871781.5000,-2321793.7500,-5811183.0000,-8770491.0000,6046254.0000,-52600.9180,4988219.0000
0.6543,5276919.0000,5131771.5000,4443782.5000,-4834494.5000,-4594708.5000,-2692372.0000,2235200.7500,-1834247.0000,-2991174.0000,381246.6562,-212635.3750,1344111.7500,6270621.0000,3472942.2500,-3152271.7500,-2200571.7500,-5317256.0000,1561567.2500,3397976.0000,-1230794.8750,2863110.0000,-8932653.0000,-2117098.7500,2949773.2500,8972598.0000,-2774781.7500,5183875.5000,3889244.5000,7732198.5000,-1317989.6250,6592817.0000,3321414.7500,-23358.7422,-5374145.5000,-5739407.0000,4376259.5000,-4884472.0000,-1742798.7500,-3759977.2500,2502633.7500,-7089864.0000,-2290425.0000,1228206.5000,1851330.6250,2113978.5000,-4081109.5000,-1277582.2500,-672003.3750,-4870116.5000,-4019435.2500,6898530.5000,297773.5312,-4831304.5000,709290.6875,5436421.5000,1574327.5000,-4368214.5000,5065843.5000,955456.6875,8887530.0000,-4995592.0000,20770.3613,-7128144.5000,4859021.5000,-2327642.2500,-5818626.5000,-8777935.0000,6035088.5000,-50474.2148,4982902.0000
0.6563,5279045.5000,5124859.5000,4431022.5000,-4844064.5000,-4605874.0000,-2705132.2500,2229352.2500,-1839032.1250,-2992237.2500,374334.8750,-220078.8438,1325503.1250,6252544.0000,3453270.2500,-3162373.5000,-2212800.2500,-5321509.5000,1557845.5000,3384684.0000,-1245150.1250,2857793.2500,-8937969.0000,-2123478.7500,2943924.7500,8964623.0000,-2783288.5000,5173773.5000,3878079.5000,7713589.5000,-1321179.7500,6584310.0000,3294830.7500,-28675.5020,-5391159.0000,-5752699.0000,4366689.5000,-4888193.5000,-1743330.5000,-3765825.7500,2470201.5000,-7103155.5000,-2295210.0000,1221294.6250,1846545.6250,2111851.7500,-4084299.7500,-1286620.7500,-685295.3125,-4878623.5000,-4029537.0000,6892682.0000,288735.0312,-4837153.0000,695467.1250,5425788.0000,1566884.0000,-4378848.0000,5057336.5000,940569.7500,8878492.0000,-5005162.5000,14390.2510,-7138778.0000,4845198.0000,-2340402.5000,-5828728.5000,-8790163.0000,6013290.0000,-56854.3281,4969610.0000
0.6583,5305629.5000,5149848.5000,4451226.0000,-4822266.0000,-4583011.5000,-2680675.2500,2249024.2500,-1814575.0000,-2957678.2500,398791.9688,-197748.4531,1343048.5000,6269558.0000,3467625.5000,-3144296.5000,-2185153.2500,-5295989.0000,1585492.6250,3410204.5000,-1221224.6250,2882250.2500,-8912449.0000,-2095299.8750,2974230.2500,8991207.0000,-2763616.5000,5197699.0000,3906790.0000,7730603.5000,-1294596.0000,6614084.0000,3302806.0000,566.6760,-5376272.0000,-5732495.0000,4390083.5000,-4861610.0000,-1712493.2500,-3745090.5000,2479771.7500,-7076040.0000,-2260119.5000,1245751.7500,1871534.3750,2137372.2500,-4061437.5000,-1271202.2500,-665091.6250,-4857356.5000,-4000826.5000,6912885.5000,307875.3750,-4811632.5000,715139.1250,5443865.0000,1584429.3750,-4362366.0000,5075413.5000,954393.3125,8893379.0000,-4986553.5000,35125.6133,-7114852.5000,4864870.0000,-2322325.5000,-5810120.0000,-8766770.0000,6031898.5000,-39309.0195,4989814.0000
0.6603,5285957.5000,5129113.0000,4428895.5000,-4847254.5000,-4601088.5000,-2698752.0000,2229352.2500,-1831588.6250,-2971502.0000,378588.2812,-217952.1406,1316996.3750,6240315.5000,3441573.5000,-3165563.5000,-2204293.5000,-5317256.0000,1566884.0000,3388405.7500,-1237706.6250,2849286.5000,-8932653.0000,-2111250.2500,2957748.2500,8977915.0000,-2781693.5000,5182812.0000,3891903.0000,7700829.5000,-1309482.8750,6598133.5000,3289514.0000,-12725.2227,-5399134.5000,-5749508.5000,4362436.0000,-4880218.5000,-1725785.1250,-3759977.2500,2481366.7500,-7087737.0000,-2270753.0000,1226079.7500,1855584.1250,2119827.0000,-4082704.5000,-1296191.0000,-690612.0625,-4878092.0000,-4020498.5000,6890555.5000,283949.9688,-4831836.0000,694403.8125,5423661.5000,1563694.0000,-4381506.5000,5057336.5000,927277.8750,8870517.0000,-5006757.5000,14390.2510,-7133461.0000,4843603.0000,-2345719.2500,-5830323.5000,-8783783.0000,6013821.5000,-52600.9180,4978648.5000
0.6623,5287020.5000,5129113.0000,4425705.5000,-4848318.0000,-4604278.5000,-2693967.0000,2232010.7500,-1827866.8750,-2968843.5000,371676.5000,-221142.1875,1314338.0000,6233404.0000,3444763.5000,-3168222.0000,-2201103.5000,-5316193.0000,1570605.7500,3389469.2500,-1230794.8750,2840248.0000,-8931589.0000,-2109655.2500,2960406.7500,8978447.0000,-2780630.2500,5182812.0000,3895093.0000,7694981.0000,-1302039.3750,6607172.0000,3335770.0000,-8471.8154,-5405514.5000,-5752699.0000,4362436.0000,-4878623.5000,-1714620.0000,-3750407.2500,2518052.2500,-7087205.5000,-2268626.2500,1217572.8750,1858242.5000,2121422.0000,-4076856.2500,-1288747.5000,-682105.2500,-4874902.0000,-4018903.5000,6892682.0000,283949.9688,-4827051.0000,699188.8750,5427915.0000,1563162.2500,-4382570.0000,5056273.5000,920366.0625,8862010.0000,-5012074.0000,14390.2510,-7131866.0000,4841476.0000,-2344656.0000,-5829792.0000,-8796012.0000,6021265.0000,-53664.2695,4983965.5000
0.6643,5322111.5000,5149848.5000,4449631.0000,-4824924.0000,-4576100.0000,-2665788.2500,2255404.5000,-1799688.1250,-2934284.5000,401450.3438,-201470.1875,1334010.0000,6248291.0000,3470284.0000,-3146423.2500,-2174519.7500,-5291735.5000,1596126.2500,3412863.0000,-1206869.3750,2859920.0000,-8910854.0000,-2082008.0000,2984332.0000,8999182.0000,-2759363.2500,5206737.5000,3911575.0000,7719970.0000,-1274392.2500,6642794.5000,3385747.5000,16516.9551,-5395412.5000,-5734090.0000,4384766.5000,-4848849.5000,-1674744.2500,-3715848.2500,2553674.5000,-7067533.5000,-2245232.5000,1230864.8750,1883762.8750,2147474.2500,-4050272.5000,-1257910.2500,-644887.9375,-4850976.5000,-3993914.7500,6912354.0000,302026.9375,-4803125.5000,716734.1875,5446523.5000,1584429.3750,-4362898.0000,5074350.5000,930999.5625,8872643.0000,-4993997.0000,30872.2051,-7109536.0000,4864338.5000,-2328705.7500,-5811183.0000,-8773150.0000,6051570.5000,-29207.1777,5012676.0000
0.6663,5312541.0000,5129644.5000,4429427.5000,-4837153.0000,-4595240.0000,-2681206.7500,2237327.5000,-1814575.0000,-2953425.0000,390816.8125,-226990.6250,1312211.2500,6227555.5000,3453802.0000,-3165563.5000,-2188875.0000,-5319914.5000,1578580.8750,3388405.7500,-1224946.3750,2840779.5000,-8936906.0000,-2099553.2500,2975825.2500,8972067.0000,-2772655.0000,5184407.0000,3883396.2500,7698703.0000,-1285025.7500,6631629.0000,3383089.0000,-4218.4077,-5424123.0000,-5753762.0000,4362968.0000,-4870116.5000,-1683782.7500,-3723823.2500,2534002.5000,-7088800.5000,-2263841.2500,1217041.2500,1868344.2500,2132055.5000,-4063564.2500,-1266417.1250,-660838.1875,-4871180.0000,-4011460.0000,6893213.5000,279164.8750,-4824392.5000,695998.8125,5425256.5000,1566352.3750,-4384165.0000,5055741.5000,904947.4375,8847123.0000,-5014732.5000,10668.5186,-7130271.0000,4844666.5000,-2342529.2500,-5827665.0000,-8791227.0000,6042000.5000,-38777.3438,5002574.0000
0.6683,5336998.0000,5150380.0000,4445909.5000,-4819607.5000,-4576100.0000,-2669510.0000,2243175.7500,-1800219.7500,-2927904.5000,416337.2812,-216888.7812,1331351.6250,6245100.5000,3468689.0000,-3149613.2500,-2170266.2500,-5301837.5000,1596126.2500,3397976.0000,-1212717.8750,2861515.0000,-8929994.0000,-2080413.0000,2999219.0000,8978978.0000,-2755641.5000,5201952.5000,3894561.2500,7715716.5000,-1262695.3750,6655023.0000,3401697.7500,9605.1670,-5410831.0000,-5738875.0000,4378918.0000,-4850444.5000,-1656667.2500,-3701493.0000,2549421.2500,-7078698.5000,-2246296.0000,1233523.2500,1880572.8750,2148537.5000,-4044424.0000,-1241428.3750,-644887.9375,-4853634.5000,-3993383.0000,6907569.0000,291925.0938,-4807379.0000,716202.5000,5442270.0000,1581239.2500,-4368214.5000,5069565.0000,911327.5625,8853503.0000,-5003567.5000,25555.4453,-7111662.5000,4861680.0000,-2327642.2500,-5816500.0000,-8788037.0000,6048380.5000,-14851.9268,5017461.0000
0.6703,5349226.5000,5165798.5000,4457074.5000,-4810569.0000,-4561213.0000,-2663129.7500,2243175.7500,-1790649.6250,-2905574.0000,437072.6250,-206786.9375,1343048.5000,6260519.5000,3477727.5000,-3140043.2500,-2161227.7500,-5281102.0000,1609418.1250,3413926.2500,-1206869.3750,2873211.7500,-8924677.0000,-2066057.7500,3011979.2500,8983232.0000,-2749793.0000,5214712.5000,3901473.0000,7726350.0000,-1246745.1250,6672568.0000,3403824.5000,18111.9824,-5403387.5000,-5733558.5000,4391146.5000,-4837684.5000,-1638590.2500,-3682884.2500,2571751.5000,-7071787.0000,-2236725.7500,1233523.2500,1883762.8750,2159171.0000,-4032195.5000,-1224414.7500,-636912.8125,-4840874.5000,-3976901.0000,6925646.0000,302026.9375,-4798872.0000,725772.6875,5450777.0000,1590809.5000,-4362366.0000,5079135.5000,912390.9375,8854035.0000,-4996655.5000,37252.3164,-7102092.5000,4869123.5000,-2319135.5000,-5806929.5000,-8785378.0000,6051570.5000,-6345.1113,5032879.5000
0.6723,5322111.5000,5141341.5000,4425705.5000,-4840343.0000,-4588860.0000,-2699283.7500,2200641.7500,-1824145.1250,-2922587.7500,411552.1875,-233902.4219,1315933.0000,6234999.0000,3447953.5000,-3175133.7500,-2195786.7500,-5311939.5000,1579644.2500,3387874.2500,-1243023.3750,2843969.7500,-8961895.0000,-2098490.0000,2976888.7500,8941761.0000,-2779035.2500,5186002.0000,3871167.5000,7690727.5000,-1274923.8750,6650238.0000,3380962.2500,-11130.1953,-5433161.5000,-5769712.5000,4362968.0000,-4867458.5000,-1663579.0000,-3705746.2500,2553674.5000,-7102092.5000,-2271284.7500,1194710.8750,1851330.6250,2132055.5000,-4058779.2500,-1249935.1250,-669876.6875,-4873307.0000,-4005080.0000,6895340.5000,270658.0625,-4825987.5000,695467.1250,5421534.5000,1558908.8750,-4393735.0000,5049361.5000,873046.9375,8823197.0000,-5028024.5000,6946.7871,-7134524.5000,4839881.0000,-2346782.7500,-5837767.0000,-8811431.0000,6013821.5000,-43030.7539,5008954.0000
0.6743,5344973.5000,5177495.5000,4456543.0000,-4805784.0000,-4557491.0000,-2680143.5000,2217123.7500,-1800219.7500,-2888028.7500,448769.5000,-202533.5312,1344111.7500,6266899.5000,3469752.2500,-3156525.0000,-2174519.7500,-5298116.0000,1598784.6250,3422433.0000,-1221224.6250,2877465.2500,-8934779.0000,-2067652.7500,3002409.0000,8959838.0000,-2758831.5000,5213649.5000,3906258.2500,7715184.5000,-1245681.7500,6684265.0000,3414458.0000,15453.6025,-5404982.5000,-5752699.0000,4399653.5000,-4832899.5000,-1625830.0000,-3669060.7500,2588765.2500,-7076572.0000,-2245764.2500,1219168.0000,1884826.2500,2166614.5000,-4025283.5000,-1213249.5000,-634786.0625,-4838216.0000,-3969989.2500,6929899.5000,303090.2812,-4799404.0000,719924.2500,5448650.0000,1583366.0000,-4370341.5000,5073287.0000,887402.1875,8841274.0000,-5004099.0000,28745.5020,-7108472.5000,4869123.5000,-2323920.5000,-5819158.5000,-8797607.0000,6031898.5000,-32928.9102,5036069.5000
0.6763,5336466.5000,5170583.5000,4440061.0000,-4816417.5000,-4568656.5000,-2702473.7500,2196920.0000,-1817765.1250,-2898130.5000,432819.2188,-218483.8125,1332946.6250,6260519.5000,3460182.0000,-3168222.0000,-2188875.0000,-5322041.5000,1579644.2500,3411268.0000,-1232921.5000,2867895.0000,-8941691.0000,-2076159.6250,2991775.5000,8935381.0000,-2785415.2500,5201952.5000,3899878.0000,7692322.5000,-1253656.8750,6686923.5000,3403292.7500,-4750.0835,-5424123.0000,-5775561.0000,4392741.5000,-4843533.0000,-1634868.5000,-3672782.5000,2573878.2500,-7094649.0000,-2267031.2500,1210661.1250,1874724.3750,2155449.2500,-4040170.5000,-1221756.3750,-658711.5000,-4860546.5000,-3986471.2500,6907569.0000,285013.3125,-4819076.0000,697062.1875,5429510.0000,1565289.0000,-4390013.5000,5055741.5000,861350.0625,8822134.0000,-5024302.5000,12795.2227,-7123891.0000,4852109.5000,-2339870.7500,-5836703.5000,-8814089.0000,6018075.0000,-44094.1055,5034474.5000
0.6783,5331150.0000,5165267.0000,4433680.5000,-4820139.0000,-4569720.0000,-2717892.5000,2187881.5000,-1828930.2500,-2902384.0000,422185.7188,-225927.2812,1328161.5000,6261051.0000,3455397.0000,-3176197.2500,-2197381.7500,-5339586.5000,1569010.7500,3402761.0000,-1244086.7500,2843969.7500,-8948071.0000,-2084134.7500,2982737.0000,8923684.0000,-2805087.2500,5196104.0000,3895624.7500,7679562.5000,-1258442.0000,6691177.0000,3388405.7500,-12193.5469,-5436351.5000,-5791511.0000,4389020.0000,-4850444.5000,-1646565.3750,-3674377.5000,2569093.2500,-7103687.5000,-2280854.7500,1211192.8750,1869407.6250,2144815.7500,-4050272.5000,-1230794.8750,-671471.7500,-4869053.5000,-3994978.0000,6897467.0000,271189.7500,-4819607.5000,689087.0625,5416749.5000,1555187.1250,-4402242.0000,5045640.0000,840614.6875,8807779.0000,-5034404.5000,4288.4077,-7133461.0000,4840944.5000,-2348377.7500,-5843083.5000,-8834824.0000,6010100.0000,-52600.9180,5045108.0000
0.6803,5367835.5000,5211522.5000,4477278.0000,-4776541.5000,-4523464.0000,-2683865.2500,2226162.2500,-1793308.0000,-2847621.5000,465251.4688,-187114.9375,1363783.7500,6297736.5000,3497399.5000,-3135258.0000,-2164949.5000,-5307686.0000,1598784.6250,3443700.2500,-1205274.3750,2877465.2500,-8909791.0000,-2044259.0000,3024739.5000,8952926.0000,-2779566.7500,5235448.0000,3937095.5000,7714653.0000,-1221756.3750,6741154.5000,3413926.2500,24492.0938,-5395944.0000,-5756420.5000,4434744.0000,-4807379.0000,-1605094.7500,-3627590.0000,2618539.0000,-7063811.5000,-2242042.5000,1248410.1250,1915663.5000,2185223.2500,-4011991.7500,-1190387.5000,-628937.6250,-4829177.5000,-3953507.2500,6936811.0000,312660.4688,-4779200.0000,733216.1250,5455562.0000,1591341.1250,-4365024.5000,5079135.5000,865603.4375,8843401.0000,-4996124.0000,42037.3984,-7093585.5000,4878693.5000,-2314350.5000,-5806398.0000,-8805582.0000,6056355.5000,-22295.3906,5095617.5000
0.6823,5358265.0000,5197167.5000,4461859.5000,-4788238.5000,-4542072.5000,-2713107.2500,2208617.0000,-1817765.1250,-2862508.2500,451959.5625,-201470.1875,1340390.1250,6280191.5000,3474005.7500,-3155993.5000,-2184089.7500,-5339586.5000,1571137.3750,3425091.5000,-1223883.0000,2848754.7500,-8936906.0000,-2070842.8750,3009321.0000,8929001.0000,-2809340.7500,5216307.5000,3920081.7500,7690727.5000,-1241428.3750,6724672.5000,3388937.5000,566.6760,-5410299.5000,-5775561.0000,4417730.5000,-4829177.5000,-1626893.3750,-3646198.7500,2597272.0000,-7085610.5000,-2261182.7500,1222889.6250,1903966.6250,2163956.0000,-4031132.0000,-1211122.8750,-659243.1875,-4852571.5000,-3975306.0000,6914480.5000,291393.4062,-4796745.5000,716734.1875,5435358.0000,1572200.7500,-4385760.0000,5056805.0000,843273.0625,8820539.0000,-5015796.0000,21833.7148,-7114852.5000,4860085.0000,-2328174.0000,-5817563.0000,-8833761.0000,6047849.0000,-38777.3438,5091364.0000
0.6843,5361455.5000,5198762.5000,4465581.5000,-4782922.0000,-4542072.5000,-2722677.5000,2199046.7500,-1820955.1250,-2857191.5000,450896.2188,-201470.1875,1339326.7500,6279659.5000,3474537.2500,-3159183.5000,-2184621.5000,-5344903.5000,1570605.7500,3424559.7500,-1216971.2500,2847691.5000,-8944350.0000,-2077754.6250,3007725.7500,8926874.0000,-2810935.7500,5220029.5000,3922740.2500,7691791.0000,-1240365.0000,6720950.5000,3388937.5000,12263.5469,-5391159.0000,-5759079.0000,4423579.0000,-4823329.0000,-1624766.7500,-3642477.0000,2610032.2500,-7080825.5000,-2253207.7500,1230333.1250,1916195.1250,2169804.5000,-4026347.0000,-1211122.8750,-666154.9375,-4844596.5000,-3970521.0000,6921924.0000,299368.5625,-4794618.5000,717265.8750,5437485.0000,1576985.8750,-4386291.5000,5059995.0000,837424.6250,8824792.0000,-5014201.0000,28213.8262,-7114321.0000,4859021.5000,-2330300.7500,-5817031.5000,-8837483.0000,6042000.5000,-48347.5117,5089769.0000
0.6863,5376874.0000,5219498.0000,4483658.5000,-4754743.0000,-4521869.0000,-2714702.5000,2206490.2500,-1805004.8750,-2838583.0000,469504.8750,-183393.2031,1351023.6250,6296673.5000,3492082.7500,-3147486.5000,-2172393.0000,-5330548.0000,1591341.1250,3447953.5000,-1198894.2500,2865768.2500,-8931589.0000,-2067121.1250,3019954.5000,8940166.0000,-2787010.2500,5244486.5000,3940285.5000,7710399.5000,-1224414.7500,6740622.5000,3401166.0000,38315.6680,-5361385.5000,-5728773.5000,4448036.0000,-4801530.5000,-1605626.3750,-3623868.2500,2624919.2500,-7057963.0000,-2229814.0000,1256385.2500,1932677.1250,2189476.5000,-4006143.2500,-1191982.5000,-654989.7500,-4824392.5000,-3951912.2500,6941596.0000,319572.2500,-4781858.5000,731621.1250,5455562.0000,1595062.8750,-4367683.0000,5075413.5000,853374.8750,8846059.0000,-4992402.0000,47354.1602,-7098902.5000,4877630.0000,-2309033.7500,-5796828.0000,-8810899.0000,6052102.5000,-34523.9375,5101465.5000
0.6883,5351353.5000,5195040.5000,4460796.0000,-4773883.5000,-4544199.5000,-2743413.0000,2173526.2500,-1831057.0000,-2861976.7500,441326.0312,-209977.0000,1321781.3750,6278064.5000,3470284.0000,-3167158.7500,-2193660.0000,-5356600.0000,1566352.3750,3429876.5000,-1221756.3750,2839184.5000,-8960831.0000,-2096363.2500,2997624.0000,8915177.0000,-2810404.0000,5221624.5000,3919018.5000,7687537.5000,-1243555.0000,6726267.5000,3377240.7500,19175.3340,-5374145.5000,-5743660.5000,4433149.0000,-4816949.0000,-1627956.7500,-3636628.5000,2594082.0000,-7074977.0000,-2252144.2500,1245751.7500,1915663.5000,2176184.7500,-4019435.2500,-1213781.2500,-683168.6250,-4853103.0000,-3982749.5000,6912885.5000,291925.0938,-4808442.5000,707695.6875,5428978.0000,1572200.7500,-4391608.5000,5051488.0000,829981.1875,8826919.0000,-5014201.0000,26087.1211,-7123891.0000,4853173.0000,-2335617.5000,-5813310.0000,-8829508.0000,6022860.0000,-61639.4102,5076477.0000
0.6903,5359328.5000,5208332.5000,4466644.5000,-4761123.0000,-4533566.0000,-2738096.2500,2179906.5000,-1823613.5000,-2848153.0000,447706.1562,-208381.9688,1321249.7500,6285508.0000,3473474.0000,-3157056.7500,-2183558.2500,-5351815.0000,1572200.7500,3435725.0000,-1215907.8750,2845564.7500,-8961895.0000,-2091046.5000,3006130.7500,8916241.0000,-2813062.5000,5227473.0000,3927525.2500,7698703.0000,-1235048.2500,6742749.5000,3393722.5000,25023.7695,-5355537.0000,-5724520.0000,4456543.0000,-4796213.5000,-1612538.1250,-3627058.2500,2601525.5000,-7063811.5000,-2244700.7500,1256917.0000,1930550.3750,2197983.5000,-3994446.5000,-1203679.3750,-672003.3750,-4844596.5000,-3975837.7500,6919797.5000,302558.6250,-4811100.5000,715139.1250,5435890.0000,1578580.8750,-4389481.5000,5058931.5000,833702.8750,8838616.0000,-5004630.5000,35125.6133,-7115916.0000,4856363.0000,-2334022.5000,-5811715.0000,-8807177.0000,6027113.5000,-71741.2500,5070628.5000
0.6923,5372620.5000,5218966.0000,4472493.0000,-4747299.5000,-4519210.5000,-2733842.7500,2190008.2500,-1812980.0000,-2833797.7500,451427.8750,-206786.9375,1319123.0000,6290293.0000,3480917.5000,-3142169.7500,-2169734.5000,-5347561.5000,1580707.6250,3436788.2500,-1213781.2500,2853008.2500,-8959768.0000,-2078286.2500,3021017.7500,8923684.0000,-2810935.7500,5239701.5000,3937095.5000,7711463.0000,-1221224.6250,6763485.0000,3427749.7500,29277.1777,-5346498.5000,-5703784.5000,4476215.0000,-4778668.5000,-1603499.6250,-3615893.2500,2608969.0000,-7054241.5000,-2232472.2500,1269145.5000,1948095.6250,2216592.0000,-3969457.7500,-1202616.0000,-659774.8750,-4843001.0000,-3975306.0000,6918202.5000,302558.6250,-4808974.0000,718329.1875,5442270.0000,1584961.0000,-4381506.5000,5064780.0000,844336.4375,8853503.0000,-4993997.0000,45227.4570,-7105282.5000,4863275.0000,-2328174.0000,-5798423.0000,-8772618.0000,6042000.5000,-67487.8438,5083389.0000
0.6943,5352948.5000,5189192.5000,4440061.0000,-4771756.5000,-4543136.0000,-2765743.2500,2168741.2500,-1841158.8750,-2858255.0000,412083.8750,-237624.1562,1280842.3750,6263709.5000,3454865.2500,-3167158.7500,-2201635.0000,-5387969.0000,1549338.7500,3404887.7500,-1244086.7500,2821639.2500,-8996454.0000,-2110186.7500,2992307.2500,8887530.0000,-2842836.2500,5210459.5000,3909980.0000,7681689.0000,-1245681.7500,6742749.5000,3424028.0000,-10066.8428,-5382652.5000,-5719203.0000,4452289.5000,-4802594.0000,-1631678.5000,-3646198.7500,2581321.7500,-7082420.5000,-2255334.5000,1250005.1250,1924702.0000,2197451.7500,-3982217.7500,-1235579.8750,-684763.6250,-4882345.5000,-4013586.7500,6882580.0000,275974.8125,-4843001.0000,682175.2500,5408774.5000,1554655.5000,-4412875.5000,5033943.0000,814030.8750,8828514.0000,-5020049.5000,14921.9268,-7138778.0000,4826589.5000,-2359542.7500,-5825538.5000,-8790695.0000,6013290.0000,-97793.3750,5055741.5000
0.6963,5383785.5000,5218966.0000,4461859.5000,-4745173.0000,-4522932.5000,-2746603.0000,2194261.7500,-1816701.7500,-2828481.0000,445047.7812,-218483.8125,1301046.0000,6287635.0000,3479322.5000,-3141638.2500,-2180899.7500,-5366702.0000,1571137.3750,3432003.2500,-1223351.3750,2839184.5000,-8977845.0000,-2087856.5000,3015701.0000,8905075.0000,-2821569.2500,5240765.0000,3940285.5000,7704019.5000,-1220161.2500,6776776.5000,3462840.5000,5351.7593,-5368828.5000,-5688366.0000,4488443.5000,-4772820.0000,-1606158.0000,-3625995.0000,2611095.5000,-7062748.5000,-2228750.5000,1295197.6250,1950754.0000,2229884.0000,-3945532.2500,-1212186.1250,-654989.7500,-4863205.0000,-3996041.5000,6903315.5000,299900.2500,-4828114.5000,700783.8750,5427915.0000,1573264.1250,-4388950.0000,5058400.0000,842741.3750,8860946.0000,-4992402.0000,44695.7812,-7116447.5000,4851046.5000,-2335617.5000,-5800018.0000,-8767833.0000,6037215.5000,-60576.0586,5079135.5000
0.6983,5377937.0000,5222688.0000,4459733.0000,-4742514.5000,-4529312.5000,-2749261.2500,2200110.0000,-1818296.7500,-2824759.2500,460998.0625,-219547.1719,1305299.5000,6284976.5000,3480385.7500,-3136321.5000,-2179836.5000,-5374677.0000,1574327.5000,3443700.2500,-1226009.7500,2833867.7500,-8977845.0000,-2082539.7500,3020486.0000,8899227.0000,-2819442.5000,5239701.5000,3945602.2500,7710399.5000,-1213781.2500,6789537.0000,3450080.2500,-4218.4077,-5375740.5000,-5694746.0000,4501203.5000,-4764313.0000,-1610943.1250,-3630248.5000,2598335.2500,-7064343.5000,-2229282.2500,1312742.8750,1955539.1250,2241049.2500,-3931177.0000,-1210591.1250,-649141.3125,-4867458.5000,-4002421.5000,6901189.0000,298305.2188,-4828114.5000,700252.2500,5426851.5000,1573795.7500,-4389481.5000,5059995.0000,851248.1875,8868922.0000,-4986553.5000,47885.8359,-7118042.5000,4848919.5000,-2332427.5000,-5791511.0000,-8773682.0000,6046254.0000,-45689.1328,5075945.5000
0.7004,5353480.0000,5199826.0000,4438997.5000,-4764845.0000,-4549516.0000,-2770528.5000,2189476.5000,-1835310.3750,-2830607.7500,453554.5938,-238687.5000,1286690.7500,6263177.5000,3454865.2500,-3152271.7500,-2197913.5000,-5407109.5000,1561035.6250,3443168.5000,-1240365.0000,2810474.0000,-8991137.0000,-2091578.2500,3000814.0000,8876897.0000,-2842836.2500,5224283.0000,3925398.5000,7700298.0000,-1216971.2500,6790600.0000,3420306.5000,-33460.5859,-5407641.0000,-5702721.0000,4488443.5000,-4769098.5000,-1619450.0000,-3638755.2500,2557928.0000,-7083483.5000,-2243105.7500,1292007.5000,1943842.2500,2242112.5000,-3930113.5000,-1219629.6250,-663496.5625,-4890852.0000,-4025283.5000,6883643.5000,283418.2812,-4846723.0000,683770.2500,5408243.0000,1554655.5000,-4408622.0000,5044044.5000,841678.0000,8854566.0000,-5002504.0000,31403.8809,-7134524.5000,4829247.5000,-2349441.0000,-5806398.0000,-8797075.0000,6027113.5000,-57386.0039,5055741.5000
0.7024,5387507.5000,5226941.5000,4460796.0000,-4744641.0000,-4527717.5000,-2747134.7500,2212870.2500,-1809789.8750,-2795517.2500,483860.1250,-211572.0312,1314869.6250,6287103.0000,3480385.7500,-3128878.0000,-2175051.2500,-5397539.0000,1595062.8750,3472410.7500,-1218566.2500,2830677.7500,-8965617.0000,-2060741.0000,3028461.2500,8900822.0000,-2816784.2500,5249271.5000,3951450.7500,7733793.5000,-1178690.6250,6835261.0000,3452207.0000,-21232.0371,-5396476.0000,-5676669.0000,4515027.0000,-4734539.5000,-1584891.0000,-3602601.2500,2571220.0000,-7056900.0000,-2219712.0000,1319123.0000,1975742.8750,2284115.0000,-3883857.7500,-1185602.3750,-641697.8750,-4868521.5000,-4004016.5000,6909695.5000,307875.3750,-4815354.0000,714607.5000,5436953.5000,1583897.6250,-4380443.0000,5072755.0000,873046.9375,8880087.0000,-4973793.5000,56392.6523,-7099965.5000,4853704.5000,-2326579.0000,-5781409.5000,-8788037.0000,6049975.5000,-40372.3711,5082325.5000
0.7044,5392292.5000,5223751.0000,4457074.5000,-4756338.0000,-4533034.0000,-2759363.2500,2198515.0000,-1816701.7500,-2800834.0000,484923.4688,-216888.7812,1307957.8750,6279659.5000,3474005.7500,-3135258.0000,-2181963.0000,-5424123.0000,1598252.8750,3468689.0000,-1218034.6250,2823766.0000,-8962426.0000,-2060741.0000,3015169.2500,8891784.0000,-2825822.7500,5238106.5000,3945602.2500,7732198.5000,-1172310.5000,6846958.0000,3447421.7500,-37182.3164,-5414553.0000,-5693151.0000,4509710.5000,-4730817.5000,-1577447.5000,-3602601.2500,2549421.2500,-7070192.0000,-2229282.2500,1311679.6250,1975742.8750,2291558.2500,-3871629.2500,-1190387.5000,-640634.5000,-4878623.5000,-4011991.7500,6901189.0000,299368.5625,-4816949.0000,718329.1875,5437485.0000,1583366.0000,-4385228.0000,5067970.0000,866666.8125,8869985.0000,-4979110.5000,50012.5391,-7099434.0000,4847324.5000,-2332427.5000,-5786726.0000,-8802924.0000,6047317.5000,-64829.4648,5066907.0000
0.7064,5367835.5000,5205674.0000,4435807.5000,-4789302.0000,-4555364.5000,-2785415.2500,2179906.5000,-1836373.7500,-2823696.0000,462593.0625,-234965.7656,1293070.8750,6261582.5000,3455397.0000,-3147486.5000,-2198976.7500,-5462403.5000,1590277.7500,3452207.0000,-1233453.2500,2814195.7500,-8968275.0000,-2072969.5000,3001877.5000,8865200.0000,-2852406.5000,5217371.0000,3923803.5000,7719970.0000,-1174437.1250,6838982.5000,3407014.5000,-66956.1719,-5435820.0000,-5724520.0000,4490570.0000,-4738792.5000,-1580105.8750,-3620146.5000,2515394.0000,-7094117.0000,-2254802.7500,1292007.5000,1965109.2500,2284646.5000,-3872692.5000,-1210591.1250,-662964.9375,-4896169.0000,-4034322.0000,6880453.5000,276506.5000,-4830772.5000,700252.2500,5423661.5000,1565289.0000,-4402773.5000,5051488.0000,846463.1250,8844996.0000,-5001440.5000,31935.5566,-7119637.5000,4825526.0000,-2356352.7500,-5811183.0000,-8844394.0000,6017011.5000,-96198.3438,5036601.5000
0.7084,5384317.5000,5235448.0000,4457606.0000,-4783985.0000,-4541541.0000,-2773718.5000,2202768.5000,-1821486.7500,-2810404.0000,479075.0312,-217952.1406,1312742.8750,6274343.0000,3470284.0000,-3133131.2500,-2183026.5000,-5453897.0000,1611013.1250,3460713.7500,-1207932.7500,2836526.2500,-8937438.0000,-2045854.0000,3019954.5000,8881682.0000,-2835392.7500,5231194.5000,3939753.7500,7748148.5000,-1142536.6250,6865035.0000,3408609.5000,-61639.4102,-5424123.0000,-5713355.0000,4501203.5000,-4712740.5000,-1548205.3750,-3606854.7500,2514862.2500,-7084015.5000,-2243105.7500,1303704.3750,1991693.1250,2309103.7500,-3848767.2500,-1211122.8750,-651268.0625,-4880750.0000,-4014118.5000,6900657.0000,290330.0625,-4815354.0000,714075.8125,5438548.5000,1581239.2500,-4384696.5000,5065843.5000,858691.6875,8850313.0000,-4987617.0000,47885.8359,-7104219.0000,4842008.0000,-2344656.0000,-5797359.5000,-8831634.0000,6031898.5000,-85564.8281,5047235.0000
0.7104,5379532.5000,5221093.0000,4442719.0000,-4815354.0000,-4571846.5000,-2800302.2500,2174589.7500,-1844880.5000,-2829012.7500,464188.0938,-236560.7969,1294666.0000,6251481.0000,3444763.5000,-3153335.0000,-2204293.5000,-5484202.5000,1590277.7500,3432003.2500,-1221224.6250,2815259.2500,-8949135.0000,-2060209.2500,3004004.0000,8863073.0000,-2858255.0000,5208864.5000,3921676.7500,7734856.5000,-1149980.1250,6845894.5000,3375645.5000,-92476.6172,-5456023.5000,-5738343.5000,4477278.0000,-4726564.0000,-1557243.8750,-3630780.0000,2499443.7500,-7116979.5000,-2275006.5000,1272867.2500,1970957.7500,2291558.2500,-3864185.7500,-1245681.7500,-679446.8750,-4904675.5000,-4038043.7500,6884175.0000,267468.0000,-4833962.5000,692277.0625,5418876.5000,1561035.6250,-4408090.5000,5045640.0000,832639.5625,8817349.0000,-5012074.0000,23960.4180,-7122296.0000,4820209.0000,-2367518.0000,-5820753.5000,-8844394.0000,6018075.0000,-103110.1328,5030753.0000
0.7124,5398141.0000,5243423.0000,4451757.5000,-4815886.0000,-4577695.0000,-2802429.0000,2170336.2500,-1837968.7500,-2811467.5000,473758.2812,-230712.3594,1299982.7500,6254139.0000,3449548.5000,-3146423.2500,-2201103.5000,-5484202.5000,1607823.1250,3433598.2500,-1207932.7500,2822171.0000,-8940628.0000,-2049044.1250,3001877.5000,8865200.0000,-2850811.5000,5213117.5000,3931778.7500,7759314.0000,-1130308.1250,6851743.0000,3363417.0000,-89286.5625,-5458150.5000,-5745255.5000,4481000.0000,-4713272.5000,-1540230.2500,-3627590.0000,2506355.5000,-7118042.5000,-2272879.7500,1261170.3750,1976806.1250,2304850.2500,-3848235.5000,-1243023.3750,-677851.8125,-4902017.5000,-4033790.5000,6889492.0000,267999.6875,-4828114.5000,697593.8750,5424193.0000,1569010.7500,-4402773.5000,5054678.5000,835297.9375,8815222.0000,-5010479.0000,25023.7695,-7116447.5000,4821804.0000,-2364859.7500,-5816500.0000,-8832166.0000,6034025.5000,-98325.0469,5036069.5000
0.7144,5430573.0000,5275855.5000,4477278.0000,-4792492.0000,-4556428.0000,-2777440.2500,2187881.5000,-1809258.2500,-2771060.0000,493961.9688,-203596.8906,1322844.7500,6280723.0000,3482512.5000,-3118776.0000,-2175583.0000,-5466657.0000,1639723.6250,3461245.5000,-1179222.2500,2851413.0000,-8905537.0000,-2017675.2500,3024207.7500,8890720.0000,-2818911.0000,5242891.5000,3962615.7500,7809823.0000,-1090964.0000,6879390.0000,3369797.2500,-63766.1133,-5427845.0000,-5726646.5000,4510774.0000,-4680308.5000,-1494506.1250,-3605259.5000,2520179.0000,-7101029.0000,-2248422.5000,1282437.3750,2001795.0000,2333560.7500,-3817398.2500,-1220161.2500,-650736.3750,-4873838.5000,-4006143.2500,6918202.5000,290861.7500,-4804189.0000,720455.9375,5449182.0000,1592404.5000,-4377253.0000,5075945.5000,854438.2500,8831704.0000,-4987617.0000,50012.5391,-7087205.5000,4844134.5000,-2338807.5000,-5790979.5000,-8805582.0000,6078154.5000,-79716.3906,5063185.0000
0.7164,5413028.0000,5252993.5000,4449631.0000,-4820139.0000,-4597367.0000,-2806682.2500,2153854.2500,-1839032.1250,-2798175.5000,456744.6562,-231775.7188,1291475.8750,6257329.5000,3457523.7500,-3145360.0000,-2205888.5000,-5500684.5000,1617924.8750,3432003.2500,-1202616.0000,2830677.7500,-8920424.0000,-2043195.6250,2999219.0000,8864668.0000,-2841241.2500,5217371.0000,3939753.7500,7798658.0000,-1106382.6250,6851211.5000,3329921.5000,-95666.6719,-5448048.5000,-5748445.5000,4477810.0000,-4702639.0000,-1494506.1250,-3635565.2500,2484025.0000,-7135588.0000,-2277664.7500,1261170.3750,1972552.7500,2310698.7500,-3838133.7500,-1251530.1250,-689017.0625,-4900422.0000,-4038575.5000,6890555.5000,258961.1875,-4832367.5000,689618.6875,5424724.5000,1566352.3750,-4405963.5000,5049893.0000,821474.3125,8793424.0000,-5023239.5000,20238.6855,-7114321.0000,4815424.0000,-2364328.0000,-5816500.0000,-8821532.0000,6059014.0000,-103641.8125,5040323.0000
0.7184,5426851.5000,5267348.5000,4460796.0000,-4808442.5000,-4594177.0000,-2798707.2500,2153854.2500,-1828930.2500,-2780630.2500,469504.8750,-219015.4844,1306362.7500,6266367.5000,3472410.7500,-3137384.7500,-2194723.2500,-5500684.5000,1628558.3750,3436256.7500,-1187197.3750,2846628.0000,-8900220.0000,-2034688.8750,3006130.7500,8870517.0000,-2827417.7500,5228004.5000,3951450.7500,7824178.5000,-1090964.0000,6853869.5000,3322478.0000,-85033.1484,-5434225.0000,-5729836.5000,4491633.5000,-4684030.0000,-1461542.1250,-3626526.7500,2506355.5000,-7133993.0000,-2268094.5000,1283500.7500,1984249.6250,2323990.5000,-3826968.5000,-1243023.3750,-686358.6250,-4890852.0000,-4023157.0000,6906505.5000,267999.6875,-4827051.0000,701847.2500,5432168.0000,1577517.5000,-4394266.5000,5058931.5000,823069.3750,8790233.0000,-5015264.0000,29277.1777,-7100497.5000,4823399.0000,-2358479.5000,-5811183.0000,-8819937.0000,6061672.5000,-88754.8828,5050956.5000
0.7204,5436953.5000,5287552.5000,4471961.5000,-4791960.5000,-4594708.5000,-2793390.5000,2158639.2500,-1818828.3750,-2761490.0000,476416.6562,-209445.3281,1316464.6250,6281254.5000,3488361.0000,-3129941.2500,-2187811.5000,-5494304.5000,1633343.5000,3443168.5000,-1173905.5000,2868426.7500,-8886929.0000,-2028308.7500,3009321.0000,8886467.0000,-2818379.2500,5235980.0000,3959957.5000,7844913.5000,-1082988.8750,6842173.0000,3313439.5000,-74931.3125,-5417743.0000,-5708569.5000,4500140.0000,-4664890.0000,-1432300.0000,-3618551.5000,2524964.0000,-7126018.0000,-2256397.7500,1297856.0000,1997541.5000,2330902.2500,-3825905.2500,-1236111.6250,-678383.5000,-4879687.0000,-4016245.2500,6916076.0000,274379.7812,-4823329.0000,708759.0625,5441206.5000,1587619.3750,-4384696.5000,5069033.5000,825196.0625,8784917.0000,-5010479.0000,35657.2891,-7090395.5000,4835628.0000,-2352631.0000,-5802676.5000,-8812494.0000,6064862.5000,-57386.0039,5069565.0000
0.7224,5393356.0000,5253525.0000,4440061.0000,-4819076.0000,-4642027.5000,-2829544.5000,2121953.7500,-1853387.3750,-2791263.7500,437604.3125,-242940.9062,1282969.1250,6247759.0000,3460182.0000,-3166627.0000,-2227687.2500,-5534180.0000,1595062.8750,3411268.0000,-1204211.0000,2849818.0000,-8919361.0000,-2066057.7500,2970508.5000,8850313.0000,-2854001.5000,5204079.0000,3923271.7500,7820988.0000,-1124991.2500,6781561.5000,3282070.7500,-113211.9766,-5450707.0000,-5737812.0000,4460796.0000,-4697322.0000,-1448250.2500,-3661617.2500,2494658.5000,-7158981.5000,-2286171.5000,1262233.7500,1960855.8750,2290495.0000,-3868439.2500,-1279177.3750,-711879.1250,-4914777.5000,-4050272.5000,6883643.5000,238225.8281,-4856825.0000,676326.8125,5409306.0000,1558908.8750,-4419787.0000,5037664.5000,781598.6250,8743446.0000,-5047165.0000,566.6760,-7123891.0000,4796815.5000,-2387190.0000,-5839893.5000,-8860876.0000,6029240.5000,-72272.9297,5038196.5000
0.7244,5433763.0000,5296591.0000,4486848.5000,-4766971.5000,-4602152.0000,-2781162.0000,2165551.2500,-1813511.6250,-2748729.7500,478543.3438,-194026.7188,1339326.7500,6294015.0000,3515476.5000,-3123561.2500,-2189938.2500,-5500684.5000,1631748.5000,3453802.0000,-1162740.2500,2906707.5000,-8874168.0000,-2025650.3750,3013574.2500,8896037.0000,-2813062.5000,5248208.5000,3965806.0000,7873092.5000,-1090964.0000,6813462.5000,3342681.7500,-67487.8438,-5409768.0000,-5695809.5000,4502267.0000,-4655319.5000,-1378069.1250,-3618551.5000,2549421.2500,-7112194.0000,-2242042.5000,1307957.8750,1998604.8750,2323459.0000,-3841855.5000,-1240365.0000,-664559.9375,-4867990.0000,-4000826.5000,6928304.5000,281823.2500,-4806847.5000,728431.0625,5459283.5000,1601974.6250,-4375126.5000,5079135.5000,814562.5625,8771625.0000,-5006225.5000,41505.7227,-7077103.5000,4844134.5000,-2351567.7500,-5799486.5000,-8826849.0000,6074964.5000,-27080.4727,5087110.5000
0.7264,5418876.5000,5279577.0000,4478341.5000,-4777605.0000,-4621824.0000,-2788605.2500,2154386.0000,-1828930.2500,-2763616.5000,454086.2500,-211040.3594,1327629.8750,6281786.5000,3508564.5000,-3132068.0000,-2206420.2500,-5524078.0000,1604101.3750,3443168.5000,-1179222.2500,2905112.5000,-8884270.0000,-2038942.2500,2999219.0000,8877960.0000,-2835392.7500,5229068.0000,3949324.0000,7867244.0000,-1117547.8750,6785815.0000,3346403.5000,-92476.6172,-5440073.5000,-5721861.5000,4478341.5000,-4673928.5000,-1386044.2500,-3643008.5000,2539319.2500,-7140373.0000,-2256397.7500,1302109.3750,1979464.5000,2295280.0000,-3878541.0000,-1260037.0000,-678915.1875,-4887130.5000,-4017308.5000,6912354.0000,260556.2188,-4813759.0000,719392.5625,5447055.0000,1588682.7500,-4391076.5000,5063185.0000,792232.1875,8746104.0000,-5026961.0000,23960.4180,-7090927.0000,4825526.0000,-2371239.7500,-5816500.0000,-8851306.0000,6070179.5000,-39309.0195,5089769.0000
0.7284,5391761.0000,5254056.5000,4459201.0000,-4790897.0000,-4644686.0000,-2797643.7500,2144284.0000,-1849665.6250,-2789668.7500,429097.5000,-228053.9844,1308489.5000,6265304.5000,3500589.5000,-3149081.7500,-2235130.7500,-5552257.0000,1575922.5000,3429876.5000,-1198894.2500,2887567.0000,-8905537.0000,-2062867.6250,2975293.5000,8851908.0000,-2858786.5000,5208332.5000,3925398.5000,7847040.5000,-1150511.7500,6744344.5000,3339491.7500,-118528.7344,-5474632.5000,-5753230.5000,4451226.0000,-4699448.5000,-1402526.1250,-3678099.2500,2512735.5000,-7165362.0000,-2278728.0000,1281905.7500,1955539.1250,2262316.2500,-3925860.2500,-1288747.5000,-712410.7500,-4907334.0000,-4034853.7500,6892682.0000,243542.5781,-4829709.5000,701315.5625,5431105.0000,1567415.7500,-4414470.5000,5041918.0000,764053.3125,8717394.0000,-5052481.5000,35.0000,-7110599.0000,4801600.5000,-2397291.7500,-5838830.5000,-8865661.0000,6054760.5000,-52600.9180,5084452.0000
0.7304,5413028.0000,5281172.0000,4488443.5000,-4755806.5000,-4612254.0000,-2755109.7500,2183096.5000,-1817233.3750,-2775313.5000,454617.9375,-198811.8125,1341453.3750,6294015.0000,3544718.5000,-3112396.0000,-2205888.5000,-5528863.0000,1603038.0000,3456992.0000,-1177095.5000,2922126.0000,-8874168.0000,-2037347.2500,2997624.0000,8879023.0000,-2833797.7500,5237043.0000,3946134.0000,7872561.0000,-1134561.5000,6760294.5000,3377772.2500,-89818.2344,-5454428.5000,-5716013.0000,4476215.0000,-4671801.5000,-1364777.1250,-3655237.2500,2542509.5000,-7138246.5000,-2251081.0000,1313274.6250,1982123.0000,2279861.5000,-3918948.5000,-1262163.7500,-688485.3750,-4878623.5000,-4008801.7500,6920329.0000,270658.0625,-4805784.0000,728431.0625,5460878.5000,1592404.5000,-4385760.0000,5066375.0000,787978.7500,8736003.0000,-5024834.5000,28745.5020,-7079230.5000,4829779.5000,-2375493.2500,-5818095.0000,-8823127.0000,6090383.0000,-20700.3613,5121138.0000
0.7324,5373152.0000,5249271.5000,4462923.0000,-4783453.5000,-4636711.0000,-2772655.0000,2163956.0000,-1847007.2500,-2810935.7500,422185.7188,-225927.2812,1307957.8750,6265836.0000,3526110.0000,-3130473.0000,-2231940.7500,-5562359.0000,1580707.6250,3422433.0000,-1204211.0000,2892352.2500,-8909259.0000,-2068184.5000,2969976.7500,8848718.0000,-2862508.2500,5208864.5000,3915828.2500,7844382.0000,-1176563.8750,6715634.0000,3363948.7500,-114807.0078,-5483139.0000,-5737812.0000,4442187.5000,-4702107.0000,-1389234.2500,-3690327.7500,2513799.0000,-7166425.0000,-2277664.7500,1283500.7500,1944905.6250,2236795.7500,-3973711.0000,-1293000.8750,-724639.3125,-4909992.5000,-4036980.5000,6890555.5000,243010.9062,-4828646.0000,709822.3750,5439080.0000,1569010.7500,-4412875.5000,5041386.5000,758204.8750,8698254.0000,-5056203.5000,-1028.3519,-7104750.5000,4803727.0000,-2401545.2500,-5841488.5000,-8836419.0000,6077623.0000,-38245.6680,5103592.5000
0.7344,5374215.5000,5240233.0000,4463454.5000,-4781858.5000,-4637242.5000,-2762553.2500,2175653.0000,-1849665.6250,-2823696.0000,414742.2500,-223800.5781,1305299.5000,6263709.5000,3529300.0000,-3121434.5000,-2235130.7500,-5572992.5000,1575390.8750,3421369.7500,-1211122.8750,2879592.0000,-8921487.0000,-2078286.2500,2966786.7500,8844996.0000,-2869951.7500,5204611.0000,3908916.5000,7831621.5000,-1197830.8750,6684796.5000,3336301.5000,-108958.5703,-5473569.0000,-5738875.0000,4433149.0000,-4707424.0000,-1405716.2500,-3705746.2500,2484025.0000,-7164830.0000,-2270221.2500,1281374.0000,1931613.7500,2217123.7500,-4004016.5000,-1301507.7500,-729424.3750,-4905207.5000,-4031663.7500,6899062.0000,249922.7031,-4826519.5000,713544.1250,5446523.5000,1575390.8750,-4413407.0000,5039791.5000,752888.1250,8687088.0000,-5059925.0000,-4750.0835,-7099434.0000,4803195.5000,-2411115.5000,-5848932.0000,-8851838.0000,6077091.0000,-45689.1328,5094554.0000
0.7364,5392292.5000,5257247.0000,4490570.0000,-4753679.5000,-4605874.0000,-2717892.5000,2212870.2500,-1828930.2500,-2820506.0000,432287.5625,-197216.7812,1329224.8750,6283913.0000,3560137.2500,-3094319.0000,-2212800.2500,-5552257.0000,1590809.5000,3446358.5000,-1191982.5000,2899795.7500,-8908196.0000,-2060209.2500,2991244.0000,8869453.0000,-2851343.0000,5225346.0000,3931247.0000,7842255.5000,-1194640.8750,6693303.5000,3358100.2500,-79716.3906,-5431566.5000,-5727178.5000,4447504.5000,-4694132.0000,-1415286.3750,-3694581.2500,2497848.5000,-7138246.5000,-2240447.5000,1293070.8750,1945437.2500,2224035.5000,-4010928.2500,-1287152.5000,-697523.8750,-4876497.0000,-4007206.7500,6925114.5000,275974.8125,-4794087.0000,743318.0000,5477360.5000,1599847.8750,-4390545.0000,5060526.5000,770433.4375,8699849.0000,-5039189.5000,16516.9551,-7072318.5000,4826589.5000,-2390911.7500,-5828197.0000,-8826849.0000,6107928.5000,-23890.4180,5106251.0000
0.7384,5354012.0000,5225346.0000,4464518.0000,-4777073.5000,-4621824.0000,-2729589.2500,2204895.2500,-1851792.3750,-2859318.2500,399323.6250,-219015.4844,1307426.1250,6260519.5000,3539401.7500,-3119307.7500,-2237257.5000,-5575119.0000,1561035.6250,3422433.0000,-1221224.6250,2877465.2500,-8942223.0000,-2089983.1250,2969976.7500,8842338.0000,-2883775.2500,5198762.5000,3901473.0000,7803443.0000,-1235579.8750,6654491.0000,3333111.5000,-103641.8125,-5449643.5000,-5755357.0000,4418794.0000,-4730286.0000,-1472707.3750,-3731798.5000,2499975.2500,-7163767.0000,-2262777.7500,1270740.5000,1913536.7500,2182033.0000,-4058779.2500,-1313736.2500,-707625.6875,-4903080.5000,-4034322.0000,6896403.5000,250454.3750,-4817481.0000,722050.9375,5454498.5000,1578049.2500,-4410748.5000,5040854.5000,747571.3750,8668480.0000,-5067900.0000,-10066.8428,-7099965.5000,4803727.0000,-2413242.2500,-5854249.0000,-8865661.0000,6073369.5000,-63234.4375,5067438.5000
0.7404,5336998.0000,5224283.0000,4465581.5000,-4777073.5000,-4612785.5000,-2709385.7500,2213402.0000,-1849665.6250,-2875800.2500,403577.0312,-215293.7656,1311147.8750,6263709.5000,3542591.7500,-3116649.5000,-2234067.2500,-5568739.0000,1556782.1250,3428281.5000,-1221224.6250,2877997.0000,-8949135.0000,-2092641.5000,2972103.5000,8844464.0000,-2884307.0000,5199826.0000,3901473.0000,7798658.0000,-1250998.5000,6636946.0000,3322478.0000,-89818.2344,-5444326.5000,-5744723.5000,4420389.0000,-4735602.5000,-1508861.3750,-3740305.2500,2503165.2500,-7154728.5000,-2253739.2500,1286690.7500,1910346.7500,2171931.2500,-4076324.5000,-1312141.2500,-697523.8750,-4891383.5000,-4024752.0000,6907569.0000,258429.5156,-4812164.0000,728431.0625,5461410.5000,1581771.0000,-4405432.0000,5046171.5000,753419.8125,8666885.0000,-5066837.0000,-6876.7871,-7086673.5000,4810639.0000,-2418559.0000,-5857439.0000,-8866193.0000,6060609.0000,-79716.3906,5051488.0000
0.7424,5330086.5000,5220561.0000,4459733.0000,-4790365.5000,-4622355.5000,-2697157.0000,2212338.7500,-1854982.3750,-2898662.2500,393475.1875,-215293.7656,1306894.5000,6254671.0000,3536211.7500,-3126751.2500,-2241510.7500,-5560232.0000,1540831.8750,3417648.0000,-1235048.2500,2862046.7500,-8962426.0000,-2104338.5000,2961470.0000,8839148.0000,-2891218.7500,5193977.5000,3891903.0000,7782707.5000,-1276519.0000,6610894.0000,3326199.7500,-91944.9375,-5454428.5000,-5741002.0000,4403375.0000,-4762718.0000,-1559370.5000,-3763167.5000,2505823.7500,-7161640.0000,-2258524.5000,1269145.5000,1892801.3750,2145879.2500,-4103440.0000,-1324901.5000,-712410.7500,-4896169.0000,-4030600.5000,6897999.0000,254176.1094,-4813227.5000,720455.9375,5456625.5000,1576985.8750,-4408622.0000,5042981.5000,750229.7500,8654656.0000,-5070027.0000,-10598.5186,-7094649.0000,4810107.5000,-2424939.0000,-5861160.5000,-8865661.0000,6051039.0000,-100983.4297,5040854.5000
0.7444,5305629.5000,5180685.5000,4430490.5000,-4829177.5000,-4654256.5000,-2714170.7500,2193198.2500,-1884756.2500,-2939069.7500,359979.6250,-245067.6094,1277120.6250,6219580.5000,3501652.7500,-3154930.0000,-2273411.2500,-5583094.0000,1499361.1250,3376177.2500,-1269607.1250,2822171.0000,-8994859.0000,-2135707.2500,2930101.2500,8816817.0000,-2915144.2500,5164735.0000,3857344.0000,7742832.0000,-1323838.1250,6574740.0000,3299084.2500,-116402.0312,-5479417.5000,-5761737.5000,4357651.0000,-4812695.5000,-1627956.7500,-3800384.7500,2492531.7500,-7186097.0000,-2288830.0000,1235649.8750,1846013.8750,2099623.2500,-4149695.7500,-1366372.2500,-739526.2500,-4924879.5000,-4059311.0000,6873010.0000,228123.9844,-4846723.0000,690682.0625,5427915.0000,1554123.7500,-4436269.0000,5016929.5000,721519.2500,8619034.0000,-5101927.5000,-40372.3711,-7124422.5000,4780865.0000,-2458434.5000,-5892529.5000,-8898094.0000,6014353.5000,-143517.5000,5000447.5000
0.7464,5320516.0000,5193445.5000,4448567.5000,-4812164.0000,-4630862.5000,-2685992.0000,2222972.2500,-1864552.5000,-2920461.0000,381778.3438,-222205.5469,1296261.0000,6236062.0000,3521324.7500,-3136321.5000,-2254271.0000,-5543750.0000,1508399.6250,3386279.2500,-1257378.6250,2831741.0000,-8982099.0000,-2116567.0000,2947114.7500,8851908.0000,-2889623.7500,5183344.0000,3870636.0000,7749743.5000,-1317458.0000,6588563.5000,3310781.2500,-78121.3672,-5448580.0000,-5730368.5000,4367753.0000,-4811632.5000,-1644438.7500,-3784966.0000,2516989.0000,-7158450.0000,-2265968.0000,1259575.3750,1860369.1250,2109193.5000,-4137999.0000,-1341915.1250,-704967.3125,-4897764.0000,-4030068.7500,6899594.0000,256302.8125,-4821734.0000,713544.1250,5455030.0000,1580707.6250,-4410748.5000,5040323.0000,744913.0000,8636047.0000,-5079597.0000,-16978.6309,-7099434.0000,4806917.5000,-2438231.0000,-5872857.5000,-8858750.0000,6042532.0000,-132883.9844,5011612.5000
0.7484,5316794.5000,5192914.0000,4445377.5000,-4810037.5000,-4635116.0000,-2687587.0000,2214997.0000,-1869337.6250,-2927372.7500,378056.5938,-222737.2188,1293602.6250,6232340.5000,3510159.5000,-3142701.5000,-2258524.5000,-5514508.0000,1500956.2500,3379899.0000,-1263227.0000,2824297.7500,-8985289.0000,-2119757.0000,2942329.7500,8864136.0000,-2885370.5000,5181217.0000,3864787.5000,7743895.0000,-1329154.8750,6580056.5000,3305464.5000,-64829.4648,-5437415.0000,-5735153.5000,4356587.5000,-4832367.5000,-1680592.6250,-3790282.7500,2516457.2500,-7152070.0000,-2264372.7500,1249473.5000,1853989.0000,2096965.0000,-4150227.5000,-1344573.5000,-699118.8750,-4900422.0000,-4033790.5000,6896403.5000,254707.7812,-4827582.5000,714075.8125,5455030.0000,1579644.2500,-4408090.5000,5040323.0000,738532.8750,8625414.0000,-5082255.5000,-19637.0098,-7094649.0000,4804790.5000,-2443547.7500,-5869136.0000,-8847584.0000,6055292.5000,-129162.2578,5005764.0000
0.7504,5308287.5000,5173773.5000,4431554.0000,-4820671.0000,-4647344.5000,-2696625.5000,2190008.2500,-1882097.8750,-2944918.0000,360511.2812,-234965.7656,1289349.1250,6223302.0000,3489956.0000,-3157056.7500,-2272348.0000,-5500152.5000,1486601.0000,3366075.5000,-1273860.6250,2805689.0000,-8998049.0000,-2134112.2500,2937013.0000,8860415.0000,-2888028.7500,5163672.0000,3848837.2500,7724755.0000,-1352548.6250,6561448.0000,3308654.5000,-63766.1133,-5437946.5000,-5754825.5000,4340106.0000,-4857888.0000,-1724721.7500,-3800916.2500,2491468.5000,-7156323.5000,-2272348.0000,1236713.2500,1835912.0000,2076229.6250,-4165646.0000,-1348826.8750,-701245.5625,-4905739.0000,-4046019.0000,6886302.0000,247264.3125,-4840343.0000,705037.3125,5448118.5000,1570605.7500,-4419255.5000,5027031.0000,728962.7500,8607337.0000,-5097142.5000,-31333.8809,-7103687.5000,4790967.0000,-2457903.0000,-5885618.0000,-8869915.0000,6041469.0000,-147770.9219,4992472.0000
0.7524,5315731.0000,5179090.5000,4442187.5000,-4808974.0000,-4632989.0000,-2684928.5000,2190008.2500,-1870932.6250,-2943854.7500,364764.6875,-221673.8750,1305831.1250,6235530.5000,3493146.0000,-3148550.0000,-2266499.5000,-5465594.0000,1496702.7500,3374582.2500,-1265353.7500,2815790.7500,-8987947.0000,-2127200.5000,2944456.5000,8886999.0000,-2873673.5000,5173773.5000,3851495.5000,7730603.5000,-1354143.6250,6565169.5000,3310249.5000,-43030.7539,-5421996.5000,-5748445.5000,4342232.5000,-4862673.0000,-1744393.7500,-3800384.7500,2494658.5000,-7144626.5000,-2248422.5000,1252131.8750,1843887.2500,2079419.6250,-4160329.2500,-1333940.0000,-675193.4375,-4890320.5000,-4034322.0000,6897999.0000,261619.5625,-4822797.5000,726304.3750,5465132.0000,1588151.1250,-4407558.5000,5040854.5000,740127.9375,8607337.0000,-5088635.5000,-17510.3066,-7091990.5000,4803195.5000,-2451522.7500,-5877111.0000,-8867256.0000,6039874.0000,-150429.2969,4998320.5000
0.7544,5289679.0000,5149316.5000,4425705.5000,-4815886.0000,-4648939.5000,-2707259.0000,2161829.5000,-1890604.6250,-2974692.0000,346687.7188,-234965.7656,1291475.8750,6221175.5000,3468689.0000,-3171412.0000,-2291488.2500,-5465594.0000,1472777.3750,3358632.0000,-1276519.0000,2797713.7500,-9003366.0000,-2148467.5000,2914682.5000,8884872.0000,-2887497.0000,5152506.5000,3830760.2500,7708804.5000,-1381259.1250,6539649.0000,3273032.2500,-49942.5391,-5435288.0000,-5765459.0000,4314585.5000,-4899359.0000,-1790649.6250,-3826436.7500,2473923.2500,-7161108.5000,-2267563.0000,1232991.5000,1817303.3750,2052835.8750,-4187976.5000,-1355738.6250,-684763.6250,-4903080.5000,-4050272.5000,6886833.5000,248327.6719,-4830241.0000,715670.8125,5455030.0000,1575922.5000,-4420850.5000,5023309.5000,718329.1875,8578626.0000,-5108307.5000,-37182.3164,-7105282.5000,4787777.0000,-2470663.2500,-5893593.0000,-8891714.0000,6008505.0000,-173291.3594,4980243.5000
0.7564,5270538.5000,5133366.5000,4416135.5000,-4821734.0000,-4648408.0000,-2719487.5000,2139499.0000,-1903896.6250,-2994364.0000,337649.2188,-236560.7969,1289880.8750,6217453.5000,3458587.0000,-3185767.2500,-2306907.0000,-5459213.5000,1458953.7500,3343745.0000,-1280772.3750,2786017.0000,-9008151.0000,-2157506.0000,2901922.2500,8882745.0000,-2894408.7500,5141873.0000,3825443.5000,7695512.5000,-1392956.0000,6532205.5000,3273032.2500,-48347.5117,-5429440.0000,-5768117.5000,4306610.0000,-4914777.5000,-1814043.3750,-3832817.0000,2470201.5000,-7159513.5000,-2270753.0000,1223953.0000,1809859.8750,2039012.2500,-4197546.5000,-1362118.7500,-686890.3125,-4910524.0000,-4052399.0000,6887365.5000,248859.3438,-4836089.5000,715139.1250,5451840.0000,1574327.5000,-4424040.5000,5019056.0000,703442.3125,8557359.0000,-5115751.0000,-42499.0742,-7111131.0000,4782992.0000,-2483955.0000,-5903695.0000,-8901284.0000,5977136.0000,-194026.7188,4964293.5000
0.7584,5290210.5000,5165798.5000,4450162.5000,-4782390.0000,-4605342.0000,-2692372.0000,2155981.0000,-1875717.7500,-2964590.0000,376461.5625,-195090.0781,1336136.6250,6255734.0000,3492082.7500,-3157056.7500,-2280854.7500,-5410831.0000,1490322.7500,3377772.2500,-1244618.3750,2816322.5000,-8975718.0000,-2118693.7500,2932759.5000,8929533.0000,-2852406.5000,5173773.5000,3865850.7500,7729540.0000,-1365308.8750,6568359.5000,3297489.2500,-7408.4634,-5389564.0000,-5744723.5000,4340637.5000,-4891383.5000,-1797029.7500,-3796663.0000,2500507.0000,-7118042.5000,-2234599.0000,1246815.1250,1836443.7500,2067191.1250,-4170962.7500,-1325433.1250,-652331.3750,-4881282.0000,-4019966.7500,6920861.0000,279696.5625,-4804720.5000,750229.7500,5480550.5000,1605696.3750,-4390545.0000,5053083.0000,727899.3750,8576500.0000,-5082787.0000,-8471.8154,-7079762.0000,4817551.0000,-2461093.0000,-5878706.0000,-8867256.0000,6002125.0000,-170632.9844,4990345.5000
0.7604,5246081.5000,5135493.0000,4428364.0000,-4804189.0000,-4620229.0000,-2717360.7500,2123548.7500,-1902833.2500,-2996490.7500,350409.4375,-220610.5156,1316996.3750,6241910.5000,3473474.0000,-3180982.2500,-2306375.2500,-5422528.0000,1471714.0000,3350125.2500,-1259505.3750,2791865.5000,-8998049.0000,-2137302.2500,2913087.5000,8911456.0000,-2882180.2500,5146126.5000,3842457.0000,7705614.5000,-1387639.2500,6548156.0000,3263462.0000,-28143.8262,-5401792.5000,-5775029.0000,4308737.0000,-4925942.5000,-1830525.2500,-3817930.0000,2461163.0000,-7136651.5000,-2256397.7500,1221826.3750,1817835.1250,2038480.6250,-4195951.5000,-1345636.8750,-678915.1875,-4909460.5000,-4047614.0000,6891087.0000,252581.0781,-4826519.5000,724709.3125,5453967.0000,1578580.8750,-4416065.5000,5027031.0000,692808.7500,8531839.0000,-5115219.5000,-36118.9648,-7110067.5000,4789372.0000,-2494057.0000,-5906885.0000,-8889055.0000,5977136.0000,-197216.7812,4963230.0000
0.7624,5247145.0000,5139746.5000,4433680.5000,-4796213.5000,-4613317.0000,-2710980.7500,2120358.7500,-1896984.7500,-2996490.7500,346156.0312,-216357.1094,1324439.7500,6252544.0000,3492082.7500,-3173538.7500,-2297336.7500,-5404982.5000,1486601.0000,3359163.7500,-1252593.5000,2799840.5000,-8989542.0000,-2127200.5000,2924252.7500,8924747.0000,-2880053.5000,5146658.0000,3841925.5000,7713589.5000,-1381259.1250,6554536.0000,3249638.5000,-23890.4180,-5393817.5000,-5775561.0000,4306610.0000,-4929664.5000,-1827866.8750,-3812613.2500,2442554.2500,-7127613.0000,-2250017.5000,1228206.5000,1825810.2500,2041139.0000,-4187976.5000,-1339788.3750,-678383.5000,-4909992.5000,-4046550.7500,6894808.5000,255771.1250,-4820671.0000,728962.7500,5452903.5000,1579644.2500,-4415002.0000,5029158.0000,691213.7500,8524927.0000,-5110966.0000,-28675.5020,-7108472.5000,4791498.5000,-2494057.0000,-5906353.0000,-8877890.0000,5979794.5000,-191368.3438,4959508.5000
0.7644,5277450.5000,5156228.5000,4459201.0000,-4762186.5000,-4581948.5000,-2684928.5000,2140030.7500,-1869337.6250,-2976287.0000,364233.0312,-195621.7500,1361657.1250,6286040.0000,3528236.5000,-3144296.5000,-2270221.2500,-5373614.0000,1514779.7500,3394786.0000,-1221224.6250,2829614.5000,-8961363.0000,-2096363.2500,2947646.5000,8953990.0000,-2865698.2500,5174305.5000,3867977.5000,7740173.5000,-1357333.7500,6578993.0000,3259740.2500,-1028.3519,-5371487.0000,-5744723.5000,4336915.5000,-4906802.5000,-1806068.2500,-3784434.5000,2458504.5000,-7098370.5000,-2227687.2500,1250005.1250,1852925.6250,2066127.7500,-4164051.0000,-1311077.8750,-660306.5000,-4886598.5000,-4019435.2500,6922456.0000,281291.5625,-4795682.0000,751293.1250,5476297.5000,1601974.6250,-4392671.5000,5048298.0000,706100.6875,8531307.0000,-5092889.0000,-9003.4912,-7088800.5000,4815424.0000,-2480233.2500,-5885086.0000,-8842268.0000,6003720.0000,-168506.2812,4975990.0000
0.7664,5276387.0000,5138151.5000,4441656.0000,-4764313.0000,-4592582.0000,-2692372.0000,2125143.7500,-1882097.8750,-2994364.0000,347219.4062,-212635.3750,1354213.6250,6281786.5000,3522388.2500,-3154398.5000,-2278196.5000,-5376804.0000,1504146.2500,3380962.2500,-1226009.7500,2826424.2500,-8966680.0000,-2104338.5000,2938608.0000,8949736.0000,-2883775.2500,5163140.0000,3852559.0000,7730071.5000,-1369030.6250,6561448.0000,3252296.7500,-20168.6855,-5385310.5000,-5753230.5000,4325750.5000,-4925942.5000,-1825208.5000,-3802511.5000,2440959.2500,-7110599.0000,-2242574.2500,1223953.0000,1838038.7500,2050177.5000,-4173621.2500,-1333940.0000,-682636.9375,-4904144.0000,-4038043.7500,6907569.0000,265872.9688,-4816949.0000,727367.6875,5455030.0000,1584961.0000,-4407558.5000,5034474.5000,688023.6875,8508977.0000,-5108307.5000,-18041.9824,-7107941.0000,4798410.5000,-2493525.2500,-5896783.0000,-8863003.0000,5992023.0000,-182861.5312,4959508.5000
0.7684,5300312.5000,5151975.0000,4457606.0000,-4741451.0000,-4569188.0000,-2672168.2500,2150132.5000,-1865084.2500,-2978945.2500,365828.0625,-201470.1875,1376544.0000,6310497.0000,3551098.7500,-3132068.0000,-2259587.7500,-5346498.5000,1522223.2500,3398507.7500,-1198894.2500,2854603.2500,-8941691.0000,-2080944.6250,2964128.5000,8974725.0000,-2864635.0000,5180685.5000,3873294.2500,7756124.0000,-1347763.5000,6581651.5000,3279944.0000,-2091.7039,-5361917.0000,-5727710.0000,4349676.0000,-4903080.5000,-1806599.8750,-3778054.2500,2463821.2500,-7088269.0000,-2221307.0000,1232991.5000,1857710.7500,2075166.2500,-4145442.5000,-1307356.1250,-666154.9375,-4877028.5000,-4014650.0000,6935216.0000,293520.1250,-4801530.5000,746508.0625,5473107.0000,1600911.2500,-4386291.5000,5052020.0000,701315.5625,8516420.0000,-5088635.5000,2693.3796,-7089332.0000,4820209.0000,-2478106.5000,-5880301.0000,-8854496.0000,6004251.5000,-168506.2812,4972268.5000
0.7704,5309882.5000,5158886.5000,4459733.0000,-4727627.5000,-4559086.5000,-2662066.5000,2158639.2500,-1853387.3750,-2977350.2500,376993.2500,-194026.7188,1382392.5000,6322193.5000,3560668.7500,-3123029.5000,-2250549.2500,-5330016.5000,1532856.7500,3408077.7500,-1189855.7500,2872680.2500,-8929994.0000,-2069779.5000,2978483.7500,8984827.0000,-2860913.2500,5186534.0000,3873826.0000,7763567.0000,-1342978.5000,6589626.5000,3292704.2500,4288.4077,-5361917.0000,-5728241.5000,4364031.0000,-4893510.5000,-1797561.3750,-3765294.0000,2493063.5000,-7073913.5000,-2211205.2500,1234054.8750,1865154.2500,2089521.5000,-4132150.5000,-1301507.7500,-658179.8125,-4871711.5000,-4007206.7500,6945849.5000,304153.6562,-4798340.5000,753951.5000,5478955.5000,1607823.1250,-4381506.5000,5055741.5000,702910.6250,8513230.0000,-5080128.5000,12263.5469,-7082952.0000,4824994.0000,-2475980.0000,-5877111.0000,-8851306.0000,6003720.0000,-170101.2969,4982902.0000
0.7724,5276387.0000,5126454.5000,4427300.5000,-4750489.5000,-4586733.5000,-2688118.5000,2129397.2500,-1878376.1250,-3006592.5000,349346.0938,-217420.4688,1354745.3750,6303053.5000,3536743.5000,-3148018.2500,-2273943.0000,-5348625.0000,1511589.7500,3385215.7500,-1213781.2500,2851413.0000,-8953920.0000,-2095831.6250,2954558.2500,8959838.0000,-2876863.5000,5161013.5000,3846178.7500,7733261.5000,-1366903.8750,6564106.5000,3277285.5000,-23890.4180,-5390096.0000,-5763332.5000,4339574.0000,-4921689.5000,-1820955.1250,-3785497.7500,2495190.2500,-7102624.0000,-2239915.7500,1212256.1250,1837507.1250,2066659.3750,-4149695.7500,-1324901.5000,-690612.0625,-4897232.0000,-4032195.5000,6920861.0000,277038.1562,-4825456.0000,727899.3750,5451308.5000,1582302.6250,-4408622.0000,5029689.5000,672073.3750,8477076.0000,-5105117.5000,-12725.2227,-7114852.5000,4796283.5000,-2505753.7500,-5905821.5000,-8901284.0000,5971819.5000,-204660.2344,4951001.5000
0.7744,5293401.0000,5145063.0000,4450694.5000,-4713272.5000,-4556428.0000,-2650901.2500,2157576.0000,-1850729.0000,-2976818.7500,380183.3125,-183924.8750,1390899.2500,6337612.5000,3569707.2500,-3122497.7500,-2245232.5000,-5319914.5000,1537641.8750,3420306.5000,-1189324.1250,2879592.0000,-8922019.0000,-2069247.7500,2975293.5000,8988017.0000,-2838583.0000,5194509.0000,3867977.5000,7760377.0000,-1341383.3750,6591753.5000,3320351.2500,2693.3796,-5369892.0000,-5737812.0000,4369348.0000,-4891383.5000,-1788522.8750,-3749875.5000,2538787.7500,-7074445.0000,-2213332.0000,1252131.8750,1863559.2500,2096433.2500,-4117795.2500,-1294064.2500,-660838.1875,-4863205.0000,-3999231.5000,6952229.5000,307343.6875,-4796745.5000,757141.5625,5479487.5000,1607291.3750,-4380443.0000,5053615.0000,694935.4375,8491432.0000,-5073748.5000,19175.3340,-7086142.0000,4823931.0000,-2489803.5000,-5888276.0000,-8886397.0000,5986706.0000,-186583.2656,4973332.0000
0.7764,5268943.5000,5117416.0000,4427832.5000,-4730817.5000,-4573973.0000,-2666851.5000,2140562.5000,-1871996.0000,-2992769.0000,358916.2812,-202533.5312,1368037.2500,6325384.0000,3552162.0000,-3140043.2500,-2269689.7500,-5342776.5000,1518501.5000,3408609.5000,-1212186.1250,2870553.5000,-8940096.0000,-2092109.8750,2954558.2500,8968877.0000,-2852938.2500,5178559.0000,3844583.7500,7739642.0000,-1363713.7500,6574208.0000,3313439.5000,-20700.3613,-5391691.0000,-5770244.0000,4348612.5000,-4911056.0000,-1803409.8750,-3769015.7500,2530280.7500,-7099965.5000,-2242042.5000,1229801.5000,1841228.8750,2079419.6250,-4129492.0000,-1312672.8750,-685295.3125,-4888725.5000,-4025283.5000,6925114.5000,278633.1875,-4818012.5000,733747.8125,5453967.0000,1582302.6250,-4402773.5000,5026499.5000,671541.7500,8465379.0000,-5092889.0000,-1028.3519,-7113789.0000,4798410.5000,-2511070.5000,-5910075.0000,-8895967.0000,5970224.0000,-200406.8281,4958976.5000
0.7784,5259373.5000,5101997.5000,4414008.5000,-4733476.0000,-4587265.0000,-2679080.0000,2143752.5000,-1884224.6250,-2998617.2500,352004.4688,-215825.4375,1355808.6250,6321662.0000,3552162.0000,-3149613.2500,-2281918.2500,-5350752.0000,1510526.3750,3402761.0000,-1226009.7500,2863110.0000,-8950730.0000,-2105933.5000,2939139.7500,8959306.0000,-2855596.5000,5167393.5000,3830228.5000,7728476.5000,-1375410.6250,6570486.5000,3319819.7500,-32397.2324,-5405514.5000,-5786194.5000,4332662.5000,-4919562.5000,-1807131.5000,-3778586.0000,2514330.5000,-7111662.5000,-2255866.0000,1211192.8750,1832722.0000,2073039.5000,-4131618.7500,-1324369.7500,-681041.8750,-4905207.5000,-4038043.7500,6912885.5000,267468.0000,-4828646.0000,724177.6250,5439611.5000,1567947.3750,-4417660.5000,5013207.5000,657186.5000,8449429.0000,-5102991.0000,-12193.5469,-7129208.0000,4781928.5000,-2525425.7500,-5925493.5000,-8902879.0000,5957464.0000,-214230.4062,4952596.5000
0.7804,5297122.5000,5140278.0000,4455479.5000,-4684030.0000,-4545794.5000,-2633356.0000,2191071.5000,-1842753.8750,-2958210.0000,395070.2188,-175418.0625,1399937.7500,6367918.0000,3598417.7500,-3106016.0000,-2246296.0000,-5313534.5000,1556782.1250,3443168.5000,-1192514.1250,2899795.7500,-8909259.0000,-2063931.0000,2971572.0000,8997055.0000,-2810935.7500,5205674.0000,3867445.7500,7763567.0000,-1337130.0000,6608767.0000,3359695.2500,4820.0835,-5376272.0000,-5746850.5000,4366158.0000,-4878623.5000,-1755027.2500,-3732330.2500,2545699.5000,-7080825.5000,-2215458.7500,1244688.3750,1868344.2500,2114510.2500,-4082704.5000,-1277582.2500,-631064.3750,-4867458.5000,-3994446.5000,6955420.0000,306280.3438,-4788770.5000,763521.6875,5477892.5000,1600911.2500,-4383101.5000,5048298.0000,692277.0625,8483988.0000,-5062051.5000,27682.1484,-7093054.0000,4819677.5000,-2491930.2500,-5891466.0000,-8865661.0000,6002125.0000,-184456.5625,4986092.0000
0.7824,5277450.5000,5115289.5000,4432617.5000,-4704765.5000,-4571315.0000,-2661003.2500,2175121.2500,-1864552.5000,-2978945.2500,378056.5938,-196153.4219,1387177.5000,6344524.0000,3575555.7500,-3122497.7500,-2270221.2500,-5332143.0000,1540831.8750,3419774.7500,-1221224.6250,2869490.0000,-8923614.0000,-2082539.7500,2948709.7500,8975257.0000,-2831671.0000,5182280.5000,3840862.0000,7739110.0000,-1359992.1250,6592817.0000,3352783.5000,-19637.0098,-5402324.5000,-5775029.0000,4340106.0000,-4902549.0000,-1765129.1250,-3746685.5000,2524964.0000,-7111131.0000,-2241510.7500,1214914.5000,1841760.5000,2092711.5000,-4097591.5000,-1293532.6250,-653394.7500,-4895637.0000,-4022093.5000,6930431.0000,279696.5625,-4815354.0000,736937.8750,5451308.5000,1570605.7500,-4408622.0000,5019587.5000,666756.6250,8457404.0000,-5083850.5000,4820.0835,-7114852.5000,4792562.0000,-2512665.5000,-5912201.5000,-8892777.0000,5996276.5000,-206786.9375,4961103.5000
0.7844,5282235.5000,5121669.5000,4436339.0000,-4704765.5000,-4569720.0000,-2663661.5000,2182033.0000,-1867742.6250,-2972565.2500,382310.0000,-188178.2812,1402596.1250,6350372.5000,3582999.2500,-3117181.0000,-2269689.7500,-5334801.5000,1543490.2500,3424028.0000,-1226009.7500,2873743.5000,-8917766.0000,-2076159.6250,2952963.2500,8981637.0000,-2829012.7500,5181217.0000,3844052.0000,7739642.0000,-1352548.6250,6601323.5000,3379899.0000,-12725.2227,-5395412.5000,-5773434.0000,4345954.0000,-4897232.0000,-1749710.5000,-3733925.2500,2536661.0000,-7105282.5000,-2238852.5000,1219168.0000,1846013.8750,2101750.0000,-4083236.2500,-1286620.7500,-653394.7500,-4895105.5000,-4022093.5000,6931494.5000,279164.8750,-4820139.0000,732684.4375,5449182.0000,1569542.3750,-4410217.0000,5017992.5000,668351.6875,8457404.0000,-5084382.0000,4820.0835,-7118042.5000,4786713.5000,-2515855.5000,-5918050.0000,-8919892.0000,5994149.5000,-205723.5938,4953128.0000
0.7864,5303502.5000,5147721.5000,4459733.0000,-4679245.0000,-4541009.5000,-2640799.5000,2209148.5000,-1847538.8750,-2948108.2500,402513.6875,-163721.1875,1431838.3750,6378019.5000,3606924.7500,-3094319.0000,-2251612.7500,-5307686.0000,1580175.8750,3448485.2500,-1211654.5000,2899264.0000,-8889587.0000,-2047980.7500,2971040.2500,9006094.0000,-2797112.2500,5200889.0000,3870104.2500,7762504.0000,-1325964.8750,6626312.5000,3400102.7500,9605.1670,-5361385.5000,-5748977.0000,4371474.5000,-4873838.5000,-1715683.2500,-3706278.0000,2541446.0000,-7086673.5000,-2209078.5000,1239903.3750,1866749.2500,2127270.5000,-4052930.7500,-1262695.3750,-637444.4375,-4875965.0000,-3998168.2500,6952229.5000,298305.2188,-4799935.5000,755014.8750,5469385.5000,1586556.0000,-4390545.0000,5038196.5000,691213.7500,8481861.0000,-5058861.5000,26618.7969,-7098902.5000,4806385.5000,-2494588.5000,-5898378.0000,-8903410.0000,6020202.0000,-179671.4688,4972800.0000
0.7884,5295527.5000,5136556.5000,4449631.0000,-4690942.0000,-4554301.0000,-2656749.7500,2200110.0000,-1862425.8750,-2960336.7500,385500.0625,-177013.0938,1419609.7500,6375361.5000,3594164.5000,-3113991.0000,-2272348.0000,-5312471.0000,1572732.5000,3430940.0000,-1227604.7500,2881187.0000,-8899689.0000,-2067121.1250,2954026.5000,8999182.0000,-2807214.0000,5186534.0000,3846710.5000,7747085.5000,-1337661.7500,6610362.0000,3363948.7500,-3686.7317,-5361917.0000,-5761205.5000,4350207.5000,-4888193.5000,-1727380.1250,-3718506.5000,2517520.5000,-7102092.5000,-2223965.5000,1225548.1250,1849204.0000,2115042.0000,-4064096.0000,-1277582.2500,-655521.4375,-4894574.0000,-4017308.5000,6936279.5000,280759.9062,-4815354.0000,743318.0000,5456625.5000,1570074.1250,-4405432.0000,5024372.5000,679516.8750,8469633.0000,-5068963.5000,13326.8984,-7114321.0000,4790435.5000,-2506817.0000,-5914860.0000,-8917766.0000,6013290.0000,-189241.6406,4960571.5000
0.7904,5296059.0000,5128581.0000,4448567.5000,-4690410.0000,-4553769.5000,-2661534.7500,2196920.0000,-1868274.2500,-2964590.0000,380714.9688,-183393.2031,1416951.3750,6377488.0000,3597354.5000,-3119307.7500,-2280323.2500,-5316193.0000,1561035.6250,3417648.0000,-1237706.6250,2874275.2500,-8904474.0000,-2074564.5000,2944988.0000,8999714.0000,-2809872.5000,5175368.5000,3839267.0000,7743895.0000,-1339788.3750,6604513.5000,3330984.7500,566.6760,-5352347.0000,-5764927.5000,4348081.0000,-4890320.5000,-1718873.3750,-3716380.0000,2505823.7500,-7101560.5000,-2226092.2500,1226611.3750,1847608.8750,2113978.5000,-4059311.0000,-1279177.3750,-668281.6875,-4899359.0000,-4016776.7500,6935216.0000,279164.8750,-4816949.0000,743318.0000,5451308.5000,1565289.0000,-4409153.5000,5023309.5000,680580.1875,8471228.0000,-5068432.0000,12263.5469,-7118042.5000,4785118.5000,-2516387.2500,-5924962.0000,-8927336.0000,6007441.5000,-189773.3125,4951001.5000
0.7924,5305097.5000,5135493.0000,4461859.5000,-4674460.0000,-4533566.0000,-2647711.2500,2204363.5000,-1858172.5000,-2955551.5000,397196.9375,-173823.0312,1428116.6250,6388653.0000,3614899.7500,-3112927.7500,-2278196.5000,-5308217.5000,1562630.6250,3423496.5000,-1235048.2500,2888098.7500,-8891714.0000,-2064994.3750,2951368.2500,9011411.0000,-2798175.5000,5179090.5000,3847773.7500,7755060.5000,-1330749.8750,6617805.5000,3325136.5000,10136.8428,-5346498.5000,-5767054.0000,4350739.5000,-4881282.0000,-1704518.1250,-3707873.0000,2506887.0000,-7091990.5000,-2220243.7500,1235118.2500,1855052.3750,2123017.0000,-4049209.0000,-1273328.8750,-668813.3750,-4896169.0000,-4009865.0000,6937874.5000,282886.5938,-4804720.5000,743318.0000,5455562.0000,1566352.3750,-4402242.0000,5034474.5000,693872.1250,8480798.0000,-5058861.5000,19175.3340,-7109536.0000,4790435.5000,-2505753.7500,-5916455.0000,-8908727.0000,6026582.0000,-174354.7188,4963761.5000
0.7944,5291274.0000,5129113.0000,4446441.0000,-4678713.5000,-4545794.5000,-2658344.7500,2190540.0000,-1875717.7500,-2971502.0000,391880.1875,-190836.6719,1410571.2500,6378019.5000,3609583.0000,-3133131.2500,-2301058.5000,-5319383.0000,1542426.8750,3405951.2500,-1254720.2500,2867895.0000,-8905537.0000,-2078818.0000,2929037.7500,8994397.0000,-2814125.7500,5156228.5000,3830760.2500,7738578.5000,-1342978.5000,6607703.5000,3305996.0000,-1028.3519,-5369360.5000,-5792043.0000,4330535.5000,-4898295.5000,-1714620.0000,-3722228.2500,2495722.0000,-7106345.5000,-2245764.2500,1223421.3750,1831658.6250,2106003.5000,-4058247.5000,-1292469.2500,-684763.6250,-4920094.0000,-4032727.0000,6918734.0000,259492.8594,-4829709.5000,717265.8750,5431105.0000,1543490.2500,-4422445.5000,5011612.5000,679516.8750,8463253.0000,-5078533.5000,-3155.0557,-7132398.0000,4767573.0000,-2529147.5000,-5943039.0000,-8921487.0000,6013290.0000,-196685.0938,4948874.5000
0.7964,5312009.5000,5159418.5000,4470366.5000,-4639369.5000,-4517084.0000,-2624317.5000,2214465.2500,-1853919.0000,-2938538.0000,427502.4688,-168506.2812,1434496.7500,6404072.0000,3638825.2500,-3110801.0000,-2279791.5000,-5295989.0000,1563162.2500,3428813.2500,-1230263.1250,2881718.7500,-8881612.0000,-2052234.1250,2952963.2500,9022044.0000,-2788073.7500,5174837.0000,3858939.0000,7763567.0000,-1318521.3750,6641731.0000,3327263.0000,26618.7969,-5357132.0000,-5773966.0000,4350739.5000,-4876497.0000,-1682719.3750,-3691922.7500,2534534.2500,-7081357.0000,-2223433.7500,1248410.1250,1850267.2500,2132055.5000,-4027942.0000,-1263758.7500,-661901.5625,-4899359.0000,-4011991.7500,6937874.5000,276506.5000,-4817481.0000,733216.1250,5449713.5000,1559440.5000,-4405432.0000,5031816.0000,698657.1875,8482393.0000,-5059925.0000,19175.3340,-7115916.0000,4785118.5000,-2511070.5000,-5926025.0000,-8880548.0000,6038279.0000,-182861.5312,4974395.0000
0.7984,5325833.0000,5173773.5000,4482595.0000,-4607469.0000,-4499007.0000,-2603050.5000,2233074.0000,-1843817.2500,-2931626.2500,434414.2500,-155746.0469,1439281.7500,6417363.5000,3658497.2500,-3101230.7500,-2270221.2500,-5289609.0000,1563162.2500,3433598.2500,-1216971.2500,2881187.0000,-8873637.0000,-2040537.2500,2967318.5000,9034273.0000,-2782757.0000,5176432.0000,3868509.2500,7772074.0000,-1308951.2500,6657149.5000,3345871.7500,36720.6406,-5347561.5000,-5772902.5000,4362968.0000,-4867990.0000,-1668895.7500,-3674377.5000,2552611.2500,-7072850.0000,-2218117.0000,1247878.5000,1854520.7500,2140562.5000,-4015713.5000,-1257378.6250,-662964.9375,-4904144.0000,-4015181.7500,6931494.5000,274379.7812,-4816417.5000,736937.8750,5449713.5000,1559972.2500,-4400647.0000,5040854.5000,702910.6250,8487178.0000,-5059925.0000,17580.3066,-7114852.5000,4786182.0000,-2504158.7500,-5922835.0000,-8848648.0000,6047317.5000,-177013.0938,4993004.0000
0.8004,5324238.0000,5168457.0000,4486316.5000,-4597367.0000,-4494222.0000,-2596670.2500,2236264.0000,-1843285.5000,-2937474.5000,433350.9062,-156809.4062,1436091.7500,6422149.0000,3669130.7500,-3094319.0000,-2273411.2500,-5290672.5000,1551997.1250,3420306.5000,-1213781.2500,2872680.2500,-8876827.0000,-2045854.0000,2977952.0000,9035336.0000,-2794985.5000,5163672.0000,3864255.7500,7768352.5000,-1310014.5000,6663529.5000,3360227.0000,34062.2617,-5344903.5000,-5781941.0000,4359778.0000,-4869053.5000,-1661984.0000,-3668529.0000,2555801.2500,-7067001.5000,-2228750.5000,1230864.8750,1851330.6250,2142157.5000,-4014650.0000,-1258442.0000,-669876.6875,-4912651.0000,-4025283.5000,6923519.0000,269063.0312,-4815354.0000,732684.4375,5445460.0000,1553060.5000,-4405963.5000,5036069.5000,695467.1250,8477076.0000,-5067900.0000,8010.1392,-7119106.0000,4777143.5000,-2511070.5000,-5931342.0000,-8850243.0000,6029772.0000,-185519.9062,4995130.5000
0.8024,5316263.0000,5164735.0000,4501203.5000,-4585138.5000,-4480930.0000,-2587631.7500,2242112.5000,-1838500.3750,-2922587.7500,444516.0938,-148302.5938,1440345.1250,6427997.0000,3690929.5000,-3082622.2500,-2270221.2500,-5281102.0000,1548275.3750,3415521.2500,-1210059.5000,2878528.5000,-8872042.0000,-2036815.6250,2987522.2500,9045970.0000,-2790200.5000,5159950.0000,3860534.0000,7772605.5000,-1304166.1250,6669910.0000,3368733.7500,38315.6680,-5336396.5000,-5779814.5000,4360841.0000,-4861078.0000,-1652945.5000,-3667465.7500,2552079.5000,-7046798.0000,-2233535.7500,1228206.5000,1855584.1250,2148537.5000,-4011460.0000,-1250998.5000,-663496.5625,-4913182.5000,-4026878.7500,6920861.0000,266936.3125,-4808974.0000,730557.7500,5443865.0000,1554123.7500,-4408090.5000,5037664.5000,686960.3125,8473355.0000,-5072685.0000,9073.4912,-7114852.5000,4775016.5000,-2513197.2500,-5936127.0000,-8852370.0000,6011163.5000,-194558.3906,4999384.0000
0.8044,5319453.0000,5166862.0000,4519280.5000,-4560681.5000,-4467638.0000,-2572745.0000,2259126.0000,-1827866.8750,-2913017.5000,463124.7500,-136605.7188,1445661.8750,6446074.0000,3720171.5000,-3064013.5000,-2263841.2500,-5266747.0000,1557313.8750,3419243.0000,-1202084.3750,2895010.5000,-8861408.0000,-2023523.6250,2998687.2500,9062452.0000,-2783820.2500,5163140.0000,3863192.5000,7781112.5000,-1294596.0000,6678416.5000,3377240.7500,51607.5664,-5330548.0000,-5767585.5000,4369879.5000,-4854166.5000,-1635400.2500,-3657895.5000,2550484.5000,-7030848.0000,-2230345.5000,1247346.7500,1862495.8750,2159702.7500,-4001890.0000,-1240896.6250,-651268.0625,-4904144.0000,-4019435.2500,6922987.5000,275443.1562,-4803125.5000,738532.8750,5447055.0000,1557845.5000,-4398520.0000,5046171.5000,681643.5625,8471760.0000,-5071090.0000,13326.8984,-7106877.5000,4777675.0000,-2510007.2500,-5937190.5000,-8840141.0000,6015416.5000,-191368.3438,5010549.0000
0.8064,5298186.0000,5148785.0000,4510774.0000,-4558023.0000,-4474550.0000,-2583910.0000,2245834.2500,-1844880.5000,-2922587.7500,452491.2188,-150429.2969,1420673.1250,6438099.0000,3718576.5000,-3076242.0000,-2277133.0000,-5281102.0000,1546680.3750,3405951.2500,-1226009.7500,2887035.5000,-8872042.0000,-2041069.0000,2983800.5000,9050223.0000,-2797643.7500,5142936.5000,3846178.7500,7770479.0000,-1307887.8750,6664593.0000,3365012.0000,39379.0195,-5358727.0000,-5783536.0000,4358183.0000,-4861610.0000,-1636463.6250,-3663744.0000,2552079.5000,-7027126.0000,-2244169.2500,1244156.7500,1851330.6250,2152791.0000,-4010396.7500,-1250998.5000,-659774.8750,-4916372.5000,-4033258.7500,6909695.5000,261087.8906,-4816417.5000,725241.0000,5434295.0000,1545617.0000,-4413938.5000,5035006.0000,656654.8125,8450493.0000,-5087040.5000,-4750.0835,-7122827.5000,4763320.0000,-2530742.5000,-5961116.0000,-8845458.0000,6002656.5000,-205723.5938,4996194.0000
0.8084,5330086.5000,5179622.0000,4542142.5000,-4516020.5000,-4433610.5000,-2548819.5000,2276671.5000,-1817233.3750,-2885902.0000,488113.5312,-122782.1406,1441940.1250,6468936.5000,3756857.2500,-3043809.7500,-2247891.0000,-5252391.5000,1588151.1250,3439446.7500,-1204742.7500,2925847.7500,-8845458.0000,-2011826.7500,3015169.2500,9082655.0000,-2770528.5000,5170052.0000,3877547.7500,7807696.5000,-1277050.6250,6699152.0000,3408609.5000,75532.9844,-5342245.0000,-5758015.5000,4390083.5000,-4831304.5000,-1597651.2500,-3626526.7500,2583448.5000,-6983528.5000,-2220243.7500,1274462.2500,1880572.8750,2182564.7500,-3980091.2500,-1215376.2500,-626810.9375,-4887130.5000,-4006143.2500,6936279.5000,289266.7188,-4790365.5000,762458.3125,5466195.5000,1571669.1250,-4381506.5000,5064780.0000,676326.8125,8469633.0000,-5063115.0000,22365.3906,-7090927.0000,4790967.0000,-2507348.7500,-5937722.0000,-8810899.0000,6045190.5000,-178608.1250,5031284.5000
0.8104,5314668.0000,5153570.0000,4521939.0000,-4533566.0000,-4454878.0000,-2570086.5000,2261252.7500,-1840627.1250,-2893345.5000,473226.5938,-149897.6250,1405254.5000,6448201.0000,3743565.2500,-3061886.7500,-2271284.7500,-5276849.0000,1576454.2500,3411268.0000,-1235048.2500,2901390.7500,-8869383.0000,-2032030.5000,3002409.0000,9055540.0000,-2784352.0000,5140810.0000,3849900.5000,7790151.0000,-1297254.3750,6684796.5000,3402761.0000,54265.9453,-5381057.5000,-5787789.5000,4370411.5000,-4850444.5000,-1610943.1250,-3640882.0000,2550484.5000,-6990440.5000,-2256929.5000,1253195.2500,1859837.5000,2162892.7500,-4002421.5000,-1232389.8750,-654458.1250,-4917436.0000,-4036980.5000,6903847.0000,259492.8594,-4815354.0000,734811.1875,5440675.0000,1545085.2500,-4408090.5000,5039259.5000,647084.6250,8443581.0000,-5092357.5000,-6345.1113,-7117511.0000,4762788.0000,-2532869.2500,-5965369.0000,-8833761.0000,6037747.0000,-199343.4844,5016929.5000
0.8124,5312541.0000,5157291.5000,4528319.0000,-4518679.0000,-4454878.0000,-2565301.5000,2265506.2500,-1842753.8750,-2881117.0000,482265.0938,-154151.0312,1405254.5000,6447137.5000,3753667.2500,-3052848.2500,-2269158.0000,-5268342.0000,1590277.7500,3406482.7500,-1243023.3750,2901390.7500,-8870978.0000,-2023523.6250,3017827.7500,9057135.0000,-2780630.2500,5134429.5000,3843520.5000,7792277.5000,-1289810.8750,6699683.5000,3404356.0000,65962.8203,-5393286.0000,-5801613.0000,4370943.0000,-4846191.5000,-1596587.8750,-3626526.7500,2554738.0000,-6979275.0000,-2263309.5000,1268613.8750,1863027.5000,2165019.5000,-4001890.0000,-1221756.3750,-660838.1875,-4920626.0000,-4041765.5000,6898530.5000,260024.5469,-4815886.0000,733216.1250,5439080.0000,1539236.8750,-4408090.5000,5044044.5000,644426.2500,8443049.0000,-5093952.5000,-5281.7593,-7116447.5000,4760661.5000,-2533932.5000,-5967496.0000,-8829508.0000,6049975.5000,-197748.4531,5022246.0000
0.8144,5338593.0000,5197699.0000,4556498.0000,-4487310.0000,-4429357.5000,-2533932.5000,2295811.7500,-1818828.3750,-2845494.7500,525862.5000,-135010.6875,1427584.8750,6463619.5000,3781846.0000,-3025201.2500,-2235662.2500,-5233251.5000,1632811.8750,3428813.2500,-1224414.7500,2922657.7500,-8847053.0000,-1988964.7500,3059298.5000,9086909.0000,-2751388.0000,5156760.0000,3864255.7500,7811418.0000,-1257910.2500,6733179.0000,3417116.2500,91483.2656,-5370424.0000,-5777156.0000,4390083.5000,-4814822.5000,-1560965.6250,-3590904.2500,2574941.7500,-6948969.5000,-2237257.5000,1309021.2500,1896523.1250,2197983.5000,-3974774.5000,-1180817.2500,-638507.8125,-4898295.5000,-4021030.2500,6919797.5000,282886.5938,-4799404.0000,754483.1875,5462473.5000,1561567.2500,-4381506.5000,5069033.5000,664629.9375,8468038.0000,-5071622.0000,19175.3340,-7085610.5000,4781928.5000,-2507348.7500,-5939317.0000,-8776340.0000,6093573.0000,-162657.8438,5055210.0000
0.8164,5324238.0000,5189724.0000,4538421.0000,-4523995.5000,-4462321.0000,-2552009.5000,2274013.0000,-1839032.1250,-2857723.2500,512570.6250,-159999.4688,1393557.6250,6431719.0000,3747287.0000,-3050721.5000,-2253207.7500,-5262493.5000,1613139.8750,3402229.5000,-1253656.8750,2887035.5000,-8877890.0000,-2010763.5000,3044411.5000,9066173.0000,-2785415.2500,5133898.0000,3831292.0000,7786429.5000,-1271733.8750,6716165.5000,3377240.7500,74469.6328,-5398071.0000,-5800549.5000,4360841.0000,-4831304.5000,-1575320.8750,-3610044.7500,2536661.0000,-6971831.5000,-2258524.5000,1290412.5000,1878446.1250,2179374.7500,-3992319.7500,-1191450.7500,-658711.5000,-4923816.0000,-4044424.0000,6894808.5000,263746.2812,-4826519.5000,734279.5000,5442801.5000,1539768.5000,-4403305.0000,5051488.0000,640704.5000,8443581.0000,-5091825.5000,-2091.7039,-7106877.5000,4762256.5000,-2522235.7500,-5957394.0000,-8769960.0000,6080281.0000,-169569.6250,5037133.0000
0.8184,5342846.5000,5214712.5000,4553839.5000,-4529844.0000,-4464979.5000,-2540312.7500,2277203.0000,-1831588.6250,-2836456.2500,530115.9375,-151492.6406,1390367.6250,6421085.5000,3737717.0000,-3049126.5000,-2246296.0000,-5258240.0000,1621115.0000,3412863.0000,-1250998.5000,2873743.5000,-8881612.0000,-2004383.3750,3055045.0000,9079465.0000,-2767870.0000,5148785.0000,3837140.2500,7792277.5000,-1256315.2500,6723609.0000,3378835.7500,90419.9141,-5384779.0000,-5786194.5000,4368816.5000,-4816949.0000,-1558838.8750,-3597284.5000,2545699.5000,-6958540.0000,-2240979.2500,1311147.8750,1889611.3750,2196920.0000,-3973179.5000,-1166993.7500,-647014.6250,-4912119.0000,-4032195.5000,6907569.0000,279696.5625,-4816949.0000,746508.0625,5458220.5000,1550933.7500,-4390545.0000,5065843.5000,648148.0000,8452088.0000,-5080660.5000,9073.4912,-7093054.0000,4772358.5000,-2511070.5000,-5947824.0000,-8729021.0000,6084003.0000,-164252.8750,5046703.0000
0.8204,5339656.5000,5222156.0000,4555434.5000,-4544199.5000,-4478271.5000,-2544034.5000,2259657.7500,-1838500.3750,-2827417.7500,531179.2500,-158936.1094,1378670.7500,6396096.5000,3705284.7500,-3065608.5000,-2247891.0000,-5261962.0000,1621646.6250,3409672.7500,-1264290.3750,2858325.0000,-8897030.0000,-2003851.6250,3049196.5000,9080529.0000,-2771060.0000,5140810.0000,3829696.7500,7787492.5000,-1255251.8750,6725204.0000,3371392.2500,95204.9922,-5390096.0000,-5779814.5000,4370943.0000,-4809505.5000,-1556180.5000,-3601538.0000,2548357.7500,-6958540.0000,-2245232.5000,1311147.8750,1893333.0000,2201173.5000,-3969989.2500,-1162740.2500,-649141.3125,-4912651.0000,-4033258.7500,6904379.0000,283418.2812,-4816949.0000,744913.0000,5456093.5000,1549338.7500,-4391608.5000,5064780.0000,647616.3125,8441454.0000,-5082255.5000,5351.7593,-7090395.5000,4771295.0000,-2505222.0000,-5944102.0000,-8713070.0000,6079218.0000,-171164.6562,5053083.0000
0.8224,5316263.0000,5207269.5000,4532572.5000,-4596835.5000,-4524527.5000,-2575403.2500,2221377.0000,-1865615.8750,-2843368.0000,508848.8750,-187646.6094,1338263.3750,6348246.0000,3646800.2500,-3108674.2500,-2276601.5000,-5281634.0000,1595594.5000,3388405.7500,-1292469.2500,2814727.5000,-8941159.0000,-2033093.8750,3016764.2500,9061388.0000,-2790732.0000,5115289.5000,3802581.5000,7756124.0000,-1271733.8750,6703937.0000,3349061.7500,69684.5469,-5419338.0000,-5805334.5000,4350739.5000,-4826519.5000,-1573194.1250,-3624931.7500,2526027.5000,-6976617.0000,-2276601.5000,1276057.2500,1869939.3750,2182564.7500,-3986471.2500,-1182944.0000,-663496.5625,-4941361.5000,-4060374.2500,6878858.5000,258429.5156,-4843001.0000,719392.5625,5430041.5000,1524881.6250,-4415002.0000,5044044.5000,624754.2500,8418060.0000,-5105117.5000,-13256.8984,-7114852.5000,4744179.5000,-2522767.5000,-5968027.5000,-8735401.0000,6049975.5000,-186583.2656,5030221.0000
0.8244,5346568.5000,5235980.0000,4564473.0000,-4595240.0000,-4510172.0000,-2552009.5000,2244770.7500,-1837968.7500,-2813594.2500,541281.1250,-164784.5469,1348896.8750,6348777.5000,3641483.5000,-3095914.0000,-2254802.7500,-5258772.0000,1620583.2500,3415521.2500,-1275987.2500,2827487.7500,-8929463.0000,-2009168.3750,3039626.5000,9083719.0000,-2763616.5000,5142405.0000,3825443.5000,7773669.0000,-1232389.8750,6740091.0000,3385215.7500,89888.2344,-5390627.5000,-5783536.0000,4384766.5000,-4790365.5000,-1532786.7500,-3588777.7500,2564308.0000,-6947906.5000,-2258524.5000,1287754.1250,1901308.2500,2219782.0000,-3948722.2500,-1144131.6250,-633191.0625,-4911056.0000,-4031132.0000,6910227.5000,288735.0312,-4818012.5000,744913.0000,5452903.5000,1549338.7500,-4387355.0000,5071160.0000,650274.6875,8440922.0000,-5077470.5000,9605.1670,-7088800.5000,4773953.5000,-2498842.0000,-5946760.5000,-8713070.0000,6065394.0000,-164784.5469,5055741.5000
0.8264,5344973.5000,5233321.5000,4544801.0000,-4637242.5000,-4540477.5000,-2572213.2500,2223503.7500,-1851260.6250,-2830607.7500,530115.9375,-181266.5000,1321781.3750,6307838.5000,3595227.7500,-3119307.7500,-2279259.7500,-5280570.5000,1601443.0000,3404356.0000,-1299912.7500,2799840.5000,-8956046.0000,-2026182.0000,3017296.0000,9070958.0000,-2780630.2500,5128581.0000,3812151.5000,7744958.5000,-1231326.5000,6731584.0000,3374582.2500,64899.4648,-5411363.0000,-5805334.5000,4374133.0000,-4797809.0000,-1536508.5000,-3604728.0000,2564308.0000,-6974490.0000,-2276601.5000,1256385.2500,1889079.6250,2211275.2500,-3949785.7500,-1148916.7500,-651268.0625,-4932323.0000,-4048145.7500,6894277.0000,275443.1562,-4829709.5000,729494.3750,5438548.5000,1531793.3750,-4403305.0000,5056273.5000,635919.4375,8425504.0000,-5091825.5000,-2623.3796,-7102092.5000,4758535.0000,-2509475.5000,-5959520.5000,-8716792.0000,6060077.5000,-162126.1719,5058400.0000
0.8284,5340720.0000,5218966.0000,4525660.5000,-4674991.5000,-4571846.5000,-2594543.7500,2204895.2500,-1868274.2500,-2850279.7500,508848.8750,-199875.1562,1288285.8750,6267963.0000,3555352.0000,-3142169.7500,-2305843.5000,-5295989.0000,1573795.7500,3386810.7500,-1330749.8750,2766876.7500,-8986884.0000,-2046385.7500,2991244.0000,9051818.0000,-2793922.0000,5111567.5000,3790884.5000,7711463.0000,-1233453.2500,6718824.0000,3365543.7500,43632.4297,-5428908.0000,-5834577.0000,4359778.0000,-4810569.0000,-1550332.1250,-3624931.7500,2548889.5000,-7004795.5000,-2292020.0000,1225548.1250,1873129.3750,2203300.2500,-3952444.0000,-1164867.0000,-677320.1875,-4949336.5000,-4061969.2500,6878327.0000,262151.2500,-4843001.0000,718329.1875,5420471.5000,1517438.1250,-4415534.0000,5050425.0000,630071.0000,8411149.0000,-5104054.0000,-14851.9268,-7114321.0000,4748433.0000,-2516387.2500,-5970154.0000,-8721046.0000,6053697.5000,-157872.7500,5051488.0000
0.8304,5361455.5000,5248740.0000,4553839.5000,-4663295.0000,-4554833.0000,-2581783.5000,2236795.7500,-1840095.5000,-2822101.0000,524799.1875,-173823.0312,1309552.8750,6278064.5000,3556415.5000,-3121966.2500,-2282981.5000,-5267278.5000,1583366.0000,3409672.7500,-1307887.8750,2784422.0000,-8971465.0000,-2020865.2500,3008257.5000,9074680.0000,-2769996.7500,5135493.0000,3823316.7500,7722096.5000,-1188792.3750,6751256.0000,3401697.7500,65431.1406,-5394881.0000,-5813841.5000,4390615.0000,-4778137.0000,-1515773.1250,-3598879.5000,2569624.7500,-7000542.0000,-2261714.5000,1240435.0000,1911410.0000,2247429.2500,-3901934.7500,-1136156.5000,-652863.0625,-4915841.0000,-4028473.7500,6909164.0000,295646.8438,-4813227.5000,748634.7500,5453435.0000,1550402.1250,-4382038.0000,5081262.0000,664629.9375,8444112.0000,-5070027.0000,14390.2510,-7081888.5000,4781928.5000,-2480765.0000,-5936127.0000,-8669473.0000,6092509.5000,-115338.6797,5084984.0000
0.8324,5329554.5000,5223751.0000,4527787.5000,-4693068.5000,-4583543.5000,-2622190.7500,2219250.5000,-1859235.7500,-2836987.7500,492898.5938,-195621.7500,1282437.3750,6247227.5000,3520793.2500,-3142701.5000,-2305843.5000,-5290140.5000,1556782.1250,3384152.5000,-1322243.1250,2762091.5000,-9001239.0000,-2037347.2500,2990180.5000,9051286.0000,-2787010.2500,5120074.5000,3813215.0000,7689664.5000,-1189324.1250,6744876.0000,3399039.2500,33530.5859,-5413489.5000,-5843083.5000,4376791.5000,-4793023.5000,-1529065.0000,-3616956.5000,2545167.7500,-7043608.0000,-2277133.0000,1211724.5000,1892269.7500,2237859.0000,-3900339.7500,-1161145.2500,-668813.3750,-4936044.5000,-4049209.0000,6887365.5000,275974.8125,-4824392.5000,733747.8125,5435358.0000,1538173.5000,-4394266.5000,5070097.0000,660376.5000,8433479.0000,-5082787.0000,2161.7039,-7102624.0000,4772890.0000,-2483423.2500,-5941443.5000,-8656713.0000,6090383.0000,-112680.3047,5067438.5000
0.8344,5301907.5000,5200889.0000,4506520.5000,-4704234.0000,-4595772.0000,-2651964.7500,2207553.5000,-1866679.2500,-2853469.7500,473226.5938,-204128.5625,1267550.5000,6228087.0000,3497399.5000,-3157056.7500,-2318603.7500,-5309812.5000,1541895.2500,3369797.2500,-1327559.8750,2759433.2500,-9021443.0000,-2045854.0000,2976888.7500,9028956.0000,-2800302.2500,5115289.5000,3811088.2500,7673182.5000,-1185070.7500,6747003.0000,3384152.5000,11200.1953,-5419869.5000,-5849464.0000,4377855.0000,-4791428.5000,-1527470.0000,-3626526.7500,2526027.5000,-7062216.5000,-2287235.0000,1203217.6250,1889611.3750,2246897.5000,-3881731.0000,-1181880.6250,-675193.4375,-4937639.5000,-4052399.0000,6881517.0000,272784.7500,-4836621.0000,728962.7500,5431636.5000,1536046.8750,-4399583.5000,5068502.0000,657186.5000,8434542.0000,-5088104.0000,-6876.7871,-7113257.5000,4769168.5000,-2480233.2500,-5947292.0000,-8682233.0000,6076028.0000,-114275.3281,5052551.5000
0.8364,5317326.0000,5212054.5000,4520875.5000,-4688815.0000,-4571315.0000,-2651433.0000,2227757.2500,-1839563.7500,-2839646.2500,483328.4375,-179671.4688,1298919.3750,6246695.5000,3517071.5000,-3133663.0000,-2293615.0000,-5298647.5000,1564225.6250,3393191.0000,-1299912.7500,2791333.7500,-9004961.0000,-2019801.8750,3001877.5000,9036399.0000,-2779566.7500,5147721.5000,3837140.2500,7693386.0000,-1155828.5000,6785815.0000,3422964.7500,19707.0098,-5394881.0000,-5815968.0000,4414008.5000,-4755274.5000,-1495037.7500,-3599411.2500,2553674.5000,-7054241.5000,-2263309.5000,1242561.7500,1926297.0000,2284646.5000,-3836538.7500,-1160613.6250,-656053.1250,-4908397.5000,-4024752.0000,6907569.0000,298305.2188,-4808442.5000,759799.9375,5462473.5000,1567415.7500,-4364493.0000,5100402.5000,691213.7500,8473886.0000,-5058861.5000,21302.0371,-7084015.5000,4805854.0000,-2446206.0000,-5913265.0000,-8671600.0000,6101016.5000,-75462.9844,5085515.5000
0.8384,5281704.0000,5170052.0000,4479936.5000,-4739856.0000,-4604810.5000,-2699283.7500,2193730.0000,-1873059.3750,-2885370.5000,444516.0938,-215293.7656,1267550.5000,6208946.5000,3479322.5000,-3165032.0000,-2325515.5000,-5342245.0000,1534983.5000,3350656.7500,-1331813.2500,2761560.0000,-9041115.0000,-2051170.8750,2978483.7500,8981105.0000,-2821569.2500,5112099.5000,3804176.5000,7656168.5000,-1184007.3750,6766675.0000,3410204.5000,-34523.9375,-5430503.0000,-5843083.5000,4392741.5000,-4780263.5000,-1525875.0000,-3628653.2500,2536661.0000,-7103687.5000,-2297868.5000,1228206.5000,1907156.6250,2266038.0000,-3853020.5000,-1197299.2500,-679446.8750,-4940298.0000,-4055589.2500,6872478.5000,268531.3438,-4837153.0000,735342.8125,5436953.5000,1542958.6250,-4391076.5000,5074350.5000,665161.6250,8455809.0000,-5082255.5000,-5813.4355,-7114852.5000,4779270.0000,-2463751.2500,-5936127.0000,-8722641.0000,6064331.0000,-91413.2656,5065843.5000
0.8404,5283299.0000,5162077.0000,4486848.5000,-4739324.5000,-4604278.5000,-2701942.2500,2207021.7500,-1858172.5000,-2890155.5000,440794.3750,-212635.3750,1281905.7500,6213200.0000,3486234.2500,-3152803.5000,-2315945.5000,-5352878.5000,1545085.2500,3340555.0000,-1327028.1250,2776978.5000,-9033139.0000,-2036815.6250,2997624.0000,8959306.0000,-2835924.5000,5121138.0000,3815341.5000,7666802.0000,-1173905.5000,6783688.5000,3413394.5000,-48879.1875,-5425718.0000,-5825538.5000,4413477.0000,-4757933.0000,-1506203.0000,-3614829.7500,2554738.0000,-7112194.0000,-2288830.0000,1245220.1250,1926828.6250,2285710.0000,-3831753.5000,-1191450.7500,-665091.6250,-4922752.5000,-4040170.5000,6887897.0000,282886.5938,-4821202.5000,750229.7500,5451308.5000,1554655.5000,-4375658.0000,5091895.5000,682175.2500,8477608.0000,-5066305.0000,8010.1392,-7109004.0000,4797347.0000,-2449396.0000,-5923367.0000,-8733274.0000,6071242.5000,-66956.1719,5080198.5000
0.8424,5277450.5000,5155696.5000,4478873.0000,-4731881.0000,-4608532.0000,-2711512.2500,2209148.5000,-1855514.1250,-2899725.7500,435477.5938,-215293.7656,1293070.8750,6211073.5000,3490487.5000,-3148550.0000,-2315413.7500,-5375209.0000,1542426.8750,3337896.5000,-1327559.8750,2794523.7500,-9027823.0000,-2032562.1250,3006130.7500,8933254.0000,-2851874.7500,5123796.0000,3820658.5000,7671587.5000,-1168057.0000,6788473.5000,3414458.0000,-67487.8438,-5433161.5000,-5817031.5000,4421452.0000,-4743578.0000,-1493442.7500,-3607918.0000,2555269.5000,-7126018.0000,-2292020.0000,1252131.8750,1935867.1250,2294748.5000,-3833880.2500,-1198362.6250,-668281.6875,-4923284.5000,-4037512.2500,6886302.0000,283949.9688,-4814822.5000,754483.1875,5457688.5000,1561035.6250,-4365024.5000,5100934.0000,695998.8125,8490900.0000,-5057266.5000,14390.2510,-7099434.0000,4806917.5000,-2434509.2500,-5914328.5000,-8740186.0000,6085066.0000,-38245.6680,5087642.0000
0.8444,5240233.0000,5123264.5000,4445909.5000,-4765376.5000,-4641496.0000,-2749261.2500,2182033.0000,-1881034.5000,-2934284.5000,389753.4688,-249321.0156,1265423.7500,6179704.5000,3463372.2500,-3166627.0000,-2343061.0000,-5421996.5000,1495107.7500,3301211.0000,-1355738.6250,2773256.7500,-9051748.0000,-2052765.8750,2981673.7500,8883277.0000,-2897599.0000,5096149.0000,3796201.2500,7650852.0000,-1194640.8750,6766675.0000,3385215.7500,-116402.0312,-5468252.0000,-5844678.5000,4403907.0000,-4762186.5000,-1512583.1250,-3628653.2500,2530280.7500,-7166957.0000,-2325515.5000,1220231.2500,1913005.1250,2274013.0000,-3868971.0000,-1229199.7500,-692738.7500,-4944551.5000,-4058779.2500,6859186.5000,258429.5156,-4839811.0000,725241.0000,5435358.0000,1540831.8750,-4388418.5000,5079135.5000,681111.8750,8476013.0000,-5082255.5000,-14320.2510,-7112726.0000,4784055.0000,-2452586.2500,-5935063.5000,-8777403.0000,6061141.0000,-43030.7539,5066907.0000
0.8464,5263095.0000,5142936.5000,4463986.5000,-4744109.5000,-4619165.5000,-2731716.0000,2207553.5000,-1854982.3750,-2907700.7500,400387.0000,-233902.4219,1289349.1250,6200440.0000,3492614.2500,-3138448.2500,-2318603.7500,-5415616.0000,1499892.8750,3321414.7500,-1334471.6250,2807284.0000,-9021443.0000,-2018738.6250,3006662.5000,8883808.0000,-2881117.0000,5117947.5000,3825443.5000,7681157.5000,-1174437.1250,6801234.0000,3424559.7500,-108426.8906,-5448580.0000,-5815968.0000,4435276.0000,-4727096.0000,-1475897.5000,-3591967.7500,2561118.0000,-7150475.0000,-2305843.5000,1249473.5000,1939588.8750,2303255.2500,-3847703.7500,-1207401.1250,-670408.3750,-4914777.5000,-4027942.0000,6881517.0000,282354.9375,-4814822.5000,751824.8125,5463537.0000,1569542.3750,-4357049.5000,5107846.0000,709822.3750,8511635.0000,-5053545.0000,14390.2510,-7076572.0000,4814360.5000,-2420685.5000,-5904758.0000,-8750819.0000,6087193.0000,-6876.7871,5101465.5000
0.8484,5264690.5000,5138683.0000,4461328.0000,-4748363.0000,-4626609.0000,-2742349.5000,2211275.2500,-1852324.0000,-2909295.7500,394006.8750,-241345.8750,1285095.7500,6198313.0000,3492614.2500,-3135258.0000,-2318072.2500,-5427845.0000,1489259.3750,3319819.7500,-1335003.2500,2815790.7500,-9015594.0000,-2021397.0000,3006130.7500,8862541.0000,-2888028.7500,5121669.5000,3827570.2500,7685411.0000,-1182944.0000,6799638.5000,3413394.5000,-125440.5234,-5449643.5000,-5810120.0000,4434744.0000,-4731349.5000,-1476429.1250,-3602069.5000,2536661.0000,-7162703.5000,-2313818.7500,1262233.7500,1931613.7500,2300065.2500,-3866844.2500,-1224946.3750,-681573.5625,-4911056.0000,-4030068.7500,6876731.5000,277038.1562,-4813759.0000,744913.0000,5461942.0000,1571669.1250,-4358644.5000,5108377.5000,712480.7500,8517484.0000,-5054608.5000,12795.2227,-7070192.0000,4816487.5000,-2412178.7500,-5899441.5000,-8741781.0000,6093573.0000,3225.0557,5107314.0000
0.8504,5245018.0000,5112631.0000,4427832.5000,-4782922.0000,-4656914.5000,-2773186.7500,2182564.7500,-1876781.1250,-2943323.0000,362638.0000,-270588.0625,1261170.3750,6178109.5000,3463372.2500,-3160246.7500,-2338275.7500,-5466657.0000,1462143.8750,3291109.2500,-1358928.7500,2792397.0000,-9035798.0000,-2052234.1250,2977420.2500,8818944.0000,-2924714.5000,5096680.5000,3800454.7500,7667334.0000,-1215376.2500,6761889.5000,3385747.5000,-167442.9219,-5470379.0000,-5828728.5000,4409755.5000,-4750489.5000,-1497696.1250,-3635565.2500,2498912.0000,-7203111.0000,-2349441.0000,1247346.7500,1907688.2500,2271354.7500,-3902998.2500,-1258442.0000,-695397.1250,-4929664.5000,-4053462.5000,6849616.5000,253112.7500,-4837153.0000,720987.5625,5439080.0000,1550402.1250,-4383633.0000,5083920.5000,685897.0000,8500470.0000,-5081192.0000,-19637.0098,-7095180.5000,4792562.0000,-2431850.7500,-5923367.0000,-8770491.0000,6062736.0000,-20168.6855,5079667.0000
0.8524,5262563.5000,5136556.5000,4443782.5000,-4772820.0000,-4633521.0000,-2750856.2500,2198515.0000,-1853387.3750,-2928436.2500,381246.6562,-250384.3750,1281905.7500,6202035.0000,3484639.2500,-3143765.0000,-2318072.2500,-5453897.0000,1479157.5000,3313971.2500,-1332876.6250,2823234.2500,-9003897.0000,-2033093.8750,2999219.0000,8826387.0000,-2915144.2500,5117947.5000,3823316.7500,7700829.5000,-1202616.0000,6778903.5000,3404356.0000,-153087.6719,-5456555.5000,-5803739.5000,4435276.0000,-4728159.0000,-1474302.3750,-3613766.5000,2513799.0000,-7182907.0000,-2333490.7500,1268613.8750,1934803.7500,2293153.2500,-3892896.2500,-1238770.0000,-667750.0000,-4905207.5000,-4026347.0000,6868756.5000,274379.7812,-4812164.0000,747571.3750,5463005.5000,1575390.8750,-4355986.0000,5107846.0000,706100.6875,8529181.0000,-5057798.5000,2161.7039,-7068065.0000,4819677.5000,-2402608.5000,-5896783.0000,-8766238.0000,6066457.5000,1098.3519,5093490.5000
0.8544,5247676.5000,5119542.5000,4424642.5000,-4796213.5000,-4642027.5000,-2757236.5000,2192666.5000,-1861894.1250,-2945981.5000,360511.2812,-257296.1562,1272335.5000,6200971.5000,3467093.7500,-3151208.2500,-2330300.7500,-5466125.5000,1455763.7500,3313439.5000,-1332876.6250,2826424.2500,-9000175.0000,-2047449.1250,2981673.7500,8803525.0000,-2928436.2500,5115289.5000,3816405.0000,7706146.0000,-1214312.8750,6762421.5000,3385215.7500,-167442.9219,-5469315.5000,-5815968.0000,4427832.5000,-4734007.5000,-1472707.3750,-3623868.2500,2503697.0000,-7199389.0000,-2344124.2500,1262233.7500,1930550.3750,2281456.5000,-3913100.0000,-1252061.8750,-667218.3125,-4905739.0000,-4032727.0000,6859186.5000,267468.0000,-4821734.0000,743318.0000,5460347.0000,1573264.1250,-4364493.0000,5100934.0000,702910.6250,8530244.0000,-5062051.5000,-3686.7317,-7072318.5000,4815956.0000,-2403140.2500,-5901568.0000,-8797075.0000,6044127.0000,-3686.7317,5072223.5000
0.8564,5232789.5000,5098807.5000,4395400.0000,-4829177.5000,-4661168.0000,-2773186.7500,2172994.5000,-1880502.8750,-2971502.0000,330205.7500,-278563.1875,1255321.8750,6187679.5000,3439446.7500,-3179918.7500,-2352099.5000,-5482607.5000,1431306.6250,3311312.7500,-1343510.1250,2819512.5000,-9003366.0000,-2069779.5000,2958280.0000,8773752.0000,-2943323.0000,5099870.5000,3800454.7500,7699766.0000,-1237174.8750,6727331.0000,3349593.5000,-184456.5625,-5489519.0000,-5833513.5000,4410287.0000,-4753148.0000,-1488126.0000,-3647793.7500,2481898.2500,-7225973.0000,-2366986.2500,1239903.3750,1913536.7500,2256467.7500,-3946064.0000,-1279709.0000,-677851.8125,-4920094.0000,-4046019.0000,6840578.0000,249922.7031,-4844596.5000,724709.3125,5442801.5000,1557845.5000,-4379380.0000,5086047.0000,685897.0000,8517484.0000,-5080660.5000,-24953.7695,-7099965.5000,4800537.0000,-2415368.7500,-5921771.5000,-8838546.0000,6007441.5000,-14851.9268,5048298.0000
0.8584,5250866.5000,5125923.0000,4408160.5000,-4816417.5000,-4642559.5000,-2743413.0000,2194261.7500,-1861362.5000,-2957146.7500,342434.3125,-258359.5156,1282437.3750,6211073.5000,3464967.2500,-3160778.5000,-2332427.5000,-5457618.5000,1445130.2500,3339491.7500,-1318521.3750,2857793.2500,-8966148.0000,-2048512.3750,2975293.5000,8790765.0000,-2919929.2500,5124859.5000,3824380.0000,7734856.5000,-1224414.7500,6734242.5000,3360227.0000,-171164.6562,-5469847.0000,-5819690.0000,4430490.5000,-4733476.0000,-1468454.0000,-3639818.5000,2492531.7500,-7211086.0000,-2342529.2500,1257448.6250,1936398.7500,2271354.7500,-3940215.5000,-1272797.2500,-654989.7500,-4902017.5000,-4027942.0000,6854401.5000,265341.3125,-4825456.0000,740659.6250,5457157.0000,1573795.7500,-4357049.5000,5106782.5000,708759.0625,8541409.0000,-5058330.0000,-3155.0557,-7079762.0000,4827121.0000,-2395165.2500,-5898378.0000,-8841204.0000,6014353.5000,16516.9551,5058931.5000
0.8604,5232789.5000,5108909.0000,4391678.5000,-4833962.5000,-4659041.5000,-2758299.7500,2182564.7500,-1877844.5000,-2976287.0000,315850.5000,-275904.8125,1265955.3750,6198313.0000,3446358.5000,-3176197.2500,-2349972.7500,-5470379.0000,1426521.6250,3325136.5000,-1327559.8750,2857261.5000,-8968275.0000,-2063931.0000,2964660.0000,8773752.0000,-2936411.2500,5112099.5000,3813746.5000,7730603.5000,-1246213.3750,6705000.5000,3343745.0000,-189773.3125,-5492177.5000,-5837767.0000,4413477.0000,-4750489.5000,-1486531.0000,-3664807.2500,2478176.5000,-7240328.0000,-2362733.0000,1232991.5000,1915131.7500,2248492.5000,-3970521.0000,-1296191.0000,-679978.5625,-4917436.0000,-4048677.2500,6831007.5000,244605.9375,-4845659.5000,718329.1875,5438548.5000,1561035.6250,-4369278.0000,5091895.5000,692808.7500,8530776.0000,-5073217.0000,-18573.6582,-7101029.0000,4812234.0000,-2405798.7500,-5912201.5000,-8873637.0000,6004783.0000,5351.7593,5036601.5000
0.8624,5242360.0000,5116884.5000,4388488.5000,-4835026.0000,-4651598.0000,-2757236.5000,2180438.0000,-1877312.7500,-2967780.2500,320635.5938,-271119.7500,1285627.5000,6208946.5000,3454865.2500,-3177260.5000,-2353162.7500,-5466125.5000,1432901.6250,3323009.7500,-1320648.0000,2870553.5000,-8954983.0000,-2065526.1250,2965191.7500,8780663.0000,-2935348.0000,5115821.0000,3824911.7500,7743895.0000,-1253125.2500,6690645.0000,3353315.2500,-191368.3438,-5501216.0000,-5835640.0000,4414008.5000,-4751021.5000,-1491316.0000,-3677567.5000,2473923.2500,-7244050.0000,-2363264.5000,1236181.6250,1914600.1250,2242644.2500,-3989661.2500,-1311077.8750,-684763.6250,-4915841.0000,-4048145.7500,6828881.0000,245137.6094,-4840343.0000,720455.9375,5439611.5000,1563162.2500,-4367151.5000,5095617.5000,696530.5000,8531839.0000,-5071622.0000,-19105.3340,-7097307.5000,4815424.0000,-2397823.5000,-5910075.0000,-8892245.0000,6006378.0000,-10066.8428,5037664.5000
0.8644,5265222.0000,5142936.5000,4411882.0000,-4815354.0000,-4619165.5000,-2728526.0000,2193198.2500,-1847007.2500,-2934284.5000,351472.8125,-246130.9688,1320718.0000,6241910.5000,3484639.2500,-3152271.7500,-2327642.2500,-5436351.5000,1456295.3750,3355973.5000,-1290874.2500,2899795.7500,-8916702.0000,-2042664.0000,2987522.2500,8809905.0000,-2906637.5000,5145595.0000,3855749.0000,7781644.0000,-1238770.0000,6697557.0000,3386810.7500,-162657.8438,-5477822.5000,-5804803.0000,4435276.0000,-4731349.5000,-1473239.0000,-3669592.5000,2510608.7500,-7216402.5000,-2336149.0000,1261702.0000,1930550.3750,2253809.2500,-3991256.2500,-1301507.7500,-668281.6875,-4891383.5000,-4027942.0000,6847489.5000,265872.9688,-4818012.5000,743849.6250,5464068.5000,1584429.3750,-4342162.5000,5117416.0000,719924.2500,8560549.0000,-5043974.5000,5351.7593,-7064343.5000,4844134.5000,-2366454.7500,-5879237.5000,-8865661.0000,6036683.5000,1098.3519,5056805.0000
0.8664,5248740.0000,5121138.0000,4389551.5000,-4846723.0000,-4634052.5000,-2744476.2500,2166614.5000,-1866679.2500,-2948639.7500,333395.8125,-269524.7188,1305831.1250,6231277.0000,3469220.5000,-3171943.7500,-2349441.0000,-5452302.0000,1437155.1250,3336301.5000,-1309482.8750,2878528.5000,-8927336.0000,-2069779.5000,2968381.7500,8797145.0000,-2923119.2500,5128581.0000,3833950.2500,7771542.5000,-1267480.5000,6662466.5000,3374582.2500,-181798.1719,-5503343.0000,-5823943.5000,4411350.5000,-4754211.5000,-1502481.2500,-3694049.5000,2498912.0000,-7240328.0000,-2362201.2500,1235649.8750,1902903.2500,2224567.2500,-4023157.0000,-1327559.8750,-691675.4375,-4914777.5000,-4057184.2500,6817184.0000,240352.5312,-4836621.0000,724177.6250,5442801.5000,1565289.0000,-4363429.5000,5097212.5000,695467.1250,8539282.0000,-5068432.0000,-18041.9824,-7085078.5000,4824994.0000,-2378683.2500,-5897846.5000,-8883738.0000,6018075.0000,-24953.7695,5043513.0000
0.8684,5266285.5000,5129113.0000,4400717.0000,-4851508.0000,-4619165.5000,-2725867.5000,2171931.2500,-1860830.8750,-2938006.2500,344561.0312,-259954.5469,1311679.6250,6250949.0000,3485702.5000,-3166095.2500,-2347846.0000,-5436883.5000,1446193.6250,3347998.5000,-1295127.6250,2897669.0000,-8906601.0000,-2067652.7500,2972103.5000,8817349.0000,-2911954.2500,5132834.5000,3846178.7500,7791746.0000,-1270138.8750,6657149.5000,3390532.5000,-167974.5938,-5496431.0000,-5817563.0000,4412413.5000,-4746768.0000,-1501417.8750,-3700429.5000,2507950.5000,-7232353.0000,-2356884.5000,1239903.3750,1905561.6250,2225098.7500,-4026878.7500,-1328091.5000,-689017.0625,-4904144.0000,-4049740.7500,6823564.0000,252581.0781,-4825987.5000,731621.1250,5453967.0000,1575390.8750,-4352796.0000,5104656.0000,700783.8750,8550979.0000,-5059925.0000,-12193.5469,-7070723.5000,4836691.0000,-2365923.0000,-5889339.5000,-8877358.0000,6017011.5000,-30802.2051,5039259.5000
0.8704,5284362.5000,5142405.0000,4419857.0000,-4843533.0000,-4600557.0000,-2704600.5000,2178311.2500,-1848070.6250,-2925777.7500,360511.2812,-241877.5625,1320186.3750,6272748.0000,3502716.2500,-3148018.2500,-2335085.7500,-5421464.5000,1461612.1250,3360758.7500,-1277050.6250,2915746.0000,-8882143.0000,-2060209.2500,2977952.0000,8838616.0000,-2896004.0000,5145595.0000,3865850.7500,7814076.5000,-1266948.7500,6658744.5000,3385747.5000,-147239.2344,-5482075.5000,-5803208.0000,4424642.5000,-4731349.5000,-1498759.5000,-3693517.7500,2519647.2500,-7216934.5000,-2346251.0000,1247346.7500,1914068.3750,2231479.0000,-4025283.5000,-1319584.7500,-681041.8750,-4892447.0000,-4040170.5000,6828881.0000,264809.6250,-4816417.5000,749166.4375,5471512.0000,1590809.5000,-4336845.5000,5117416.0000,716734.1875,8570120.0000,-5043443.0000,4820.0835,-7056900.0000,4854768.0000,-2345719.2500,-5871794.0000,-8869383.0000,6028177.0000,-35055.6133,5039259.5000
0.8724,5246081.5000,5102529.0000,4393805.0000,-4874902.0000,-4629267.5000,-2727994.2500,2149069.2500,-1875717.7500,-2959273.2500,323825.6562,-269524.7188,1293602.6250,6248822.5000,3476132.2500,-3176197.2500,-2365923.0000,-5440073.5000,1443003.5000,3334175.0000,-1298317.6250,2896605.5000,-8898625.0000,-2092641.5000,2948178.2500,8819476.0000,-2928436.2500,5116352.5000,3837672.0000,7793341.0000,-1292469.2500,6618869.0000,3327263.0000,-167442.9219,-5513444.5000,-5838830.5000,4391146.5000,-4764845.0000,-1542356.8750,-3734456.7500,2477113.2500,-7244581.5000,-2375493.2500,1217041.2500,1876319.3750,2194793.2500,-4065691.0000,-1351485.2500,-707094.0000,-4924347.5000,-4075792.7500,6790600.0000,236630.7969,-4844064.5000,726304.3750,5445460.0000,1564225.6250,-4366088.0000,5090300.5000,687492.0000,8547789.0000,-5071622.0000,-21232.0371,-7085078.5000,4825526.0000,-2369113.0000,-5892529.5000,-8902879.0000,6000530.0000,-73336.2812,4993004.0000
0.8744,5251930.0000,5113694.5000,4415604.0000,-4858951.5000,-4603747.0000,-2699815.5000,2172994.5000,-1859767.5000,-2934284.5000,341370.9688,-250384.3750,1320186.3750,6276469.5000,3500589.5000,-3157056.7500,-2350504.5000,-5408704.5000,1469587.3750,3350656.7500,-1278114.0000,2928506.2500,-8868852.0000,-2071906.1250,2966255.2500,8853503.0000,-2904510.7500,5138683.0000,3854154.0000,7822051.5000,-1281304.0000,6629502.5000,3330984.7500,-144580.8594,-5490051.0000,-5822880.0000,4403375.0000,-4749958.0000,-1532786.7500,-3719570.0000,2487746.7500,-7223846.0000,-2352631.0000,1236713.2500,1884294.6250,2206490.2500,-4055589.2500,-1333408.2500,-685827.0000,-4900954.0000,-4057715.7500,6804424.0000,256302.8125,-4820139.0000,750761.4375,5465664.0000,1582302.6250,-4343226.0000,5108909.0000,707164.0000,8567993.0000,-5048760.0000,-2091.7039,-7065938.5000,4849451.5000,-2353694.5000,-5877642.5000,-8897030.0000,6013821.5000,-60576.0586,5004169.0000
0.8764,5239701.5000,5104656.0000,4404970.0000,-4876497.0000,-4609064.0000,-2704600.5000,2168741.2500,-1868274.2500,-2932689.5000,335522.5312,-256232.8125,1318591.3750,6280191.5000,3496336.0000,-3160778.5000,-2363264.5000,-5395944.0000,1473309.0000,3341086.7500,-1285025.7500,2925316.0000,-8870978.0000,-2082539.7500,2952963.2500,8861478.0000,-2907169.0000,5135493.0000,3845647.2500,7817798.0000,-1296722.6250,6608767.0000,3322478.0000,-141922.4844,-5491114.0000,-5831918.5000,4385830.0000,-4770161.5000,-1553522.1250,-3741368.7500,2465416.5000,-7234479.5000,-2353162.7500,1228206.5000,1866217.6250,2186818.2500,-4074729.5000,-1346700.1250,-695397.1250,-4914777.5000,-4073666.2500,6785815.0000,247264.3125,-4823861.0000,747039.6875,5458752.0000,1576454.2500,-4348011.0000,5104656.0000,700252.2500,8562676.0000,-5053545.0000,-6876.7871,-7073382.0000,4846793.0000,-2356352.7500,-5876047.5000,-8892245.0000,6028708.5000,-56322.6523,5003105.5000
0.8784,5222688.0000,5089237.0000,4395932.0000,-4894042.0000,-4620760.5000,-2708854.0000,2154917.7500,-1881034.5000,-2935348.0000,327015.7188,-267929.6875,1299982.7500,6277533.0000,3481449.0000,-3174602.0000,-2384531.7500,-5392754.0000,1470650.6250,3321414.7500,-1303102.7500,2914151.0000,-8877358.0000,-2095831.6250,2933291.2500,8862541.0000,-2906105.7500,5128049.5000,3830760.2500,7803443.0000,-1313736.2500,6588563.5000,3297489.2500,-143517.5000,-5502279.5000,-5847337.0000,4360841.0000,-4797277.0000,-1577447.5000,-3770079.2500,2442022.7500,-7248835.0000,-2364859.7500,1213851.2500,1842823.8750,2158107.7500,-4094933.2500,-1363713.7500,-701777.2500,-4929664.5000,-4097059.7500,6760826.5000,237694.1562,-4828114.5000,733216.1250,5443333.5000,1559972.2500,-4359708.0000,5093490.5000,685897.0000,8547789.0000,-5067900.0000,-18573.6582,-7083483.5000,4835096.0000,-2366454.7500,-5888808.0000,-8892245.0000,6029772.0000,-61107.7344,4994599.0000
0.8804,5248740.0000,5115289.5000,4425174.0000,-4850444.5000,-4581948.5000,-2671105.0000,2193198.2500,-1852324.0000,-2899725.7500,367423.0938,-236029.1250,1330819.8750,6312623.5000,3519198.0000,-3148018.2500,-2358479.5000,-5353410.0000,1514779.7500,3343745.0000,-1273860.6250,2946051.5000,-8839078.0000,-2066589.3750,2957748.2500,8906139.0000,-2871015.2500,5162608.5000,3865319.2500,7833217.0000,-1294064.2500,6613552.0000,3327794.7500,-99920.0781,-5469315.5000,-5811715.0000,4382640.0000,-4774415.0000,-1559370.5000,-3747748.7500,2475518.2500,-7218529.5000,-2323920.5000,1239903.3750,1867812.6250,2178311.2500,-4072602.7500,-1337130.0000,-665091.6250,-4897764.0000,-4065691.0000,6787410.0000,272253.0938,-4794087.0000,762458.3125,5470980.5000,1587087.7500,-4330997.5000,5119542.5000,714075.8125,8573841.0000,-5040253.0000,9605.1670,-7049988.0000,4864870.0000,-2335617.5000,-5859034.0000,-8856091.0000,6071242.5000,-17510.3066,5029158.0000
0.8824,5223219.5000,5078072.0000,4396463.5000,-4870648.5000,-4600025.5000,-2688118.5000,2168209.5000,-1877312.7500,-2918866.0000,355194.5312,-257296.1562,1311147.8750,6297205.0000,3498462.7500,-3169817.0000,-2385595.0000,-5365107.0000,1501487.8750,3321946.2500,-1298317.6250,2921062.7500,-8851306.0000,-2087856.5000,2934886.2500,8896037.0000,-2886965.5000,5146658.0000,3841393.7500,7811418.0000,-1322774.7500,6590690.0000,3307059.5000,-115338.6797,-5487924.0000,-5834045.0000,4347549.0000,-4807379.0000,-1593929.5000,-3774864.2500,2468606.5000,-7248303.0000,-2347846.0000,1209066.1250,1838570.3750,2142689.0000,-4100250.0000,-1356802.0000,-689017.0625,-4926474.5000,-4101313.2500,6753383.0000,249391.0156,-4821202.5000,732684.4375,5445460.0000,1560503.8750,-4355986.0000,5091895.5000,686428.6250,8550448.0000,-5069495.0000,-19637.0098,-7072318.5000,4839349.5000,-2354757.7500,-5878706.0000,-8884802.0000,6056355.5000,-22295.3906,5020119.5000
0.8844,5229068.0000,5080730.5000,4408160.5000,-4855761.5000,-4580885.0000,-2672700.0000,2172994.5000,-1869869.3750,-2899194.0000,371144.8125,-245067.6094,1332946.6250,6321130.5000,3509628.0000,-3160778.5000,-2374429.7500,-5342245.0000,1520096.5000,3337896.5000,-1288215.8750,2923721.0000,-8836951.0000,-2079881.3750,2942861.5000,8919431.0000,-2862508.2500,5161545.0000,3851495.5000,7824710.0000,-1313736.2500,6598665.0000,3319288.0000,-91944.9375,-5474100.5000,-5815436.5000,4352334.5000,-4806315.5000,-1593929.5000,-3764762.5000,2490936.7500,-7243518.0000,-2330832.2500,1213319.5000,1841760.5000,2145347.5000,-4091211.5000,-1340320.1250,-681041.8750,-4916372.5000,-4097059.7500,6756573.0000,265341.3125,-4818012.5000,738532.8750,5453435.0000,1567947.3750,-4349606.0000,5101465.5000,697062.1875,8559486.0000,-5062583.5000,-9535.1670,-7061685.0000,4851046.5000,-2347314.2500,-5874452.5000,-8888524.0000,6051570.5000,-9003.4912,5039791.5000
0.8864,5259905.0000,5099339.0000,4433149.0000,-4826519.5000,-4556428.0000,-2647179.5000,2187349.7500,-1848602.2500,-2865166.7500,387626.7812,-227522.3125,1356340.3750,6348777.5000,3536743.5000,-3139511.5000,-2355821.2500,-5308217.5000,1553060.5000,3362353.7500,-1264290.3750,2936481.2500,-8809835.0000,-2057019.2500,2964128.5000,8949205.0000,-2834329.5000,5182280.5000,3873826.0000,7843318.5000,-1297254.3750,6613552.0000,3337896.5000,-61639.4102,-5452833.5000,-5792043.0000,4369348.0000,-4798340.5000,-1587017.7500,-3750938.7500,2513267.2500,-7220124.5000,-2305843.5000,1221826.3750,1852925.6250,2153322.5000,-4080046.2500,-1320648.0000,-657648.1250,-4896169.0000,-4080578.0000,6769333.0000,286076.6562,-4791428.5000,759799.9375,5478955.5000,1589214.3750,-4325680.5000,5123796.0000,715139.1250,8583412.0000,-5042379.5000,10668.5186,-7039354.5000,4872845.0000,-2323389.0000,-5850527.0000,-8858218.0000,6060077.5000,12263.5469,5073287.0000
0.8884,5231726.5000,5075413.5000,4411882.0000,-4848849.5000,-4588328.5000,-2673763.2500,2152791.0000,-1880502.8750,-2883775.2500,358916.2812,-251447.7188,1329756.5000,6331764.0000,3514944.7500,-3162905.2500,-2387190.0000,-5324168.0000,1538173.5000,3342150.0000,-1288747.5000,2906175.7500,-8831634.0000,-2078818.0000,2941798.0000,8929533.0000,-2859850.0000,5157823.5000,3846710.5000,7806633.0000,-1325964.8750,6580588.0000,3296426.0000,-81311.4219,-5482607.5000,-5815968.0000,4336915.5000,-4840874.5000,-1634336.8750,-3787092.7500,2471796.5000,-7248303.0000,-2339339.2500,1192052.5000,1813050.0000,2111320.2500,-4113541.7500,-1348826.8750,-683700.2500,-4925411.0000,-4115668.5000,6733179.0000,261619.5625,-4818012.5000,735874.5000,5453967.0000,1559972.2500,-4353327.5000,5095085.5000,690682.0625,8557891.0000,-5070027.0000,-18041.9824,-7069128.5000,4845198.0000,-2349972.7500,-5878706.0000,-8892245.0000,6019138.5000,-21763.7148,5047766.5000
0.8904,5243955.0000,5087642.0000,4427832.5000,-4835558.0000,-4577163.5000,-2666320.0000,2157044.2500,-1873059.3750,-2866761.7500,363701.3438,-241345.8750,1334541.6250,6348246.0000,3526641.5000,-3149613.2500,-2374429.7500,-5306091.0000,1547212.0000,3353847.0000,-1281835.7500,2910429.2500,-8820469.0000,-2067121.1250,2956153.2500,8946546.0000,-2848153.0000,5164735.0000,3848837.2500,7805038.0000,-1320116.3750,6586436.5000,3298021.0000,-65361.1406,-5467720.5000,-5802676.5000,4342232.5000,-4844064.5000,-1635931.8750,-3785497.7500,2470201.5000,-7241391.5000,-2329769.0000,1198432.6250,1819430.1250,2106535.0000,-4108756.7500,-1343510.1250,-674130.1250,-4915841.0000,-4109288.5000,6737432.5000,269063.0312,-4798872.0000,747571.3750,5464068.5000,1571669.1250,-4345352.5000,5103061.0000,700252.2500,8565335.0000,-5063646.5000,-10066.8428,-7063280.0000,4855831.5000,-2347846.0000,-5875516.0000,-8881612.0000,6006910.0000,-19105.3340,5045108.0000
0.8924,5259373.5000,5105187.5000,4449099.5000,-4823861.0000,-4556959.5000,-2648243.0000,2175121.2500,-1854982.3750,-2851874.7500,371144.8125,-226990.6250,1348896.8750,6371108.0000,3545782.0000,-3125156.2500,-2352099.5000,-5289077.5000,1561035.6250,3369265.5000,-1268543.8750,2919999.2500,-8795480.0000,-2043727.3750,2981142.0000,8968877.0000,-2839114.5000,5173773.5000,3858407.2500,7813545.0000,-1310014.5000,6606108.5000,3321414.7500,-46220.8086,-5453365.0000,-5789916.0000,4343296.0000,-4840343.0000,-1627956.7500,-3774864.2500,2489341.7500,-7232353.0000,-2315413.7500,1213319.5000,1825810.2500,2111851.7500,-4098123.2500,-1333408.2500,-658711.5000,-4908929.0000,-4105035.0000,6737964.5000,275974.8125,-4780263.5000,761394.9375,5481614.0000,1581239.2500,-4328870.5000,5121669.5000,713544.1250,8582348.0000,-5048760.0000,1630.0278,-7049456.5000,4871250.0000,-2335085.7500,-5863287.5000,-8851838.0000,6019670.0000,-6876.7871,5055741.5000
0.8944,5235448.0000,5082325.5000,4430490.5000,-4848318.0000,-4581416.5000,-2663129.7500,2168741.2500,-1874122.7500,-2873141.7500,347751.0625,-246662.6406,1322844.7500,6354626.0000,3530363.2500,-3135789.7500,-2369113.0000,-5307686.0000,1536046.8750,3349593.5000,-1289810.8750,2893947.2500,-8811431.0000,-2060741.0000,2969445.2500,8953458.0000,-2858786.5000,5146126.5000,3832887.0000,7791746.0000,-1329686.5000,6587500.0000,3298021.0000,-64297.7891,-5467189.0000,-5812246.5000,4312458.5000,-4870116.5000,-1654008.8750,-3799321.2500,2472328.2500,-7250961.5000,-2336680.7500,1204812.7500,1801353.1250,2082609.7500,-4120985.2500,-1352548.6250,-678383.5000,-4930196.0000,-4128428.7500,6712444.0000,254707.7812,-4807910.5000,739596.2500,5463005.5000,1563162.2500,-4350137.5000,5097212.5000,694935.4375,8566398.0000,-5074280.5000,-22827.0664,-7073913.5000,4851046.5000,-2353162.7500,-5886149.5000,-8865130.0000,5995744.5000,-37182.3164,5023309.5000
0.8964,5250866.5000,5101465.5000,4450162.5000,-4831304.5000,-4564403.0000,-2637609.5000,2201173.5000,-1857109.1250,-2854001.5000,369018.1250,-233902.4219,1339858.3750,6379614.5000,3554820.5000,-3109737.7500,-2347314.2500,-5284292.5000,1551997.1250,3362885.5000,-1270670.5000,2912024.2500,-8788568.0000,-2037347.2500,2988585.5000,8980042.0000,-2832202.7500,5155165.0000,3847773.7500,7804506.5000,-1315331.2500,6608235.5000,3324073.0000,-40372.3711,-5437946.5000,-5801081.5000,4321497.0000,-4862141.5000,-1645502.1250,-3782307.7500,2497848.5000,-7228099.5000,-2316477.0000,1222889.6250,1810923.2500,2090584.8750,-4108225.0000,-1330218.2500,-666154.9375,-4914777.5000,-4114605.2500,6729457.5000,275443.1562,-4793555.5000,758204.8750,5481614.0000,1578049.2500,-4332592.5000,5115821.0000,711417.4375,8585007.0000,-5058330.0000,-3155.0557,-7056900.0000,4868591.5000,-2340402.5000,-5866477.5000,-8848116.0000,6010100.0000,-37182.3164,5028094.5000
0.8984,5268412.0000,5109972.5000,4459733.0000,-4824924.0000,-4556959.5000,-2625380.7500,2221908.7500,-1850729.0000,-2840709.5000,378056.5938,-224332.2500,1348896.8750,6397160.0000,3569707.2500,-3089534.0000,-2330300.7500,-5271532.0000,1559440.5000,3377240.7500,-1260568.6250,2925316.0000,-8760921.0000,-2015548.5000,3004004.0000,9002904.0000,-2809872.5000,5161013.5000,3853090.5000,7818330.0000,-1297786.0000,6625780.5000,3350125.2500,-24422.0938,-5419338.0000,-5796828.0000,4326814.0000,-4857888.0000,-1649223.7500,-3772205.7500,2516989.0000,-7222783.0000,-2305843.5000,1230333.1250,1818898.3750,2094306.6250,-4099718.2500,-1312141.2500,-652863.0625,-4914777.5000,-4112478.5000,6732647.5000,277038.1562,-4782922.0000,773623.5000,5492779.0000,1584961.0000,-4322490.5000,5121669.5000,720455.9375,8597235.0000,-5048760.0000,3756.7317,-7044671.5000,4878693.5000,-2324984.0000,-5855312.0000,-8831103.0000,6023392.0000,-45689.1328,5034474.5000
0.9005,5269475.5000,5098807.5000,4449099.5000,-4838748.0000,-4570783.0000,-2632824.2500,2219250.5000,-1860830.8750,-2845494.7500,363701.3438,-237624.1562,1336136.6250,6389716.5000,3556947.0000,-3095382.5000,-2337744.2500,-5283760.5000,1545085.2500,3367138.7500,-1266948.7500,2910960.7500,-8761453.0000,-2018738.6250,2998687.2500,9001309.0000,-2808277.2500,5148785.0000,3841393.7500,7802379.5000,-1306292.7500,6616742.0000,3345340.0000,-27612.1484,-5418806.5000,-5803739.5000,4312990.5000,-4874370.0000,-1675807.6250,-3784966.0000,2508482.2500,-7240860.0000,-2315413.7500,1227674.7500,1807201.5000,2079419.6250,-4109820.0000,-1323838.1250,-667750.0000,-4931259.5000,-4131087.2500,6721482.5000,269063.0312,-4797277.0000,764585.0000,5484804.0000,1574327.5000,-4335782.5000,5114226.0000,717265.8750,8589792.0000,-5059925.0000,-7408.4634,-7053710.0000,4865933.5000,-2335617.5000,-5866477.5000,-8857686.0000,6001061.5000,-69082.8750,5016397.5000
0.9025,5291274.0000,5121138.0000,4468239.5000,-4831304.5000,-4560149.5000,-2621659.0000,2226694.0000,-1852324.0000,-2828481.0000,373803.1875,-221142.1875,1357403.7500,6403008.5000,3572365.7500,-3081558.7500,-2329237.2500,-5265152.0000,1555187.1250,3382025.7500,-1248871.7500,2924784.5000,-8742313.0000,-1998003.2500,3013574.2500,9026829.0000,-2780630.2500,5167393.5000,3857344.0000,7809291.5000,-1295659.2500,6623122.5000,3362885.5000,-4750.0835,-5401261.0000,-5783004.5000,4325750.5000,-4865331.5000,-1681656.0000,-3776459.2500,2509013.7500,-7235011.5000,-2302121.7500,1247878.5000,1824215.1250,2090584.8750,-4100250.0000,-1312141.2500,-651268.0625,-4921689.5000,-4120453.5000,6737432.5000,284481.6250,-4780263.5000,774155.1875,5501817.5000,1586556.0000,-4319300.5000,5125391.0000,734811.1875,8607337.0000,-5048760.0000,3225.0557,-7040418.0000,4880820.0000,-2321262.2500,-5854249.0000,-8855560.0000,6014353.5000,-54727.6211,5026499.5000
0.9045,5283830.5000,5117416.0000,4474088.0000,-4837153.0000,-4576100.0000,-2633887.7500,2207553.5000,-1865084.2500,-2835392.7500,363701.3438,-223268.9062,1355808.6250,6389716.5000,3553225.2500,-3091129.0000,-2338275.7500,-5263557.0000,1550402.1250,3374582.2500,-1256315.2500,2911492.5000,-8744971.0000,-1998534.8750,3006130.7500,9027361.0000,-2782757.0000,5163672.0000,3847242.2500,7796531.0000,-1299381.0000,6624185.5000,3364480.5000,-2623.3796,-5398602.5000,-5783536.0000,4316712.0000,-4877560.0000,-1698669.6250,-3779117.7500,2490405.2500,-7249898.5000,-2309565.2500,1238840.0000,1820493.5000,2082609.7500,-4100250.0000,-1315331.2500,-654458.1250,-4932854.5000,-4132150.5000,6725736.0000,274379.7812,-4790365.5000,764585.0000,5496501.0000,1575390.8750,-4330997.5000,5119011.0000,727367.6875,8606274.0000,-5057266.5000,-7408.4634,-7044671.5000,4870718.5000,-2331895.7500,-5864350.5000,-8876827.0000,6014353.5000,-61639.4102,5032348.0000
0.9065,5271070.5000,5103061.0000,4469303.0000,-4849381.5000,-4603747.0000,-2652496.2500,2179906.5000,-1882629.5000,-2856128.2500,341902.6250,-226990.6250,1339326.7500,6378019.5000,3534616.7500,-3106547.5000,-2355821.2500,-5271532.0000,1533920.1250,3365543.7500,-1273328.8750,2886503.7500,-8751883.0000,-2003320.0000,2992307.2500,9024171.0000,-2802960.5000,5149848.5000,3829165.2500,7778986.0000,-1314799.6250,6613552.0000,3342150.0000,-4750.0835,-5402856.0000,-5788321.0000,4306610.0000,-4892979.0000,-1725785.1250,-3788156.2500,2484556.7500,-7261595.0000,-2320198.7500,1226079.7500,1807733.2500,2071976.1250,-4108756.7500,-1320648.0000,-662964.9375,-4947741.5000,-4151822.5000,6714039.0000,263746.2812,-4804189.0000,752888.1250,5484272.5000,1560503.8750,-4345352.5000,5105719.0000,719392.5625,8602552.0000,-5067900.0000,-16978.6309,-7061153.5000,4856363.0000,-2348377.7500,-5879769.5000,-8907132.0000,5999466.5000,-80248.0703,5016929.5000
0.9085,5302971.0000,5127518.0000,4500672.0000,-4825987.5000,-4587797.0000,-2633887.7500,2192135.0000,-1864020.8750,-2833266.2500,370613.1250,-193495.0469,1362720.5000,6397160.0000,3541528.5000,-3092724.0000,-2336149.0000,-5237505.0000,1553592.1250,3394254.2500,-1249935.1250,2896605.5000,-8719451.0000,-1972482.7500,3014106.0000,9058198.0000,-2769996.7500,5171115.5000,3854685.7500,7797594.5000,-1294064.2500,6633224.0000,3355442.0000,28213.8262,-5380525.5000,-5764395.5000,4324155.5000,-4876497.0000,-1721531.7500,-3772205.7500,2524964.0000,-7239796.5000,-2294678.5000,1244688.3750,1829532.0000,2088458.1250,-4087489.7500,-1305229.5000,-639039.5000,-4926474.5000,-4135340.5000,6732647.5000,277569.8438,-4785048.5000,770433.4375,5506603.0000,1580707.6250,-4324617.0000,5124859.5000,745444.6875,8628072.0000,-5045570.0000,4820.0835,-7037228.0000,4877098.5000,-2329237.2500,-5862755.5000,-8888524.0000,6030303.5000,-63234.4375,5047235.0000
0.9105,5297122.5000,5113694.5000,4489506.5000,-4848849.5000,-4615975.5000,-2650369.5000,2163956.0000,-1877312.7500,-2844431.2500,363169.6875,-193495.0469,1344111.7500,6378551.5000,3519729.7500,-3104420.7500,-2342529.2500,-5246543.5000,1540831.8750,3388405.7500,-1263227.0000,2867895.0000,-8719451.0000,-1976204.5000,3008257.5000,9047033.0000,-2776908.5000,5154101.5000,3841393.7500,7782707.5000,-1306292.7500,6618869.0000,3332048.2500,23960.4180,-5389564.0000,-5778219.0000,4310863.5000,-4892979.0000,-1753964.0000,-3790814.5000,2514862.2500,-7256810.0000,-2307970.2500,1227143.1250,1816771.7500,2076229.6250,-4102908.2500,-1319584.7500,-649141.3125,-4942424.5000,-4153949.2500,6718292.5000,264809.6250,-4803125.5000,758204.8750,5492779.0000,1565289.0000,-4339504.0000,5112631.0000,738532.8750,8617439.0000,-5059925.0000,-10066.8428,-7048393.0000,4862211.5000,-2345187.5000,-5876047.5000,-8893840.0000,6026050.0000,-66424.4922,5032348.0000
0.9125,5288084.0000,5101465.5000,4479936.5000,-4865331.5000,-4638306.0000,-2661534.7500,2148005.7500,-1884756.2500,-2851343.0000,357852.9062,-196685.0938,1328693.2500,6367918.0000,3508033.0000,-3109737.7500,-2343061.0000,-5255050.0000,1525413.2500,3388405.7500,-1272265.5000,2853008.2500,-8706159.0000,-1967697.7500,3007725.7500,9042780.0000,-2785415.2500,5140278.0000,3829696.7500,7774200.5000,-1307356.1250,6618869.0000,3315566.2500,20238.6855,-5394349.0000,-5787257.5000,4305015.0000,-4899890.5000,-1773104.2500,-3797726.2500,2503697.0000,-7266912.0000,-2320198.7500,1216509.6250,1809328.2500,2068786.1250,-4109288.5000,-1330218.2500,-652863.0625,-4952526.5000,-4166709.5000,6712444.0000,254176.1094,-4813759.0000,747039.6875,5486931.0000,1555187.1250,-4350137.5000,5103061.0000,733747.8125,8612122.0000,-5067900.0000,-19105.3340,-7059026.5000,4853173.0000,-2357947.7500,-5889339.5000,-8889055.0000,6024987.0000,-69614.5469,5008422.5000
0.9145,5320516.0000,5143468.0000,4521407.5000,-4834494.5000,-4611190.5000,-2619000.7500,2182033.0000,-1846475.6250,-2813062.5000,401450.3438,-153619.3438,1358467.0000,6404603.5000,3540996.7500,-3071457.0000,-2296805.0000,-5224213.0000,1566352.3750,3428281.5000,-1232921.5000,2887035.5000,-8647674.0000,-1913998.3750,3055576.7500,9084250.0000,-2748198.0000,5170052.0000,3864787.5000,7816203.0000,-1260037.0000,6670973.0000,3349593.5000,58519.3555,-5357663.5000,-5756952.0000,4347017.5000,-4854698.0000,-1741203.7500,-3753597.2500,2561649.7500,-7230226.0000,-2285640.0000,1256917.0000,1844950.5000,2110788.5000,-4069944.5000,-1286089.1250,-610329.0000,-4916904.0000,-4126833.7500,6753914.5000,293520.1250,-4778668.5000,782130.3125,5522553.0000,1588682.7500,-4319832.0000,5133366.5000,775218.5625,8646149.0000,-5034404.5000,17048.6309,-7027657.5000,4886137.0000,-2323920.5000,-5854249.0000,-8831634.0000,6076028.0000,-30270.5293,5040854.5000
0.9165,5297654.0000,5117416.0000,4499077.0000,-4869585.0000,-4639901.0000,-2642926.2500,2155449.2500,-1869869.3750,-2834329.5000,379651.6250,-176481.4219,1327098.1250,6378019.5000,3507501.2500,-3094850.7500,-2320198.7500,-5248670.0000,1554655.5000,3400102.7500,-1245150.1250,2864173.2500,-8649801.0000,-1924100.2500,3040689.7500,9062983.0000,-2766806.7500,5145595.0000,3845647.2500,7797063.0000,-1273328.8750,6651301.0000,3327794.7500,37252.3164,-5382120.5000,-5785662.5000,4332130.5000,-4877560.0000,-1774699.3750,-3773269.2500,2534002.5000,-7252556.5000,-2307438.5000,1231396.5000,1827936.8750,2090053.1250,-4083768.0000,-1304166.1250,-635849.4375,-4946146.5000,-4154480.7500,6732116.0000,267468.0000,-4805252.0000,755014.8750,5497032.5000,1564225.6250,-4346416.0000,5106782.5000,753951.5000,8626477.0000,-5059393.5000,-9535.1670,-7052115.0000,4858490.0000,-2345187.5000,-5876579.5000,-8847053.0000,6066457.5000,-57386.0039,5012144.0000
0.9185,5304566.0000,5126986.0000,4513964.0000,-4864800.0000,-4633521.0000,-2629634.2500,2168209.5000,-1858172.5000,-2818911.0000,398791.9688,-163189.5156,1336668.3750,6388121.5000,3509628.0000,-3081027.2500,-2307970.2500,-5236441.5000,1575390.8750,3405951.2500,-1219098.0000,2874275.2500,-8616305.0000,-1900174.8750,3051855.0000,9075212.0000,-2747134.7500,5157291.5000,3861597.5000,7810886.5000,-1254720.2500,6665656.5000,3344276.7500,56392.6523,-5366170.5000,-5781941.0000,4349144.5000,-4862141.5000,-1772041.0000,-3763699.0000,2535597.5000,-7239796.5000,-2294678.5000,1232459.8750,1844418.8750,2103876.7500,-4069944.5000,-1293532.6250,-633191.0625,-4934449.5000,-4144379.0000,6747534.5000,279696.5625,-4796213.5000,762990.0000,5510324.5000,1575390.8750,-4338972.5000,5113162.5000,767775.0625,8637111.0000,-5050355.0000,35.0000,-7039354.5000,4865401.5000,-2341997.5000,-5870199.0000,-8842799.0000,6075496.0000,-53132.5938,5012676.0000
0.9205,5309882.5000,5136556.5000,4520875.5000,-4870648.5000,-4635116.0000,-2623254.2500,2177779.7500,-1851792.3750,-2810935.7500,408362.1250,-154682.7031,1338263.3750,6384931.5000,3511754.7500,-3071988.7500,-2304248.5000,-5234314.5000,1584429.3750,3399571.0000,-1200489.2500,2876933.5000,-8591848.0000,-1882629.5000,3059298.5000,9076275.0000,-2742881.2500,5157291.5000,3868509.2500,7819393.0000,-1245681.7500,6669910.0000,3351188.5000,62772.7617,-5359258.5000,-5783536.0000,4353929.5000,-4853103.0000,-1777357.7500,-3758382.2500,2565903.2500,-7239264.5000,-2285640.0000,1227674.7500,1854520.7500,2113978.5000,-4060906.0000,-1282367.3750,-622025.8750,-4923284.5000,-4131087.2500,6761358.0000,287671.6875,-4789833.5000,774155.1875,5516173.0000,1581239.2500,-4332592.5000,5117416.0000,782130.3125,8643491.0000,-5047165.0000,3225.0557,-7032974.5000,4871781.5000,-2337744.2500,-5867009.0000,-8839609.0000,6076559.5000,-55790.9766,5017461.0000
0.9225,5284362.5000,5113162.5000,4494823.5000,-4908929.0000,-4667548.0000,-2642394.5000,2157044.2500,-1877844.5000,-2830076.0000,380714.9688,-181266.5000,1309552.8750,6353562.5000,3486766.0000,-3086875.5000,-2334554.0000,-5263557.0000,1556250.5000,3360227.0000,-1214312.8750,2847691.5000,-8597165.0000,-1906023.2500,3031651.2500,9051286.0000,-2771060.0000,5127518.0000,3845115.5000,7798126.0000,-1265885.3750,6643326.0000,3340555.0000,43632.4297,-5382652.5000,-5822880.0000,4323092.0000,-4881813.5000,-1810853.2500,-3782839.5000,2541446.0000,-7267443.5000,-2311160.2500,1190989.1250,1831127.0000,2085799.7500,-4085894.7500,-1310546.2500,-647546.3125,-4950400.0000,-4156607.5000,6740091.0000,260556.2188,-4816417.5000,748103.0625,5492247.5000,1555718.8750,-4363961.0000,5093490.5000,763521.6875,8617970.0000,-5070027.0000,-22295.3906,-7065406.5000,4842539.5000,-2366986.2500,-5894124.5000,-8853433.0000,6046254.0000,-83438.1250,4988750.5000
0.9245,5288615.5000,5130176.0000,4511837.0000,-4897764.0000,-4655851.5000,-2622722.5000,2169273.0000,-1862957.5000,-2811999.0000,401450.3438,-174886.3906,1321249.7500,6367386.0000,3501121.2500,-3060291.7500,-2321262.2500,-5249733.5000,1566352.3750,3368202.2500,-1189855.7500,2855134.7500,-8574835.0000,-1892731.3750,3042284.7500,9068300.0000,-2755109.7500,5141873.0000,3865319.2500,7817266.5000,-1252593.5000,6660339.5000,3384152.5000,60114.3828,-5359790.5000,-5805866.5000,4340637.5000,-4866926.5000,-1802346.5000,-3769547.5000,2545699.5000,-7255215.0000,-2295741.7500,1198964.2500,1843355.5000,2102281.7500,-4071539.5000,-1300444.3750,-639039.5000,-4934449.5000,-4134277.2500,6763485.0000,274911.4688,-4803125.5000,760331.6250,5501286.0000,1567415.7500,-4352264.5000,5101997.5000,780003.6250,8631794.0000,-5056735.0000,-5813.4355,-7055836.5000,4852641.5000,-2364328.0000,-5890403.0000,-8842268.0000,6056355.5000,-80248.0703,5007359.0000
0.9265,5270007.0000,5121138.0000,4500672.0000,-4908929.0000,-4665421.5000,-2628571.0000,2163424.5000,-1868806.0000,-2808277.2500,395601.9062,-195090.0781,1306362.7500,6358879.5000,3492614.2500,-3063481.7500,-2332427.5000,-5255050.0000,1560503.8750,3364480.5000,-1188792.3750,2850881.5000,-8585468.0000,-1898579.8750,3023676.2500,9067768.0000,-2756704.7500,5141341.5000,3860534.0000,7810886.5000,-1259505.3750,6650769.5000,3371392.2500,50544.2148,-5363512.0000,-5805866.5000,4333194.0000,-4875433.5000,-1812980.0000,-3782839.5000,2521774.0000,-7266912.0000,-2304248.5000,1193647.5000,1840165.5000,2093243.2500,-4077919.5000,-1305229.5000,-650204.6875,-4941361.5000,-4137467.2500,6757104.5000,269594.7188,-4812695.5000,752888.1250,5493842.5000,1559440.5000,-4366619.5000,5088705.5000,775750.1875,8621161.0000,-5068432.0000,-15915.2783,-7066470.0000,4839881.0000,-2376556.5000,-5901568.0000,-8841204.0000,6052634.0000,-84501.4766,5011081.0000
0.9285,5266285.5000,5113162.5000,4496950.0000,-4916372.5000,-4679245.0000,-2639736.0000,2155981.0000,-1875717.7500,-2806150.7500,388690.1250,-204660.2344,1315401.2500,6355157.5000,3492614.2500,-3073052.0000,-2339870.7500,-5258772.0000,1557845.5000,3360227.0000,-1181880.6250,2845033.0000,-8605140.0000,-1911340.0000,3008257.5000,9060857.0000,-2757236.5000,5134961.5000,3856812.2500,7797594.5000,-1264290.3750,6644389.5000,3343213.2500,36720.6406,-5369892.0000,-5806398.0000,4325219.0000,-4883408.5000,-1826803.6250,-3794004.5000,2498380.2500,-7272228.5000,-2319135.5000,1185672.3750,1833785.3750,2084736.3750,-4086426.2500,-1308419.5000,-656053.1250,-4945614.5000,-4140125.5000,6759231.5000,261619.5625,-4822797.5000,746508.0625,5489057.5000,1551997.1250,-4377785.0000,5078603.5000,771496.8125,8613185.0000,-5075343.5000,-24953.7695,-7074977.0000,4829247.5000,-2391443.5000,-5911670.0000,-8835888.0000,6044659.0000,-83438.1250,5012676.0000
0.9305,5307756.0000,5151975.0000,4533636.0000,-4871180.0000,-4642559.5000,-2602518.7500,2199578.5000,-1833715.3750,-2757236.5000,424312.4062,-167974.5938,1371759.0000,6396096.5000,3536743.5000,-3040088.0000,-2301058.5000,-5213579.5000,1595062.8750,3397976.0000,-1136688.1250,2875338.5000,-8577493.0000,-1879971.1250,3041221.5000,9098074.0000,-2715234.0000,5179090.5000,3899346.5000,7825773.5000,-1224946.3750,6684265.0000,3368202.2500,76064.6641,-5333738.0000,-5762269.0000,4363499.5000,-4843533.0000,-1791181.2500,-3746153.7500,2550484.5000,-7231289.5000,-2286171.5000,1224484.7500,1869939.3750,2125675.5000,-4050272.5000,-1266417.1250,-618835.8125,-4903612.5000,-4088553.0000,6810804.0000,304153.6562,-4785048.5000,781067.0000,5522021.5000,1584429.3750,-4345352.5000,5107846.0000,808714.1250,8646681.0000,-5045570.0000,9073.4912,-7042013.0000,4857426.5000,-2365391.2500,-5882427.5000,-8780062.0000,6078686.0000,-45157.4570,5055741.5000
0.9325,5288084.0000,5130708.0000,4506520.5000,-4888725.5000,-4676586.5000,-2628039.2500,2172994.5000,-1857109.1250,-2773186.7500,401450.3438,-197216.7812,1354745.3750,6377488.0000,3512818.0000,-3076773.7500,-2330300.7500,-5227934.5000,1571669.1250,3371924.0000,-1159550.2500,2852476.5000,-8616305.0000,-1916125.1250,3008789.2500,9076807.0000,-2730121.0000,5158355.0000,3879674.5000,7782176.0000,-1238770.0000,6662466.5000,3341618.2500,47885.8359,-5365107.0000,-5780346.0000,4341701.0000,-4868521.5000,-1818828.3750,-3762635.7500,2528154.2500,-7252556.5000,-2316477.0000,1209597.7500,1840697.1250,2102281.7500,-4075792.7500,-1283430.7500,-640102.8750,-4929664.5000,-4106098.2500,6792727.0000,276506.5000,-4810569.0000,752888.1250,5493311.0000,1559972.2500,-4374063.0000,5078072.0000,784257.0000,8614249.0000,-5073748.5000,-19105.3340,-7068597.0000,4829247.5000,-2395165.2500,-5910606.5000,-8789100.0000,6061672.5000,-66956.1719,5036069.5000
0.9345,5286489.0000,5130176.0000,4502267.0000,-4888193.5000,-4680840.0000,-2636014.2500,2159171.0000,-1854982.3750,-2768933.2500,407298.7812,-201470.1875,1355808.6250,6384400.0000,3512818.0000,-3085812.2500,-2331364.0000,-5222618.0000,1579644.2500,3373519.0000,-1166462.0000,2862578.2500,-8639168.0000,-1930480.3750,3004004.0000,9074148.0000,-2734906.0000,5160482.0000,3878611.0000,7759845.5000,-1230794.8750,6666719.5000,3329389.7500,38847.3438,-5371487.0000,-5781409.5000,4346486.0000,-4864268.5000,-1821486.7500,-3754660.5000,2517520.5000,-7249366.5000,-2322857.2500,1211724.5000,1842823.8750,2106003.5000,-4069412.7500,-1271202.2500,-642229.5625,-4920626.0000,-4095996.5000,6808677.0000,281291.5625,-4804720.5000,758204.8750,5494374.5000,1562630.6250,-4378848.0000,5073287.0000,784257.0000,8611059.0000,-5077470.5000,-22295.3906,-7073382.0000,4825526.0000,-2399950.2500,-5916986.5000,-8784847.0000,6054760.5000,-68551.1953,5029158.0000
0.9365,5304566.0000,5149316.5000,4517685.5000,-4877028.5000,-4671270.0000,-2631229.2500,2166614.5000,-1836373.7500,-2747666.2500,433882.5625,-188709.9688,1370163.8750,6400350.0000,3530363.2500,-3079963.7500,-2311160.2500,-5195502.5000,1604101.3750,3400102.7500,-1156891.8750,2885972.0000,-8645548.0000,-1925163.6250,3022612.7500,9088504.0000,-2717892.5000,5178027.0000,3898283.0000,7761440.5000,-1203147.6250,6694367.0000,3340555.0000,55329.2969,-5364575.5000,-5770776.0000,4370411.5000,-4844596.5000,-1797561.3750,-3728608.5000,2519647.2500,-7225441.0000,-2299463.5000,1233523.2500,1867280.8750,2128865.5000,-4049209.0000,-1246213.3750,-621494.1875,-4899359.0000,-4067286.0000,6834729.5000,300431.9062,-4778668.5000,781598.6250,5516704.5000,1585492.6250,-4360771.0000,5089769.0000,809777.5000,8630731.0000,-5060988.5000,-1560.0278,-7052115.0000,4844134.5000,-2385595.0000,-5903163.0000,-8760390.0000,6069647.5000,-61639.4102,5043513.0000
0.9385,5279045.5000,5126454.5000,4488443.5000,-4907865.5000,-4703170.5000,-2666851.5000,2139499.0000,-1858172.5000,-2766275.0000,423249.0625,-219547.1719,1336136.6250,6376956.5000,3498462.7500,-3113991.0000,-2338275.7500,-5216769.5000,1585492.6250,3374050.5000,-1199957.6250,2862578.2500,-8704032.0000,-1969292.7500,2994965.7500,9058730.0000,-2743413.0000,5155696.5000,3871699.2500,7715716.5000,-1221756.3750,6665656.5000,3316629.5000,30340.5293,-5392754.0000,-5805866.5000,4348081.0000,-4864268.5000,-1824145.1250,-3747748.7500,2501038.7500,-7242455.0000,-2320198.7500,1218104.6250,1846013.8750,2108130.2500,-4072602.7500,-1270670.5000,-643824.5625,-4921689.5000,-4086426.2500,6818247.5000,273848.1250,-4796213.5000,760331.6250,5495437.5000,1563694.0000,-4386291.5000,5063185.0000,795422.2500,8606805.0000,-5084914.0000,-27080.4727,-7080825.5000,4818614.0000,-2412178.7500,-5926025.0000,-8775808.0000,6041469.0000,-80248.0703,5017461.0000
0.9405,5287552.5000,5137619.5000,4493228.5000,-4902549.0000,-4694132.0000,-2671636.7500,2145879.2500,-1851260.6250,-2754046.5000,439731.0000,-215293.7656,1344643.5000,6384400.0000,3501121.2500,-3119307.7500,-2332959.0000,-5210921.0000,1595062.8750,3383089.0000,-1207401.1250,2866831.7500,-8735933.0000,-1979926.2500,2998687.2500,9062452.0000,-2730121.0000,5162608.5000,3878079.5000,7710931.5000,-1218034.6250,6669378.0000,3320351.2500,38315.6680,-5383715.5000,-5801613.0000,4357651.0000,-4857356.5000,-1818296.7500,-3740305.2500,2509013.7500,-7226504.5000,-2305843.5000,1232991.5000,1859305.7500,2119295.2500,-4061437.5000,-1260568.6250,-627874.3125,-4905207.5000,-4065159.2500,6842173.0000,288735.0312,-4775478.5000,774686.8750,5508198.0000,1576985.8750,-4378848.0000,5072223.5000,811904.1875,8618502.0000,-5075343.5000,-17510.3066,-7070723.5000,4827652.5000,-2408988.7500,-5921771.5000,-8770491.0000,6042000.5000,-69082.8750,5023309.5000
0.9425,5304034.5000,5150911.5000,4506520.5000,-4886067.0000,-4684030.0000,-2671105.0000,2153322.5000,-1840627.1250,-2745008.0000,449301.1875,-208913.6406,1352618.6250,6392906.5000,3503779.5000,-3126751.2500,-2325515.5000,-5208262.5000,1603569.6250,3391064.2500,-1215907.8750,2872680.2500,-8760921.0000,-1987369.7500,3002940.7500,9066173.0000,-2721082.5000,5170583.5000,3881269.5000,7711463.0000,-1212186.1250,6675758.0000,3337365.0000,43100.7539,-5381057.5000,-5795233.0000,4365094.5000,-4845659.5000,-1811916.6250,-3729140.0000,2512203.7500,-7217997.5000,-2296273.5000,1243093.3750,1867812.6250,2129928.7500,-4051867.5000,-1248871.7500,-613519.0625,-4898827.0000,-4054525.7500,6855464.5000,292456.7812,-4762186.5000,785320.3750,5520958.0000,1589214.3750,-4368746.5000,5079667.0000,828917.8125,8629136.0000,-5064710.0000,-5281.7593,-7057431.5000,4839881.0000,-2399950.2500,-5913796.5000,-8757731.0000,6056355.5000,-48347.5117,5041918.0000
0.9445,5279045.5000,5122733.0000,4481000.0000,-4904144.0000,-4709550.5000,-2705132.2500,2129397.2500,-1867742.6250,-2772123.5000,435477.5938,-235497.4531,1328693.2500,6367386.0000,3478259.0000,-3163968.5000,-2345719.2500,-5244416.5000,1575922.5000,3362353.7500,-1252061.8750,2844501.2500,-8819937.0000,-2030967.1250,2976357.0000,9032146.0000,-2754578.0000,5142936.5000,3853622.2500,7674777.5000,-1237174.8750,6658213.0000,3310781.2500,11200.1953,-5420933.0000,-5824475.0000,4337447.5000,-4872243.5000,-1839563.7500,-3759977.2500,2464353.0000,-7242986.5000,-2320198.7500,1218636.2500,1839633.7500,2107066.7500,-4073134.5000,-1263227.0000,-640634.5000,-4920626.0000,-4073666.2500,6836856.0000,267468.0000,-4788770.5000,766711.7500,5495437.5000,1569542.3750,-4392671.5000,5058400.0000,813499.1875,8606274.0000,-5089699.0000,-29738.8535,-7080825.5000,4814892.5000,-2423344.0000,-5934532.0000,-8767301.0000,6041469.0000,-57386.0039,5023309.5000
0.9465,5308819.5000,5152506.5000,4505988.5000,-4872243.5000,-4686157.0000,-2690245.2500,2148537.5000,-1845943.8750,-2750324.7500,459403.0312,-219547.1719,1342516.7500,6382273.0000,3493677.7500,-3158120.2500,-2320730.5000,-5232719.5000,1595062.8750,3387874.2500,-1236643.2500,2858325.0000,-8832166.0000,-2029372.1250,2985927.2500,9042248.0000,-2742349.5000,5167925.0000,3869041.0000,7684347.5000,-1222819.6250,6677353.5000,3311312.7500,31935.5566,-5400197.5000,-5796296.0000,4359246.0000,-4847254.5000,-1813511.6250,-3730735.2500,2477113.2500,-7210022.5000,-2288830.0000,1241498.3750,1864622.5000,2131524.0000,-4048677.2500,-1234516.5000,-611392.3125,-4896169.0000,-4042829.0000,6865566.5000,289798.4062,-4765908.0000,786915.3750,5522021.5000,1597721.2500,-4370341.5000,5079667.0000,849121.5000,8632857.0000,-5061520.0000,-2091.7039,-7060090.0000,4839881.0000,-2401545.2500,-5910606.5000,-8738059.0000,6068584.5000,-33992.2617,5052020.0000
0.9485,5312009.5000,5156228.5000,4505457.0000,-4871711.5000,-4689347.0000,-2699815.5000,2146942.5000,-1845943.8750,-2748198.0000,457276.3125,-225927.2812,1335073.2500,6376956.5000,3483575.7500,-3165032.0000,-2319135.5000,-5252391.5000,1605164.7500,3393191.0000,-1243023.3750,2849286.5000,-8857155.0000,-2045854.0000,2979015.2500,9032146.0000,-2745539.5000,5167393.5000,3865850.7500,7675309.0000,-1236643.2500,6679480.0000,3296426.0000,24492.0938,-5405514.5000,-5793638.0000,4359246.0000,-4847786.5000,-1814043.3750,-3731798.5000,2476050.0000,-7203642.5000,-2282981.5000,1236713.2500,1861432.5000,2134714.0000,-4049209.0000,-1232389.8750,-607670.6250,-4900954.0000,-4047082.2500,6863971.5000,283949.9688,-4773883.5000,776281.8750,5509793.0000,1592404.5000,-4378316.5000,5071692.0000,850184.8750,8629667.0000,-5064710.0000,-3686.7317,-7066470.0000,4836159.5000,-2405798.7500,-5907948.0000,-8734869.0000,6082939.5000,-31865.5566,5069033.5000
0.9505,5297122.5000,5146126.5000,4494823.5000,-4883408.5000,-4710082.0000,-2722145.7500,2125143.7500,-1862957.5000,-2756704.7500,445047.7812,-237624.1562,1313274.6250,6356752.5000,3455397.0000,-3186830.7500,-2330300.7500,-5286419.0000,1603569.6250,3383089.0000,-1268543.8750,2826956.0000,-8897562.0000,-2074032.8750,2967850.2500,9005031.0000,-2762553.2500,5153570.0000,3841393.7500,7648193.5000,-1260568.6250,6662466.5000,3277285.5000,4820.0835,-5414553.0000,-5803739.5000,4344359.0000,-4862673.0000,-1826271.8750,-3740305.2500,2474986.5000,-7219061.0000,-2296273.5000,1223953.0000,1852394.0000,2121422.0000,-4060374.2500,-1248871.7500,-631064.3750,-4913182.5000,-4057715.7500,6855996.5000,270126.3750,-4794618.5000,760863.3125,5492779.0000,1576454.2500,-4400115.0000,5051488.0000,838488.0000,8612122.0000,-5082255.5000,-19637.0098,-7083483.5000,4815424.0000,-2421749.0000,-5922835.0000,-8755605.0000,6069116.0000,-49942.5391,5063716.5000
0.9525,5326364.5000,5172710.5000,4517154.0000,-4857356.5000,-4688815.0000,-2709385.7500,2137372.2500,-1844348.8750,-2722145.7500,469504.8750,-216888.7812,1329756.5000,6371108.0000,3472942.2500,-3178323.7500,-2311160.2500,-5282697.0000,1625368.3750,3410204.5000,-1253656.8750,2840779.5000,-8901815.0000,-2065526.1250,2981673.7500,9010879.0000,-2752451.5000,5176963.5000,3852559.0000,7662017.0000,-1253656.8750,6682670.0000,3276754.0000,23960.4180,-5390627.5000,-5775561.0000,4366158.0000,-4843001.0000,-1810321.6250,-3729671.7500,2498380.2500,-7199920.5000,-2270221.2500,1242561.7500,1880041.1250,2145347.5000,-4039638.7500,-1233453.2500,-611924.0000,-4890852.0000,-4031132.0000,6880985.0000,290861.7500,-4769630.0000,783193.6875,5514578.0000,1601443.0000,-4378848.0000,5071160.0000,864008.4375,8632857.0000,-5058861.5000,5351.7593,-7058495.0000,4835628.0000,-2401545.2500,-5902099.5000,-8748161.0000,6091978.0000,-32397.2324,5084984.0000
0.9545,5327959.5000,5173773.5000,4518217.0000,-4852571.5000,-4689878.5000,-2714702.5000,2125675.5000,-1842753.8750,-2720019.2500,467378.1562,-212103.7031,1326566.5000,6366323.0000,3470284.0000,-3190020.7500,-2310628.7500,-5307154.5000,1625900.0000,3409672.7500,-1261632.0000,2830677.7500,-8923614.0000,-2071906.1250,2977952.0000,8990144.0000,-2764148.2500,5173773.5000,3845115.5000,7650852.0000,-1263758.7500,6689050.0000,3282602.2500,17580.3066,-5389564.0000,-5777156.0000,4365626.0000,-4843533.0000,-1807663.2500,-3724886.7500,2486683.5000,-7203111.0000,-2271284.7500,1252663.5000,1880572.8750,2150132.5000,-4030600.5000,-1230263.1250,-608202.3125,-4894042.0000,-4035385.5000,6882580.0000,285545.0000,-4767503.0000,784257.0000,5511388.0000,1599847.8750,-4383633.0000,5066375.0000,865071.7500,8629136.0000,-5063115.0000,2161.7039,-7061685.0000,4832969.5000,-2403672.0000,-5901036.5000,-8751883.0000,6102611.5000,-32928.9102,5086579.0000
0.9565,5306161.0000,5155165.0000,4498013.5000,-4874902.0000,-4709550.5000,-2740754.5000,2098560.0000,-1866679.2500,-2739691.2500,440262.6875,-228053.9844,1304236.1250,6345587.5000,3444763.5000,-3218731.2500,-2330300.7500,-5354473.5000,1608354.7500,3380962.2500,-1286620.7500,2802499.0000,-8961895.0000,-2100085.0000,2957216.7500,8950800.0000,-2801365.5000,5146658.0000,3819063.2500,7620014.5000,-1287684.1250,6675226.5000,3269842.0000,-9003.4912,-5410299.5000,-5800018.0000,4346486.0000,-4864268.5000,-1821486.7500,-3731798.5000,2459568.0000,-7223314.5000,-2290425.0000,1238308.2500,1860369.1250,2140562.5000,-4040702.2500,-1240896.6250,-631064.3750,-4911056.0000,-4054525.7500,6864503.0000,263746.2812,-4787175.5000,762990.0000,5491184.0000,1579112.6250,-4411280.5000,5040854.5000,847526.4375,8602552.0000,-5085977.0000,-16978.6309,-7085610.5000,4805854.0000,-2429724.0000,-5926025.0000,-8787505.0000,6076028.0000,-61107.7344,5064780.0000
0.9585,5333808.0000,5183875.5000,4517154.0000,-4855230.0000,-4679245.0000,-2723741.0000,2117168.7500,-1848602.2500,-2719487.5000,465783.1250,-207850.2969,1329224.8750,6367918.0000,3462840.5000,-3211287.7500,-2311692.0000,-5347030.0000,1623773.3750,3399571.0000,-1269075.5000,2809410.7500,-8959236.0000,-2087856.5000,2976888.7500,8961433.0000,-2792327.0000,5162077.0000,3835013.7500,7628521.5000,-1271733.8750,6692772.0000,3286855.7500,5351.7593,-5390096.0000,-5789384.5000,4367221.5000,-4843001.0000,-1800751.5000,-3712126.5000,2469138.0000,-7206301.0000,-2270753.0000,1256385.2500,1881636.2500,2165019.5000,-4015713.5000,-1229199.7500,-618304.1250,-4890852.0000,-4028473.7500,6893213.5000,286608.3438,-4766440.0000,786383.7500,5515109.5000,1598784.6250,-4391076.5000,5056805.0000,872515.2500,8622756.0000,-5062583.5000,4820.0835,-7066470.0000,4824462.5000,-2415368.7500,-5906353.0000,-8786973.0000,6088788.0000,-57386.0039,5079667.0000
0.9605,5312541.0000,5156228.5000,4482595.0000,-4882345.5000,-4707955.5000,-2763085.0000,2091648.2500,-1878907.7500,-2750856.2500,427502.4688,-238155.8281,1304236.1250,6338144.0000,3432535.0000,-3247441.7500,-2347314.2500,-5383184.0000,1590809.5000,3366607.0000,-1291937.5000,2775383.5000,-9003366.0000,-2121352.0000,2949773.2500,8918367.0000,-2828481.0000,5126454.5000,3802049.7500,7593962.5000,-1299381.0000,6666719.5000,3260803.5000,-35587.2891,-5430503.0000,-5827665.0000,4337447.5000,-4871180.0000,-1827866.8750,-3739242.0000,2464353.0000,-7240328.0000,-2310628.7500,1218104.6250,1855052.3750,2137372.2500,-4042829.0000,-1260037.0000,-647014.6250,-4917436.0000,-4053462.5000,6873541.5000,262151.2500,-4791428.5000,765116.6875,5489589.0000,1572732.5000,-4422445.5000,5024372.5000,844336.4375,8594577.0000,-5091825.5000,-20700.3613,-7094649.0000,4792562.0000,-2444079.2500,-5931342.0000,-8808772.0000,6065926.0000,-104173.4844,5044576.5000
0.9625,5312541.0000,5155696.5000,4472493.0000,-4885003.5000,-4715930.5000,-2774250.0000,2086863.1250,-1883692.8750,-2758299.7500,413678.8750,-246130.9688,1295197.6250,6328042.0000,3423496.5000,-3251695.0000,-2356352.7500,-5396476.0000,1581239.2500,3354910.2500,-1299381.0000,2765281.5000,-9024633.0000,-2130390.5000,2950836.5000,8901354.0000,-2843899.7500,5119542.5000,3795138.0000,7579607.5000,-1303102.7500,6669910.0000,3286855.7500,-47815.8359,-5444326.5000,-5836172.0000,4334789.0000,-4877028.5000,-1825208.5000,-3733393.5000,2489341.7500,-7253088.5000,-2320198.7500,1213851.2500,1855052.3750,2141094.0000,-4036448.7500,-1256315.2500,-658711.5000,-4921157.5000,-4057184.2500,6871946.5000,257897.8281,-4790897.0000,766180.0625,5489057.5000,1566884.0000,-4429889.0000,5015866.0000,839551.3125,8583943.0000,-5096610.5000,-26017.1211,-7102624.0000,4788308.5000,-2452586.2500,-5937722.0000,-8799202.0000,6071242.5000,-127035.5547,5033411.0000
0.9645,5343378.5000,5183344.0000,4494292.0000,-4855230.0000,-4685625.0000,-2750324.7500,2118232.0000,-1854982.3750,-2730652.7500,436540.9688,-221673.8750,1320186.3750,6342929.0000,3449548.5000,-3226174.7500,-2331364.0000,-5376272.0000,1598252.8750,3379367.2500,-1276519.0000,2788675.2500,-9003897.0000,-2101148.2500,2976888.7500,8913051.0000,-2819442.5000,5144531.5000,3816936.7500,7598216.0000,-1277582.2500,6703937.0000,3323541.2500,-25485.4453,-5433693.0000,-5807461.5000,4364563.0000,-4849381.5000,-1793839.6250,-3703619.7500,2506355.5000,-7234479.5000,-2301058.5000,1238840.0000,1884294.6250,2171931.2500,-4006675.0000,-1244086.7500,-628937.6250,-4896169.0000,-4026347.0000,6906505.5000,288203.3750,-4767503.0000,789573.8125,5511388.0000,1589746.1250,-4408090.5000,5036601.5000,861881.6875,8605742.0000,-5074812.0000,-1028.3519,-7076040.0000,4812234.0000,-2431319.0000,-5913265.0000,-8765175.0000,6104738.5000,-107363.5391,5064248.5000
0.9665,5317858.0000,5162077.0000,4467176.5000,-4875965.0000,-4715930.5000,-2782757.0000,2092179.8750,-1879971.1250,-2758299.7500,408362.1250,-249852.7031,1290944.2500,6306775.0000,3418711.2500,-3250631.7500,-2358479.5000,-5409768.0000,1566352.3750,3350125.2500,-1298317.6250,2769003.2500,-9038988.0000,-2128795.5000,2952963.2500,8873707.0000,-2843368.0000,5119542.5000,3786099.5000,7573227.0000,-1299912.7500,6682670.0000,3301211.0000,-50474.2148,-5471442.0000,-5820221.5000,4346486.0000,-4867458.5000,-1811385.0000,-3725418.5000,2474454.7500,-7274887.0000,-2329769.0000,1221294.6250,1860900.8750,2150132.5000,-4024220.2500,-1269607.1250,-657648.1250,-4920094.0000,-4048145.7500,6883643.5000,264809.6250,-4792492.0000,762990.0000,5487462.5000,1566352.3750,-4436269.0000,5009486.0000,840083.0000,8581817.0000,-5100332.5000,-25485.4453,-7103155.5000,4785118.5000,-2452586.2500,-5931342.0000,-8790695.0000,6091978.0000,-124908.8516,5047766.5000
0.9685,5325833.0000,5175900.5000,4481000.0000,-4850444.5000,-4701575.5000,-2772655.0000,2108130.2500,-1866147.6250,-2746603.0000,416337.2812,-232839.0625,1305831.1250,6312623.5000,3424559.7500,-3237339.7500,-2341997.5000,-5401261.0000,1579112.6250,3368202.2500,-1283962.3750,2787612.0000,-9025696.0000,-2106996.7500,2972103.5000,8877428.0000,-2827417.7500,5138151.5000,3802581.5000,7592367.5000,-1285025.7500,6711380.5000,3326199.7500,-30270.5293,-5454960.0000,-5787789.5000,4370411.5000,-4844596.5000,-1778421.0000,-3691391.0000,2490405.2500,-7265317.0000,-2312223.7500,1239903.3750,1885357.8750,2178311.2500,-3992319.7500,-1240365.0000,-631596.0000,-4897232.0000,-4026347.0000,6905442.0000,285013.3125,-4778668.5000,780535.3125,5508198.0000,1587087.7500,-4419787.0000,5022246.0000,861350.0625,8593513.0000,-5081723.5000,-5281.7593,-7084015.5000,4801069.0000,-2436104.2500,-5914328.5000,-8791227.0000,6103143.0000,-99388.4062,5060526.5000
0.9705,5332745.0000,5190255.5000,4493228.5000,-4836089.5000,-4687752.0000,-2763085.0000,2119295.2500,-1853919.0000,-2735969.5000,415273.9062,-217420.4688,1316996.3750,6310497.0000,3428813.2500,-3230428.0000,-2330300.7500,-5391159.0000,1584961.0000,3384684.0000,-1279709.0000,2800372.2500,-9021443.0000,-2090514.8750,2980610.5000,8886999.0000,-2810404.0000,5151975.0000,3807366.5000,7609381.0000,-1276519.0000,6729989.0000,3346403.5000,-18573.6582,-5438478.5000,-5764927.5000,4386361.5000,-4828114.5000,-1759280.7500,-3666402.2500,2507950.5000,-7259468.5000,-2302653.5000,1254258.6250,1898118.1250,2193730.0000,-3977432.7500,-1216439.6250,-615645.7500,-4877560.0000,-4010928.2500,6924582.5000,296178.5000,-4765376.5000,796485.5625,5522553.0000,1600911.2500,-4407027.0000,5036601.5000,877300.3125,8604147.0000,-5065242.0000,9605.1670,-7064343.5000,4817551.0000,-2421749.0000,-5897846.5000,-8775808.0000,6116435.0000,-77058.0156,5081793.5000
0.9725,5300312.5000,5159950.0000,4465049.5000,-4864268.5000,-4722311.0000,-2801897.2500,2089521.5000,-1883161.2500,-2772655.0000,372739.8438,-250916.0469,1287754.1250,6269558.0000,3384684.0000,-3260733.5000,-2354757.7500,-5419338.0000,1549338.7500,3353315.2500,-1315863.0000,2767408.2500,-9058660.0000,-2118693.7500,2958811.7500,8852971.0000,-2840178.0000,5120074.5000,3773339.2500,7584392.5000,-1304697.7500,6700747.0000,3311844.5000,-49410.8633,-5460808.5000,-5792043.0000,4357119.5000,-4855761.5000,-1784801.1250,-3690859.5000,2477645.0000,-7295090.5000,-2335085.7500,1229269.7500,1869407.6250,2165551.2500,-4001890.0000,-1238770.0000,-643824.5625,-4902549.0000,-4034853.7500,6900657.0000,269063.0312,-4789833.5000,770433.4375,5495437.5000,1571137.3750,-4436801.0000,5008422.5000,852311.5625,8578626.0000,-5093420.5000,-15915.2783,-7090927.0000,4790435.5000,-2446737.7500,-5922303.5000,-8812494.0000,6089851.5000,-95666.6719,5059995.0000
0.9745,5313604.5000,5171115.5000,4482063.5000,-4849381.5000,-4703170.5000,-2784883.7500,2100686.7500,-1864020.8750,-2760958.2500,390285.1562,-235497.4531,1308489.5000,6273279.5000,3397444.2500,-3247973.5000,-2335085.7500,-5404451.0000,1555718.8750,3367670.5000,-1300976.0000,2786548.7500,-9045900.0000,-2099021.7500,2979015.2500,8865200.0000,-2827949.5000,5132834.5000,3792479.5000,7607786.0000,-1295659.2500,6717229.0000,3313971.2500,-24953.7695,-5433161.5000,-5771839.0000,4380513.0000,-4835026.0000,-1757154.0000,-3661617.2500,2498380.2500,-7282862.0000,-2318603.7500,1244688.3750,1892801.3750,2190008.2500,-3977964.5000,-1216439.6250,-622557.5625,-4881813.5000,-4008801.7500,6926709.5000,289798.4062,-4763250.0000,792763.8125,5514578.0000,1590809.5000,-4417660.5000,5024904.5000,868261.8125,8591387.0000,-5072685.0000,3756.7317,-7071255.0000,4806385.5000,-2434509.2500,-5907416.5000,-8813026.0000,6097295.0000,-69614.5469,5079667.0000
0.9765,5284362.5000,5141341.5000,4458669.5000,-4883408.5000,-4730286.0000,-2814125.7500,2069849.5000,-1884224.6250,-2785947.0000,363169.6875,-256764.4844,1287754.1250,6238720.5000,3365543.7500,-3274557.2500,-2356884.5000,-5434756.5000,1518501.5000,3341086.7500,-1330218.2500,2762091.5000,-9077268.0000,-2127732.2500,2952431.5000,8839148.0000,-2847089.7500,5106251.0000,3767490.7500,7588114.0000,-1322243.1250,6689582.0000,3287919.0000,-48879.1875,-5460277.0000,-5799486.5000,4357119.5000,-4862141.5000,-1777357.7500,-3685542.7500,2465948.0000,-7316357.5000,-2340934.2500,1221294.6250,1869407.6250,2163956.0000,-4004016.5000,-1248340.1250,-651799.6875,-4903080.5000,-4030068.7500,6907037.5000,262682.9062,-4780795.0000,772560.1250,5489589.0000,1565820.6250,-4439459.0000,5002042.5000,849121.5000,8567993.0000,-5092357.5000,-14320.2510,-7091459.0000,4786713.5000,-2455244.5000,-5923898.5000,-8827912.0000,6073369.5000,-82906.4453,5056273.5000
0.9785,5259905.0000,5119542.5000,4442187.5000,-4904675.5000,-4755274.5000,-2840709.5000,2054962.5000,-1899111.5000,-2803492.2500,344029.3438,-274841.4688,1268613.8750,6213732.0000,3347466.7500,-3293165.7500,-2371771.5000,-5455492.0000,1486069.2500,3319819.7500,-1352548.6250,2745609.5000,-9102257.0000,-2143150.7500,2938608.0000,8823729.0000,-2858786.5000,5084452.0000,3751540.5000,7570569.0000,-1342446.7500,6665656.5000,3258145.2500,-69082.8750,-5478885.5000,-5811183.0000,4339042.5000,-4881282.0000,-1784801.1250,-3697239.5000,2438301.0000,-7333903.0000,-2354757.7500,1212787.8750,1852925.6250,2151196.0000,-4015181.7500,-1260037.0000,-675725.1250,-4920094.0000,-4048145.7500,6888428.5000,244074.2656,-4799404.0000,753419.8125,5471512.0000,1551997.1250,-4457004.5000,4983433.5000,828917.8125,8547258.0000,-5109371.0000,-28143.8262,-7112726.0000,4770763.5000,-2474384.7500,-5938253.5000,-8835356.0000,6053165.5000,-83969.7969,5035538.0000
0.9805,5291805.5000,5153038.5000,4482595.0000,-4863205.0000,-4720184.0000,-2809340.7500,2101218.2500,-1858172.5000,-2764148.2500,383373.3750,-236560.7969,1298919.3750,6238720.5000,3384684.0000,-3260202.0000,-2328705.7500,-5418806.5000,1514779.7500,3353847.0000,-1319584.7500,2790802.0000,-9068230.0000,-2103275.0000,2980610.5000,8859351.0000,-2810935.7500,5120074.5000,3790352.7500,7615761.5000,-1311077.8750,6699152.0000,3292172.5000,-27612.1484,-5450707.0000,-5770776.0000,4382108.0000,-4840874.5000,-1743862.1250,-3662680.5000,2462226.2500,-7296154.0000,-2309565.2500,1253726.8750,1890674.6250,2189476.5000,-3977432.7500,-1229731.5000,-643292.8750,-4880750.0000,-4007738.2500,6929367.5000,281823.2500,-4764313.0000,794890.5625,5510324.5000,1588151.1250,-4422977.0000,5018524.5000,861881.6875,8579690.0000,-5070027.0000,9605.1670,-7076040.0000,4807980.5000,-2437167.5000,-5900504.5000,-8797075.0000,6089851.5000,-38777.3438,5075413.5000
0.9825,5281172.0000,5141873.0000,4467708.0000,-4873307.0000,-4735602.5000,-2827949.5000,2089521.5000,-1866679.2500,-2776908.5000,374866.5312,-246130.9688,1274993.8750,6215858.5000,3376177.2500,-3272430.5000,-2334554.0000,-5436883.5000,1504678.0000,3343745.0000,-1335003.2500,2783358.5000,-9077800.0000,-2112845.2500,2973167.0000,8847123.0000,-2811467.5000,5106251.0000,3784504.5000,7612039.5000,-1328091.5000,6675226.5000,3289514.0000,-42499.0742,-5461340.5000,-5792043.0000,4368816.5000,-4857888.0000,-1762470.7500,-3688201.0000,2440959.2500,-7313699.5000,-2325515.5000,1242030.0000,1877382.7500,2174589.7500,-3996573.0000,-1261632.0000,-662433.2500,-4893510.5000,-4021562.0000,6916607.5000,266404.6562,-4779200.0000,783725.3750,5501817.5000,1576454.2500,-4434142.5000,5003637.5000,845399.7500,8563740.0000,-5078533.5000,35.0000,-7086142.0000,4796283.5000,-2445674.2500,-5907416.5000,-8800797.0000,6086661.5000,-39840.6953,5076477.0000
0.9845,5285957.5000,5142405.0000,4458138.0000,-4873838.5000,-4738261.0000,-2830607.7500,2072507.8750,-1869337.6250,-2780098.5000,374334.8750,-246662.6406,1268613.8750,6208946.5000,3371392.2500,-3280937.2500,-2336149.0000,-5444326.5000,1503614.6250,3342681.7500,-1336598.3750,2783890.2500,-9084180.0000,-2122415.5000,2962533.5000,8846591.0000,-2798175.5000,5109441.0000,3787162.7500,7617356.5000,-1336598.3750,6659276.5000,3277817.2500,-37182.3164,-5458150.5000,-5796828.0000,4372538.0000,-4861078.0000,-1765660.8750,-3699366.2500,2455846.2500,-7313699.5000,-2322857.2500,1245220.1250,1881104.5000,2174058.0000,-4001358.2500,-1267480.5000,-654989.7500,-4890852.0000,-4016776.7500,6924051.0000,264809.6250,-4780795.0000,783725.3750,5498096.0000,1574859.1250,-4436269.0000,4999384.0000,842741.3750,8558423.0000,-5079597.0000,-2623.3796,-7088269.0000,4791498.5000,-2452054.5000,-5909543.0000,-8808772.0000,6072306.0000,-46752.4844,5082857.0000
0.9865,5304566.0000,5160482.0000,4469834.5000,-4854166.5000,-4720716.0000,-2811467.5000,2082078.0000,-1853919.0000,-2772123.5000,387626.7812,-230180.6875,1285095.7500,6216922.0000,3391064.2500,-3267645.5000,-2319667.2500,-5431566.5000,1527540.0000,3366075.5000,-1320648.0000,2805157.2500,-9061318.0000,-2110186.7500,2976888.7500,8858288.0000,-2783288.5000,5133898.0000,3817468.2500,7644472.0000,-1327028.1250,6663529.5000,3287919.0000,-22827.0664,-5438478.5000,-5780346.0000,4390615.0000,-4841938.0000,-1745457.1250,-3692986.2500,2495190.2500,-7299876.0000,-2303185.2500,1266487.1250,1900244.8750,2189476.5000,-3991788.0000,-1253125.2500,-636912.8125,-4871711.5000,-3992851.5000,6944786.5000,281823.2500,-4756869.5000,806587.4375,5516173.0000,1597189.5000,-4417660.5000,5015334.0000,861881.6875,8575968.0000,-5055671.5000,18643.6582,-7072318.5000,4810639.0000,-2435572.5000,-5891466.0000,-8797075.0000,6078686.0000,-30270.5293,5093490.5000
0.9885,5284894.0000,5140810.0000,4440592.5000,-4886067.0000,-4742514.5000,-2827417.7500,2057620.8750,-1880502.8750,-2805619.0000,353599.5000,-255701.1250,1255321.8750,6182363.0000,3360227.0000,-3296887.5000,-2344656.0000,-5465594.0000,1507868.0000,3344808.5000,-1344573.5000,2789738.7500,-9083649.0000,-2136770.7500,2950304.7500,8832236.0000,-2819442.5000,5113694.5000,3797264.7500,7628521.5000,-1359460.3750,6625780.5000,3292172.5000,-49942.5391,-5463998.5000,-5796828.0000,4363499.5000,-4870648.5000,-1774699.3750,-3731798.5000,2476581.5000,-7329649.5000,-2329237.2500,1244156.7500,1869939.3750,2158639.2500,-4022625.2500,-1289279.1250,-683168.6250,-4896700.5000,-4024752.0000,6912885.5000,252049.4062,-4782922.0000,782130.3125,5489589.0000,1570605.7500,-4443712.5000,4990345.5000,836361.2500,8550979.0000,-5078002.0000,-3686.7317,-7101029.0000,4785650.0000,-2460029.5000,-5915391.5000,-8819937.0000,6053165.5000,-57917.6797,5059463.5000
0.9905,5294996.0000,5142936.5000,4434744.0000,-4892447.0000,-4736134.5000,-2819974.2500,2052835.8750,-1880502.8750,-2804024.0000,351472.8125,-255169.4531,1253726.8750,6177046.0000,3363948.7500,-3293165.7500,-2342529.2500,-5463467.0000,1512653.1250,3344276.7500,-1344573.5000,2799840.5000,-9082585.0000,-2138365.7500,2950836.5000,8834894.0000,-2816784.2500,5121669.5000,3800986.2500,7637560.0000,-1363713.7500,6617805.5000,3299084.2500,-48879.1875,-5456023.5000,-5781409.5000,4370411.5000,-4869053.5000,-1769382.5000,-3739242.0000,2465416.5000,-7323801.0000,-2320730.5000,1246815.1250,1868876.0000,2154917.7500,-4023688.5000,-1299912.7500,-692738.7500,-4888725.5000,-4018371.7500,6920329.0000,254176.1094,-4778668.5000,784257.0000,5493842.5000,1573795.7500,-4440522.5000,4993535.5000,842209.6875,8559486.0000,-5069495.0000,566.6760,-7098902.5000,4791498.5000,-2460561.2500,-5912733.0000,-8816747.0000,6052634.0000,-66956.1719,5052551.5000
0.9925,5311477.5000,5149316.5000,4439529.0000,-4885003.5000,-4720716.0000,-2806682.2500,2056025.8750,-1875717.7500,-2803492.2500,352536.1562,-247726.0000,1262233.7500,6181831.5000,3381494.0000,-3280937.2500,-2330832.2500,-5449112.0000,1521159.8750,3344808.5000,-1338725.0000,2822171.0000,-9062382.0000,-2122947.0000,2963596.7500,8842869.0000,-2805619.0000,5139214.5000,3818531.7500,7662549.0000,-1357333.7500,6626844.0000,3308654.5000,-46752.4844,-5453897.0000,-5767054.0000,4381045.0000,-4863736.5000,-1763534.1250,-3731798.5000,2463821.2500,-7316889.5000,-2311160.2500,1251068.5000,1873129.3750,2157044.2500,-4019966.7500,-1291937.5000,-692207.0625,-4883408.5000,-4008801.7500,6922987.5000,254707.7812,-4762718.0000,789042.1250,5501817.5000,1583897.6250,-4427230.5000,5002042.5000,851248.1875,8566398.0000,-5056203.5000,9605.1670,-7092522.0000,4801600.5000,-2453117.7500,-5905290.0000,-8816216.0000,6073369.5000,-66956.1719,5075945.5000
0.9945,5282235.5000,5119542.5000,4409755.5000,-4912119.0000,-4739856.0000,-2825822.7500,2030505.5000,-1903896.6250,-2833266.2500,320635.5938,-272714.7500,1234054.8750,6160032.5000,3367670.5000,-3302736.0000,-2354226.0000,-5467189.0000,1492449.3750,3312907.7500,-1364777.1250,2800904.0000,-9076737.0000,-2148999.2500,2933291.2500,8816286.0000,-2839114.5000,5116884.5000,3802581.5000,7650852.0000,-1387639.2500,6597602.0000,3279944.0000,-78121.3672,-5485266.0000,-5790979.5000,4361904.5000,-4891383.5000,-1791713.0000,-3757319.0000,2450529.5000,-7341346.5000,-2331364.0000,1225548.1250,1846545.6250,2125675.5000,-4053994.0000,-1320648.0000,-725171.0000,-4908929.0000,-4033258.7500,6903847.0000,226528.9531,-4790365.5000,762990.0000,5479487.5000,1565820.6250,-4451156.0000,4974927.0000,827854.4375,8545131.0000,-5078533.5000,-12725.2227,-7116979.5000,4779802.0000,-2478638.2500,-5925493.5000,-8843331.0000,6058482.5000,-92476.6172,5064780.0000
0.9965,5301907.5000,5138151.5000,4427300.5000,-4889257.0000,-4713804.0000,-2799770.5000,2053899.2500,-1884224.6250,-2815720.7500,334990.8438,-252511.0781,1257980.2500,6181299.5000,3397976.0000,-3277215.5000,-2332427.5000,-5439010.0000,1513184.7500,3340023.2500,-1339256.7500,2837589.5000,-9042178.0000,-2124542.0000,2952431.5000,8839148.0000,-2832734.5000,5140810.0000,3832887.0000,7688069.0000,-1366372.2500,6616742.0000,3295362.5000,-64829.4648,-5459745.5000,-5772371.0000,4385298.0000,-4866395.0000,-1772041.0000,-3737115.2500,2485088.5000,-7322206.0000,-2311692.0000,1244156.7500,1861964.1250,2138967.2500,-4039638.7500,-1296191.0000,-696992.1875,-4886067.0000,-4007738.2500,6930431.0000,250986.0469,-4768566.5000,784257.0000,5502881.0000,1588682.7500,-4430420.5000,4995130.5000,846994.8125,8563740.0000,-5054608.5000,9073.4912,-7093585.5000,4802132.0000,-2458966.2500,-5906885.0000,-8821532.0000,6086661.5000,-70146.2266,5089237.0000
0.9985,5296059.0000,5137619.5000,4419857.0000,-4888193.5000,-4711677.5000,-2790200.5000,2057089.2500,-1892199.7500,-2823696.0000,323825.6562,-262081.2500,1259043.6250,6182894.5000,3408077.7500,-3278279.0000,-2337212.5000,-5437415.0000,1504678.0000,3338960.0000,-1340320.1250,2850881.5000,-9036861.0000,-2131454.0000,2941798.0000,8834363.0000,-2838583.0000,5145063.0000,3841393.7500,7700298.0000,-1374347.3750,6607703.5000,3291109.2500,-80248.0703,-5462403.5000,-5773966.0000,4378386.5000,-4877028.5000,-1785332.8750,-3743495.2500,2473923.2500,-7326459.5000,-2315413.7500,1239371.6250,1851330.6250,2127270.5000,-4053994.0000,-1298317.6250,-695928.8125,-4891915.5000,-4014650.0000,6923519.0000,245137.6094,-4775478.5000,781067.0000,5499159.5000,1581771.0000,-4437864.0000,4988219.0000,840614.6875,8560549.0000,-5059393.5000,6415.1113,-7096244.0000,4798942.0000,-2459498.0000,-5905821.5000,-8801329.0000,6095168.0000,-57917.6797,5087642.0000
1.0005,5288084.0000,5128049.5000,4411350.5000,-4890852.0000,-4712740.5000,-2791263.7500,2059216.0000,-1904959.8750,-2840709.5000,309470.4062,-274841.4688,1260107.0000,6178109.5000,3410204.5000,-3282000.7500,-2349441.0000,-5437946.5000,1491917.7500,3332048.2500,-1341383.3750,2857261.5000,-9034734.0000,-2141555.7500,2930101.2500,8826387.0000,-2851874.7500,5144531.5000,3841925.5000,7701361.0000,-1387639.2500,6585905.0000,3281539.0000,-94071.6406,-5467720.5000,-5777156.0000,4367753.0000,-4886067.0000,-1805536.5000,-3765294.0000,2442022.7500,-7325396.0000,-2324984.0000,1235118.2500,1839102.1250,2113447.0000,-4067817.7500,-1306292.7500,-700713.8750,-4893510.5000,-4018371.7500,6925646.0000,247264.3125,-4777073.5000,775218.5625,5492247.5000,1578580.8750,-4447434.5000,4981838.5000,834234.5625,8555233.0000,-5067900.0000,-3155.0557,-7099965.5000,4790435.5000,-2464814.7500,-5912201.5000,-8795480.0000,6097295.0000,-62702.7617,5067970.0000
1.0025,5300312.5000,5141341.5000,4423047.0000,-4881813.5000,-4692005.5000,-2769465.0000,2072507.8750,-1896453.1250,-2832734.5000,320635.5938,-270056.3750,1272335.5000,6189274.5000,3428281.5000,-3264987.0000,-2340402.5000,-5427313.0000,1507336.3750,3351720.2500,-1323306.5000,2880655.2500,-9011872.0000,-2131454.0000,2933823.0000,8839148.0000,-2838583.0000,5167393.5000,3861065.7500,7722096.5000,-1382854.1250,6585373.5000,3296957.5000,-86096.5078,-5448580.0000,-5764395.5000,4375196.5000,-4879687.0000,-1805536.5000,-3770079.2500,2439364.2500,-7307851.0000,-2313287.0000,1237244.8750,1845482.2500,2116105.2500,-4068349.2500,-1306824.5000,-691675.4375,-4883408.5000,-4003485.0000,6943191.0000,257897.8281,-4764313.0000,786915.3750,5507134.5000,1590809.5000,-4434674.0000,4991940.5000,844336.4375,8567993.0000,-5053545.0000,8541.8154,-7080825.5000,4804790.5000,-2450459.5000,-5899973.0000,-8782720.0000,6117498.5000,-46752.4844,5076477.0000
1.0045,5295527.5000,5140810.0000,4421452.0000,-4886067.0000,-4687220.0000,-2756704.7500,2069317.7500,-1906023.2500,-2837519.5000,321698.9375,-272714.7500,1269145.5000,6192465.0000,3438915.0000,-3262328.7500,-2340402.5000,-5429971.5000,1505209.6250,3355973.5000,-1324901.5000,2889693.7500,-9007619.0000,-2134112.2500,2922126.0000,8838616.0000,-2835924.5000,5169520.5000,3858939.0000,7733793.5000,-1391892.6250,6571018.0000,3296957.5000,-87691.5312,-5448048.5000,-5768649.0000,4367753.0000,-4884472.0000,-1810321.6250,-3783902.7500,2432984.2500,-7307319.5000,-2313818.7500,1232991.5000,1836443.7500,2109725.2500,-4077919.5000,-1319584.7500,-692738.7500,-4882345.5000,-4003485.0000,6945318.0000,260556.2188,-4764313.0000,787978.7500,5509793.0000,1589746.1250,-4438927.5000,4986623.5000,843273.0625,8561613.0000,-5056203.5000,7478.4634,-7077103.5000,4805854.0000,-2449396.0000,-5900504.5000,-8783783.0000,6110055.0000,-46220.8086,5066907.0000
1.0065,5265753.5000,5112099.5000,4400717.0000,-4911056.0000,-4706360.5000,-2772655.0000,2050709.1250,-1927290.3750,-2867293.5000,295646.8438,-297703.5312,1238840.0000,6178641.0000,3421369.7500,-3280405.5000,-2364328.0000,-5449112.0000,1477030.7500,3335770.0000,-1333408.2500,2878528.5000,-9029418.0000,-2161227.7500,2893947.2500,8812564.0000,-2854533.2500,5142405.0000,3832355.2500,7721033.0000,-1418476.3750,6533269.0000,3259740.2500,-119592.0859,-5471974.0000,-5800018.0000,4336384.0000,-4912119.0000,-1838500.3750,-3816335.0000,2406400.2500,-7331244.5000,-2344124.2500,1201091.0000,1804011.5000,2084736.3750,-4106630.0000,-1347763.5000,-711879.1250,-4907865.5000,-4028473.7500,6924051.0000,240352.5312,-4790365.5000,761394.9375,5484272.5000,1566352.3750,-4464448.0000,4961103.5000,809777.5000,8530776.0000,-5086509.0000,-21232.0371,-7103155.5000,4779802.0000,-2479170.0000,-5929747.0000,-8826849.0000,6069647.5000,-65361.1406,5035538.0000
1.0085,5289679.0000,5139214.5000,4438997.5000,-4879687.0000,-4669143.0000,-2735437.7500,2082609.7500,-1899643.1250,-2842304.7500,336054.1875,-262612.9062,1277652.2500,6218517.0000,3459650.5000,-3245846.7500,-2329769.0000,-5407641.0000,1505741.2500,3374582.2500,-1290874.2500,2928506.2500,-8989010.0000,-2126137.0000,2923189.2500,8848718.0000,-2826354.2500,5175900.5000,3865319.2500,7765694.0000,-1388702.6250,6564106.5000,3288982.5000,-91413.2656,-5433693.0000,-5777687.5000,4354461.0000,-4884472.0000,-1812448.3750,-3794536.2500,2452656.2500,-7305192.5000,-2317008.7500,1228206.5000,1821556.7500,2108130.2500,-4087489.7500,-1319584.7500,-675193.4375,-4880218.5000,-3999231.5000,6952761.5000,267999.6875,-4765376.5000,786915.3750,5509793.0000,1596657.8750,-4434142.5000,4991940.5000,833702.8750,8559486.0000,-5056735.0000,8541.8154,-7072318.5000,4810639.0000,-2448864.5000,-5902631.5000,-8805050.0000,6097826.5000,-24422.0938,5064780.0000
1.0105,5285957.5000,5126986.0000,4438466.0000,-4892979.0000,-4672865.0000,-2738627.7500,2083141.3750,-1910276.7500,-2855596.5000,334990.8438,-263144.5938,1279247.3750,6222770.5000,3463372.2500,-3249568.5000,-2338275.7500,-5408173.0000,1502551.2500,3374050.5000,-1285557.5000,2941266.2500,-8985289.0000,-2129327.2500,2919467.7500,8843401.0000,-2830076.0000,5167393.5000,3857344.0000,7769947.5000,-1392424.3750,6566233.0000,3298021.0000,-103110.1328,-5433693.0000,-5785662.5000,4338511.0000,-4890852.0000,-1808194.8750,-3789751.2500,2455846.2500,-7312104.5000,-2322857.2500,1211192.8750,1806138.2500,2095369.8750,-4099718.2500,-1325433.1250,-678383.5000,-4894042.0000,-4013586.7500,6943191.0000,260556.2188,-4781858.5000,776281.8750,5501817.5000,1588151.1250,-4441586.0000,4983433.5000,824664.3750,8552043.0000,-5066305.0000,-2091.7039,-7082420.5000,4802664.0000,-2458434.5000,-5910606.5000,-8803455.0000,6096763.0000,-23890.4180,5041386.5000
1.0125,5279577.0000,5117416.0000,4435276.0000,-4899359.0000,-4681903.5000,-2745008.0000,2081546.3750,-1920910.2500,-2872610.2500,333927.5000,-264739.6250,1282437.3750,6219048.5000,3461245.5000,-3254353.5000,-2347314.2500,-5413489.5000,1492449.3750,3369797.2500,-1290342.5000,2948709.7500,-8984757.0000,-2132517.2500,2917341.0000,8837553.0000,-2844963.0000,5162608.5000,3854685.7500,7774732.5000,-1395614.3750,6569423.0000,3292172.5000,-113211.9766,-5433693.0000,-5802676.5000,4322560.5000,-4902549.0000,-1808194.8750,-3779649.2500,2466479.7500,-7315826.0000,-2329769.0000,1201622.6250,1790187.8750,2082609.7500,-4108225.0000,-1329686.5000,-692738.7500,-4906270.5000,-4025815.2500,6930962.5000,250454.3750,-4798340.5000,759268.2500,5482677.5000,1576985.8750,-4449561.0000,4975458.5000,814030.8750,8544068.0000,-5074812.0000,-11130.1953,-7097839.0000,4793625.5000,-2468536.5000,-5920176.5000,-8807177.0000,6091446.5000,-39309.0195,5019056.0000
1.0145,5313073.0000,5154633.5000,4476215.0000,-4857356.5000,-4646281.0000,-2710449.0000,2116105.2500,-1890073.0000,-2837519.5000,377524.9375,-225395.6094,1327629.8750,6255734.0000,3498462.7500,-3222453.0000,-2318603.7500,-5378930.5000,1530730.0000,3407546.2500,-1257910.2500,2986990.5000,-8943818.0000,-2094236.6250,2945519.7500,8871048.0000,-2816784.2500,5196104.0000,3888181.2500,7816203.0000,-1365308.8750,6602918.5000,3302806.0000,-77589.6875,-5386905.5000,-5768117.5000,4349676.0000,-4873307.0000,-1775231.0000,-3743495.2500,2499975.2500,-7278077.0000,-2292551.7500,1238840.0000,1821025.1250,2111851.7500,-4077919.5000,-1296191.0000,-668281.6875,-4875433.5000,-3993914.7500,6960736.5000,283949.9688,-4766440.0000,788510.4375,5510856.0000,1605164.7500,-4415002.0000,5006827.5000,844336.4375,8577563.0000,-5045570.0000,17580.3066,-7067001.5000,4829779.5000,-2432914.2500,-5884022.5000,-8749756.0000,6133449.0000,-21232.0371,5044044.5000
1.0165,5276387.0000,5122733.0000,4443251.0000,-4883940.5000,-4680308.5000,-2745539.5000,2081546.3750,-1927290.3750,-2874736.7500,347219.4062,-255169.4531,1296792.6250,6221707.0000,3468157.2500,-3258607.0000,-2357416.2500,-5411894.5000,1494044.3750,3371392.2500,-1294596.0000,2951900.0000,-8978908.0000,-2129858.7500,2903517.2500,8836489.0000,-2854533.2500,5158355.0000,3846710.5000,7783771.0000,-1404121.1250,6558258.0000,3246980.0000,-113211.9766,-5410299.5000,-5812778.0000,4301293.5000,-4913182.5000,-1818828.3750,-3788156.2500,2444149.2500,-7309446.0000,-2330300.7500,1202686.0000,1779022.7500,2068254.5000,-4124707.0000,-1339788.3750,-710815.7500,-4913714.0000,-4038043.7500,6915012.5000,243542.5781,-4806847.5000,752356.5000,5472575.5000,1567947.3750,-4450624.5000,4971205.0000,807119.0625,8539814.0000,-5085977.0000,-21763.7148,-7108472.5000,4793625.5000,-2463219.7500,-5915923.5000,-8757200.0000,6101548.0000,-61639.4102,5010549.0000
1.0185,5288615.5000,5131771.5000,4449631.0000,-4866926.5000,-4664890.0000,-2731716.0000,2091116.5000,-1921441.8750,-2861976.7500,361574.6562,-242940.9062,1311679.6250,6235530.5000,3485702.5000,-3253290.2500,-2348909.2500,-5402324.5000,1500424.5000,3378835.7500,-1284494.1250,2959343.2500,-8966680.0000,-2122947.0000,2908302.5000,8847123.0000,-2842836.2500,5163672.0000,3849369.0000,7802379.5000,-1398804.3750,6563043.0000,3258677.0000,-100451.7578,-5387969.0000,-5805334.5000,4302357.0000,-4906802.5000,-1810321.6250,-3781776.0000,2444681.0000,-7299344.0000,-2320730.5000,1201091.0000,1782744.5000,2073039.5000,-4124707.0000,-1329686.5000,-696992.1875,-4906270.5000,-4031663.7500,6921924.0000,253112.7500,-4802062.0000,757141.5625,5474702.5000,1575390.8750,-4443712.5000,4979712.0000,815625.9375,8549916.0000,-5081192.0000,-18573.6582,-7103687.5000,4801069.0000,-2457371.2500,-5914328.5000,-8748693.0000,6099953.0000,-74399.6328,5004700.5000
1.0205,5308287.5000,5154633.5000,4476215.0000,-4834494.5000,-4633521.0000,-2701410.5000,2120358.7500,-1893263.0000,-2833797.7500,392411.8438,-212635.3750,1340390.1250,6271684.5000,3520261.5000,-3226706.2500,-2317008.7500,-5370424.0000,1522754.8750,3404887.7500,-1259505.3750,2993370.5000,-8934779.0000,-2095831.6250,2934886.2500,8882745.0000,-2824227.7500,5187065.5000,3872762.5000,7838002.0000,-1374347.3750,6584841.5000,3276754.0000,-69082.8750,-5354473.5000,-5780346.0000,4323092.0000,-4883940.5000,-1790117.8750,-3763699.0000,2455314.5000,-7264785.0000,-2292020.0000,1214914.5000,1808264.8750,2094838.2500,-4109820.0000,-1306292.7500,-675193.4375,-4886067.0000,-4007206.7500,6942659.5000,282354.9375,-4779732.0000,778940.2500,5499159.5000,1598252.8750,-4412875.5000,5007891.0000,845931.4375,8576500.0000,-5055671.5000,3225.0557,-7083483.5000,4827121.0000,-2429192.5000,-5888276.0000,-8738591.0000,6121752.0000,-64297.7891,5025968.0000
1.0225,5275855.5000,5128581.0000,4443251.0000,-4863736.5000,-4663295.0000,-2722145.7500,2097496.5000,-1918783.5000,-2866230.0000,367423.0938,-246130.9688,1312211.2500,6252012.5000,3501121.2500,-3257011.7500,-2346251.0000,-5389564.0000,1489259.3750,3367670.5000,-1286620.7500,2966255.2500,-8962958.0000,-2121883.7500,2902985.7500,8860946.0000,-2850279.7500,5154633.5000,3833950.2500,7811418.0000,-1405716.2500,6547624.5000,3250170.0000,-93008.2891,-5379462.5000,-5811715.0000,4283748.0000,-4916904.0000,-1826271.8750,-3803574.7500,2407995.5000,-7286584.0000,-2323920.5000,1181950.6250,1775832.6250,2060811.0000,-4140657.2500,-1345105.1250,-711879.1250,-4921157.5000,-4044424.0000,6907569.0000,251517.7188,-4811632.5000,743849.6250,5467790.5000,1569542.3750,-4444776.0000,4981838.5000,817220.9375,8545131.0000,-5088104.0000,-27080.4727,-7122296.0000,4795220.5000,-2456308.0000,-5918050.0000,-8777935.0000,6087193.0000,-96198.3438,5000979.0000
1.0245,5310946.0000,5171115.5000,4477278.0000,-4818012.5000,-4618102.5000,-2683865.2500,2140562.5000,-1879971.1250,-2830607.7500,405703.7500,-208913.6406,1351555.2500,6294546.5000,3550035.2500,-3221921.2500,-2306375.2500,-5356068.5000,1517969.8750,3393191.0000,-1254188.6250,3004004.0000,-8923082.0000,-2083071.3750,2938608.0000,8908266.0000,-2810935.7500,5183344.0000,3861065.7500,7850762.0000,-1370625.6250,6580588.0000,3291109.2500,-48347.5117,-5348093.5000,-5777156.0000,4307673.5000,-4884472.0000,-1800219.7500,-3781244.2500,2432984.2500,-7249898.5000,-2284045.0000,1216509.6250,1807733.2500,2090053.1250,-4109288.5000,-1316926.3750,-677320.1875,-4891383.5000,-4015181.7500,6937343.0000,283949.9688,-4789302.0000,772560.1250,5492247.5000,1598252.8750,-4410217.0000,5013739.0000,845931.4375,8569056.0000,-5058861.5000,2161.7039,-7096244.0000,4824994.0000,-2430255.7500,-5893061.0000,-8759858.0000,6106333.5000,-71209.5781,5030221.0000
1.0265,5308819.5000,5169520.5000,4467708.0000,-4820139.0000,-4616507.5000,-2682270.2500,2149069.2500,-1882097.8750,-2839646.2500,406767.0938,-211572.0312,1343048.5000,6296141.5000,3550567.0000,-3221921.2500,-2305843.5000,-5358195.0000,1513184.7500,3384684.0000,-1261632.0000,3001877.5000,-8920424.0000,-2082539.7500,2936481.2500,8914646.0000,-2814125.7500,5176432.0000,3849900.5000,7849167.0000,-1377537.3750,6574740.0000,3282602.2500,-46752.4844,-5350752.0000,-5787789.5000,4289065.0000,-4896700.5000,-1812980.0000,-3794004.5000,2425540.7500,-7249366.5000,-2285640.0000,1205876.0000,1800289.7500,2077292.8750,-4120985.2500,-1325964.8750,-684763.6250,-4907334.0000,-4027942.0000,6921924.0000,274379.7812,-4796745.5000,760863.3125,5482677.5000,1590277.7500,-4416065.5000,5012676.0000,835829.5625,8555764.0000,-5068963.5000,-3155.0557,-7110067.5000,4820741.0000,-2435572.5000,-5899441.5000,-8766770.0000,6102611.5000,-81311.4219,5025968.0000
1.0285,5294464.0000,5163672.0000,4453353.0000,-4831304.5000,-4621824.0000,-2688650.2500,2143752.5000,-1895921.5000,-2861976.7500,388158.4375,-228053.9844,1324439.7500,6284976.5000,3536743.5000,-3234149.7500,-2319135.5000,-5364575.5000,1508399.6250,3363417.0000,-1274923.8750,2984332.0000,-8932121.0000,-2093173.2500,2924252.7500,8908266.0000,-2821037.5000,5158886.5000,3830760.2500,7836407.0000,-1391361.0000,6556663.0000,3266652.0000,-58981.0312,-5368828.5000,-5812778.0000,4265139.5000,-4915841.0000,-1835310.3750,-3815271.5000,2425009.0000,-7260532.0000,-2306375.2500,1188862.3750,1778491.0000,2054962.5000,-4142252.2500,-1342978.5000,-702308.9375,-4923816.0000,-4047614.0000,6901189.0000,260024.5469,-4819076.0000,738532.8750,5457688.5000,1571137.3750,-4427230.5000,5000447.5000,815625.9375,8530776.0000,-5090230.5000,-26548.7969,-7129739.5000,4804259.0000,-2452054.5000,-5917518.5000,-8793354.0000,6078154.5000,-110553.5938,5011612.5000
1.0305,5325301.5000,5198231.0000,4486316.5000,-4793555.5000,-4580885.0000,-2651964.7500,2173526.2500,-1861894.1250,-2837519.5000,420059.0000,-197748.4531,1354213.6250,6320067.0000,3564922.2500,-3205439.2500,-2285640.0000,-5327358.0000,1542958.6250,3391596.0000,-1247276.7500,3007725.7500,-8898625.0000,-2064462.7500,2956685.0000,8949736.0000,-2784352.0000,5183875.5000,3858939.0000,7874156.0000,-1362118.7500,6588563.5000,3293767.5000,-16978.6309,-5341181.5000,-5784067.5000,4291191.5000,-4885535.5000,-1806068.2500,-3782307.7500,2466479.7500,-7222251.0000,-2276601.5000,1216509.6250,1809328.2500,2083673.0000,-4112478.5000,-1306824.5000,-659774.8750,-4895637.0000,-4019435.2500,6930431.0000,293520.1250,-4793023.5000,761394.9375,5482677.5000,1597721.2500,-4397988.5000,5032348.0000,844336.4375,8552043.0000,-5064710.0000,4288.4077,-7106345.5000,4833501.0000,-2421749.0000,-5889871.0000,-8769960.0000,6103143.0000,-86096.5078,5047766.5000
1.0325,5307224.5000,5174837.0000,4466644.5000,-4810569.0000,-4592050.0000,-2666851.5000,2157576.0000,-1879439.5000,-2865166.7500,400918.6562,-219015.4844,1332414.8750,6301458.5000,3539933.5000,-3226706.2500,-2304780.2500,-5342776.5000,1525945.0000,3369265.5000,-1270138.8750,2986458.7500,-8914576.0000,-2081476.3750,2936481.2500,8935913.0000,-2798707.2500,5159950.0000,3834482.0000,7851825.5000,-1381259.1250,6572613.0000,3279944.0000,-27612.1484,-5363512.0000,-5810651.5000,4263544.5000,-4908929.0000,-1825208.5000,-3798789.7500,2439896.0000,-7237138.0000,-2296805.0000,1204812.7500,1785402.8750,2059216.0000,-4132150.5000,-1323838.1250,-679446.8750,-4923284.5000,-4048145.7500,6902252.0000,269594.7188,-4823861.0000,736406.1875,5457688.5000,1574327.5000,-4416597.0000,5020651.0000,822537.6875,8525459.0000,-5086509.0000,-17510.3066,-7127613.0000,4814360.5000,-2439294.2500,-5906885.0000,-8796012.0000,6084003.0000,-91413.2656,5039791.5000
1.0345,5305097.5000,5156760.0000,4457606.0000,-4823329.0000,-4596835.5000,-2675358.5000,2144815.7500,-1892731.3750,-2880585.2500,388158.4375,-231244.0312,1316464.6250,6289230.0000,3519198.0000,-3239998.2500,-2315945.5000,-5349156.5000,1512121.3750,3354378.5000,-1287684.1250,2964128.5000,-8925741.0000,-2096363.2500,2922126.0000,8930596.0000,-2809872.5000,5142405.0000,3816405.0000,7835875.0000,-1392424.3750,6554536.0000,3252296.7500,-31865.5566,-5375209.0000,-5827133.5000,4246531.0000,-4923284.5000,-1840627.1250,-3819525.0000,2410122.0000,-7245645.0000,-2311692.0000,1198432.6250,1773706.0000,2045392.3750,-4141189.0000,-1329154.8750,-696460.5000,-4932323.0000,-4066754.2500,6885238.5000,258961.1875,-4838748.0000,723645.9375,5442801.5000,1561567.2500,-4425104.0000,5015866.0000,806055.7500,8503660.0000,-5102459.0000,-32397.2324,-7139309.5000,4801600.5000,-2450459.5000,-5922303.5000,-8813026.0000,6065926.0000,-103110.1328,5018524.5000
1.0365,5318921.0000,5172178.5000,4472493.0000,-4811100.5000,-4572910.0000,-2656218.0000,2156512.7500,-1878907.7500,-2871546.7500,403577.0312,-221673.8750,1333478.2500,6300926.5000,3535680.0000,-3229364.7500,-2300526.7500,-5334270.0000,1528071.6250,3365012.0000,-1277582.2500,2968381.7500,-8913512.0000,-2085198.1250,2933291.2500,8958243.0000,-2791263.7500,5157291.5000,3824911.7500,7847572.0000,-1379132.3750,6568891.5000,3243790.0000,-8471.8154,-5361385.5000,-5807993.0000,4254506.0000,-4911056.0000,-1827866.8750,-3809954.7500,2404273.7500,-7223314.5000,-2301058.5000,1212256.1250,1787529.5000,2054430.8750,-4131618.7500,-1318521.3750,-679446.8750,-4914246.0000,-4056652.5000,6892150.5000,272253.0938,-4824924.0000,740659.6250,5456625.5000,1578049.2500,-4407558.5000,5036069.5000,816157.5625,8514294.0000,-5089699.0000,-16978.6309,-7118574.5000,4815424.0000,-2435572.5000,-5908480.0000,-8802392.0000,6073901.0000,-88223.2109,5031284.5000
1.0385,5305629.5000,5157823.5000,4460796.0000,-4829709.5000,-4580353.5000,-2666851.5000,2141625.7500,-1896984.7500,-2892282.2500,383905.0312,-245067.6094,1310616.2500,6281786.5000,3514944.7500,-3247441.7500,-2319135.5000,-5343308.5000,1517969.8750,3340555.0000,-1299912.7500,2932227.7500,-8929994.0000,-2102743.5000,2918936.0000,8951331.0000,-2805619.0000,5137088.0000,3805239.7500,7822051.5000,-1391361.0000,6552409.5000,3234219.7500,-21763.7148,-5379994.0000,-5825538.5000,4228985.5000,-4931791.0000,-1848070.6250,-3828031.7500,2385133.2500,-7241391.5000,-2321793.7500,1185672.3750,1763072.5000,2029973.7500,-4158202.5000,-1341915.1250,-696460.5000,-4933918.0000,-4079514.5000,6866098.0000,250986.0469,-4841406.0000,722582.6250,5437485.0000,1558377.2500,-4419255.5000,5024904.5000,796485.5625,8494090.0000,-5110434.0000,-33992.2617,-7129739.5000,4799474.0000,-2448864.5000,-5928683.5000,-8808772.0000,6050507.5000,-104173.4844,5011612.5000
1.0405,5329023.0000,5181749.0000,4486848.5000,-4812695.5000,-4550048.0000,-2646116.2500,2165019.5000,-1871464.3750,-2871546.7500,404640.4062,-227522.3125,1330288.2500,6300395.0000,3539933.5000,-3217667.7500,-2296805.0000,-5314066.0000,1548807.0000,3357568.7500,-1282899.1250,2941266.2500,-8916171.0000,-2080413.0000,2938608.0000,8983764.0000,-2781693.5000,5156760.0000,3820658.5000,7837470.0000,-1371157.2500,6574208.0000,3269310.5000,10668.5186,-5357132.0000,-5804271.5000,4252379.0000,-4905207.5000,-1825208.5000,-3801448.0000,2416502.2500,-7210554.0000,-2297336.7500,1207471.1250,1784339.5000,2052835.8750,-4135340.5000,-1313736.2500,-667218.3125,-4908397.5000,-4060374.2500,6882580.0000,273848.1250,-4815886.0000,742254.6250,5456625.5000,1580707.6250,-4393203.5000,5055741.5000,817752.6250,8514294.0000,-5087040.5000,-12725.2227,-7110067.5000,4820741.0000,-2431319.0000,-5912201.5000,-8797607.0000,6063267.5000,-81843.0938,5021714.5000
1.0425,5338593.0000,5184939.0000,4494292.0000,-4815354.0000,-4549516.0000,-2642394.5000,2175653.0000,-1863489.2500,-2868888.5000,413678.8750,-231244.0312,1332414.8750,6306243.5000,3550035.2500,-3206502.7500,-2288298.2500,-5310876.0000,1554655.5000,3353847.0000,-1281304.0000,2935949.5000,-8912981.0000,-2072437.8750,2944988.0000,9001841.0000,-2772655.0000,5160482.0000,3824911.7500,7840128.5000,-1362118.7500,6580056.5000,3286855.7500,16516.9551,-5353410.0000,-5804803.0000,4251316.0000,-4903612.5000,-1824145.1250,-3802511.5000,2427667.5000,-7206301.0000,-2291488.2500,1213851.2500,1783276.1250,2053367.5000,-4134277.2500,-1309482.8750,-660838.1875,-4905207.5000,-4061969.2500,6868756.5000,270126.3750,-4813759.0000,741191.2500,5455030.0000,1576454.2500,-4388418.5000,5059995.0000,816689.2500,8506850.0000,-5088635.5000,-12193.5469,-7106345.5000,4824462.5000,-2433445.7500,-5912733.0000,-8796012.0000,6073369.5000,-87691.5312,5015334.0000
1.0445,5311477.5000,5159418.5000,4468239.5000,-4849913.0000,-4583543.5000,-2676421.7500,2161829.5000,-1886883.0000,-2905574.0000,391880.1875,-270056.3750,1301046.0000,6278596.5000,3524514.7500,-3225643.0000,-2311160.2500,-5344371.5000,1528071.6250,3319288.0000,-1313736.2500,2910429.2500,-8937969.0000,-2094236.6250,2921062.7500,8994929.0000,-2792327.0000,5133898.0000,3799923.0000,7810886.5000,-1386044.2500,6555599.5000,3253360.2500,-13788.5742,-5374145.5000,-5837235.5000,4222073.5000,-4929132.5000,-1853919.0000,-3822715.0000,2398957.0000,-7236606.5000,-2320198.7500,1184077.3750,1752438.8750,2021467.0000,-4164051.0000,-1339788.3750,-693802.1250,-4938703.0000,-4099186.5000,6826754.0000,235567.4531,-4846723.0000,708227.3750,5421534.5000,1546680.3750,-4421382.0000,5035538.0000,782130.3125,8466975.0000,-5124258.0000,-46752.4844,-7144094.5000,4790967.0000,-2468536.5000,-5950482.0000,-8830039.0000,6055292.5000,-125440.5234,4980775.5000
1.0465,5325301.5000,5171115.5000,4491633.5000,-4839279.5000,-4569720.0000,-2659408.0000,2187349.7500,-1867742.6250,-2890687.2500,416337.2812,-255169.4531,1318591.3750,6300395.0000,3544718.5000,-3193742.5000,-2287766.5000,-5339055.0000,1545617.0000,3333643.2500,-1290874.2500,2925316.0000,-8917766.0000,-2068184.5000,2933291.2500,9026829.0000,-2771060.0000,5155165.0000,3818531.7500,7830026.5000,-1364245.5000,6575803.0000,3255486.7500,-3686.7317,-5350220.0000,-5815968.0000,4245467.5000,-4907865.5000,-1835310.3750,-3805169.7500,2404273.7500,-7220656.0000,-2300526.7500,1197900.8750,1774769.3750,2040075.6250,-4144910.7500,-1325433.1250,-673066.7500,-4925411.0000,-4088553.0000,6831007.5000,249922.7031,-4835026.0000,718329.1875,5432168.0000,1557313.8750,-4404368.5000,5051488.0000,788510.4375,8473886.0000,-5110966.0000,-29207.1777,-7133993.0000,4804259.0000,-2453649.5000,-5939848.5000,-8807177.0000,6081344.5000,-114807.0078,4990877.0000
1.0485,5343910.0000,5190255.5000,4516090.5000,-4826519.5000,-4559618.0000,-2638672.7500,2209680.2500,-1843817.2500,-2865166.7500,445047.7812,-238687.5000,1336136.6250,6324320.5000,3567580.7500,-3160778.5000,-2264904.5000,-5317788.0000,1559972.2500,3360758.7500,-1264290.3750,2943924.7500,-8892777.0000,-2042664.0000,2947114.7500,9060857.0000,-2749793.0000,5179622.0000,3843520.5000,7854484.0000,-1338725.0000,6593348.5000,3271437.0000,10136.8428,-5323636.5000,-5790448.0000,4270456.0000,-4886067.0000,-1824145.1250,-3786029.5000,2433515.7500,-7205769.0000,-2281918.2500,1212787.8750,1793378.0000,2057620.8750,-4131087.2500,-1314799.6250,-649673.0000,-4914777.5000,-4077919.5000,6832071.0000,262151.2500,-4817481.0000,732684.4375,5443333.5000,1571669.1250,-4386291.5000,5069565.0000,797017.2500,8483456.0000,-5098737.5000,-15383.6025,-7124954.5000,4815956.0000,-2438762.5000,-5921771.5000,-8777935.0000,6116967.0000,-99920.0781,5011081.0000
1.0505,5326896.5000,5175900.5000,4508647.0000,-4844064.5000,-4582480.0000,-2650369.5000,2196920.0000,-1852855.6250,-2865698.2500,437604.3125,-250916.0469,1320186.3750,6319535.5000,3564922.2500,-3157588.5000,-2268094.5000,-5324699.5000,1547212.0000,3360227.0000,-1254188.6250,2950304.7500,-8898625.0000,-2046917.3750,2940203.0000,9048096.0000,-2756704.7500,5166862.0000,3836608.7500,7850762.0000,-1342446.7500,6588031.5000,3268247.0000,-5813.4355,-5326294.5000,-5801613.0000,4266734.5000,-4888725.5000,-1835842.0000,-3797194.7500,2432984.2500,-7219592.5000,-2293615.0000,1199496.0000,1784871.1250,2047519.1250,-4139062.2500,-1318521.3750,-668813.3750,-4928601.0000,-4094401.5000,6811867.5000,249922.7031,-4830241.0000,713012.4375,5424724.5000,1555187.1250,-4402773.5000,5057336.5000,778408.5625,8466975.0000,-5113624.5000,-25485.4453,-7144094.5000,4800005.5000,-2454181.2500,-5940380.5000,-8804519.0000,6108460.0000,-120655.4375,5000979.0000
1.0525,5330086.5000,5187597.0000,4516090.5000,-4850444.5000,-4592582.0000,-2645052.7500,2190540.0000,-1848070.6250,-2850811.5000,445047.7812,-244535.9375,1319123.0000,6329105.5000,3586721.0000,-3141106.5000,-2257461.0000,-5316193.0000,1555187.1250,3374050.5000,-1239833.3750,2978483.7500,-8892245.0000,-2033093.8750,2954026.5000,9051818.0000,-2756704.7500,5172710.5000,3847242.2500,7865117.5000,-1331813.2500,6594412.0000,3267183.7500,-5281.7593,-5320978.0000,-5788321.0000,4277899.5000,-4874902.0000,-1828930.2500,-3792409.5000,2428199.0000,-7214276.0000,-2286703.2500,1199496.0000,1794973.0000,2054962.5000,-4132682.2500,-1310014.5000,-676256.8125,-4923816.0000,-4092806.5000,6802829.0000,251517.7188,-4832899.5000,711417.4375,5421534.5000,1553060.5000,-4401710.0000,5056805.0000,772560.1250,8461658.0000,-5120004.5000,-32928.9102,-7141436.5000,4796815.5000,-2454181.2500,-5944102.0000,-8826849.0000,6108991.5000,-130757.2812,5002042.5000
1.0545,5358265.0000,5211522.5000,4543206.0000,-4838748.0000,-4582480.0000,-2620064.0000,2204895.2500,-1823613.5000,-2815189.2500,476416.6562,-215825.4375,1348896.8750,6370576.0000,3623938.2500,-3106016.0000,-2227687.2500,-5288545.5000,1584429.3750,3400102.7500,-1197299.2500,3039094.7500,-8856623.0000,-1993749.8750,2986990.5000,9074680.0000,-2732779.5000,5195572.5000,3875421.0000,7895423.0000,-1295127.6250,6626312.5000,3289514.0000,12263.5469,-5303432.5000,-5761737.5000,4311395.5000,-4844596.5000,-1802346.5000,-3765294.0000,2464353.0000,-7193540.5000,-2258524.5000,1211192.8750,1825810.2500,2083673.0000,-4103971.7500,-1288747.5000,-657648.1250,-4901485.5000,-4074197.7500,6818779.0000,270658.0625,-4814822.5000,732684.4375,5444396.5000,1573795.7500,-4379911.5000,5079135.5000,786915.3750,8482393.0000,-5095547.5000,-9003.4912,-7115916.0000,4817551.0000,-2436104.2500,-5926557.0000,-8820469.0000,6129727.0000,-125972.2031,5024904.5000
1.0565,5335935.0000,5192914.0000,4525660.5000,-4873838.5000,-4621292.5000,-2646648.0000,2163956.0000,-1852324.0000,-2829012.7500,457808.0000,-233370.7344,1328693.2500,6364196.0000,3612773.0000,-3127283.0000,-2247891.0000,-5318319.5000,1572200.7500,3375645.5000,-1206337.7500,3045474.7500,-8865661.0000,-2005978.3750,2972635.2500,9042780.0000,-2753514.7500,5168988.5000,3855217.2500,7878409.0000,-1309482.8750,6608235.5000,3262930.2500,-10598.5186,-5323104.5000,-5785662.5000,4294381.5000,-4858951.5000,-1825740.2500,-3782307.7500,2465948.0000,-7214276.0000,-2281918.2500,1189925.7500,1806669.8750,2067722.7500,-4121517.0000,-1312672.8750,-676788.5000,-4924347.5000,-4099186.5000,6793790.5000,246732.6406,-4843001.0000,709822.3750,5423129.5000,1548807.0000,-4407558.5000,5059463.5000,762458.3125,8457404.0000,-5117346.0000,-28143.8262,-7139309.5000,4791498.5000,-2465346.5000,-5955799.0000,-8865661.0000,6094636.5000,-170101.2969,4996194.0000
1.0585,5358797.0000,5218966.0000,4553839.5000,-4851508.0000,-4610127.0000,-2620595.7500,2175653.0000,-1830525.2500,-2793390.5000,493961.9688,-207318.6250,1361657.1250,6409920.5000,3652117.0000,-3102825.7500,-2223433.7500,-5296521.0000,1614203.1250,3405419.5000,-1164867.0000,3091199.0000,-8820469.0000,-1975672.8750,2996560.7500,9058198.0000,-2720550.7500,5195040.5000,3883396.2500,7910310.0000,-1282899.1250,6641199.5000,3280475.5000,9605.1670,-5294394.0000,-5764395.5000,4326814.0000,-4831304.5000,-1798624.7500,-3754129.0000,2490405.2500,-7189287.0000,-2257461.0000,1217572.8750,1832190.3750,2091116.5000,-4094933.2500,-1287684.1250,-654989.7500,-4900954.0000,-4076324.5000,6814525.5000,272253.0938,-4823861.0000,728962.7500,5444928.5000,1568479.0000,-4381506.5000,5079135.5000,780535.3125,8473886.0000,-5093952.5000,-5281.7593,-7119637.5000,4809044.0000,-2450459.5000,-5938253.5000,-8847053.0000,6110055.0000,-163721.1875,5017992.5000
1.0605,5338593.0000,5207269.5000,4544801.0000,-4870116.5000,-4643622.5000,-2634951.0000,2148005.7500,-1857109.1250,-2804555.7500,483328.4375,-216888.7812,1351555.2500,6406198.5000,3645737.0000,-3123561.2500,-2238852.5000,-5316724.5000,1607823.1250,3390532.5000,-1162208.6250,3076312.0000,-8815684.0000,-1985243.0000,2981142.0000,9017259.0000,-2733311.0000,5174305.5000,3867977.5000,7890106.0000,-1289810.8750,6631097.5000,3260272.0000,-18041.9824,-5316724.5000,-5787257.5000,4310863.5000,-4848849.5000,-1817233.3750,-3762635.7500,2463821.2500,-7208959.0000,-2280854.7500,1197369.2500,1812518.3750,2075166.2500,-4113541.7500,-1305229.5000,-674661.7500,-4924879.5000,-4101313.2500,6791132.0000,249922.7031,-4847786.5000,709290.6875,5421534.5000,1544022.0000,-4408622.0000,5058400.0000,756078.1875,8446771.0000,-5117877.5000,-27080.4727,-7141436.5000,4784055.0000,-2474384.7500,-5962711.0000,-8860876.0000,6090383.0000,-186583.2656,4992472.0000
1.0625,5368367.0000,5236511.5000,4572448.0000,-4852571.5000,-4638306.0000,-2604645.5000,2170336.2500,-1839563.7500,-2770528.5000,516824.0312,-186583.2656,1380797.5000,6439162.5000,3681359.2500,-3106016.0000,-2215458.7500,-5304496.0000,1646635.3750,3420838.0000,-1117016.1250,3094389.0000,-8764111.0000,-1956000.8750,3007194.2500,9019386.0000,-2713639.0000,5192382.5000,3896688.0000,7908183.0000,-1260568.6250,6660339.5000,3284729.0000,566.6760,-5303964.5000,-5764395.5000,4336915.5000,-4822266.0000,-1784269.5000,-3727545.0000,2493595.2500,-7187160.5000,-2257992.7500,1230864.8750,1831127.0000,2100155.0000,-4086426.2500,-1278114.0000,-654989.7500,-4908397.5000,-4083236.2500,6809209.0000,269063.0312,-4831304.5000,727367.6875,5443333.5000,1561035.6250,-4388418.5000,5077540.5000,770433.4375,8461658.0000,-5100864.0000,-4750.0835,-7119637.5000,4802132.0000,-2461624.7500,-5947292.0000,-8837483.0000,6099953.0000,-163189.5156,5009486.0000
1.0645,5358265.0000,5226941.5000,4563941.5000,-4878623.5000,-4671801.5000,-2615810.7500,2138967.2500,-1862425.8750,-2773718.5000,515229.0000,-196153.4219,1364847.1250,6425870.5000,3680827.5000,-3127283.0000,-2229814.0000,-5332675.0000,1644508.7500,3411268.0000,-1116484.5000,3065146.7500,-8752414.0000,-1966634.3750,2997092.2500,8983764.0000,-2723209.2500,5179622.0000,3894029.7500,7898081.0000,-1272265.5000,6645984.5000,3278349.0000,-17510.3066,-5327889.5000,-5778219.0000,4326814.0000,-4836089.5000,-1797561.3750,-3739773.7500,2496785.2500,-7196730.5000,-2275538.0000,1226079.7500,1818366.7500,2081014.6250,-4102908.2500,-1293000.8750,-672003.3750,-4933386.0000,-4101845.0000,6792727.0000,249922.7031,-4852571.5000,704505.6250,5421003.0000,1536046.8750,-4408622.0000,5054146.5000,744381.3125,8432416.0000,-5122131.0000,-27612.1484,-7140904.5000,4780333.5000,-2488208.5000,-5972281.0000,-8860876.0000,6072306.0000,-181798.1719,4990877.0000
1.0665,5377405.5000,5248740.0000,4581486.5000,-4873307.0000,-4672333.0000,-2600923.7500,2138435.7500,-1849134.0000,-2747666.2500,538091.0625,-176481.4219,1377075.7500,6445011.0000,3711664.7500,-3115054.5000,-2216522.0000,-5332675.0000,1670560.8750,3429345.0000,-1086179.0000,3054513.2500,-8718387.0000,-1948025.6250,3016232.7500,8977915.0000,-2707790.5000,5197167.5000,3914765.0000,7917221.5000,-1252061.8750,6663529.5000,3292704.2500,-4750.0835,-5318319.5000,-5760142.0000,4346486.0000,-4817481.0000,-1781611.1250,-3727545.0000,2510077.2500,-7184502.0000,-2261714.5000,1247878.5000,1833785.3750,2099091.7500,-4084299.7500,-1275455.6250,-652331.3750,-4920094.0000,-4091743.0000,6808145.5000,263746.2812,-4842469.5000,719392.5625,5432168.0000,1547212.0000,-4401178.5000,5063716.5000,749698.0625,8439859.0000,-5115219.5000,-16446.9551,-7141436.5000,4785650.0000,-2471194.7500,-5959520.5000,-8838546.0000,6081876.0000,-161062.8125,5008954.0000
1.0685,5400799.5000,5273728.5000,4603817.0000,-4865863.5000,-4668080.0000,-2589227.0000,2145879.2500,-1839032.1250,-2721614.2500,564143.1875,-155214.3750,1397279.3750,6469468.0000,3751540.5000,-3107079.2500,-2208015.2500,-5325231.5000,1692359.5000,3452207.0000,-1053746.7500,3050260.0000,-8688613.0000,-1932075.3750,3030056.2500,8974193.0000,-2696625.5000,5215244.5000,3938690.5000,7934235.0000,-1233453.2500,6680011.5000,3304401.0000,7478.4634,-5302901.0000,-5737280.0000,4369348.0000,-4795150.5000,-1766724.1250,-3707341.5000,2524432.5000,-7170147.0000,-2244169.2500,1270208.8750,1851862.3750,2121422.0000,-4062501.0000,-1251530.1250,-632127.6875,-4903080.5000,-4075261.2500,6832602.5000,278101.5312,-4825987.5000,730557.7500,5440675.0000,1556782.1250,-4387886.5000,5077540.5000,761926.6250,8449961.0000,-5103522.5000,-3155.0557,-7138778.0000,4796815.5000,-2461624.7500,-5953140.5000,-8825254.0000,6080813.0000,-159999.4688,5031284.5000
1.0705,5423129.5000,5293932.5000,4614982.0000,-4863205.0000,-4668080.0000,-2602518.7500,2149069.2500,-1836905.3750,-2708854.0000,577435.0625,-144049.1875,1402596.1250,6485950.0000,3768022.5000,-3107079.2500,-2207483.5000,-5327358.0000,1706183.1250,3469220.5000,-1029821.3125,3034841.2500,-8674258.0000,-1923036.8750,3036436.2500,8962496.0000,-2686523.5000,5225346.0000,3950387.2500,7941147.0000,-1226541.3750,6689050.0000,3311844.5000,9605.1670,-5299711.0000,-5722925.0000,4382108.0000,-4781327.0000,-1760344.1250,-3694049.5000,2521774.0000,-7162703.5000,-2235662.2500,1280310.7500,1864090.8750,2129397.2500,-4054525.7500,-1241960.0000,-631064.3750,-4898827.0000,-4068881.0000,6844299.5000,286076.6562,-4823861.0000,728962.7500,5440675.0000,1561567.2500,-4385760.0000,5075413.5000,763521.6875,8451024.0000,-5101395.5000,566.6760,-7136651.5000,4797879.0000,-2460561.2500,-5949950.5000,-8819937.0000,6077623.0000,-148302.5938,5053083.0000
1.0725,5417813.0000,5277982.0000,4587335.0000,-4885535.5000,-4704234.0000,-2650901.2500,2118232.0000,-1866679.2500,-2734374.5000,547661.2500,-168506.2812,1373885.6250,6457771.0000,3739312.0000,-3137916.5000,-2238320.7500,-5357663.5000,1685979.5000,3444763.5000,-1042049.8750,2983268.7500,-8694993.0000,-1944304.0000,3008789.2500,8919962.0000,-2699815.5000,5201421.0000,3930183.5000,7913500.0000,-1248871.7500,6662466.5000,3282602.2500,-20168.6855,-5341181.5000,-5748445.5000,4354992.5000,-4806847.5000,-1786396.2500,-3722760.0000,2489341.7500,-7186629.0000,-2259056.0000,1256917.0000,1835380.3750,2106003.5000,-4074729.5000,-1270670.5000,-661901.5625,-4926474.5000,-4095996.5000,6822501.0000,257897.8281,-4850444.5000,701315.5625,5412496.0000,1534983.5000,-4411812.0000,5052020.0000,734811.1875,8423377.0000,-5131169.5000,-26017.1211,-7162703.5000,4772358.5000,-2486081.7500,-5978661.0000,-8856091.0000,6041469.0000,-164784.5469,5032879.5000
1.0745,5467790.5000,5318921.0000,4621894.0000,-4850444.5000,-4678713.5000,-2641862.7500,2146942.5000,-1834778.7500,-2698752.0000,580093.4375,-134479.0156,1407381.2500,6480101.5000,3757389.0000,-3112927.7500,-2213863.7500,-5319914.5000,1724260.1250,3481449.0000,-997389.0625,2991244.0000,-8654054.0000,-1908150.0000,3036436.2500,8934849.0000,-2662066.5000,5238638.0000,3962084.2500,7942210.5000,-1214844.5000,6699152.0000,3310781.2500,9605.1670,-5311939.5000,-5711759.5000,4390615.0000,-4769098.5000,-1749710.5000,-3688201.0000,2533471.0000,-7149943.0000,-2223965.5000,1287222.5000,1873661.0000,2144815.7500,-4035385.5000,-1239301.6250,-636912.8125,-4895105.5000,-4060906.0000,6862908.0000,291393.4062,-4818544.0000,730026.0625,5441738.5000,1564225.6250,-4380443.0000,5082857.0000,767775.0625,8451024.0000,-5098737.5000,7478.4634,-7133993.0000,4801069.0000,-2458434.5000,-5954735.5000,-8835888.0000,6056887.5000,-127035.5547,5067438.5000
1.0765,5468322.0000,5308819.5000,4607007.0000,-4866395.0000,-4702639.0000,-2681206.7500,2131524.0000,-1851260.6250,-2710449.0000,568396.5625,-149365.9375,1404722.8750,6459898.0000,3712196.5000,-3135789.7500,-2228219.0000,-5331611.5000,1715753.2500,3470284.0000,-1002705.8125,2949241.5000,-8667346.0000,-1916125.1250,3017296.0000,8908266.0000,-2673231.7500,5233853.0000,3955172.5000,7922006.5000,-1218566.2500,6696493.5000,3305464.5000,-12725.2227,-5331611.5000,-5718140.0000,4384766.5000,-4778668.5000,-1761939.1250,-3699898.0000,2498912.0000,-7163767.0000,-2236725.7500,1273930.6250,1862495.8750,2139499.0000,-4041234.0000,-1252593.5000,-650736.3750,-4914246.0000,-4081109.5000,6850148.0000,273848.1250,-4837684.5000,714607.5000,5421003.0000,1548275.3750,-4393203.5000,5069565.0000,752888.1250,8433479.0000,-5113092.5000,-6876.7871,-7146221.5000,4787245.5000,-2472789.7500,-5969622.5000,-8834293.0000,6053165.5000,-121187.1172,5063716.5000
1.0785,5443865.0000,5277982.0000,4578296.5000,-4899359.0000,-4744109.5000,-2740222.7500,2098560.0000,-1882097.8750,-2747134.7500,532774.3125,-187114.9375,1376012.3750,6419490.5000,3649458.7500,-3171943.7500,-2261182.7500,-5373614.0000,1689169.5000,3436788.2500,-1033011.3750,2885440.5000,-8704564.0000,-1944304.0000,2983268.7500,8861478.0000,-2704600.5000,5213117.5000,3928588.5000,7875219.0000,-1248340.1250,6665656.5000,3265588.7500,-53132.5938,-5369360.5000,-5748445.5000,4355524.5000,-4808442.5000,-1795966.3750,-3736583.5000,2453719.5000,-7197262.5000,-2271816.2500,1239903.3750,1830595.2500,2111320.2500,-4072071.0000,-1290874.2500,-687422.0000,-4947741.5000,-4114605.2500,6820906.0000,240352.5312,-4870648.5000,677390.1875,5387507.5000,1516906.5000,-4429889.0000,5036601.5000,717797.5625,8395198.0000,-5148183.0000,-38245.6680,-7182375.5000,4754813.0000,-2504690.5000,-6002586.5000,-8860876.0000,6027645.0000,-139264.0938,5033943.0000
1.0805,5474170.5000,5310946.0000,4607539.0000,-4870648.5000,-4719120.5000,-2741286.2500,2123548.7500,-1857640.7500,-2731716.0000,560421.4375,-159467.7812,1408444.6250,6437567.5000,3654243.7500,-3146423.2500,-2234599.0000,-5350752.0000,1716816.6250,3462308.7500,-1012276.0000,2882250.2500,-8685423.0000,-1912935.1250,3010384.2500,8879023.0000,-2682270.2500,5251398.5000,3961552.5000,7886384.5000,-1219629.6250,6701278.5000,3279944.0000,-35055.6133,-5348093.5000,-5716013.0000,4389551.5000,-4778668.5000,-1765660.8750,-3712126.5000,2505823.7500,-7157386.5000,-2241510.7500,1267550.5000,1859837.5000,2142157.5000,-4039638.7500,-1267480.5000,-656584.8125,-4919031.0000,-4081109.5000,6853338.0000,267999.6875,-4846723.0000,705037.3125,5412496.0000,1541895.2500,-4400647.0000,5061058.5000,743318.0000,8419655.0000,-5120536.0000,-10598.5186,-7155260.0000,4783523.5000,-2479170.0000,-5978661.0000,-8826849.0000,6061672.5000,-103110.1328,5059995.0000
1.0825,5464600.5000,5310946.0000,4601690.5000,-4874370.0000,-4732412.5000,-2772123.5000,2115573.5000,-1860830.8750,-2747666.2500,554041.3125,-165316.2188,1398874.3750,6425870.5000,3626596.7500,-3154398.5000,-2240447.5000,-5359258.5000,1719475.0000,3460713.7500,-1035138.0625,2857793.2500,-8702437.0000,-1922505.2500,2999750.7500,8862010.0000,-2696625.5000,5250335.0000,3964742.5000,7861395.5000,-1222288.0000,6695430.0000,3271968.7500,-51005.8906,-5357132.0000,-5719203.0000,4389020.0000,-4791960.5000,-1777357.7500,-3729140.0000,2524964.0000,-7158981.5000,-2255334.5000,1259575.3750,1850799.0000,2136309.0000,-4047614.0000,-1274923.8750,-659243.1875,-4928601.0000,-4089084.7500,6848553.0000,264277.9375,-4853634.5000,695998.8125,5406647.5000,1533388.5000,-4408090.5000,5054146.5000,738532.8750,8410085.0000,-5128511.0000,-18573.6582,-7166957.0000,4774485.0000,-2483423.2500,-5980256.0000,-8826317.0000,6077623.0000,-100451.7578,5050425.0000
1.0845,5457688.5000,5310946.0000,4599563.5000,-4867458.5000,-4735071.0000,-2792858.7500,2117168.7500,-1862425.8750,-2762553.2500,552978.0000,-167974.5938,1397811.1250,6420554.0000,3598949.5000,-3165563.5000,-2244169.2500,-5361385.5000,1729045.2500,3460713.7500,-1045239.9375,2844501.2500,-8718387.0000,-1931543.7500,2995497.2500,8853503.0000,-2704600.5000,5254588.5000,3976439.5000,7837470.0000,-1221224.6250,6697557.0000,3280475.5000,-61107.7344,-5356068.5000,-5711759.5000,4393805.0000,-4789833.5000,-1777357.7500,-3732861.7500,2520710.7500,-7152601.5000,-2254802.7500,1252131.8750,1853457.3750,2136309.0000,-4046550.7500,-1266417.1250,-650736.3750,-4922221.0000,-4081641.2500,6859186.5000,267999.6875,-4857356.5000,694403.8125,5404521.0000,1532325.1250,-4408622.0000,5055741.5000,732152.8125,8405832.0000,-5128511.0000,-18573.6582,-7169083.5000,4775016.5000,-2486613.5000,-5983446.0000,-8841736.0000,6080813.0000,-103641.8125,5044576.5000
1.0865,5464600.5000,5323174.5000,4617109.0000,-4851508.0000,-4715930.5000,-2791795.5000,2137372.2500,-1844348.8750,-2751919.7500,560953.1250,-150960.9688,1408444.6250,6430655.5000,3586189.2500,-3154930.0000,-2231409.0000,-5354473.5000,1750843.8750,3483575.7500,-1050556.6250,2846096.2500,-8725299.0000,-1924100.2500,3004535.7500,8863073.0000,-2695562.0000,5275324.0000,4004618.2500,7836938.5000,-1202616.0000,6718292.5000,3312376.2500,-57386.0039,-5329484.5000,-5694214.5000,4417730.5000,-4775478.5000,-1758217.3750,-3717443.2500,2533471.0000,-7121232.5000,-2235662.2500,1261702.0000,1873129.3750,2150664.2500,-4034853.7500,-1246213.3750,-630001.0000,-4906802.5000,-4062501.0000,6879390.0000,282354.9375,-4840874.5000,713012.4375,5422066.5000,1545617.0000,-4390013.5000,5070097.0000,744913.0000,8418060.0000,-5109371.0000,1098.3519,-7153665.0000,4796283.5000,-2470663.2500,-5965901.0000,-8827912.0000,6103143.0000,-86096.5078,5057868.5000
1.0885,5437485.0000,5302971.0000,4596905.5000,-4864268.5000,-4736666.0000,-2822632.5000,2118232.0000,-1867210.8750,-2781162.0000,526394.1875,-172228.0156,1377607.3750,6404072.0000,3538338.5000,-3180982.2500,-2254802.7500,-5390096.0000,1720538.3750,3466030.5000,-1088305.6250,2808879.0000,-8772087.0000,-1957064.1250,2980078.7500,8833299.0000,-2735437.7500,5254056.5000,3998238.2500,7798658.0000,-1216439.6250,6695430.0000,3287919.0000,-87691.5312,-5348093.5000,-5714950.0000,4401248.5000,-4797809.0000,-1782142.7500,-3735520.2500,2499975.2500,-7132398.0000,-2256397.7500,1237244.8750,1859305.7500,2132587.2500,-4052399.0000,-1256315.2500,-644356.2500,-4930728.0000,-4086426.2500,6856528.0000,259492.8594,-4857356.5000,690150.3750,5400799.5000,1530198.3750,-4412875.5000,5046703.0000,718860.8750,8395730.0000,-5130106.0000,-18573.6582,-7172805.0000,4775548.5000,-2489271.7500,-5982383.0000,-8864598.0000,6085066.0000,-112680.3047,5036601.5000
1.0905,5440143.5000,5306161.0000,4595842.0000,-4849381.5000,-4732944.5000,-2824227.7500,2125675.5000,-1865084.2500,-2785415.2500,520014.0938,-177544.7656,1372822.2500,6397691.5000,3524514.7500,-3187362.2500,-2260651.2500,-5400729.5000,1711499.8750,3470284.0000,-1104256.0000,2797713.7500,-8788568.0000,-1966102.6250,2976888.7500,8824792.0000,-2752983.0000,5258842.0000,4021100.2500,7791746.0000,-1200489.2500,6706064.0000,3282602.2500,-96730.0234,-5353410.0000,-5713886.5000,4415072.0000,-4788238.5000,-1772041.0000,-3724355.0000,2499975.2500,-7124954.5000,-2258524.5000,1243625.0000,1863559.2500,2140562.5000,-4048145.7500,-1239833.3750,-643824.5625,-4924879.5000,-4076856.2500,6867161.5000,264277.9375,-4849913.0000,698125.5000,5405584.5000,1531261.7500,-4410217.0000,5052551.5000,717797.5625,8396262.0000,-5128511.0000,-16978.6309,-7168552.0000,4777143.5000,-2494057.0000,-5987168.0000,-8885333.0000,6074964.5000,-125972.2031,5039259.5000
1.0925,5445992.0000,5313073.0000,4600627.0000,-4837153.0000,-4723374.0000,-2817315.7500,2127802.2500,-1860299.1250,-2783288.5000,523204.1250,-175949.7344,1379734.1250,6392375.0000,3518666.5000,-3191615.7500,-2256397.7500,-5407641.0000,1718411.6250,3482512.5000,-1112762.7500,2792928.7500,-8802392.0000,-1971419.3750,2976888.7500,8824261.0000,-2761490.0000,5265753.5000,4045025.7500,7781644.0000,-1178690.6250,6716165.5000,3288450.7500,-100451.7578,-5358727.0000,-5716013.0000,4423047.0000,-4782390.0000,-1767787.5000,-3713189.7500,2501570.2500,-7114321.0000,-2254271.0000,1251600.1250,1872066.0000,2145347.5000,-4039107.2500,-1236643.2500,-642761.2500,-4924879.5000,-4074197.7500,6869288.5000,267999.6875,-4842469.5000,702910.6250,5410369.5000,1536578.5000,-4402773.5000,5056805.0000,719392.5625,8400515.0000,-5116282.5000,-6345.1113,-7161640.0000,4785650.0000,-2490335.2500,-5979724.5000,-8889055.0000,6085598.0000,-125440.5234,5059463.5000
1.0945,5427915.0000,5285957.5000,4581486.5000,-4853103.0000,-4735602.5000,-2833797.7500,2119295.2500,-1871996.0000,-2802960.5000,503532.1250,-189241.6406,1370695.6250,6367918.0000,3488892.5000,-3210224.5000,-2267563.0000,-5429440.0000,1702993.1250,3466030.5000,-1145195.0000,2768471.7500,-8839609.0000,-1999598.2500,2959875.0000,8813096.0000,-2798175.5000,5256183.5000,4045557.2500,7756124.0000,-1175500.5000,6702873.5000,3268778.7500,-124377.1719,-5383715.5000,-5735153.5000,4411882.0000,-4797809.0000,-1781611.1250,-3726481.7500,2481366.7500,-7123359.5000,-2271816.2500,1236181.6250,1860369.1250,2134182.2500,-4056120.7500,-1253125.2500,-668281.6875,-4942424.5000,-4091743.0000,6853869.5000,248859.3438,-4858420.0000,681643.5625,5393887.5000,1520096.5000,-4419787.0000,5044044.5000,699720.5625,8388286.5000,-5129043.0000,-18573.6582,-7177590.5000,4767041.5000,-2505753.7500,-5991953.0000,-8908196.0000,6066989.5000,-151492.6406,5050425.0000
1.0965,5424193.0000,5277450.5000,4583081.5000,-4849381.5000,-4724437.5000,-2827417.7500,2129928.7500,-1862957.5000,-2798707.2500,517355.6875,-184456.5625,1376012.3750,6365259.5000,3474005.7500,-3211287.7500,-2255334.5000,-5442731.5000,1706714.7500,3469220.5000,-1159550.2500,2767408.2500,-8847053.0000,-2005446.6250,2965723.5000,8812564.0000,-2812530.7500,5262032.0000,4059381.0000,7748680.5000,-1157955.2500,6708722.0000,3269310.5000,-122782.1406,-5385842.5000,-5724520.0000,4423047.0000,-4787707.0000,-1775231.0000,-3722228.2500,2480303.2500,-7103687.5000,-2269158.0000,1245751.7500,1870471.0000,2142157.5000,-4044424.0000,-1254188.6250,-668813.3750,-4931259.5000,-4081641.2500,6859718.0000,257897.8281,-4857356.5000,687492.0000,5399736.0000,1524881.6250,-4413407.0000,5048298.0000,706632.3125,8392540.0000,-5119472.5000,-13788.5742,-7169615.0000,4772358.5000,-2508943.7500,-5987168.0000,-8909791.0000,6080281.0000,-151492.6406,5061058.5000
1.0985,5423661.5000,5267348.5000,4591588.5000,-4841938.0000,-4711145.5000,-2810404.0000,2147474.2500,-1852324.0000,-2793390.5000,529052.5625,-179671.4688,1377075.7500,6360474.5000,3460182.0000,-3204907.7500,-2243637.5000,-5455492.0000,1713626.6250,3477727.5000,-1171247.1250,2763686.5000,-8860345.0000,-2007573.3750,2976357.0000,8812032.0000,-2826886.0000,5274260.5000,4066292.7500,7739642.0000,-1146258.3750,6712975.5000,3285260.7500,-120123.7656,-5391159.0000,-5720266.5000,4428364.0000,-4783453.5000,-1769382.5000,-3731798.5000,2471796.5000,-7088800.5000,-2268094.5000,1255853.6250,1876851.1250,2148005.7500,-4041765.5000,-1261632.0000,-673598.4375,-4925411.0000,-4074729.5000,6863971.5000,262151.2500,-4855230.0000,691745.4375,5402926.0000,1529666.7500,-4409153.5000,5055210.0000,710354.0625,8404237.0000,-5107776.0000,-496.6760,-7166425.0000,4776080.0000,-2503095.2500,-5978129.5000,-8891182.0000,6091446.5000,-137669.0781,5070628.5000
1.1006,5398141.0000,5232258.0000,4568195.0000,-4855761.5000,-4725501.0000,-2824227.7500,2140562.5000,-1868274.2500,-2818911.0000,503000.4375,-198811.8125,1351555.2500,6334422.5000,3422964.7500,-3223516.2500,-2257992.7500,-5493241.0000,1707246.5000,3452738.5000,-1205274.3750,2740292.7500,-8902347.0000,-2037878.8750,2957748.2500,8771625.0000,-2855064.7500,5262563.5000,4035987.2500,7708273.0000,-1156360.2500,6691177.0000,3278349.0000,-139264.0938,-5420933.0000,-5737812.0000,4416667.0000,-4795682.0000,-1783206.1250,-3755192.2500,2457441.2500,-7101029.0000,-2289893.2500,1242030.0000,1865154.2500,2136309.0000,-4052399.0000,-1282367.3750,-693270.4375,-4942424.5000,-4090679.7500,6845894.5000,246200.9688,-4877028.5000,674200.1250,5384317.5000,1509463.0000,-4428825.5000,5038196.5000,687492.0000,8395730.0000,-5118409.5000,-17510.3066,-7191414.0000,4754813.0000,-2524894.0000,-5992484.5000,-8920956.0000,6067521.0000,-154682.7031,5047235.0000
1.1026,5411964.5000,5235980.0000,4585208.5000,-4829709.5000,-4697322.0000,-2799239.0000,2163424.5000,-1849665.6250,-2805087.2500,516292.3438,-182329.8438,1359530.3750,6341334.0000,3421901.5000,-3205439.2500,-2240979.2500,-5487924.0000,1729045.2500,3469220.5000,-1197299.2500,2753053.0000,-8908196.0000,-2026182.0000,2967318.5000,8780663.0000,-2843899.7500,5281704.0000,4041835.5000,7722096.5000,-1138283.2500,6709254.0000,3298552.5000,-126503.8750,-5410299.5000,-5717608.0000,4437402.5000,-4769098.5000,-1757685.7500,-3734456.7500,2474986.5000,-7076040.0000,-2272879.7500,1262233.7500,1885889.6250,2159702.7500,-4030068.7500,-1258973.6250,-662433.2500,-4922221.0000,-4071539.5000,6861845.0000,264277.9375,-4861610.0000,694403.8125,5402394.5000,1530198.3750,-4408090.5000,5056273.5000,707695.6875,8423377.0000,-5089167.0000,6415.1113,-7173868.5000,4773421.5000,-2512665.5000,-5971217.5000,-8900220.0000,6072837.5000,-138732.4219,5056273.5000
1.1046,5399736.0000,5230131.5000,4573511.5000,-4833962.5000,-4696258.5000,-2808277.2500,2151727.5000,-1858172.5000,-2808809.0000,503532.1250,-196685.0938,1344643.5000,6315282.0000,3395849.2500,-3226706.2500,-2256929.5000,-5502811.0000,1718411.6250,3450612.0000,-1214844.5000,2733381.0000,-8944350.0000,-2046385.7500,2951368.2500,8765776.0000,-2848153.0000,5269475.5000,4014188.5000,7706678.0000,-1154233.5000,6699152.0000,3288982.5000,-143517.5000,-5428376.5000,-5720798.0000,4432085.5000,-4772820.0000,-1764065.7500,-3745622.0000,2468074.7500,-7084547.0000,-2290425.0000,1250005.1250,1881636.2500,2157044.2500,-4035917.2500,-1262163.7500,-664028.2500,-4929664.5000,-4076856.2500,6851211.5000,253112.7500,-4875433.5000,679516.8750,5391761.0000,1519033.2500,-4422445.5000,5044576.5000,692277.0625,8418060.0000,-5096079.0000,-2623.3796,-7193009.0000,4761193.0000,-2524362.5000,-5979724.5000,-8898094.0000,6061672.5000,-145112.5312,5044044.5000
1.1066,5377405.5000,5214181.0000,4551713.0000,-4853103.0000,-4703170.5000,-2818911.0000,2136840.7500,-1875186.1250,-2821037.5000,495025.3125,-213698.7344,1322844.7500,6281254.5000,3359695.2500,-3250631.7500,-2280323.2500,-5533116.5000,1697676.2500,3428813.2500,-1241960.0000,2708924.0000,-8983694.0000,-2068716.1250,2939671.2500,8740788.0000,-2870483.5000,5252461.5000,3989199.7500,7679562.5000,-1174968.8750,6684796.5000,3286855.7500,-162126.1719,-5443263.5000,-5729305.0000,4421452.0000,-4779732.0000,-1765129.1250,-3754660.5000,2472328.2500,-7096775.5000,-2299995.2500,1242561.7500,1869407.6250,2153322.5000,-4043360.5000,-1265885.3750,-667218.3125,-4939766.5000,-4089084.7500,6840046.0000,241947.5625,-4887662.0000,667288.3125,5381127.5000,1509463.0000,-4429889.0000,5038728.0000,681111.8750,8422314.0000,-5094484.0000,-1028.3519,-7202047.5000,4750559.5000,-2534464.2500,-5988763.0000,-8916702.0000,6032430.5000,-162126.1719,5021714.5000
1.1086,5385912.5000,5221624.5000,4563941.5000,-4838216.0000,-4679776.5000,-2798707.2500,2152791.0000,-1856577.3750,-2798175.5000,520545.7500,-199343.4844,1333478.2500,6281254.5000,3363948.7500,-3239466.5000,-2262246.2500,-5518761.5000,1710968.2500,3441573.5000,-1240365.0000,2718494.2500,-8984757.0000,-2054360.8750,2952963.2500,8754080.0000,-2857723.2500,5264158.5000,3989199.7500,7689132.5000,-1166993.7500,6703937.0000,3305996.0000,-149365.9375,-5426781.5000,-5710164.5000,4439529.0000,-4755806.5000,-1735887.0000,-3734988.5000,2494658.5000,-7083483.5000,-2282981.5000,1265955.3750,1888548.0000,2174058.0000,-4021030.2500,-1236643.2500,-653926.4375,-4924879.5000,-4069412.7500,6858123.0000,255239.4531,-4871711.5000,683770.2500,5402926.0000,1528071.6250,-4412875.5000,5055741.5000,700252.2500,8449429.0000,-5072685.0000,15453.6025,-7175995.5000,4770763.5000,-2517450.5000,-5970686.0000,-8886397.0000,6047849.0000,-140859.1250,5039259.5000
1.1106,5370494.0000,5195572.5000,4546927.5000,-4858420.0000,-4695727.0000,-2809872.5000,2146942.5000,-1873591.0000,-2805087.2500,518419.0625,-215825.4375,1305831.1250,6249354.0000,3337896.5000,-3259670.2500,-2277664.7500,-5537901.5000,1698739.6250,3426686.5000,-1271202.2500,2691378.7500,-9021443.0000,-2075096.2500,2939139.7500,8733344.0000,-2871015.2500,5238106.5000,3959957.5000,7664675.5000,-1190387.5000,6689582.0000,3299084.2500,-162126.1719,-5435288.0000,-5726115.0000,4433680.5000,-4761123.0000,-1741735.3750,-3738710.2500,2479240.0000,-7102624.0000,-2296805.0000,1253726.8750,1879509.5000,2161829.5000,-4028473.7500,-1247808.5000,-662433.2500,-4939234.5000,-4082704.5000,6843236.0000,241415.8750,-4886067.0000,671010.0625,5390166.0000,1517969.8750,-4425635.5000,5041386.5000,685365.3125,8443581.0000,-5082787.0000,-496.6760,-7183439.0000,4755876.5000,-2528084.2500,-5983978.0000,-8889055.0000,6044127.0000,-145644.2031,5029158.0000
1.1126,5355075.0000,5170583.5000,4527255.5000,-4879155.0000,-4707424.0000,-2822101.0000,2139499.0000,-1889541.3750,-2811467.5000,513102.2812,-235497.4531,1279247.3750,6221175.5000,3318224.5000,-3274025.5000,-2292551.7500,-5552788.5000,1677472.6250,3407014.5000,-1298317.6250,2670643.2500,-9050685.0000,-2094236.6250,2919467.7500,8717394.0000,-2876863.5000,5213117.5000,3930183.5000,7645003.5000,-1212186.1250,6681075.0000,3294830.7500,-175949.7344,-5438478.5000,-5738875.0000,4426769.0000,-4772820.0000,-1748647.2500,-3749875.5000,2481898.2500,-7123359.5000,-2310628.7500,1236713.2500,1868876.0000,2148537.5000,-4041765.5000,-1266417.1250,-674661.7500,-4953058.0000,-4097059.7500,6826222.5000,222807.2188,-4900422.0000,655059.7500,5380595.5000,1504146.2500,-4438927.5000,5028094.5000,673668.4375,8443581.0000,-5088635.5000,-9535.1670,-7192477.5000,4747369.5000,-2537654.2500,-5995143.0000,-8894904.0000,6032430.5000,-140859.1250,5012676.0000
1.1146,5379532.5000,5187065.5000,4550118.0000,-4855761.5000,-4679776.5000,-2790732.0000,2172994.5000,-1865084.2500,-2787010.2500,549256.2500,-215825.4375,1297856.0000,6232872.0000,3336833.2500,-3248505.0000,-2268094.5000,-5527268.0000,1695017.8750,3427749.7500,-1287684.1250,2678086.7500,-9038456.0000,-2066057.7500,2940203.0000,8743978.0000,-2851343.0000,5234916.5000,3942412.2500,7665739.0000,-1193045.8750,6712975.5000,3325668.0000,-142454.1562,-5412426.0000,-5710696.5000,4457606.0000,-4740388.0000,-1713556.6250,-3719038.2500,2516989.0000,-7098370.5000,-2280323.2500,1262765.3750,1898649.8750,2178311.2500,-4011460.0000,-1238770.0000,-643824.5625,-4925942.5000,-4072071.0000,6853338.0000,247796.0000,-4874370.0000,680580.1875,5402926.0000,1532325.1250,-4411280.5000,5054678.5000,705037.3125,8486647.0000,-5055140.0000,19707.0098,-7168020.0000,4778207.0000,-2502563.7500,-5963242.5000,-8847584.0000,6069116.0000,-81843.0938,5042449.5000
1.1166,5362518.5000,5154101.5000,4523002.5000,-4871711.5000,-4693600.5000,-2801897.2500,2163956.0000,-1877312.7500,-2804024.0000,540217.7500,-236029.1250,1267550.5000,6203098.5000,3323541.2500,-3262328.7500,-2281386.5000,-5540560.0000,1671092.5000,3403292.7500,-1319053.0000,2650439.5000,-9067167.0000,-2083603.0000,2931696.2500,8723774.0000,-2872610.2500,5211522.5000,3906258.2500,7637560.0000,-1212186.1250,6706064.0000,3302806.0000,-155746.0469,-5429440.0000,-5725051.5000,4440061.0000,-4754743.0000,-1716746.6250,-3726481.7500,2481898.2500,-7118574.5000,-2295741.7500,1247878.5000,1885889.6250,2167146.2500,-4022625.2500,-1253656.8750,-656053.1250,-4939766.5000,-4086426.2500,6835792.5000,230782.3594,-4892979.0000,664098.2500,5391761.0000,1521691.6250,-4429357.5000,5040323.0000,706100.6875,8493027.0000,-5062583.5000,9605.1670,-7178122.0000,4767573.0000,-2505753.7500,-5969091.0000,-8857686.0000,6056355.5000,-71741.2500,5037664.5000
1.1186,5332745.0000,5124859.5000,4487380.0000,-4894042.0000,-4718057.5000,-2819442.5000,2137904.0000,-1906023.2500,-2839646.2500,522672.4688,-263676.2812,1230864.8750,6169602.5000,3301211.0000,-3285722.2500,-2307970.2500,-5559700.5000,1638660.2500,3375114.0000,-1363713.7500,2610564.0000,-9103321.0000,-2111250.2500,2908302.5000,8699317.0000,-2898130.5000,5174305.5000,3859470.7500,7607786.0000,-1243023.3750,6672036.5000,3258677.0000,-173291.3594,-5460277.0000,-5755889.0000,4420920.5000,-4771756.5000,-1733760.2500,-3750938.7500,2437769.2500,-7147816.5000,-2319135.5000,1230333.1250,1868344.2500,2147474.2500,-4042829.0000,-1275455.6250,-677320.1875,-4958906.5000,-4106098.2500,6823564.0000,210047.0000,-4922221.0000,635919.4375,5367835.5000,1497766.1250,-4451156.0000,5014802.5000,699188.8750,8485583.0000,-5081723.5000,-11130.1953,-7198857.5000,4747369.5000,-2523830.7500,-5993016.5000,-8887992.0000,6018607.0000,-96730.0234,5016397.5000
1.1206,5358797.0000,5146658.0000,4510774.0000,-4852039.5000,-4677650.0000,-2779566.7500,2169273.0000,-1868274.2500,-2814125.7500,558826.4375,-230712.3594,1260107.0000,6191401.5000,3342150.0000,-3247441.7500,-2269689.7500,-5523546.5000,1666307.3750,3404356.0000,-1342446.7500,2638742.7500,-9073015.0000,-2085198.1250,2941798.0000,8737066.0000,-2857723.2500,5199294.0000,3872762.5000,7643940.0000,-1212717.8750,6699152.0000,3281539.0000,-131288.9531,-5424654.5000,-5726115.0000,4460264.5000,-4727627.5000,-1691226.2500,-3715316.5000,2470201.5000,-7107941.0000,-2282981.5000,1264892.1250,1911410.0000,2189476.5000,-4003485.0000,-1233984.8750,-642229.5625,-4920094.0000,-4064627.7500,6865566.5000,249922.7031,-4888193.5000,675263.4375,5406116.0000,1537641.8750,-4411280.5000,5047766.5000,751293.1250,8540877.0000,-5040784.5000,28213.8262,-7158981.5000,4791498.5000,-2479170.0000,-5952077.5000,-8843863.0000,6048912.5000,-56322.6523,5060526.5000
1.1226,5333808.0000,5117416.0000,4479405.0000,-4862141.5000,-4688815.0000,-2791795.5000,2152791.0000,-1884224.6250,-2847089.7500,532242.6250,-248257.6719,1249473.5000,6173856.0000,3334706.5000,-3260202.0000,-2284576.5000,-5538433.5000,1642913.6250,3377240.7500,-1370093.8750,2624919.2500,-9088434.0000,-2107528.5000,2924784.5000,8718989.0000,-2869951.7500,5173773.5000,3838203.7500,7626395.0000,-1241428.3750,6675226.5000,3267183.7500,-142985.8281,-5436883.5000,-5744192.0000,4452289.5000,-4740919.5000,-1707708.1250,-3731266.7500,2447871.0000,-7123891.0000,-2296273.5000,1246815.1250,1897586.5000,2173526.2500,-4021562.0000,-1257378.6250,-663496.5625,-4935513.0000,-4078983.0000,6858123.0000,238225.8281,-4902549.0000,660376.5000,5396546.0000,1527008.3750,-4429357.5000,5030753.0000,749698.0625,8540346.0000,-5050886.5000,13858.5742,-7177590.5000,4775016.5000,-2486613.5000,-5962179.0000,-8857155.0000,6042532.0000,-61639.4102,5055210.0000
1.1246,5338061.5000,5128581.0000,4483658.5000,-4833962.5000,-4663295.0000,-2767870.0000,2171931.2500,-1865084.2500,-2838051.2500,539686.0625,-230712.3594,1279247.3750,6189806.5000,3360227.0000,-3240530.0000,-2262777.7500,-5503874.5000,1656205.6250,3388937.5000,-1359992.1250,2653098.0000,-9065572.0000,-2093173.2500,2938076.2500,8746104.0000,-2849748.0000,5189724.0000,3848305.5000,7650852.0000,-1235579.8750,6685328.5000,3295362.5000,-119060.4141,-5415616.0000,-5719735.0000,4474620.0000,-4721779.0000,-1692821.2500,-3714253.2500,2472328.2500,-7094117.0000,-2266499.5000,1269677.1250,1923638.6250,2197983.5000,-4006143.2500,-1244086.7500,-647546.3125,-4907865.5000,-4049740.7500,6888428.5000,265341.3125,-4877560.0000,680048.5625,5417281.5000,1549338.7500,-4408622.0000,5048830.0000,782130.3125,8572246.0000,-5024834.5000,35125.6133,-7155260.0000,4800537.0000,-2464814.7500,-5943570.5000,-8846521.0000,6068584.5000,-47815.8359,5071160.0000
1.1266,5305097.5000,5096680.5000,4450694.5000,-4849913.0000,-4676586.5000,-2783288.5000,2153322.5000,-1881566.2500,-2866761.7500,510443.9062,-249852.7031,1259043.6250,6171198.0000,3346403.5000,-3253290.2500,-2276601.5000,-5506001.0000,1627495.1250,3359695.2500,-1388170.8750,2645122.7500,-9078864.0000,-2112845.2500,2919999.2500,8736003.0000,-2863571.7500,5171115.5000,3822785.0000,7645535.0000,-1260568.6250,6665656.5000,3300147.5000,-137669.0781,-5435820.0000,-5733558.5000,4453353.0000,-4739324.5000,-1721000.0000,-3733393.5000,2451061.2500,-7109004.0000,-2279791.5000,1245751.7500,1905029.8750,2177779.7500,-4024220.2500,-1264290.3750,-667750.0000,-4930196.0000,-4069944.5000,6874073.5000,246732.6406,-4896700.5000,665161.6250,5402394.5000,1531261.7500,-4429357.5000,5027563.0000,775218.5625,8563208.0000,-5041316.5000,19175.3340,-7165893.5000,4784587.0000,-2474384.7500,-5956330.5000,-8851306.0000,6072306.0000,-64829.4648,5058931.5000
1.1286,5273197.0000,5065843.5000,4416667.0000,-4870648.5000,-4696790.5000,-2803492.2500,2132587.2500,-1901238.2500,-2894408.7500,482265.0938,-272183.0938,1234054.8750,6150462.5000,3332048.2500,-3268177.0000,-2294678.5000,-5515571.5000,1596657.8750,3329921.5000,-1411564.6250,2637147.7500,-9095877.0000,-2136770.7500,2900327.2500,8724306.0000,-2882712.0000,5145063.0000,3796733.0000,7629053.0000,-1292469.2500,6640136.0000,3304932.7500,-157341.0781,-5455492.0000,-5756420.5000,4425705.5000,-4768566.5000,-1756090.6250,-3765294.0000,2428199.0000,-7126549.5000,-2301058.5000,1226079.7500,1874724.3750,2152259.2500,-4053462.5000,-1288747.5000,-695397.1250,-4945614.5000,-4088553.0000,6859718.0000,227060.6250,-4919562.5000,643894.5625,5380595.5000,1507868.0000,-4450092.5000,5002042.5000,758204.8750,8547789.0000,-5060988.5000,-3686.7317,-7182907.0000,4763851.5000,-2489271.7500,-5975471.0000,-8852370.0000,6064862.5000,-92476.6172,5045108.0000
1.1306,5312541.0000,5103061.0000,4448567.5000,-4826519.5000,-4648408.0000,-2748729.7500,2178311.2500,-1852855.6250,-2858786.5000,520545.7500,-230180.6875,1279247.3750,6195655.0000,3387874.2500,-3215541.2500,-2244700.7500,-5455492.0000,1633875.2500,3368202.2500,-1370093.8750,2688188.5000,-9042178.0000,-2093704.8750,2943393.0000,8783853.0000,-2831671.0000,5184939.0000,3837672.0000,7689132.5000,-1254188.6250,6682138.5000,3352251.7500,-107363.5391,-5400197.5000,-5709633.0000,4467176.5000,-4721247.5000,-1718341.6250,-3720633.2500,2494127.0000,-7077103.5000,-2250017.5000,1271803.8750,1912473.3750,2193198.2500,-4013586.7500,-1239833.3750,-656584.8125,-4897232.0000,-4039638.7500,6913949.0000,273848.1250,-4874370.0000,692277.0625,5424724.5000,1554123.7500,-4404368.5000,5042449.5000,803397.3750,8598830.0000,-5015264.0000,44164.1055,-7126018.0000,4815424.0000,-2445674.2500,-5933468.5000,-8789100.0000,6121220.0000,-55259.2969,5095085.5000
1.1326,5277982.0000,5066375.0000,4408692.0000,-4858951.5000,-4678713.5000,-2766806.7500,2146942.5000,-1875717.7500,-2898130.5000,487050.1562,-256232.8125,1253726.8750,6170134.5000,3376177.2500,-3227238.0000,-2265968.0000,-5467720.5000,1607291.3750,3332579.7500,-1392424.3750,2674896.7500,-9060255.0000,-2121352.0000,2927442.7500,8771093.0000,-2849216.5000,5153038.5000,3803644.7500,7676372.5000,-1285025.7500,6652896.0000,3309186.0000,-134479.0156,-5429971.5000,-5739938.5000,4425705.5000,-4756869.5000,-1753432.2500,-3753597.2500,2481898.2500,-7101560.5000,-2277664.7500,1232459.8750,1875787.7500,2161297.7500,-4045487.2500,-1269075.5000,-687953.6875,-4927006.0000,-4068349.2500,6888960.5000,245137.6094,-4896700.5000,669946.6875,5403457.5000,1530730.0000,-4430420.5000,5012676.0000,769370.1250,8574905.0000,-5040784.5000,13326.8984,-7147285.0000,4790967.0000,-2466409.7500,-5952077.5000,-8801860.0000,6110586.5000,-96198.3438,5064780.0000
1.1346,5275324.0000,5062121.5000,4399653.5000,-4849913.0000,-4670738.0000,-2752451.5000,2143752.5000,-1873591.0000,-2911422.5000,475884.9688,-257827.8281,1262765.3750,6174919.5000,3395849.2500,-3218199.5000,-2267563.0000,-5459745.5000,1608354.7500,3326731.5000,-1387107.5000,2690315.2500,-9058660.0000,-2120288.7500,2927974.5000,8785448.0000,-2840178.0000,5149316.5000,3796201.2500,7686474.0000,-1291937.5000,6644921.0000,3294830.7500,-132883.9844,-5430503.0000,-5736748.5000,4418794.0000,-4766440.0000,-1762470.7500,-3763167.5000,2486151.7500,-7097839.0000,-2277664.7500,1232991.5000,1865154.2500,2154917.7500,-4052930.7500,-1273328.8750,-685295.3125,-4918499.0000,-4060374.2500,6896403.5000,250454.3750,-4890320.5000,672073.3750,5407711.0000,1533388.5000,-4430420.5000,5012144.0000,757673.2500,8578095.0000,-5039189.5000,15453.6025,-7138778.0000,4795752.0000,-2460561.2500,-5951545.5000,-8830571.0000,6101548.0000,-108958.5703,5046171.5000
1.1366,5285957.5000,5073287.0000,4401248.5000,-4839279.5000,-4657446.5000,-2730121.0000,2139499.0000,-1865615.8750,-2919397.7500,473758.2812,-248257.6719,1271272.2500,6185553.0000,3423496.5000,-3202249.2500,-2256397.7500,-5448048.5000,1609949.7500,3332579.7500,-1384449.1250,2707860.5000,-9042710.0000,-2113908.5000,2933823.0000,8805120.0000,-2833266.2500,5155165.0000,3807898.2500,7698703.0000,-1295659.2500,6650238.0000,3304401.0000,-123313.8203,-5412958.0000,-5728773.5000,4411350.5000,-4776010.0000,-1771509.2500,-3761040.7500,2490405.2500,-7093585.5000,-2267031.2500,1234054.8750,1863027.5000,2157576.0000,-4053994.0000,-1268543.8750,-674661.7500,-4906802.5000,-4046019.0000,6911290.5000,260024.5469,-4876497.0000,681643.5625,5417281.5000,1541363.6250,-4419255.5000,5019587.5000,748103.0625,8582348.0000,-5028556.0000,21302.0371,-7126549.5000,4807449.0000,-2452586.2500,-5941443.5000,-8827912.0000,6104738.5000,-120655.4375,5042449.5000
1.1386,5274260.5000,5047766.5000,4375728.0000,-4856293.0000,-4668080.0000,-2732779.5000,2113447.0000,-1882629.5000,-2955551.5000,440262.6875,-272183.0938,1252131.8750,6170134.5000,3424559.7500,-3211819.5000,-2277133.0000,-5463998.5000,1583366.0000,3309717.7500,-1405184.5000,2704670.5000,-9058128.0000,-2131985.5000,2916809.2500,8788107.0000,-2850279.7500,5130176.0000,3795669.5000,7687006.0000,-1326496.5000,6620464.0000,3276222.2500,-145112.5312,-5432098.0000,-5748445.5000,4375728.0000,-4816949.0000,-1807131.5000,-3791878.0000,2457973.0000,-7121764.5000,-2292551.7500,1202686.0000,1830063.6250,2125675.5000,-4087489.7500,-1298317.6250,-692207.0625,-4928601.0000,-4066754.2500,6895872.0000,240352.5312,-4896700.5000,660376.5000,5398141.0000,1522223.2500,-4439459.0000,4998320.5000,709290.6875,8553106.0000,-5053545.0000,-4218.4077,-7151538.0000,4786713.5000,-2473853.2500,-5964306.0000,-8855560.0000,6076028.0000,-157872.7500,5010017.5000
1.1406,5282767.0000,5058400.0000,4387956.5000,-4838748.0000,-4646813.0000,-2704069.0000,2125143.7500,-1863489.2500,-2950234.7500,446642.8125,-263144.5938,1268613.8750,6184489.5000,3458587.0000,-3183109.0000,-2255334.5000,-5448048.5000,1580707.6250,3320883.0000,-1390297.6250,2733912.7500,-9035798.0000,-2116035.2500,2932227.7500,8808310.0000,-2831139.5000,5148253.0000,3816936.7500,7712526.5000,-1323306.5000,6632692.5000,3282602.2500,-129162.2578,-5414553.0000,-5730368.5000,4379450.0000,-4816417.5000,-1796498.0000,-3770610.7500,2453719.5000,-7111131.0000,-2280323.2500,1218636.2500,1840165.5000,2134182.2500,-4081109.5000,-1276519.0000,-670408.3750,-4908397.5000,-4042829.0000,6922456.0000,260024.5469,-4885535.5000,677921.8125,5415686.0000,1540831.8750,-4423509.0000,5017461.0000,704505.6250,8557359.0000,-5040253.0000,6946.7871,-7131334.5000,4805322.0000,-2461093.0000,-5956330.5000,-8852370.0000,6086661.5000,-149365.9375,5014271.0000
1.1426,5268943.5000,5045108.0000,4378386.5000,-4842469.5000,-4647344.5000,-2696093.7500,2114510.2500,-1869869.3750,-2968311.7500,432819.2188,-270588.0625,1270208.8750,6174919.5000,3473474.0000,-3181514.0000,-2259056.0000,-5446453.5000,1564757.3750,3315034.5000,-1394019.3750,2745609.5000,-9035798.0000,-2123478.7500,2926911.0000,8808842.0000,-2829544.5000,5145595.0000,3816936.7500,7715184.5000,-1336066.6250,6617805.5000,3265588.7500,-139795.7812,-5421464.5000,-5736748.5000,4359778.0000,-4840874.5000,-1811385.0000,-3778054.2500,2432984.2500,-7125486.0000,-2294678.5000,1209066.1250,1818898.3750,2113447.0000,-4101845.0000,-1278645.6250,-677320.1875,-4922752.5000,-4052930.7500,6914480.5000,249922.7031,-4892979.0000,671541.7500,5410369.5000,1533920.1250,-4428294.0000,5008422.5000,676858.5000,8541409.0000,-5052481.5000,-5813.4355,-7132929.5000,4802132.0000,-2469599.7500,-5967496.0000,-8853433.0000,6080813.0000,-142985.8281,5004700.5000
1.1446,5248740.0000,5022246.0000,4357119.5000,-4859483.0000,-4668080.0000,-2708322.2500,2098560.0000,-1887946.2500,-2995427.2500,406767.0938,-288665.0312,1249473.5000,6158969.0000,3468157.2500,-3197995.7500,-2273411.2500,-5459213.5000,1535515.1250,3292704.2500,-1408906.2500,2742419.5000,-9044305.0000,-2140492.5000,2906175.7500,8797677.0000,-2843899.7500,5128581.0000,3802581.5000,7701893.0000,-1370625.6250,6590690.0000,3234219.7500,-154151.0312,-5435820.0000,-5751635.5000,4329472.5000,-4879155.0000,-1837968.7500,-3798789.7500,2396298.5000,-7157918.5000,-2317540.5000,1181950.6250,1789656.2500,2082609.7500,-4135340.5000,-1308419.5000,-689548.6875,-4941893.0000,-4076856.2500,6894808.5000,228123.9844,-4911587.5000,650274.6875,5392292.5000,1519033.2500,-4446371.0000,4995662.0000,646552.9375,8512167.0000,-5075343.5000,-27080.4727,-7143563.0000,4783523.5000,-2488740.0000,-5987168.0000,-8863003.0000,6065394.0000,-146707.5625,4986092.0000
1.1466,5270007.0000,5040854.5000,4381045.0000,-4838216.0000,-4633521.0000,-2676421.7500,2122485.5000,-1865084.2500,-2975223.5000,434414.2500,-255701.1250,1277120.6250,6184489.5000,3504311.2500,-3168222.0000,-2248422.5000,-5431566.5000,1549870.3750,3312907.7500,-1376474.0000,2783890.2500,-9009746.0000,-2114972.0000,2926911.0000,8831704.0000,-2821037.5000,5154633.5000,3832355.2500,7733793.5000,-1357333.7500,6606640.5000,3262930.2500,-129162.2578,-5409768.0000,-5724520.0000,4347017.5000,-4873838.5000,-1823613.5000,-3779649.2500,2413312.2500,-7141968.0000,-2295210.0000,1196305.8750,1808796.6250,2094306.6250,-4116732.0000,-1287152.5000,-660838.1875,-4913714.0000,-4048145.7500,6918734.0000,252049.4062,-4886067.0000,679516.8750,5418876.5000,1545617.0000,-4416597.0000,5024372.5000,658249.8125,8527586.0000,-5054076.5000,-7408.4634,-7113257.5000,4813829.0000,-2464283.0000,-5966964.0000,-8829508.0000,6091978.0000,-111616.9531,5011081.0000
1.1486,5271602.0000,5046171.5000,4387956.5000,-4829177.5000,-4616507.5000,-2662066.5000,2129928.7500,-1855514.1250,-2976818.7500,436009.2812,-246662.6406,1282969.1250,6195655.0000,3526110.0000,-3152271.7500,-2238852.5000,-5410831.0000,1545085.2500,3317693.0000,-1362118.7500,2810474.0000,-8995922.0000,-2108591.7500,2936481.2500,8851376.0000,-2806150.7500,5159950.0000,3847242.2500,7750807.0000,-1357865.3750,6607703.5000,3260272.0000,-116402.0312,-5400197.5000,-5727178.5000,4342232.5000,-4881282.0000,-1825208.5000,-3780712.7500,2425540.7500,-7146753.0000,-2291488.2500,1197369.2500,1806669.8750,2088989.7500,-4122580.2500,-1287152.5000,-664559.9375,-4909992.5000,-4044424.0000,6924582.5000,257366.1562,-4875433.5000,691213.7500,5429510.0000,1557313.8750,-4403305.0000,5036601.5000,658249.8125,8526522.0000,-5054608.5000,-496.6760,-7102092.5000,4825526.0000,-2451522.7500,-5956330.5000,-8804519.0000,6103675.0000,-94071.6406,5023841.0000
1.1506,5250335.0000,5030221.0000,4375196.5000,-4839811.0000,-4621292.5000,-2676421.7500,2107598.5000,-1871996.0000,-2998085.7500,420059.0000,-260486.2188,1264892.1250,6181831.5000,3517071.5000,-3161842.0000,-2254802.7500,-5410831.0000,1528071.6250,3297489.2500,-1370093.8750,2811537.5000,-9004429.0000,-2121883.7500,2919999.2500,8845528.0000,-2819442.5000,5141873.0000,3838203.7500,7736983.5000,-1381790.7500,6582715.0000,3232093.0000,-127035.5547,-5411894.5000,-5748445.5000,4319902.0000,-4911587.5000,-1852855.6250,-3807828.2500,2410122.0000,-7168552.0000,-2306907.0000,1178228.8750,1785934.5000,2064532.7500,-4144910.7500,-1306292.7500,-685295.3125,-4928601.0000,-4059842.5000,6911822.5000,240352.5312,-4886067.0000,676858.5000,5415154.5000,1544553.6250,-4416065.5000,5029158.0000,636982.8125,8504723.0000,-5077470.5000,-21763.7148,-7119637.5000,4810107.5000,-2463751.2500,-5970686.0000,-8821532.0000,6084003.0000,-106831.8672,5010549.0000
1.1526,5260968.5000,5033943.0000,4381576.5000,-4830772.5000,-4605874.0000,-2665788.2500,2118232.0000,-1865084.2500,-2995427.2500,424312.4062,-251447.7188,1276589.0000,6191933.0000,3531958.2500,-3151740.0000,-2251081.0000,-5394881.0000,1524350.0000,3310249.5000,-1354143.6250,2828019.5000,-8992732.0000,-2111781.7500,2921594.2500,8862010.0000,-2819974.2500,5146658.0000,3841925.5000,7746022.0000,-1381259.1250,6580056.5000,3241663.2500,-117997.0625,-5397539.0000,-5748445.5000,4320965.5000,-4914777.5000,-1849134.0000,-3805169.7500,2422350.7500,-7167488.5000,-2299463.5000,1181950.6250,1784871.1250,2062406.0000,-4144379.0000,-1306824.5000,-686358.6250,-4924879.5000,-4051335.7500,6916607.5000,244605.9375,-4879155.0000,685897.0000,5425788.0000,1556250.5000,-4404900.0000,5042449.5000,640172.8750,8503128.0000,-5076938.5000,-18573.6582,-7107941.0000,4821804.0000,-2452054.5000,-5966964.0000,-8812494.0000,6081876.0000,-94603.3203,5012676.0000
1.1546,5274792.0000,5038728.0000,4382108.0000,-4824924.0000,-4600025.5000,-2657281.5000,2133119.0000,-1865084.2500,-3001275.7500,422717.3750,-244535.9375,1289349.1250,6203630.0000,3540996.7500,-3144828.2500,-2246827.5000,-5377867.0000,1519033.2500,3319819.7500,-1341383.3750,2849286.5000,-8982099.0000,-2105933.5000,2923189.2500,8877960.0000,-2815720.7500,5150380.0000,3841393.7500,7753465.5000,-1382854.1250,6577398.0000,3236346.5000,-109490.2422,-5387437.5000,-5758015.5000,4317775.5000,-4921689.5000,-1850197.2500,-3811550.0000,2413843.7500,-7173337.0000,-2302653.5000,1185672.3750,1786997.8750,2058152.6250,-4143315.7500,-1306824.5000,-687422.0000,-4925942.5000,-4047614.0000,6922456.0000,246732.6406,-4873838.5000,691213.7500,5432168.0000,1564757.3750,-4394798.5000,5052551.5000,643362.8750,8497812.0000,-5081723.5000,-21763.7148,-7098902.5000,4829779.5000,-2441952.7500,-5965369.0000,-8797607.0000,6079218.0000,-94603.3203,4997257.5000
1.1566,5263095.0000,5040854.5000,4378386.5000,-4830241.0000,-4604278.5000,-2651964.7500,2134714.0000,-1872527.7500,-3016162.7500,414742.2500,-249852.7031,1285095.7500,6211073.5000,3546845.2500,-3150676.7500,-2255334.5000,-5369892.0000,1505209.6250,3318224.5000,-1339256.7500,2860983.2500,-8981567.0000,-2111781.7500,2917341.0000,8877960.0000,-2825291.0000,5142936.5000,3833950.2500,7752402.0000,-1394019.3750,6564106.5000,3214016.0000,-107895.2188,-5384779.0000,-5771839.0000,4308205.0000,-4932854.5000,-1860830.8750,-3816335.0000,2403742.0000,-7186097.0000,-2315413.7500,1184609.0000,1780086.1250,2049114.1250,-4150759.2500,-1315863.0000,-690080.3750,-4933386.0000,-4057184.2500,6916607.5000,240352.5312,-4880218.5000,682175.2500,5425788.0000,1560503.8750,-4397988.5000,5058400.0000,642299.5625,8485583.0000,-5094484.0000,-30802.2051,-7099434.0000,4826589.5000,-2447801.0000,-5973344.5000,-8807177.0000,6059014.0000,-112148.6250,4973332.0000
1.1586,5269475.5000,5058400.0000,4392210.0000,-4811632.5000,-4585670.0000,-2632292.7500,2150132.5000,-1856045.7500,-3006592.5000,432819.2188,-227522.3125,1305831.1250,6238720.5000,3578745.7500,-3124093.0000,-2235662.2500,-5344371.5000,1513716.3750,3344808.5000,-1316926.3750,2895542.2500,-8952856.0000,-2084666.3750,2939139.7500,8902949.0000,-2807214.0000,5158886.5000,3857344.0000,7779517.5000,-1379664.1250,6582715.0000,3234219.7500,-81311.4219,-5366702.0000,-5753230.5000,4321497.0000,-4920626.0000,-1848070.6250,-3794004.5000,2440427.5000,-7174400.5000,-2299995.2500,1205876.0000,1789656.2500,2062406.0000,-4140657.2500,-1308419.5000,-674130.1250,-4921157.5000,-4042297.2500,6926709.5000,253644.4219,-4866926.5000,690150.3750,5439080.0000,1579644.2500,-4376189.5000,5079667.0000,664629.9375,8496217.0000,-5085977.0000,-19105.3340,-7079230.5000,4843071.0000,-2427597.5000,-5963242.5000,-8801860.0000,6062204.0000,-110553.5938,4983433.5000
1.1606,5248740.0000,5043513.0000,4372006.5000,-4827051.0000,-4610127.0000,-2643457.7500,2139499.0000,-1873591.0000,-3029986.2500,411020.5000,-240282.5312,1286690.7500,6232872.0000,3578214.2500,-3131536.2500,-2244700.7500,-5352347.0000,1495639.5000,3333111.5000,-1325433.1250,2890757.2500,-8961363.0000,-2089983.1250,2938608.0000,8895505.0000,-2821569.2500,5145595.0000,3845647.2500,7774200.5000,-1392424.3750,6572081.5000,3243790.0000,-85033.1484,-5381589.0000,-5769180.5000,4298635.0000,-4937108.0000,-1865084.2500,-3804106.5000,2442554.2500,-7199389.0000,-2319667.2500,1196837.6250,1772642.6250,2040607.2500,-4160329.2500,-1324901.5000,-693270.4375,-4937108.0000,-4059311.0000,6904379.0000,236630.7969,-4890320.5000,666756.6250,5419939.5000,1565289.0000,-4384165.0000,5070097.0000,652401.3750,8479735.0000,-5106712.5000,-39840.6953,-7095712.0000,4831374.5000,-2440357.5000,-5974939.5000,-8827912.0000,6040937.0000,-131288.9531,4968015.0000
1.1626,5245018.0000,5037664.5000,4370411.5000,-4829709.5000,-4612254.0000,-2637609.5000,2145879.2500,-1869337.6250,-3037961.5000,404108.7188,-237092.4688,1291475.8750,6248291.0000,3593101.0000,-3119307.7500,-2239384.0000,-5346498.5000,1486601.0000,3336833.2500,-1315863.0000,2900859.0000,-8950198.0000,-2078286.2500,2942329.7500,8898695.0000,-2827417.7500,5149848.5000,3847242.2500,7782707.5000,-1390297.6250,6573145.0000,3257081.7500,-77058.0156,-5376272.0000,-5772371.0000,4292255.0000,-4945083.0000,-1866679.2500,-3799321.2500,2443617.7500,-7202579.0000,-2316477.0000,1206407.7500,1768920.8750,2031568.7500,-4162456.0000,-1320116.3750,-698055.5000,-4939766.5000,-4065159.2500,6899594.0000,238757.5000,-4887662.0000,663566.5625,5415154.5000,1563162.2500,-4383101.5000,5081262.0000,661971.5625,8479735.0000,-5113624.5000,-43030.7539,-7099965.5000,4829779.5000,-2435572.5000,-5977597.5000,-8834293.0000,6037747.0000,-145644.2031,4960571.5000
1.1646,5265753.5000,5054146.5000,4389551.5000,-4807910.5000,-4586201.5000,-2610494.0000,2168209.5000,-1842222.1250,-3022542.7500,417932.2812,-217420.4688,1313806.2500,6281254.5000,3628191.7500,-3089534.0000,-2215458.7500,-5313003.0000,1498829.5000,3365012.0000,-1289279.1250,2934886.2500,-8917766.0000,-2052765.8750,2962533.5000,8930596.0000,-2807745.7500,5175900.5000,3862660.7500,7814076.5000,-1371157.2500,6591753.5000,3275158.7500,-49410.8633,-5348625.0000,-5746850.5000,4308205.0000,-4925942.5000,-1852855.6250,-3779117.7500,2449466.0000,-7182907.0000,-2289361.7500,1235118.2500,1786997.8750,2047519.1250,-4147037.5000,-1305229.5000,-679978.5625,-4914246.0000,-4039107.2500,6917139.0000,262682.9062,-4862673.0000,685897.0000,5437485.0000,1587087.7500,-4353859.5000,5106251.0000,696530.5000,8505255.0000,-5093952.5000,-21232.0371,-7076572.0000,4854768.0000,-2410052.0000,-5954735.5000,-8801860.0000,6054760.5000,-130225.6094,4978117.0000
1.1666,5228536.5000,5021714.5000,4352334.5000,-4841406.0000,-4628736.0000,-2654623.0000,2129928.7500,-1875186.1250,-3066672.0000,381778.3438,-255169.4531,1282969.1250,6256797.5000,3587784.2500,-3114522.7500,-2246296.0000,-5348625.0000,1458953.7500,3328326.5000,-1322243.1250,2904049.0000,-8945413.0000,-2080413.0000,2934886.2500,8899759.0000,-2852406.5000,5142405.0000,3825975.2500,7780581.0000,-1410501.2500,6552941.0000,3242195.0000,-85564.8281,-5386905.5000,-5777156.0000,4262481.0000,-4968477.0000,-1896984.7500,-3822183.5000,2395235.2500,-7216402.5000,-2328174.0000,1203749.3750,1750312.2500,2007643.3750,-4186913.0000,-1341915.1250,-720917.5625,-4952526.5000,-4082173.0000,6871415.0000,226528.9531,-4898295.5000,647616.3125,5399736.0000,1550933.7500,-4388418.5000,5075413.5000,669415.0000,8473355.0000,-5135423.0000,-60044.3828,-7117511.0000,4820209.0000,-2436104.2500,-5980788.0000,-8848648.0000,6016480.0000,-164784.5469,4938241.0000
1.1686,5256715.0000,5053083.0000,4376791.5000,-4805252.0000,-4599493.5000,-2628039.2500,2160766.0000,-1841690.5000,-3041683.0000,404108.7188,-231775.7188,1316464.6250,6291356.5000,3618089.7500,-3080495.5000,-2207483.5000,-5315661.0000,1485005.8750,3357037.0000,-1289279.1250,2940203.0000,-8908196.0000,-2042664.0000,2972103.5000,8928469.0000,-2823696.0000,5176963.5000,3854154.0000,7812481.5000,-1377005.7500,6583246.5000,3268247.0000,-57386.0039,-5353410.0000,-5740470.0000,4286938.0000,-4942424.5000,-1871464.3750,-3799321.2500,2414375.5000,-7183439.0000,-2293615.0000,1234054.8750,1781681.1250,2034758.8750,-4157671.0000,-1311609.6250,-692738.7500,-4917436.0000,-4053462.5000,6900125.5000,260556.2188,-4871180.0000,674731.7500,5430041.5000,1581771.0000,-4359176.0000,5107846.0000,711417.4375,8505255.0000,-5111497.5000,-32928.9102,-7095712.0000,4848388.0000,-2406862.0000,-5950482.0000,-8847584.0000,6027113.5000,-138732.4219,4955786.5000
1.1706,5283830.5000,5078603.5000,4395400.0000,-4784517.0000,-4580353.5000,-2623254.2500,2184159.7500,-1823613.5000,-3016694.2500,425375.7500,-213698.7344,1339326.7500,6316877.0000,3630850.0000,-3060823.5000,-2179304.7500,-5284824.0000,1499361.1250,3374050.5000,-1269075.5000,2965191.7500,-8883207.0000,-2015548.5000,2996560.7500,8950268.0000,-2807745.7500,5195040.5000,3865850.7500,7835343.5000,-1361587.1250,6598133.5000,3282602.2500,-36118.9648,-5329484.5000,-5719735.0000,4300230.0000,-4923816.0000,-1848602.2500,-3781776.0000,2437237.5000,-7163235.0000,-2267563.0000,1242561.7500,1794973.0000,2053367.5000,-4138530.5000,-1286620.7500,-672003.3750,-4897764.0000,-4038043.7500,6912885.5000,278633.1875,-4852571.5000,694403.8125,5451308.5000,1602506.3750,-4335250.5000,5128581.0000,746508.0625,8534497.0000,-5088635.5000,-11130.1953,-7079230.5000,4869655.0000,-2383468.2500,-5922303.5000,-8842268.0000,6043064.0000,-108426.8906,4982902.0000
1.1726,5252461.5000,5040323.0000,4360841.0000,-4823861.0000,-4622355.5000,-2676421.7500,2151196.0000,-1862425.8750,-3056570.0000,384436.7188,-250916.0469,1310084.5000,6281786.5000,3602671.2500,-3089534.0000,-2209078.5000,-5310876.0000,1457890.5000,3335770.0000,-1298849.3750,2934886.2500,-8915107.0000,-2042664.0000,2969976.7500,8915709.0000,-2848153.0000,5151975.0000,3823848.5000,7800253.0000,-1392956.0000,6564106.5000,3253360.2500,-76526.3359,-5364575.5000,-5763864.0000,4258759.5000,-4967945.0000,-1889541.3750,-3827500.2500,2394171.7500,-7201515.5000,-2302121.7500,1200559.2500,1751907.2500,2011365.1250,-4175216.2500,-1325433.1250,-710815.7500,-4946678.0000,-4080578.0000,6872478.5000,243010.9062,-4894042.0000,657186.5000,5413028.0000,1560503.8750,-4374063.0000,5097212.5000,722582.6250,8506850.0000,-5129043.0000,-48879.1875,-7118042.5000,4830311.0000,-2419090.5000,-5957925.5000,-8894372.0000,6003720.0000,-135542.3750,4954191.5000
1.1746,5282767.0000,5071160.0000,4396463.5000,-4795150.5000,-4598962.0000,-2658876.5000,2183096.5000,-1839032.1250,-3018289.2500,415805.5938,-219547.1719,1344111.7500,6313687.0000,3642547.0000,-3054443.2500,-2173988.0000,-5271532.0000,1489259.3750,3362353.7500,-1263758.7500,2973167.0000,-8878953.0000,-2003320.0000,3003472.5000,8952395.0000,-2825291.0000,5180685.5000,3853090.5000,7833217.0000,-1363182.1250,6591753.5000,3298552.5000,-43030.7539,-5328953.0000,-5735153.5000,4291191.5000,-4936044.5000,-1858172.5000,-3796663.0000,2421287.2500,-7166957.0000,-2268626.2500,1231396.5000,1788061.2500,2042202.3750,-4144379.0000,-1288747.5000,-674661.7500,-4920094.0000,-4050272.5000,6902784.0000,275974.8125,-4867458.5000,684301.9375,5438016.5000,1591341.1250,-4341099.0000,5126986.0000,762990.0000,8543536.0000,-5095547.5000,-16978.6309,-7091990.5000,4860616.5000,-2391443.5000,-5927620.0000,-8880548.0000,6024987.0000,-101515.1094,4989282.0000
1.1766,5281704.0000,5066375.0000,4396995.0000,-4800999.0000,-4617570.5000,-2671636.7500,2178843.0000,-1843817.2500,-3023606.2500,416337.2812,-226990.6250,1343580.1250,6312623.5000,3636698.5000,-3043809.7500,-2178241.2500,-5265152.0000,1491386.0000,3360758.7500,-1254720.2500,2973167.0000,-8874168.0000,-1999066.6250,3001345.7500,8952926.0000,-2829012.7500,5175900.5000,3854154.0000,7832685.0000,-1362118.7500,6590158.5000,3309717.7500,-43562.4297,-5339055.0000,-5746850.5000,4288533.0000,-4939766.5000,-1866679.2500,-3807296.5000,2412780.5000,-7168552.0000,-2272879.7500,1228738.1250,1785934.5000,2037948.8750,-4150759.2500,-1297254.3750,-675725.1250,-4927006.0000,-4058779.2500,6891618.5000,273316.4375,-4866926.5000,675795.1250,5434295.0000,1589214.3750,-4345352.5000,5122733.0000,772560.1250,8548853.0000,-5101395.5000,-19105.3340,-7099434.0000,4856895.0000,-2393570.2500,-5927088.5000,-8889587.0000,6022860.0000,-88223.2109,4993004.0000
1.1786,5274792.0000,5053615.0000,4381045.0000,-4820671.0000,-4640964.5000,-2698220.5000,2161297.7500,-1860830.8750,-3038493.0000,399323.6250,-243472.5781,1325503.1250,6293483.0000,3608519.7500,-3043278.2500,-2197913.5000,-5277912.0000,1477030.7500,3342681.7500,-1266948.7500,2955090.0000,-8887460.0000,-2012890.1250,2982737.0000,8938039.0000,-2843368.0000,5156760.0000,3839798.7500,7814076.5000,-1372752.2500,6575271.5000,3277817.2500,-47284.1602,-5356600.0000,-5767585.5000,4274178.0000,-4955716.5000,-1882097.8750,-3822715.0000,2393108.5000,-7178122.0000,-2290956.7500,1216509.6250,1770515.8750,2019871.8750,-4165646.0000,-1319053.0000,-689548.6875,-4941893.0000,-4077919.5000,6874605.0000,261087.8906,-4871180.0000,666224.9375,5418876.5000,1575390.8750,-4359708.0000,5109972.5000,769370.1250,8543004.0000,-5115751.0000,-33460.5859,-7116447.5000,4840944.5000,-2405798.7500,-5937722.0000,-8903410.0000,6006910.0000,-103641.8125,4981838.5000
1.1806,5295527.5000,5072223.5000,4396463.5000,-4816949.0000,-4630331.0000,-2700347.2500,2174058.0000,-1850729.0000,-3020416.0000,418463.9688,-230712.3594,1336668.3750,6300395.0000,3611709.7500,-3020947.7500,-2193128.2500,-5261962.0000,1491386.0000,3353847.0000,-1245681.7500,2959343.2500,-8872573.0000,-1999598.2500,2986990.5000,8954521.0000,-2835924.5000,5170052.0000,3857344.0000,7825241.5000,-1357333.7500,6591222.0000,3276754.0000,-26017.1211,-5336928.0000,-5756952.0000,4294381.5000,-4936576.0000,-1864552.5000,-3808359.7500,2415438.7500,-7158450.0000,-2277664.7500,1227143.1250,1785402.8750,2036353.8750,-4150227.5000,-1302039.3750,-668281.6875,-4921689.5000,-4060906.0000,6893213.5000,285013.3125,-4852039.5000,686428.6250,5439080.0000,1591872.7500,-4341631.0000,5120606.0000,799143.9375,8565335.0000,-5098737.5000,-19637.0098,-7098370.5000,4859021.5000,-2388253.2500,-5918581.5000,-8875763.0000,6032430.5000,-91944.9375,4997789.0000
1.1826,5270007.0000,5052551.5000,4379450.0000,-4849381.5000,-4662763.0000,-2739691.2500,2133650.5000,-1879971.1250,-3050190.0000,388690.1250,-254637.7812,1305299.5000,6269026.0000,3577150.7500,-3046468.2500,-2227155.5000,-5291204.0000,1470650.6250,3330984.7500,-1262695.3750,2933823.0000,-8894904.0000,-2029372.1250,2957216.7500,8932723.0000,-2873673.5000,5154633.5000,3837672.0000,7802379.5000,-1381790.7500,6566764.5000,3253360.2500,-45689.1328,-5361385.5000,-5780346.0000,4267266.0000,-4964223.5000,-1890073.0000,-3836538.7500,2389386.7500,-7186097.0000,-2310628.7500,1198964.2500,1764135.7500,2011896.7500,-4175216.2500,-1326496.5000,-685827.0000,-4952526.5000,-4094933.2500,6854933.0000,253112.7500,-4881282.0000,658781.5000,5410369.5000,1564757.3750,-4368214.5000,5098275.5000,784257.0000,8543536.0000,-5125321.0000,-45689.1328,-7128144.5000,4834564.5000,-2408457.0000,-5934000.5000,-8885333.0000,6022860.0000,-112148.6250,4970142.0000
1.1846,5295527.5000,5084984.0000,4420920.5000,-4829177.5000,-4647344.5000,-2728526.0000,2142689.0000,-1859235.7500,-3026796.2500,418463.9688,-222737.2188,1328161.5000,6298268.5000,3608519.7500,-3023074.5000,-2209078.5000,-5266215.5000,1502551.2500,3360758.7500,-1228668.1250,2958280.0000,-8865661.0000,-2009700.1250,2976357.0000,8961433.0000,-2862508.2500,5186002.0000,3868509.2500,7830558.5000,-1350421.8750,6589626.5000,3276222.2500,-15383.6025,-5326826.5000,-5748445.5000,4300230.0000,-4933918.0000,-1860830.8750,-3807828.2500,2426072.2500,-7154728.5000,-2289893.2500,1223953.0000,1793909.6250,2039012.2500,-4147037.5000,-1295659.2500,-658179.8125,-4924879.5000,-4071539.5000,6876200.0000,278101.5312,-4857356.5000,684301.9375,5439080.0000,1591341.1250,-4344289.0000,5119542.5000,820942.6875,8574373.0000,-5101395.5000,-20700.3613,-7103687.5000,4860085.0000,-2383468.2500,-5909543.0000,-8863003.0000,6044659.0000,-94603.3203,4985028.5000
1.1866,5319453.0000,5115289.5000,4450694.5000,-4808442.5000,-4637774.5000,-2719487.5000,2151196.0000,-1841690.5000,-3006592.5000,444516.0938,-197748.4531,1352618.6250,6322725.5000,3645737.0000,-3006592.5000,-2186748.2500,-5242821.5000,1525413.2500,3393191.0000,-1199426.0000,2979547.0000,-8827912.0000,-1988433.0000,2995497.2500,8984295.0000,-2844431.2500,5211522.5000,3892434.7500,7855547.0000,-1323306.5000,6612489.0000,3297489.2500,12263.5469,-5294394.0000,-5718671.5000,4326814.0000,-4908929.0000,-1836905.3750,-3780712.7500,2454251.2500,-7124954.5000,-2268626.2500,1252131.8750,1818898.3750,2065064.3750,-4119390.2500,-1268543.8750,-642229.5625,-4906802.5000,-4052399.0000,6893213.5000,300431.9062,-4828646.0000,708227.3750,5463005.5000,1614734.8750,-4319832.0000,5141873.0000,853906.5625,8598298.0000,-5078002.0000,4820.0835,-7076040.0000,4887200.5000,-2356884.5000,-5883491.0000,-8850775.0000,6071774.5000,-80779.7422,5008954.0000
1.1886,5291805.5000,5094022.5000,4433680.5000,-4835026.0000,-4672865.0000,-2756704.7500,2112383.5000,-1874122.7500,-3028923.0000,432819.2188,-218483.8125,1327629.8750,6299863.5000,3614899.7500,-3043278.2500,-2218117.0000,-5263025.0000,1505741.2500,3374050.5000,-1215907.8750,2960406.7500,-8829508.0000,-2008105.1250,2963596.7500,8963028.0000,-2874736.7500,5186002.0000,3875952.7500,7838002.0000,-1336598.3750,6589626.5000,3274627.2500,-10066.8428,-5311407.5000,-5743660.5000,4303420.0000,-4930728.0000,-1854982.3750,-3800384.7500,2430325.7500,-7150475.0000,-2296273.5000,1224484.7500,1790719.6250,2043265.6250,-4136404.0000,-1289810.8750,-676256.8125,-4934449.5000,-4080578.0000,6864503.0000,272253.0938,-4849381.5000,690150.3750,5441206.5000,1594531.1250,-4345352.5000,5117416.0000,835829.5625,8575436.0000,-5105117.5000,-21763.7148,-7099434.0000,4859021.5000,-2378683.2500,-5904758.0000,-8871510.0000,6051570.5000,-108958.5703,4973332.0000
1.1906,5298186.0000,5104656.0000,4443782.5000,-4826519.5000,-4670206.5000,-2766275.0000,2097496.5000,-1872527.7500,-3025201.2500,446642.8125,-209445.3281,1334541.6250,6312092.0000,3612773.0000,-3051785.0000,-2216522.0000,-5258240.0000,1516374.7500,3380430.7500,-1201021.0000,2969445.2500,-8809304.0000,-1994813.1250,2965191.7500,8973130.0000,-2873673.5000,5190255.5000,3882332.7500,7845445.5000,-1320648.0000,6598133.5000,3279944.0000,-4750.0835,-5298647.5000,-5732495.0000,4314585.5000,-4917967.5000,-1840627.1250,-3784966.0000,2438832.5000,-7140904.5000,-2292020.0000,1228738.1250,1801353.1250,2052835.8750,-4124175.2500,-1280240.7500,-661901.5625,-4930196.0000,-4076324.5000,6869288.5000,273848.1250,-4840874.5000,693340.4375,5443865.0000,1595594.5000,-4341631.0000,5116884.5000,846994.8125,8581817.0000,-5101395.5000,-18041.9824,-7093054.0000,4863275.0000,-2378683.2500,-5903695.0000,-8863535.0000,6045190.5000,-110021.9219,4960040.0000
1.1926,5313073.0000,5133366.5000,4465581.5000,-4806847.5000,-4659573.0000,-2760426.5000,2109193.5000,-1857109.1250,-3002870.7500,474289.9375,-190304.9844,1353682.0000,6330700.5000,3610646.5000,-3048063.2500,-2203761.7500,-5242821.5000,1532856.7500,3405951.2500,-1171778.7500,2979547.0000,-8778998.0000,-1975141.1250,2980610.5000,8997055.0000,-2853469.7500,5217903.0000,3913701.7500,7863522.5000,-1295659.2500,6623654.0000,3294830.7500,5883.4355,-5273658.5000,-5706443.0000,4330535.5000,-4899359.0000,-1817233.3750,-3762635.7500,2445212.7500,-7132398.0000,-2280323.2500,1242561.7500,1817303.3750,2069317.7500,-4106098.2500,-1256315.2500,-642229.5625,-4920094.0000,-4065691.0000,6882048.5000,284481.6250,-4824392.5000,703973.9375,5456093.5000,1610481.5000,-4328339.0000,5131771.5000,867730.1250,8600957.0000,-5081723.5000,566.6760,-7076040.0000,4878693.5000,-2365391.2500,-5884022.5000,-8841736.0000,6062204.0000,-88754.8828,4979180.5000
1.1946,5285957.5000,5120606.0000,4443251.0000,-4834494.5000,-4686688.5000,-2799239.0000,2086331.3750,-1880502.8750,-3023074.5000,456212.9688,-211040.3594,1329756.5000,6311028.5000,3569707.2500,-3094319.0000,-2231940.7500,-5271532.0000,1509463.0000,3387342.5000,-1185602.3750,2951368.2500,-8787505.0000,-1997471.5000,2951368.2500,8975257.0000,-2873141.7500,5198231.0000,3902536.5000,7850230.5000,-1306292.7500,6612489.0000,3253360.2500,-23890.4180,-5293331.0000,-5730368.5000,4312990.5000,-4916372.5000,-1833715.3750,-3774332.5000,2412780.5000,-7157918.5000,-2312223.7500,1218636.2500,1796036.3750,2050177.5000,-4120453.5000,-1271733.8750,-660838.1875,-4942424.5000,-4088553.0000,6858655.0000,257897.8281,-4846191.5000,683238.6250,5434295.0000,1588682.7500,-4352264.5000,5106782.5000,849653.1875,8579158.0000,-5102459.0000,-20168.6855,-7096244.0000,4854768.0000,-2388253.2500,-5902631.5000,-8861940.0000,6042532.0000,-116402.0312,4953660.0000
1.1966,5301907.5000,5141873.0000,4456543.0000,-4830241.0000,-4676055.0000,-2797643.7500,2091116.5000,-1866679.2500,-3009782.5000,478011.6875,-194026.7188,1343048.5000,6331764.0000,3583531.0000,-3102294.2500,-2218648.7500,-5261430.0000,1527540.0000,3409672.7500,-1167525.3750,2960938.2500,-8759858.0000,-1986306.3750,2962001.7500,8989080.0000,-2864635.0000,5222156.0000,3923803.5000,7869370.5000,-1285025.7500,6629502.5000,3263993.7500,-14320.2510,-5281634.0000,-5717608.0000,4331599.0000,-4896169.0000,-1814575.0000,-3753065.5000,2443086.0000,-7141436.5000,-2302653.5000,1242030.0000,1810923.2500,2067191.1250,-4101845.0000,-1254188.6250,-640102.8750,-4923816.0000,-4072071.0000,6874605.0000,270658.0625,-4833431.0000,695998.8125,5444396.5000,1598252.8750,-4342162.5000,5112631.0000,867198.5000,8590323.0000,-5091825.5000,-4218.4077,-7085610.5000,4864338.5000,-2377619.7500,-5889871.0000,-8846521.0000,6056355.5000,-108958.5703,4962698.5000
1.1986,5316263.0000,5149316.5000,4456543.0000,-4835026.0000,-4671270.0000,-2806682.2500,2080483.0000,-1865615.8750,-3006592.5000,490240.2188,-187646.6094,1355277.0000,6343992.5000,3589379.2500,-3120371.2500,-2218648.7500,-5265683.5000,1533388.5000,3424559.7500,-1158486.8750,2968913.5000,-8746566.0000,-1986838.0000,2956153.2500,8994929.0000,-2861976.7500,5232789.5000,3940285.5000,7874687.5000,-1274392.2500,6642262.5000,3266120.2500,-16978.6309,-5291204.0000,-5714950.0000,4340106.0000,-4888725.5000,-1807663.2500,-3746153.7500,2455846.2500,-7145158.0000,-2305843.5000,1246815.1250,1812518.3750,2073039.5000,-4093869.7500,-1249403.5000,-649141.3125,-4923284.5000,-4072602.7500,6873541.5000,263746.2812,-4833431.0000,697062.1875,5446523.5000,1595594.5000,-4349606.0000,5103592.5000,865071.7500,8583412.0000,-5098737.5000,-15383.6025,-7087737.0000,4857958.0000,-2378151.5000,-5888276.0000,-8851838.0000,6068052.5000,-100983.4297,4961635.0000
1.2006,5333808.0000,5165798.5000,4467708.0000,-4819076.0000,-4660636.5000,-2801897.2500,2093243.2500,-1852324.0000,-2990110.5000,510443.9062,-172759.6875,1374949.0000,6363664.5000,3595227.7500,-3128346.2500,-2209610.2500,-5253455.0000,1554655.5000,3443168.5000,-1135624.8750,2985395.5000,-8739123.0000,-1990028.1250,2969445.2500,9010879.0000,-2846558.0000,5257778.5000,3960489.2500,7886916.0000,-1253125.2500,6652896.0000,3276222.2500,-8471.8154,-5288014.0000,-5698468.0000,4354992.5000,-4874370.0000,-1787991.2500,-3733393.5000,2474454.7500,-7125486.0000,-2296273.5000,1265955.3750,1824746.8750,2090053.1250,-4073666.2500,-1230263.1250,-640634.5000,-4909992.5000,-4054525.7500,6888428.5000,274379.7812,-4823329.0000,706632.3125,5460347.0000,1607823.1250,-4341631.0000,5110504.0000,882617.0625,8600425.0000,-5085977.0000,-496.6760,-7072850.0000,4866465.0000,-2365923.0000,-5873921.0000,-8860876.0000,6087724.5000,-81843.0938,4979180.5000
1.2026,5341783.5000,5177495.5000,4477278.0000,-4811632.5000,-4657978.0000,-2798175.5000,2094306.6250,-1847538.8750,-2977350.2500,521609.0938,-166379.5781,1380265.7500,6375361.5000,3603203.0000,-3135789.7500,-2203230.2500,-5250796.5000,1567415.7500,3459650.5000,-1115421.1250,2997624.0000,-8732742.0000,-1997471.5000,2981142.0000,9020981.0000,-2833797.7500,5272665.5000,3973781.0000,7891701.0000,-1244618.3750,6663529.5000,3291640.7500,-6345.1113,-5294926.0000,-5694214.5000,4366158.0000,-4862141.5000,-1781079.3750,-3727013.5000,2481898.2500,-7111662.5000,-2292551.7500,1279247.3750,1832722.0000,2100155.0000,-4064096.0000,-1229731.5000,-642229.5625,-4902549.0000,-4045487.2500,6898530.5000,275443.1562,-4821734.0000,710885.7500,5466727.0000,1608886.3750,-4340036.0000,5110504.0000,888465.5000,8607869.0000,-5080128.5000,5883.4355,-7066470.0000,4870186.5000,-2362733.0000,-5867009.0000,-8871510.0000,6096763.0000,-69082.8750,4996725.5000
1.2046,5325833.0000,5155165.0000,4458138.0000,-4839811.0000,-4676586.5000,-2821037.5000,2069849.5000,-1869869.3750,-2990642.2500,510443.9062,-182329.8438,1358467.0000,6358347.5000,3573960.7500,-3176197.2500,-2230345.5000,-5276317.0000,1551997.1250,3447953.5000,-1122332.8750,2977952.0000,-8758263.0000,-2037878.8750,2952963.2500,9000245.0000,-2850279.7500,5260968.5000,3963147.5000,7857142.0000,-1270138.8750,6640136.0000,3282070.7500,-31865.5566,-5331611.5000,-5716013.0000,4351271.0000,-4878092.0000,-1800751.5000,-3742963.7500,2453719.5000,-7137714.5000,-2315413.7500,1260638.6250,1816771.7500,2082078.0000,-4074729.5000,-1251530.1250,-669876.6875,-4920626.0000,-4057184.2500,6886302.0000,258429.5156,-4842469.5000,690682.0625,5447055.0000,1590809.5000,-4361834.5000,5087110.5000,873046.9375,8590855.0000,-5096610.5000,-12725.2227,-7085610.5000,4846261.5000,-2381873.2500,-5887744.5000,-8887460.0000,6083471.0000,-88754.8828,4976522.0000
1.2066,5327959.5000,5153038.5000,4452289.5000,-4849381.5000,-4679245.0000,-2827417.7500,2057089.2500,-1879971.1250,-2986920.5000,510975.5938,-185519.9062,1348365.2500,6356221.0000,3555352.0000,-3196400.7500,-2243637.5000,-5286950.5000,1558908.8750,3452207.0000,-1118079.5000,2973167.0000,-8774745.0000,-2063931.0000,2934354.5000,9002904.0000,-2844963.0000,5259905.0000,3966869.2500,7835875.0000,-1278645.6250,6630566.0000,3271968.7500,-43030.7539,-5347561.5000,-5714950.0000,4353929.5000,-4880218.5000,-1803941.5000,-3749875.5000,2436174.2500,-7141436.5000,-2322325.5000,1244156.7500,1815708.3750,2082609.7500,-4074197.7500,-1263758.7500,-681041.8750,-4924879.5000,-4055589.2500,6893213.5000,255771.1250,-4844064.5000,694935.4375,5452903.5000,1589746.1250,-4365556.0000,5083920.5000,877832.0000,8590323.0000,-5097674.0000,-11130.1953,-7084015.5000,4842008.0000,-2388785.0000,-5889871.0000,-8889587.0000,6070711.0000,-87691.5312,4973332.0000
1.2086,5337530.0000,5165267.0000,4458138.0000,-4843001.0000,-4672333.0000,-2823164.2500,2061342.6250,-1877844.5000,-2967780.2500,524267.5000,-175418.0625,1359530.3750,6357816.0000,3545250.2500,-3209161.0000,-2243637.5000,-5281634.0000,1579112.6250,3470284.0000,-1110104.3750,2988053.7500,-8783252.0000,-2079881.3750,2927974.5000,9014601.0000,-2833266.2500,5274792.0000,3978566.2500,7826305.0000,-1275987.2500,6636414.0000,3261335.2500,-43030.7539,-5357132.0000,-5704848.0000,4365094.5000,-4874370.0000,-1798093.1250,-3750407.2500,2440427.5000,-7136119.5000,-2318603.7500,1236713.2500,1823683.5000,2087926.5000,-4068881.0000,-1262163.7500,-675193.4375,-4920094.0000,-4043360.5000,6907569.0000,266936.3125,-4832367.5000,706100.6875,5459283.5000,1596126.2500,-4360771.0000,5084984.0000,882617.0625,8594045.0000,-5091825.5000,-7408.4634,-7073913.5000,4848388.0000,-2387721.7500,-5887213.0000,-8877358.0000,6080281.0000,-79184.7188,4987687.0000
1.2106,5330618.0000,5155165.0000,4443782.5000,-4857888.0000,-4685093.5000,-2831671.0000,2052304.1250,-1889009.6250,-2967780.2500,513102.2812,-183393.2031,1346238.5000,6346119.0000,3509628.0000,-3237339.7500,-2260651.2500,-5293862.5000,1581771.0000,3467093.7500,-1114357.7500,2984332.0000,-8811431.0000,-2109655.2500,2913087.5000,9004499.0000,-2834329.5000,5274260.5000,3974844.5000,7803443.0000,-1288215.8750,6631097.5000,3240068.2500,-58449.3555,-5380525.5000,-5710164.5000,4359778.0000,-4882345.5000,-1811916.6250,-3766357.5000,2430857.5000,-7149943.0000,-2330300.7500,1214382.8750,1817303.3750,2082078.0000,-4076856.2500,-1277582.2500,-682636.9375,-4931791.0000,-4051867.5000,6900657.0000,255771.1250,-4839811.0000,699188.8750,5450777.0000,1584961.0000,-4374063.0000,5073287.0000,876236.9375,8585007.0000,-5101395.5000,-16446.9551,-7077103.5000,4836159.5000,-2398887.0000,-5895188.0000,-8875232.0000,6095168.0000,-72804.6016,4995662.0000
1.2126,5319453.0000,5152506.5000,4433680.5000,-4872243.5000,-4699448.5000,-2841773.0000,2043797.3750,-1906555.0000,-2964058.5000,487581.8438,-196685.0938,1336136.6250,6329105.5000,3478259.0000,-3260733.5000,-2277664.7500,-5307686.0000,1581239.2500,3455928.7500,-1117016.1250,2977952.0000,-8845989.0000,-2134644.0000,2892352.2500,8993865.0000,-2841773.0000,5265753.5000,3963679.2500,7776859.0000,-1303102.7500,6620995.5000,3223054.5000,-79184.7188,-5397539.0000,-5714950.0000,4353929.5000,-4891383.5000,-1826271.8750,-3781244.2500,2421819.0000,-7162171.5000,-2341997.5000,1201091.0000,1810391.6250,2076761.2500,-4086426.2500,-1291405.8750,-694333.8125,-4944551.5000,-4063564.2500,6888428.5000,248859.3438,-4852571.5000,685897.0000,5440143.5000,1575390.8750,-4385228.0000,5058931.5000,866135.1250,8573841.0000,-5113092.5000,-26548.7969,-7087205.5000,4824994.0000,-2407393.7500,-5904758.0000,-8886397.0000,6099953.0000,-71741.2500,4994067.0000
1.2146,5354543.5000,5193445.5000,4464518.0000,-4838748.0000,-4668611.5000,-2805087.2500,2074102.8750,-1875717.7500,-2925777.7500,514697.3125,-166911.2500,1369632.2500,6350904.0000,3489956.0000,-3240530.0000,-2253739.2500,-5273658.5000,1624836.7500,3493146.0000,-1080330.5000,3013042.5000,-8833761.0000,-2114972.0000,2916809.2500,9024171.0000,-2809872.5000,5300312.5000,3997174.7500,7793341.0000,-1273328.8750,6651833.0000,3257081.7500,-58449.3555,-5366702.0000,-5677201.0000,4394868.5000,-4855761.5000,-1795434.6250,-3756787.2500,2457441.2500,-7131866.0000,-2310097.0000,1233523.2500,1846545.6250,2110256.7500,-4058779.2500,-1268012.1250,-658711.5000,-4906270.5000,-4025815.2500,6919266.0000,283418.2812,-4817481.0000,719392.5625,5472575.5000,1606228.0000,-4352264.5000,5088705.5000,895377.3125,8604679.0000,-5078533.5000,5351.7593,-7054773.0000,4859021.5000,-2379746.5000,-5873921.0000,-8863003.0000,6142487.5000,-35055.6133,5032348.0000
1.2166,5334340.0000,5173242.0000,4435807.5000,-4864268.5000,-4696258.5000,-2838051.2500,2048050.7500,-1900174.8750,-2947044.7500,482796.7500,-196153.4219,1342516.7500,6319535.5000,3450080.2500,-3276684.0000,-2285640.0000,-5307686.0000,1603569.6250,3474537.2500,-1096280.7500,2985927.2500,-8885865.0000,-2153252.5000,2883313.7500,8982700.0000,-2842836.2500,5274260.5000,3970591.0000,7750807.0000,-1305229.5000,6625249.0000,3226244.7500,-95666.6719,-5404982.5000,-5705379.5000,4368284.5000,-4883408.5000,-1827866.8750,-3792409.5000,2430857.5000,-7166957.0000,-2339870.7500,1203217.6250,1815708.3750,2082078.0000,-4083236.2500,-1304166.1250,-681573.5625,-4932854.5000,-4053462.5000,6893745.5000,260024.5469,-4850976.5000,693340.4375,5447055.0000,1581239.2500,-4382570.0000,5058931.5000,866135.1250,8576500.0000,-5107776.0000,-23358.7422,-7079762.0000,4829779.5000,-2401545.2500,-5899973.0000,-8899689.0000,6115372.0000,-51537.5664,5020651.0000
1.2186,5353480.0000,5190255.5000,4450694.5000,-4853103.0000,-4681371.5000,-2820506.0000,2058684.2500,-1889009.6250,-2927372.7500,497683.6875,-183393.2031,1358998.7500,6331232.0000,3453270.2500,-3272430.5000,-2274474.7500,-5299711.0000,1621115.0000,3494741.0000,-1073950.3750,2998155.7500,-8899689.0000,-2152721.0000,2888630.5000,8982169.0000,-2825291.0000,5287552.5000,3981224.5000,7748148.5000,-1296722.6250,6639072.5000,3237941.5000,-90881.5859,-5398071.0000,-5688366.0000,4382108.0000,-4869053.5000,-1822018.5000,-3784434.5000,2455314.5000,-7158450.0000,-2325515.5000,1220231.2500,1831127.0000,2095901.6250,-4070476.0000,-1295659.2500,-672003.3750,-4919031.0000,-4041234.0000,6905974.0000,274379.7812,-4836621.0000,708759.0625,5464068.5000,1592936.1250,-4370873.0000,5069033.5000,874110.2500,8588728.0000,-5093952.5000,-9003.4912,-7069660.0000,4843603.0000,-2394101.7500,-5885618.0000,-8901284.0000,6114308.5000,-45689.1328,5027031.0000
1.2206,5385912.5000,5224814.5000,4478341.5000,-4825456.0000,-4652129.5000,-2794453.7500,2092711.5000,-1856577.3750,-2897067.2500,527457.5625,-156277.7344,1391431.0000,6359411.0000,3477195.7500,-3249036.7500,-2245232.5000,-5278975.5000,1650357.1250,3525046.5000,-1043113.1875,3026866.2500,-8899157.0000,-2128795.5000,2920531.0000,8992270.0000,-2793922.0000,5310414.5000,4005150.0000,7764630.5000,-1273328.8750,6673631.5000,3271968.7500,-74399.6328,-5369892.0000,-5658592.0000,4416667.0000,-4836621.0000,-1791181.2500,-3753597.2500,2494127.0000,-7131866.0000,-2296805.0000,1251068.5000,1860900.8750,2128333.7500,-4042829.0000,-1262163.7500,-641166.1875,-4890320.5000,-4013586.7500,6932026.0000,304153.6562,-4810037.5000,736937.8750,5492779.0000,1620583.2500,-4345884.0000,5091364.0000,901225.7500,8612122.0000,-5065773.5000,19707.0098,-7044671.5000,4870186.5000,-2368049.7500,-5863287.5000,-8871510.0000,6140360.5000,-23358.7422,5042981.5000
1.2226,5327959.5000,5176432.0000,4427300.5000,-4879155.0000,-4707955.5000,-2848684.7500,2048582.3750,-1906023.2500,-2953425.0000,480138.3750,-207850.2969,1339326.7500,6305712.0000,3416584.7500,-3309647.7500,-2293083.2500,-5349688.5000,1595062.8750,3470815.5000,-1092027.3750,2963065.0000,-8981035.0000,-2188875.0000,2873743.5000,8916772.0000,-2852938.2500,5249271.5000,3947197.2500,7692322.5000,-1331281.6250,6627375.5000,3225713.0000,-142985.8281,-5436351.5000,-5716013.0000,4361904.5000,-4890320.5000,-1842222.1250,-3802511.5000,2442554.2500,-7190882.0000,-2350504.5000,1201622.6250,1811455.0000,2076229.6250,-4092274.7500,-1319584.7500,-694865.4375,-4946678.0000,-4071539.5000,6869288.5000,246200.9688,-4862141.5000,681643.5625,5438016.5000,1566884.0000,-4403837.0000,5035006.0000,842741.3750,8555764.0000,-5120536.0000,-33460.5859,-7103687.5000,4814360.5000,-2426002.2500,-5916455.0000,-8913512.0000,6079218.0000,-82374.7734,4982370.5000
1.2246,5372089.0000,5228536.5000,4475683.0000,-4830772.5000,-4662231.5000,-2806150.7500,2099623.2500,-1856577.3750,-2905574.0000,532774.3125,-162657.8438,1386645.8750,6355157.5000,3454333.7500,-3266050.2500,-2242042.5000,-5323636.5000,1640255.2500,3517603.0000,-1044176.5625,2993370.5000,-8964022.0000,-2144214.0000,2924252.7500,8936444.0000,-2816252.5000,5294464.0000,3991326.2500,7724755.0000,-1296191.0000,6680011.5000,3273032.2500,-111085.2734,-5404982.5000,-5669757.5000,4409223.5000,-4846191.5000,-1798093.1250,-3752002.2500,2486151.7500,-7151538.0000,-2300526.7500,1248941.7500,1860369.1250,2123017.0000,-4049209.0000,-1277582.2500,-643824.5625,-4899359.0000,-4023157.0000,6911822.5000,290330.0625,-4815886.0000,727367.6875,5485336.0000,1607823.1250,-4363961.0000,5073287.0000,879958.6875,8597767.0000,-5074280.5000,9605.1670,-7057963.0000,4854768.0000,-2390911.7500,-5878706.0000,-8857686.0000,6113777.0000,-45689.1328,5011612.5000
1.2266,5368367.0000,5212054.5000,4460264.5000,-4841406.0000,-4684562.0000,-2826886.0000,2088458.1250,-1867742.6250,-2922587.7500,523204.1250,-183393.2031,1364315.5000,6343992.5000,3429345.0000,-3282532.2500,-2251081.0000,-5349156.5000,1618456.6250,3497931.0000,-1062253.5000,2963065.0000,-8999112.0000,-2163354.5000,2914682.5000,8898164.0000,-2840178.0000,5278514.0000,3973249.5000,7695512.5000,-1317458.0000,6668315.0000,3260803.5000,-137669.0781,-5429971.5000,-5682517.5000,4395400.0000,-4862141.5000,-1810321.6250,-3761040.7500,2471264.7500,-7173868.5000,-2316477.0000,1232459.8750,1838038.7500,2106535.0000,-4061437.5000,-1291937.5000,-658711.5000,-4915841.0000,-4044424.0000,6886833.5000,271721.4062,-4828646.0000,709822.3750,5468854.0000,1591872.7500,-4382038.0000,5056805.0000,859755.0000,8576500.0000,-5087572.0000,-2091.7039,-7073913.5000,4839349.5000,-2409520.5000,-5893061.0000,-8850775.0000,6102080.0000,-55259.2969,5002042.5000
1.2286,5361987.0000,5197167.5000,4448567.5000,-4851508.0000,-4695195.5000,-2840178.0000,2081546.3750,-1877844.5000,-2927904.5000,512570.6250,-199875.1562,1346238.5000,6333890.5000,3410204.5000,-3296887.5000,-2259056.0000,-5372019.0000,1605696.3750,3485702.5000,-1076077.1250,2935418.0000,-9033671.0000,-2177709.7500,2905644.0000,8865731.0000,-2861976.7500,5266285.5000,3955172.5000,7667865.5000,-1335003.2500,6658213.0000,3257081.7500,-159467.7812,-5458150.5000,-5704848.0000,4385298.0000,-4875965.0000,-1829993.6250,-3774864.2500,2453187.7500,-7194604.0000,-2330832.2500,1223421.3750,1823151.8750,2093243.2500,-4075261.2500,-1299912.7500,-679978.5625,-4937639.5000,-4062501.0000,6859718.0000,250986.0469,-4841406.0000,698657.1875,5456093.5000,1577517.5000,-4397988.5000,5037664.5000,843273.0625,8562145.0000,-5101395.5000,-16446.9551,-7082952.0000,4824994.0000,-2422812.2500,-5907948.0000,-8852901.0000,6102080.0000,-61639.4102,4994599.0000
1.2306,5392824.0000,5228536.5000,4475151.5000,-4821202.5000,-4660636.5000,-2814657.5000,2115042.0000,-1848602.2500,-2892813.7500,540749.4375,-176481.4219,1372822.2500,6363133.0000,3437320.0000,-3267645.5000,-2228219.0000,-5350752.0000,1640255.2500,3512286.2500,-1050556.6250,2949241.5000,-9024633.0000,-2154847.7500,2933291.2500,8878492.0000,-2841241.2500,5291805.5000,3982287.7500,7689132.5000,-1308951.2500,6690113.5000,3285792.2500,-137137.3906,-5446985.0000,-5688366.0000,4414540.5000,-4845659.5000,-1806068.2500,-3751470.5000,2466479.7500,-7171210.0000,-2304248.5000,1247346.7500,1849204.0000,2118232.0000,-4052399.0000,-1271733.8750,-657648.1250,-4911056.0000,-4039638.7500,6878858.5000,278633.1875,-4811632.5000,725241.0000,5482677.5000,1603038.0000,-4374063.0000,5062653.5000,864540.1250,8586602.0000,-5073217.0000,11200.1953,-7054241.5000,4850514.5000,-2398355.2500,-5880832.5000,-8815684.0000,6137170.5000,-19637.0098,5039791.5000
1.2326,5371025.5000,5214181.0000,4452821.0000,-4837684.5000,-4673396.5000,-2830607.7500,2089521.5000,-1866679.2500,-2907169.0000,517355.6875,-197748.4531,1346770.1250,6348246.0000,3421369.7500,-3285722.2500,-2245764.2500,-5378399.0000,1633343.5000,3497399.5000,-1063848.6250,2913087.5000,-9055470.0000,-2172924.5000,2918936.0000,8846591.0000,-2856128.2500,5276919.0000,3960489.2500,7663080.5000,-1329686.5000,6670973.0000,3276754.0000,-162126.1719,-5472505.5000,-5715481.5000,4396463.5000,-4864800.0000,-1831057.0000,-3775927.5000,2427667.5000,-7191414.0000,-2324452.2500,1222889.6250,1829000.2500,2100155.0000,-4073666.2500,-1292469.2500,-678383.5000,-4934449.5000,-4061969.2500,6852806.5000,253112.7500,-4827582.5000,708759.0625,5465664.0000,1586556.0000,-4392671.5000,5041918.0000,841678.0000,8567993.0000,-5088104.0000,-7940.1392,-7066470.0000,4831906.0000,-2416432.2500,-5893061.0000,-8804519.0000,6130258.5000,-16978.6309,5028626.0000
1.2346,5372089.0000,5215776.0000,4446972.5000,-4836621.0000,-4668611.5000,-2827417.7500,2084736.3750,-1866679.2500,-2899725.7500,517355.6875,-197216.7812,1349428.5000,6348777.5000,3424028.0000,-3280405.5000,-2243637.5000,-5391159.0000,1645572.1250,3493146.0000,-1063848.6250,2901390.7500,-9063445.0000,-2171861.2500,2921062.7500,8832236.0000,-2865698.2500,5276919.0000,3961552.5000,7657763.5000,-1327559.8750,6680543.5000,3287919.0000,-168506.2812,-5476227.5000,-5717608.0000,4401780.0000,-4858951.5000,-1828930.2500,-3769015.7500,2420755.5000,-7194072.5000,-2328705.7500,1225016.3750,1834848.7500,2106535.0000,-4069412.7500,-1283962.3750,-682636.9375,-4932854.5000,-4061437.5000,6853869.5000,258961.1875,-4831836.0000,705037.3125,5465132.0000,1586556.0000,-4396925.0000,5038196.5000,837956.3125,8564271.0000,-5092889.0000,-9003.4912,-7065938.5000,4830311.0000,-2418559.0000,-5897314.5000,-8797607.0000,6119093.5000,-12725.2227,5020651.0000
1.2366,5386444.0000,5240765.0000,4466644.5000,-4816949.0000,-4645218.0000,-2797112.2500,2106535.0000,-1842222.1250,-2871015.2500,538622.7500,-177544.7656,1366442.2500,6367386.0000,3449548.5000,-3253290.2500,-2228750.5000,-5383184.0000,1671092.5000,3521856.5000,-1050025.0000,2912555.7500,-9046431.0000,-2146340.7500,2946583.0000,8843401.0000,-2852938.2500,5294996.0000,3984946.2500,7674777.5000,-1308419.5000,6706064.0000,3292704.2500,-152556.0000,-5458150.5000,-5702189.5000,4429959.0000,-4831304.5000,-1811385.0000,-3744558.7500,2443086.0000,-7175995.5000,-2312223.7500,1246283.3750,1857710.7500,2130992.2500,-4048677.2500,-1258442.0000,-666686.6250,-4914246.0000,-4039638.7500,6874605.0000,276506.5000,-4804189.0000,730026.0625,5490652.5000,1609418.1250,-4375126.5000,5057336.5000,861350.0625,8585538.0000,-5067368.5000,14390.2510,-7038823.0000,4849983.0000,-2397823.5000,-5873921.0000,-8772618.0000,6143019.0000,15985.2783,5045108.0000
1.2386,5357202.0000,5214712.5000,4438997.5000,-4848318.0000,-4668080.0000,-2821037.5000,2080483.0000,-1868274.2500,-2894940.5000,504595.4688,-207318.6250,1337200.0000,6334422.5000,3424028.0000,-3280405.5000,-2262246.2500,-5428376.5000,1644508.7500,3495804.2500,-1085647.2500,2865768.2500,-9082054.0000,-2171861.2500,2916809.2500,8802462.0000,-2893877.2500,5264158.5000,3961552.5000,7645003.5000,-1334471.6250,6683201.5000,3239005.0000,-187646.6094,-5491114.0000,-5731963.5000,4406033.5000,-4856825.0000,-1840627.1250,-3773801.0000,2420755.5000,-7207896.0000,-2343061.0000,1214382.8750,1831127.0000,2103876.7500,-4074197.7500,-1291937.5000,-688485.3750,-4940829.5000,-4071539.5000,6841641.0000,246732.6406,-4832899.5000,708759.0625,5464068.5000,1583897.6250,-4401178.5000,5028626.0000,835829.5625,8561081.0000,-5091294.0000,-10066.8428,-7066470.0000,4823399.0000,-2426534.0000,-5898378.0000,-8796544.0000,6121220.0000,-7940.1392,5021714.5000
1.2406,5363050.5000,5215776.0000,4445377.5000,-4837684.5000,-4661699.5000,-2808809.0000,2093243.2500,-1865615.8750,-2884307.0000,496620.3438,-200938.5156,1336136.6250,6333359.0000,3435193.2500,-3272962.2500,-2262246.2500,-5440605.0000,1658332.2500,3513349.7500,-1094154.1250,2847159.7500,-9082054.0000,-2167607.7500,2918404.2500,8793955.0000,-2902384.0000,5263095.0000,3961020.7500,7647662.0000,-1330218.2500,6686391.5000,3230498.0000,-182329.8438,-5487392.5000,-5728241.5000,4414008.5000,-4847254.5000,-1834778.7500,-3764230.7500,2436174.2500,-7204174.0000,-2339870.7500,1223421.3750,1838570.3750,2115042.0000,-4068881.0000,-1286089.1250,-677320.1875,-4930196.0000,-4061437.5000,6847489.5000,254707.7812,-4821734.0000,722050.9375,5474702.5000,1589746.1250,-4397988.5000,5033943.0000,842209.6875,8565866.0000,-5082787.0000,-4750.0835,-7066470.0000,4824994.0000,-2427065.7500,-5900504.5000,-8798670.0000,6122815.0000,-11661.8711,5028094.5000
1.2426,5381127.5000,5228536.5000,4454948.0000,-4829177.5000,-4649471.0000,-2789137.0000,2114510.2500,-1854982.3750,-2865166.7500,495025.3125,-188178.2812,1349428.5000,6336549.0000,3455928.7500,-3261265.2500,-2247359.2500,-5443795.0000,1684916.1250,3530895.0000,-1096280.7500,2839184.5000,-9069825.0000,-2150062.5000,2923189.2500,8790765.0000,-2897067.2500,5275855.5000,3971654.2500,7665739.0000,-1310546.2500,6706595.5000,3240068.2500,-172228.0156,-5494304.5000,-5714950.0000,4419857.0000,-4832899.5000,-1822550.1250,-3758914.0000,2442022.7500,-7200984.0000,-2337744.2500,1233523.2500,1846013.8750,2124080.5000,-4058779.2500,-1282367.3750,-665623.3125,-4916372.5000,-4052399.0000,6854933.0000,260024.5469,-4806847.5000,740659.6250,5485336.0000,1599316.2500,-4388418.5000,5043513.0000,854969.9375,8577031.0000,-5070027.0000,5351.7593,-7055836.5000,4837223.0000,-2416432.2500,-5885618.0000,-8777403.0000,6144614.0000,10136.8428,5055210.0000
1.2446,5339125.0000,5190255.5000,4423047.0000,-4863736.5000,-4687752.0000,-2819974.2500,2096965.0000,-1890604.6250,-2898662.2500,455149.6250,-224332.2500,1317528.0000,6296141.5000,3419774.7500,-3293165.7500,-2282449.7500,-5500684.5000,1654610.5000,3494741.0000,-1142536.6250,2778573.5000,-9106511.0000,-2183558.2500,2885972.0000,8742383.0000,-2938006.2500,5235980.0000,3933373.7500,7630648.0000,-1338193.3750,6672036.5000,3206572.7500,-210508.6719,-5548535.0000,-5760674.0000,4381045.0000,-4870116.5000,-1854450.7500,-3794004.5000,2422882.2500,-7244581.5000,-2379746.5000,1195774.2500,1813050.0000,2088458.1250,-4093338.2500,-1321179.7500,-699650.5625,-4951995.0000,-4084299.7500,6816652.5000,221212.1875,-4835558.0000,706100.6875,5445992.0000,1560503.8750,-4422445.5000,5010549.0000,820411.0000,8540877.0000,-5105649.0000,-29207.1777,-7093054.0000,4799474.0000,-2452586.2500,-5922303.5000,-8808772.0000,6114308.5000,-15915.2783,5029689.5000
1.2466,5343910.0000,5198231.0000,4438466.0000,-4852571.5000,-4679245.0000,-2807214.0000,2116637.0000,-1881566.2500,-2890155.5000,462593.0625,-217420.4688,1323376.5000,6300926.5000,3439446.7500,-3281469.0000,-2267563.0000,-5507596.0000,1665775.7500,3498994.5000,-1146258.3750,2771661.7500,-9093219.0000,-2161759.5000,2891288.7500,8742914.0000,-2935879.5000,5235448.0000,3941880.5000,7647130.0000,-1322243.1250,6679480.0000,3216142.7500,-207318.6250,-5552788.5000,-5761205.5000,4394868.5000,-4853634.5000,-1836373.7500,-3787624.5000,2445744.2500,-7243518.0000,-2376556.5000,1202686.0000,1822088.5000,2099091.7500,-4086426.2500,-1311077.8750,-697523.8750,-4939766.5000,-4076856.2500,6827817.5000,229719.0156,-4823861.0000,710885.7500,5453435.0000,1567415.7500,-4417129.0000,5017461.0000,829981.1875,8549916.0000,-5096610.5000,-23358.7422,-7080825.5000,4805854.0000,-2441421.0000,-5918581.5000,-8794949.0000,6125473.5000,-4218.4077,5040854.5000
1.2486,5352417.0000,5223219.5000,4466113.0000,-4831304.5000,-4657446.5000,-2785415.2500,2144815.7500,-1860299.1250,-2859850.0000,487050.1562,-202533.5312,1329224.8750,6314750.5000,3462840.5000,-3255416.7500,-2242042.5000,-5497494.5000,1688637.8750,3514944.7500,-1138283.2500,2785485.2500,-9065572.0000,-2128795.5000,2919467.7500,8758333.0000,-2922056.0000,5246081.5000,3969527.7500,7677435.5000,-1289810.8750,6695962.0000,3261335.2500,-191368.3438,-5544282.0000,-5750040.5000,4415072.0000,-4827582.5000,-1807663.2500,-3767420.7500,2470201.5000,-7230226.0000,-2359011.2500,1219168.0000,1842292.1250,2124612.0000,-4066754.2500,-1287684.1250,-681041.8750,-4924879.5000,-4056652.5000,6848021.0000,246200.9688,-4806315.5000,732152.8125,5467790.5000,1583897.6250,-4398520.0000,5036601.5000,848589.8125,8573310.0000,-5074280.5000,-2623.3796,-7062216.5000,4822867.5000,-2420154.0000,-5894656.5000,-8763048.0000,6160564.0000,25023.7695,5062121.5000
1.2506,5315199.5000,5203016.0000,4448567.5000,-4857888.0000,-4685093.5000,-2797643.7500,2126207.0000,-1886883.0000,-2872610.2500,471099.9062,-228585.6562,1296261.0000,6281254.5000,3449017.0000,-3267645.5000,-2257461.0000,-5536306.5000,1672687.5000,3491019.2500,-1168057.0000,2759964.7500,-9083117.0000,-2143150.7500,2907770.7500,8726964.0000,-2944386.5000,5220029.5000,3949324.0000,7659358.5000,-1297786.0000,6678948.5000,3248043.5000,-211040.3594,-5575650.5000,-5773966.0000,4396463.5000,-4841406.0000,-1820955.1250,-3783371.0000,2445744.2500,-7260532.0000,-2382936.5000,1192584.1250,1822620.1250,2103876.7500,-4089084.7500,-1310546.2500,-711347.4375,-4941893.0000,-4077919.5000,6831539.5000,225465.6094,-4824924.0000,713544.1250,5450245.0000,1560503.8750,-4419787.0000,5013739.0000,827322.7500,8553106.0000,-5097674.0000,-23890.4180,-7080825.5000,4801069.0000,-2437699.2500,-5918050.0000,-8787505.0000,6133449.0000,10136.8428,5040854.5000
1.2526,5333808.0000,5233321.5000,4475683.0000,-4830772.5000,-4656383.0000,-2760958.2500,2162361.0000,-1858172.5000,-2838051.2500,497152.0000,-200406.8281,1314869.6250,6297205.0000,3477727.5000,-3234149.7500,-2225028.7500,-5518761.5000,1709373.1250,3520793.2500,-1155296.8750,2786017.0000,-9045900.0000,-2105401.7500,2943924.7500,8749826.0000,-2927904.5000,5246081.5000,3976971.0000,7690727.5000,-1258973.6250,6710317.0000,3287387.5000,-184456.5625,-5558637.0000,-5744723.5000,4426237.5000,-4808974.0000,-1786927.8750,-3755724.0000,2471796.5000,-7236074.5000,-2353694.5000,1221294.6250,1851330.6250,2135777.2500,-4066754.2500,-1287152.5000,-678915.1875,-4912119.0000,-4045487.2500,6867161.5000,252049.4062,-4794618.5000,741722.9375,5474702.5000,1590809.5000,-4393203.5000,5044044.5000,856033.2500,8583412.0000,-5066305.0000,3756.7317,-7049988.0000,4829779.5000,-2409520.5000,-5887744.5000,-8761985.0000,6156311.0000,37783.9922,5070097.0000
1.2546,5333276.5000,5227473.0000,4474620.0000,-4829709.5000,-4665953.0000,-2754046.5000,2161297.7500,-1860299.1250,-2847621.5000,484923.4688,-206255.2656,1306362.7500,6282849.5000,3472410.7500,-3235744.7500,-2225560.5000,-5527800.0000,1710968.2500,3514413.0000,-1166993.7500,2788675.2500,-9043773.0000,-2101148.2500,2942861.5000,8746104.0000,-2936943.0000,5238106.5000,3971654.2500,7693386.0000,-1250998.5000,6704468.5000,3300147.5000,-186051.5781,-5563954.0000,-5748445.5000,4427300.5000,-4804189.0000,-1783206.1250,-3759977.2500,2472859.7500,-7238201.5000,-2361138.0000,1216509.6250,1846545.6250,2132055.5000,-4077919.5000,-1297786.0000,-683168.6250,-4914246.0000,-4048677.2500,6867161.5000,247264.3125,-4798872.0000,738001.2500,5472044.0000,1587087.7500,-4397457.0000,5040854.5000,857628.3125,8585538.0000,-5066837.0000,3225.0557,-7047329.5000,4824462.5000,-2410052.0000,-5894124.5000,-8768896.0000,6148867.5000,26618.7969,5072755.0000
1.2566,5305097.5000,5186002.0000,4449099.5000,-4875433.5000,-4698917.0000,-2778503.5000,2130460.5000,-1895921.5000,-2887497.0000,453554.5938,-237092.4688,1273930.6250,6241910.5000,3439446.7500,-3262860.2500,-2256929.5000,-5563422.0000,1681194.3750,3479322.5000,-1204742.7500,2766345.0000,-9073015.0000,-2127732.2500,2905644.0000,8708355.0000,-2976287.0000,5196635.5000,3939753.7500,7664675.5000,-1279177.3750,6665124.5000,3271968.7500,-216888.7812,-5585752.5000,-5781941.0000,4392210.0000,-4836089.5000,-1811385.0000,-3792941.2500,2430857.5000,-7269038.5000,-2392506.7500,1188862.3750,1816771.7500,2102281.7500,-4113010.2500,-1329686.5000,-717727.5625,-4943488.0000,-4076324.5000,6844299.5000,215363.7656,-4832367.5000,706632.3125,5437485.0000,1553060.5000,-4429357.5000,5010017.5000,829981.1875,8559486.0000,-5092889.0000,-24953.7695,-7081888.5000,4793093.5000,-2440889.2500,-5925493.5000,-8821532.0000,6104738.5000,-22295.3906,5045640.0000
1.2586,5318389.5000,5197167.5000,4463986.5000,-4858951.5000,-4676586.5000,-2755641.5000,2151727.5000,-1878376.1250,-2864635.0000,473758.2812,-218483.8125,1298387.6250,6252012.5000,3463372.2500,-3243188.2500,-2239915.7500,-5551193.5000,1706714.7500,3492614.2500,-1198894.2500,2790802.0000,-9054406.0000,-2100616.7500,2918936.0000,8725901.0000,-2961931.7500,5217371.0000,3963679.2500,7685942.5000,-1260037.0000,6681075.0000,3285260.7500,-195090.0781,-5556510.5000,-5758547.0000,4414540.5000,-4817481.0000,-1784801.1250,-3773269.2500,2425009.0000,-7251493.5000,-2369644.7500,1198964.2500,1835380.3750,2121422.0000,-4098123.2500,-1311077.8750,-701777.2500,-4920094.0000,-4050804.0000,6869820.0000,235567.4531,-4814822.5000,719924.2500,5451840.0000,1569542.3750,-4410748.5000,5027563.0000,844336.4375,8580221.0000,-5072685.0000,-6876.7871,-7064343.5000,4811170.5000,-2426002.2500,-5912201.5000,-8810899.0000,6121752.0000,-19105.3340,5069033.5000
1.2606,5305097.5000,5186534.0000,4450694.5000,-4866926.5000,-4688815.0000,-2761490.0000,2145347.5000,-1885819.6250,-2873673.5000,463656.4375,-232839.0625,1286690.7500,6239252.5000,3449548.5000,-3251163.5000,-2247891.0000,-5576714.0000,1693422.8750,3466030.5000,-1221224.6250,2787080.2500,-9062913.0000,-2102211.7500,2907239.0000,8715799.0000,-2972565.2500,5209927.5000,3956235.7500,7674245.5000,-1267480.5000,6664593.0000,3275158.7500,-199343.4844,-5555978.5000,-5767054.0000,4409223.5000,-4828646.0000,-1787991.2500,-3783902.7500,2403742.0000,-7260000.0000,-2373366.5000,1182482.3750,1823151.8750,2111851.7500,-4111415.0000,-1329154.8750,-721980.9375,-4931791.0000,-4061437.5000,6861845.0000,222275.5469,-4828114.5000,711417.4375,5437485.0000,1555187.1250,-4420319.0000,5019587.5000,838488.0000,8576500.0000,-5080128.5000,-9003.4912,-7075508.5000,4799474.0000,-2436104.2500,-5922835.0000,-8815152.0000,6112181.5000,-24953.7695,5061058.5000
1.2626,5309882.5000,5182812.0000,4451226.0000,-4861610.0000,-4687752.0000,-2755109.7500,2149069.2500,-1882629.5000,-2880585.2500,460466.3750,-234965.7656,1286690.7500,6232340.5000,3447953.5000,-3253290.2500,-2249486.0000,-5584689.0000,1682789.3750,3455397.0000,-1224946.3750,2789207.0000,-9060255.0000,-2096363.2500,2904580.7500,8712077.0000,-2976818.7500,5218434.5000,3955704.0000,7676904.0000,-1270138.8750,6660871.5000,3263462.0000,-199875.1562,-5550662.0000,-5754825.5000,4414008.5000,-4831304.5000,-1784269.5000,-3782839.5000,2398957.0000,-7262127.0000,-2361138.0000,1184609.0000,1825278.5000,2112383.5000,-4107161.7500,-1323838.1250,-726234.3750,-4930196.0000,-4061969.2500,6865035.0000,221212.1875,-4826519.5000,707164.0000,5438016.5000,1555718.8750,-4419787.0000,5019587.5000,834234.5625,8576500.0000,-5081192.0000,-14320.2510,-7071255.0000,4796283.5000,-2437699.2500,-5928152.0000,-8821001.0000,6108991.5000,-21232.0371,5062653.5000
1.2646,5349226.5000,5208864.5000,4481000.0000,-4827051.0000,-4653193.0000,-2717360.7500,2187349.7500,-1848602.2500,-2856128.2500,483328.4375,-211040.3594,1321781.3750,6253607.5000,3476132.2500,-3222453.0000,-2215458.7500,-5567675.5000,1700334.7500,3471879.0000,-1197830.8750,2829082.7500,-9020911.0000,-2060741.0000,2937013.0000,8735471.0000,-2960336.7500,5257247.0000,3986541.2500,7717843.0000,-1238238.2500,6691708.5000,3296957.5000,-167442.9219,-5516103.0000,-5714950.0000,4450694.5000,-4796745.5000,-1750773.8750,-3749875.5000,2430325.7500,-7235543.0000,-2323920.5000,1220231.2500,1855584.1250,2144284.0000,-4082704.5000,-1293000.8750,-687422.0000,-4898827.0000,-4027410.2500,6901189.0000,251517.7188,-4793555.5000,742254.6250,5469385.5000,1584429.3750,-4393203.5000,5046171.5000,860286.6875,8604679.0000,-5052481.5000,9605.1670,-7041481.5000,4826057.5000,-2408457.0000,-5900504.5000,-8789632.0000,6135044.0000,13858.5742,5096680.5000
1.2666,5324238.0000,5171115.5000,4453884.5000,-4855761.5000,-4673396.5000,-2735969.5000,2168741.2500,-1875186.1250,-2894940.5000,449832.8438,-242940.9062,1293070.8750,6223833.5000,3452207.0000,-3241593.2500,-2235662.2500,-5612336.5000,1656737.2500,3441573.5000,-1230794.8750,2808347.2500,-9040583.0000,-2084666.3750,2913087.5000,8700380.0000,-2992237.2500,5232258.0000,3955172.5000,7692854.5000,-1263227.0000,6657681.0000,3279944.0000,-189241.6406,-5542155.0000,-5734622.0000,4423579.0000,-4823861.0000,-1782142.7500,-3779117.7500,2408527.0000,-7260532.0000,-2336149.0000,1202686.0000,1827936.8750,2111320.2500,-4113541.7500,-1319584.7500,-696460.5000,-4926474.5000,-4051335.7500,6879922.0000,224933.9219,-4819607.5000,713012.4375,5444928.5000,1558377.2500,-4420850.5000,5019056.0000,833171.1875,8577563.0000,-5078533.5000,-13788.5742,-7078167.0000,4797347.0000,-2431319.0000,-5923898.5000,-8817811.0000,6104738.5000,-5281.7593,5071692.0000
1.2686,5333808.0000,5181749.0000,4463454.5000,-4840874.5000,-4654256.5000,-2724272.5000,2181501.5000,-1858704.1250,-2884307.0000,459403.0312,-235497.4531,1313806.2500,6237657.0000,3469220.5000,-3236276.5000,-2218648.7500,-5605956.0000,1660990.6250,3452738.5000,-1218566.2500,2826424.2500,-9027823.0000,-2074032.8750,2925847.7500,8714204.0000,-2972033.5000,5246613.5000,3963147.5000,7709336.5000,-1250998.5000,6662466.5000,3288450.7500,-166379.5781,-5522483.0000,-5714950.0000,4443251.0000,-4808974.0000,-1772572.6250,-3763167.5000,2436706.0000,-7241391.5000,-2312755.5000,1228738.1250,1845482.2500,2124612.0000,-4101313.2500,-1299381.0000,-668813.3750,-4909992.5000,-4032195.5000,6903847.0000,239820.8594,-4812164.0000,727367.6875,5453435.0000,1571137.3750,-4406495.5000,5033943.0000,847526.4375,8595640.0000,-5060988.5000,4820.0835,-7068597.0000,4810639.0000,-2418559.0000,-5909011.5000,-8815684.0000,6103143.0000,13326.8984,5083920.5000
1.2706,5321048.0000,5165267.0000,4450694.5000,-4844064.5000,-4660636.5000,-2736501.0000,2167146.2500,-1872527.7500,-2905574.0000,446642.8125,-250384.3750,1310084.5000,6227555.5000,3467093.7500,-3242125.0000,-2226624.0000,-5620311.5000,1640255.2500,3429345.0000,-1237706.6250,2817385.7500,-9037393.0000,-2091046.5000,2916277.5000,8701975.0000,-2973097.0000,5231726.5000,3947729.0000,7699766.0000,-1268012.1250,6641731.0000,3273563.7500,-170101.2969,-5525673.0000,-5720266.5000,4440592.5000,-4818544.0000,-1783206.1250,-3775927.5000,2427667.5000,-7242986.5000,-2309565.2500,1223421.3750,1837507.1250,2112383.5000,-4115668.5000,-1304697.7500,-679446.8750,-4922221.0000,-4042829.0000,6894277.0000,226528.9531,-4832367.5000,711417.4375,5441738.5000,1558908.8750,-4417660.5000,5022777.5000,839551.3125,8586070.0000,-5068432.0000,-4218.4077,-7081357.0000,4801600.5000,-2427597.5000,-5916986.5000,-8840673.0000,6083471.0000,15453.6025,5075945.5000
1.2726,5305097.5000,5138683.0000,4432617.5000,-4861610.0000,-4680840.0000,-2759894.7500,2145347.5000,-1893263.0000,-2930031.2500,425907.4375,-271651.4062,1292007.5000,6206288.5000,3452738.5000,-3255948.5000,-2250549.2500,-5638388.5000,1613671.5000,3396912.7500,-1262695.3750,2794523.7500,-9058660.0000,-2115503.5000,2894478.7500,8681772.0000,-2986388.7500,5203547.5000,3917423.5000,7677967.5000,-1287152.5000,6613020.5000,3240600.0000,-185519.9062,-5541092.0000,-5739407.0000,4421452.0000,-4840343.0000,-1807663.2500,-3799853.0000,2398425.2500,-7261063.5000,-2322325.5000,1206939.3750,1822088.5000,2090584.8750,-4143315.7500,-1320648.0000,-687953.6875,-4944551.5000,-4061437.5000,6878858.5000,208983.6406,-4852571.5000,689618.6875,5420471.5000,1539236.8750,-4435206.0000,5006827.5000,820942.6875,8569056.0000,-5085977.0000,-20700.3613,-7102624.0000,4784055.0000,-2445674.2500,-5934000.5000,-8880548.0000,6066457.5000,11731.8711,5059463.5000
1.2746,5333808.0000,5169520.5000,4462923.0000,-4833431.0000,-4647876.0000,-2736501.0000,2173526.2500,-1866679.2500,-2910359.2500,449301.1875,-244004.2656,1329224.8750,6238189.0000,3494741.0000,-3218199.5000,-2218648.7500,-5601703.0000,1629090.1250,3421901.5000,-1239301.6250,2827487.7500,-9023038.0000,-2088919.7500,2923721.0000,8715267.0000,-2956083.2500,5223751.0000,3930715.2500,7711994.5000,-1258973.6250,6636946.0000,3262398.7500,-149365.9375,-5496431.0000,-5712823.0000,4457074.5000,-4805784.0000,-1783737.8750,-3773269.2500,2427667.5000,-7220656.0000,-2283513.2500,1246815.1250,1856647.3750,2118763.7500,-4119922.0000,-1285557.5000,-654989.7500,-4910524.0000,-4026878.7500,6917139.0000,240884.2031,-4829177.5000,714607.5000,5446523.5000,1568479.0000,-4404900.0000,5036069.5000,849653.1875,8594577.0000,-5054076.5000,9605.1670,-7078167.0000,4815424.0000,-2420685.5000,-5910606.5000,-8859813.0000,6093573.0000,48417.5117,5080198.5000
1.2766,5325301.5000,5155165.0000,4452821.0000,-4841406.0000,-4657978.0000,-2747134.7500,2163956.0000,-1877312.7500,-2925777.7500,428565.8125,-254637.7812,1330288.2500,6232872.0000,3503247.7500,-3219794.5000,-2227155.5000,-5606488.0000,1602506.3750,3401166.0000,-1250466.8750,2822702.5000,-9031013.0000,-2097958.2500,2914682.5000,8711545.0000,-2959805.0000,5205674.0000,3912106.7500,7704551.0000,-1274392.2500,6625249.0000,3239005.0000,-154682.7031,-5498557.5000,-5726646.5000,4444846.0000,-4816949.0000,-1807131.5000,-3795068.0000,2413312.2500,-7224909.5000,-2284576.5000,1236713.2500,1843355.5000,2104408.5000,-4136935.5000,-1294064.2500,-666154.9375,-4924347.5000,-4036980.5000,6907569.0000,233440.7344,-4833431.0000,705037.3125,5439611.5000,1560503.8750,-4411280.5000,5028094.5000,840083.0000,8585007.0000,-5059925.0000,4288.4077,-7089864.0000,4808512.5000,-2428129.0000,-5912733.0000,-8851306.0000,6089851.5000,45227.4570,5074882.0000
1.2786,5309351.0000,5134961.5000,4436871.0000,-4857356.5000,-4680840.0000,-2773718.5000,2143220.7500,-1898048.1250,-2955020.0000,397196.9375,-274309.7812,1313806.2500,6216922.0000,3493677.7500,-3228301.2500,-2244700.7500,-5620311.5000,1566884.0000,3376177.2500,-1268012.1250,2806752.2500,-9045368.0000,-2120288.7500,2900327.2500,8698785.0000,-2978945.2500,5183344.0000,3887117.7500,7688069.0000,-1295659.2500,6601855.5000,3217206.2500,-169569.6250,-5520888.0000,-5747382.0000,4423579.0000,-4839279.5000,-1843285.5000,-3821120.0000,2394703.5000,-7236606.5000,-2300526.7500,1224484.7500,1829532.0000,2084204.7500,-4162456.0000,-1319584.7500,-689017.0625,-4939766.5000,-4057715.7500,6888960.5000,214300.4062,-4849913.0000,682706.9375,5422598.0000,1544553.6250,-4429357.5000,5012676.0000,821474.3125,8564271.0000,-5077470.5000,-14320.2510,-7106877.5000,4788308.5000,-2448332.7500,-5932405.5000,-8855028.0000,6074964.5000,29277.1777,5052020.0000
1.2806,5342315.0000,5161545.0000,4468771.5000,-4825987.5000,-4653193.0000,-2749261.2500,2171931.2500,-1864020.8750,-2929499.5000,413678.8750,-241877.5625,1349428.5000,6246695.5000,3532490.0000,-3194805.7500,-2212800.2500,-5584157.5000,1578580.8750,3405951.2500,-1235579.8750,2843438.0000,-9007087.0000,-2086261.3750,2938608.0000,8737598.0000,-2947044.7500,5207269.5000,3912106.7500,7723160.0000,-1264822.1250,6631629.0000,3257613.5000,-131820.6406,-5490582.5000,-5711759.5000,4458669.5000,-4805252.0000,-1820955.1250,-3789219.5000,2434047.5000,-7197262.5000,-2263841.2500,1254258.6250,1862495.8750,2116105.2500,-4130023.7500,-1287684.1250,-653926.4375,-4904144.0000,-4019435.2500,6926177.5000,252581.0781,-4817481.0000,713012.4375,5453435.0000,1571137.3750,-4397988.5000,5041386.5000,851248.1875,8591918.0000,-5049291.5000,15453.6025,-7076040.0000,4818614.0000,-2418559.0000,-5901036.5000,-8818874.0000,6105801.5000,64367.7891,5087110.5000
1.2826,5310946.0000,5133366.5000,4445377.5000,-4849381.5000,-4686688.5000,-2788605.2500,2145347.5000,-1889541.3750,-2966185.2500,380183.3125,-262612.9062,1327098.1250,6217985.0000,3511754.7500,-3210224.5000,-2236725.7500,-5605956.0000,1536046.8750,3373519.0000,-1263758.7500,2815259.2500,-9023569.0000,-2110186.7500,2921062.7500,8720052.0000,-2971502.0000,5175900.5000,3877016.0000,7701893.0000,-1292469.2500,6600792.0000,3239005.0000,-154151.0312,-5521419.5000,-5742065.5000,4426237.5000,-4839279.5000,-1854982.3750,-3807296.5000,2419692.2500,-7222251.0000,-2295741.7500,1229801.5000,1834848.7500,2082609.7500,-4159797.7500,-1313736.2500,-680510.1875,-4932323.0000,-4048677.2500,6900125.5000,227592.3125,-4843533.0000,685897.0000,5428446.5000,1547212.0000,-4426167.5000,5010549.0000,824664.3750,8565335.0000,-5075875.5000,-13788.5742,-7106877.5000,4789903.5000,-2441421.0000,-5924962.0000,-8841204.0000,6084003.0000,56924.3281,5069033.5000
1.2846,5313604.5000,5128581.0000,4448567.5000,-4843533.0000,-4692537.0000,-2805619.0000,2140562.5000,-1888478.0000,-2974160.2500,374866.5312,-259954.5469,1326034.8750,6219580.5000,3519729.7500,-3195869.2500,-2232472.2500,-5599044.5000,1525945.0000,3372455.5000,-1268012.1250,2818449.2500,-9011872.0000,-2108591.7500,2927442.7500,8729091.0000,-2967780.2500,5172710.5000,3866914.2500,7706146.0000,-1294596.0000,6601323.5000,3239005.0000,-149365.9375,-5517698.0000,-5747382.0000,4420389.0000,-4839811.0000,-1858172.5000,-3795599.5000,2426072.2500,-7216934.5000,-2290425.0000,1233523.2500,1834848.7500,2081014.6250,-4156607.5000,-1306292.7500,-677851.8125,-4924879.5000,-4043360.5000,6908632.5000,239289.1719,-4846191.5000,684833.6250,5429510.0000,1549338.7500,-4425104.0000,5012676.0000,831576.1875,8565866.0000,-5073748.5000,-8471.8154,-7104219.0000,4792030.5000,-2441952.7500,-5922835.0000,-8856623.0000,6064331.0000,51075.8906,5069565.0000
1.2866,5329023.0000,5145595.0000,4471961.5000,-4821734.0000,-4665421.5000,-2789668.7500,2157044.2500,-1862957.5000,-2959273.2500,391348.5000,-236560.7969,1347833.5000,6240315.5000,3550035.2500,-3161842.0000,-2205888.5000,-5569270.5000,1548807.0000,3401697.7500,-1246745.1250,2846096.2500,-8983162.0000,-2079349.6250,2957748.2500,8763118.0000,-2934284.5000,5194509.0000,3887117.7500,7733793.5000,-1273860.6250,6626312.5000,3265057.0000,-114807.0078,-5482075.5000,-5721861.5000,4435807.5000,-4821202.5000,-1833715.3750,-3763167.5000,2465416.5000,-7184502.0000,-2261714.5000,1252131.8750,1855584.1250,2098028.2500,-4134808.7500,-1275455.6250,-644887.9375,-4904144.0000,-4018371.7500,6931494.5000,266936.3125,-4822266.0000,709822.3750,5459283.5000,1577517.5000,-4398520.0000,5038196.5000,859755.0000,8589792.0000,-5048760.0000,18111.9824,-7080293.5000,4819146.0000,-2415368.7500,-5902099.5000,-8840673.0000,6085598.0000,73937.9609,5096680.5000
1.2886,5305629.5000,5125391.0000,4457074.5000,-4840874.5000,-4677650.0000,-2811999.0000,2130992.2500,-1878907.7500,-2982667.0000,373271.5312,-253574.4219,1326034.8750,6225960.5000,3533553.2500,-3175133.7500,-2220775.5000,-5568739.0000,1537641.8750,3384684.0000,-1265353.7500,2831741.0000,-8990605.0000,-2088919.7500,2946051.5000,8759396.0000,-2938538.0000,5178027.0000,3865319.2500,7719970.0000,-1293000.8750,6615679.0000,3244853.2500,-117997.0625,-5488456.0000,-5743128.5000,4406033.5000,-4845659.5000,-1854982.3750,-3778054.2500,2446807.7500,-7198325.5000,-2279791.5000,1229801.5000,1832722.0000,2076229.6250,-4148100.7500,-1291937.5000,-660838.1875,-4924879.5000,-4040702.2500,6910227.5000,247796.0000,-4833431.0000,703442.3125,5446523.5000,1566352.3750,-4412875.5000,5025436.0000,849121.5000,8573841.0000,-5066305.0000,2161.7039,-7094649.0000,4804259.0000,-2428129.0000,-5914328.5000,-8846521.0000,6073901.0000,47354.1602,5079135.5000
1.2906,5304566.0000,5129644.5000,4466113.0000,-4837153.0000,-4668080.0000,-2806682.2500,2126738.7500,-1870932.6250,-2985857.2500,383905.0312,-244004.2656,1327098.1250,6230745.5000,3537806.7500,-3164500.2500,-2208015.2500,-5552788.5000,1538173.5000,3385747.5000,-1258973.6250,2836526.2500,-8973060.0000,-2071906.1250,2957216.7500,8778005.0000,-2925246.0000,5180685.5000,3862129.0000,7729540.0000,-1285025.7500,6626844.0000,3246980.0000,-96198.3438,-5475695.5000,-5739407.0000,4403907.0000,-4839279.5000,-1840095.5000,-3760509.0000,2451061.2500,-7183439.0000,-2269689.7500,1247346.7500,1836443.7500,2084204.7500,-4132682.2500,-1278114.0000,-644887.9375,-4913182.5000,-4026347.0000,6924051.0000,260024.5469,-4823329.0000,716734.1875,5456625.5000,1576985.8750,-4404368.5000,5033943.0000,858691.6875,8578095.0000,-5056735.0000,9605.1670,-7085078.5000,4814360.5000,-2426534.0000,-5914860.0000,-8839078.0000,6064331.0000,31935.5566,5082857.0000
1.2926,5300312.5000,5131771.5000,4478341.5000,-4837153.0000,-4669675.0000,-2804555.7500,2135245.5000,-1865084.2500,-2987983.7500,393475.1875,-241345.8750,1328161.5000,6232340.5000,3536211.7500,-3153335.0000,-2195786.7500,-5542155.0000,1532856.7500,3385747.5000,-1254720.2500,2838121.2500,-8950730.0000,-2044790.7500,2966786.7500,8789702.0000,-2915144.2500,5187597.0000,3863192.5000,7744958.5000,-1279709.0000,6641199.5000,3255486.7500,-85033.1484,-5480480.5000,-5730900.0000,4398590.0000,-4840874.5000,-1828398.6250,-3747217.0000,2455314.5000,-7176527.0000,-2271284.7500,1248410.1250,1836443.7500,2087394.7500,-4123112.0000,-1265353.7500,-637444.4375,-4910524.0000,-4027942.0000,6921924.0000,261619.5625,-4824392.5000,720455.9375,5460347.0000,1576454.2500,-4402773.5000,5036601.5000,862413.3750,8575968.0000,-5057798.5000,8541.8154,-7085610.5000,4818614.0000,-2425470.7500,-5911670.0000,-8817811.0000,6073901.0000,36188.9648,5084452.0000
1.2946,5273728.5000,5111567.5000,4464518.0000,-4855230.0000,-4688815.0000,-2821569.2500,2134182.2500,-1876249.3750,-3010846.0000,382841.6875,-257827.8281,1317528.0000,6216390.0000,3510159.5000,-3158651.7500,-2206420.2500,-5548535.0000,1508931.3750,3363948.7500,-1268543.8750,2818981.0000,-8946476.0000,-2037347.2500,2963065.0000,8784917.0000,-2915676.0000,5178559.0000,3849900.5000,7737515.0000,-1285025.7500,6636946.0000,3246448.2500,-87691.5312,-5483139.0000,-5739938.5000,4376259.5000,-4854698.0000,-1832652.0000,-3758382.2500,2446276.0000,-7182907.0000,-2287235.0000,1235118.2500,1819430.1250,2073039.5000,-4134277.2500,-1273328.8750,-653926.4375,-4922752.5000,-4047082.2500,6902784.0000,247796.0000,-4838216.0000,707164.0000,5442801.5000,1561567.2500,-4416065.5000,5023309.5000,851248.1875,8559486.0000,-5070558.5000,-3686.7317,-7101029.0000,4800537.0000,-2439826.0000,-5925493.5000,-8817279.0000,6062204.0000,23428.7422,5074350.5000
1.2966,5259373.5000,5111036.0000,4463986.5000,-4854698.0000,-4698917.0000,-2831139.5000,2142157.5000,-1879971.1250,-3018289.2500,379119.9375,-258891.1875,1307426.1250,6206820.0000,3500057.7500,-3153335.0000,-2210673.5000,-5539496.5000,1498829.5000,3351720.2500,-1269607.1250,2802499.0000,-8935843.0000,-2019270.2500,2962533.5000,8793955.0000,-2906637.5000,5176963.5000,3844583.7500,7741768.5000,-1283430.7500,6641731.0000,3242195.0000,-84501.4766,-5468784.0000,-5748445.5000,4366158.0000,-4861610.0000,-1830525.2500,-3752002.2500,2448934.5000,-7174400.5000,-2289893.2500,1232991.5000,1814645.0000,2069317.7500,-4133745.5000,-1277582.2500,-650204.6875,-4922752.5000,-4050272.5000,6895872.0000,245137.6094,-4834494.5000,701847.2500,5433763.0000,1557313.8750,-4417660.5000,5020651.0000,845931.4375,8552574.0000,-5075343.5000,-5813.4355,-7107941.0000,4800537.0000,-2449927.7500,-5931342.0000,-8821532.0000,6063267.5000,18643.6582,5084452.0000
1.2986,5262032.0000,5125923.0000,4477278.0000,-4839811.0000,-4690942.0000,-2825291.0000,2155449.2500,-1868274.2500,-3015631.0000,387095.0938,-247194.3125,1310616.2500,6210010.0000,3498994.5000,-3133131.2500,-2197913.5000,-5515039.5000,1499892.8750,3359695.2500,-1254720.2500,2807284.0000,-8906069.0000,-1988964.7500,2976888.7500,8817881.0000,-2889092.0000,5184939.0000,3856280.7500,7763567.0000,-1268543.8750,6661403.0000,3258677.0000,-71741.2500,-5456023.5000,-5746850.5000,4362436.0000,-4856293.0000,-1818828.3750,-3740837.0000,2457973.0000,-7160576.5000,-2277664.7500,1239371.6250,1822620.1250,2078888.0000,-4120985.2500,-1263758.7500,-631064.3750,-4915841.0000,-4043892.2500,6898530.5000,248327.6719,-4825987.5000,714607.5000,5441206.5000,1565289.0000,-4407558.5000,5031284.5000,852311.5625,8556296.0000,-5067368.5000,5883.4355,-7097839.0000,4808512.5000,-2440357.5000,-5921771.5000,-8791759.0000,6093041.5000,38847.3438,5104124.0000
1.3007,5251398.5000,5117947.5000,4468771.5000,-4842469.5000,-4701575.5000,-2836987.7500,2145879.2500,-1875717.7500,-3027327.7500,378056.5938,-255701.1250,1297856.0000,6200971.5000,3477727.5000,-3138448.2500,-2203230.2500,-5513976.5000,1485005.8750,3338960.0000,-1259505.3750,2796650.5000,-8898625.0000,-1984711.3750,2963596.7500,8821071.0000,-2899725.7500,5171115.5000,3842988.7500,7767820.5000,-1274392.2500,6653428.0000,3259208.5000,-76526.3359,-5458150.5000,-5756420.5000,4347017.5000,-4866395.0000,-1817765.1250,-3741368.7500,2456378.0000,-7163767.0000,-2282449.7500,1238308.2500,1814645.0000,2071444.5000,-4118327.0000,-1268012.1250,-628937.6250,-4920094.0000,-4052930.7500,6893745.5000,245137.6094,-4830772.5000,711949.1250,5442801.5000,1560503.8750,-4411812.0000,5028626.0000,837956.3125,8546194.0000,-5073217.0000,-1028.3519,-7100497.5000,4801600.5000,-2447801.0000,-5926557.0000,-8780593.0000,6093041.5000,36720.6406,5095085.5000
1.3027,5260437.0000,5136556.5000,4485785.0000,-4821734.0000,-4687752.0000,-2821037.5000,2161829.5000,-1855514.1250,-3010846.0000,398791.9688,-240282.5312,1309552.8750,6217985.0000,3491019.2500,-3120371.2500,-2184089.7500,-5484734.0000,1498297.8750,3354910.2500,-1235579.8750,2817385.7500,-8862471.0000,-1955469.1250,2981673.7500,8849250.0000,-2880053.5000,5185470.5000,3863192.5000,7794404.5000,-1252061.8750,6670973.0000,3283665.7500,-55790.9766,-5438478.5000,-5736748.5000,4354461.0000,-4848318.0000,-1800751.5000,-3725950.0000,2465948.0000,-7135588.0000,-2254802.7500,1257448.6250,1835380.3750,2091648.2500,-4094933.2500,-1246745.1250,-609265.6250,-4903080.5000,-4033258.7500,6911822.5000,260024.5469,-4813759.0000,727899.3750,5463537.0000,1580175.8750,-4393203.5000,5050425.0000,848058.1250,8558954.0000,-5054608.5000,20238.6855,-7074445.0000,4822867.5000,-2430787.5000,-5909543.0000,-8773682.0000,6114308.5000,57987.6797,5113162.5000
1.3047,5253525.0000,5137088.0000,4477278.0000,-4820671.0000,-4688815.0000,-2824759.2500,2154386.0000,-1854450.7500,-3008187.5000,398791.9688,-244535.9375,1307957.8750,6221707.0000,3489956.0000,-3120902.7500,-2183558.2500,-5477822.5000,1491917.7500,3354910.2500,-1235048.2500,2820576.0000,-8847584.0000,-1952810.7500,2986458.7500,8858288.0000,-2883243.7500,5176963.5000,3862129.0000,7793873.0000,-1246213.3750,6669910.0000,3292704.2500,-51537.5664,-5446453.5000,-5747382.0000,4346486.0000,-4853103.0000,-1801283.1250,-3725950.0000,2460099.5000,-7125486.0000,-2257461.0000,1250005.1250,1833785.3750,2089521.5000,-4096528.2500,-1244086.7500,-617240.7500,-4908929.0000,-4042297.2500,6903847.0000,251517.7188,-4815886.0000,723645.9375,5461410.5000,1579112.6250,-4393735.0000,5044576.5000,842209.6875,8551511.0000,-5057266.5000,19175.3340,-7068597.0000,4820209.0000,-2434509.2500,-5908480.0000,-8782720.0000,6113245.0000,65431.1406,5107846.0000
1.3067,5224283.0000,5116352.5000,4448036.0000,-4844064.5000,-4712209.0000,-2848153.0000,2126207.0000,-1874654.3750,-3034771.2500,373271.5312,-262081.2500,1288285.8750,6209478.5000,3474537.2500,-3145360.0000,-2203761.7500,-5489519.0000,1466397.2500,3329921.5000,-1249403.5000,2804094.0000,-8860345.0000,-1979394.5000,2971572.0000,8846591.0000,-2910359.2500,5150380.0000,3835013.7500,7773137.5000,-1268543.8750,6648111.0000,3278349.0000,-69082.8750,-5466125.5000,-5778751.0000,4317775.5000,-4878092.0000,-1821486.7500,-3742432.0000,2440959.2500,-7140904.5000,-2276069.7500,1226611.3750,1815176.7500,2068786.1250,-4110883.5000,-1263758.7500,-634786.0625,-4932854.5000,-4072071.0000,6873541.5000,227060.6250,-4830772.5000,708227.3750,5442270.0000,1561035.6250,-4415002.0000,5030221.0000,813499.1875,8524396.0000,-5079597.0000,-4218.4077,-7090395.5000,4799474.0000,-2461093.0000,-5935595.5000,-8829508.0000,6074432.5000,36188.9648,5077008.5000
1.3087,5232789.5000,5134429.5000,4461328.0000,-4820139.0000,-4687220.0000,-2829544.5000,2147474.2500,-1853387.3750,-3015099.2500,395601.9062,-239750.8594,1311147.8750,6237125.5000,3506969.5000,-3130473.0000,-2185684.7500,-5453365.0000,1483942.6250,3350656.7500,-1230263.1250,2829082.7500,-8834824.0000,-1969824.3750,2986458.7500,8877428.0000,-2892813.7500,5164735.0000,3848837.2500,7797063.0000,-1254720.2500,6665656.5000,3299084.2500,-44625.7812,-5448580.0000,-5760674.0000,4326814.0000,-4863205.0000,-1802878.1250,-3725418.5000,2474986.5000,-7110067.5000,-2256397.7500,1238840.0000,1831658.6250,2088989.7500,-4091743.0000,-1244618.3750,-615114.0625,-4912651.0000,-4052399.0000,6891618.5000,245137.6094,-4803125.5000,732152.8125,5464600.5000,1581771.0000,-4391076.5000,5050425.0000,829981.1875,8539814.0000,-5059393.5000,15453.6025,-7070192.0000,4822867.5000,-2445674.2500,-5920176.5000,-8818342.0000,6085066.0000,47354.1602,5090832.0000
1.3107,5219498.0000,5122201.0000,4438997.5000,-4834494.5000,-4697853.5000,-2840709.5000,2133650.5000,-1861894.1250,-3026264.5000,378588.2812,-251447.7188,1298919.3750,6234999.0000,3514944.7500,-3148018.2500,-2199508.5000,-5452833.5000,1465333.8750,3332579.7500,-1239301.6250,2825361.0000,-8845458.0000,-1994813.1250,2967318.5000,8873175.0000,-2899194.0000,5145595.0000,3833418.5000,7785897.5000,-1273328.8750,6649174.5000,3277817.2500,-47815.8359,-5465594.0000,-5777687.5000,4309800.5000,-4879687.0000,-1820423.5000,-3739242.0000,2464353.0000,-7110067.5000,-2269689.7500,1219168.0000,1814645.0000,2077292.8750,-4103440.0000,-1260037.0000,-633191.0625,-4924879.5000,-4069412.7500,6874073.5000,227592.3125,-4808974.0000,725772.6875,5458220.5000,1573795.7500,-4401710.0000,5045108.0000,815625.9375,8521205.0000,-5074280.5000,4288.4077,-7085078.5000,4811170.5000,-2460029.5000,-5927088.5000,-8822596.0000,6075496.0000,37783.9922,5072223.5000
1.3127,5223219.5000,5116352.5000,4423579.0000,-4846723.0000,-4705829.0000,-2845494.7500,2116105.2500,-1871464.3750,-3039024.7500,365828.0625,-264207.9375,1286159.1250,6231809.0000,3526641.5000,-3165032.0000,-2212800.2500,-5456555.5000,1456295.3750,3314502.7500,-1254720.2500,2814727.5000,-8852370.0000,-2023523.6250,2948709.7500,8872112.0000,-2907169.0000,5125391.0000,3819063.2500,7773669.0000,-1290342.5000,6627907.5000,3248043.5000,-52600.9180,-5485266.0000,-5794169.5000,4293850.0000,-4896169.0000,-1840627.1250,-3755724.0000,2449466.0000,-7116979.5000,-2282981.5000,1202686.0000,1801884.7500,2062937.6250,-4118327.0000,-1268012.1250,-657116.5000,-4938171.0000,-4082704.5000,6860250.0000,218022.1406,-4804189.0000,722050.9375,5450245.0000,1564757.3750,-4411280.5000,5036601.5000,806587.4375,8506319.0000,-5083850.5000,-5813.4355,-7096244.0000,4802132.0000,-2474384.7500,-5936658.5000,-8839609.0000,6054760.5000,24492.0938,5053615.0000
1.3147,5277982.0000,5168988.5000,4457074.5000,-4798872.0000,-4654256.5000,-2797112.2500,2168741.2500,-1824145.1250,-2997022.2500,414742.2500,-226990.6250,1335073.2500,6286040.0000,3592569.5000,-3128346.2500,-2166012.7500,-5402856.0000,1498829.5000,3352251.7500,-1214844.5000,2861515.0000,-8803987.0000,-1997471.5000,2986990.5000,8925811.0000,-2868888.5000,5164203.5000,3862129.0000,7818330.0000,-1255251.8750,6664061.5000,3287387.5000,-6876.7871,-5444326.5000,-5749508.5000,4333194.0000,-4855230.0000,-1807131.5000,-3721165.0000,2481898.2500,-7063811.5000,-2229814.0000,1245220.1250,1846013.8750,2107066.7500,-4073134.5000,-1223351.3750,-631064.3750,-4895105.5000,-4037512.2500,6902784.0000,262151.2500,-4755274.5000,770965.1250,5493842.5000,1607823.1250,-4367151.5000,5078603.5000,842741.3750,8538751.0000,-5040253.0000,37783.9922,-7055836.5000,4842539.5000,-2431319.0000,-5890934.5000,-8785910.0000,6095168.0000,74469.6328,5099870.5000
1.3167,5238106.5000,5123264.5000,4400185.0000,-4841406.0000,-4695727.0000,-2836987.7500,2125143.7500,-1861894.1250,-3045936.5000,369018.1250,-272183.0938,1292539.2500,6250949.0000,3560137.2500,-3171412.0000,-2209078.5000,-5439541.5000,1460017.1250,3303869.2500,-1256315.2500,2823766.0000,-8837483.0000,-2057019.2500,2939139.7500,8886999.0000,-2905574.0000,5114757.5000,3814810.0000,7768352.5000,-1304166.1250,6607703.5000,3250170.0000,-45689.1328,-5482075.5000,-5797891.0000,4286938.0000,-4906270.5000,-1855514.1250,-3774864.2500,2427135.7500,-7101560.5000,-2271816.2500,1197369.2500,1793378.0000,2061874.3750,-4117795.2500,-1272265.5000,-688485.3750,-4937108.0000,-4081109.5000,6859718.0000,222807.2188,-4789833.5000,733747.8125,5454498.5000,1569542.3750,-4405432.0000,5039791.5000,797017.2500,8493558.0000,-5082255.5000,-4218.4077,-7096244.0000,4799474.0000,-2471194.7500,-5927620.0000,-8816747.0000,6045722.0000,43632.4297,5054146.5000
1.3187,5254056.5000,5137619.5000,4396463.5000,-4824924.0000,-4681903.5000,-2820506.0000,2134714.0000,-1851260.6250,-3035303.0000,376993.2500,-266334.6562,1305831.1250,6262646.0000,3575024.0000,-3166627.0000,-2197913.5000,-5421996.5000,1470650.6250,3313971.2500,-1242491.7500,2839716.2500,-8821001.0000,-2056487.6250,2949241.5000,8900290.0000,-2887497.0000,5127518.0000,3819595.0000,7774200.5000,-1297254.3750,6614084.0000,3256550.2500,-26017.1211,-5461340.5000,-5786726.0000,4293318.5000,-4897764.0000,-1845412.2500,-3764762.5000,2446807.7500,-7079762.0000,-2249486.0000,1211724.5000,1802416.5000,2071976.1250,-4109288.5000,-1268543.8750,-683168.6250,-4924347.5000,-4066754.2500,6874605.0000,238757.5000,-4769098.5000,754483.1875,5468322.0000,1587619.3750,-4392140.0000,5057336.5000,812967.5000,8505787.0000,-5068432.0000,11731.8711,-7082420.5000,4814892.5000,-2460029.5000,-5912201.5000,-8816747.0000,6049444.0000,57987.6797,5059995.0000
1.3207,5273197.0000,5162077.0000,4405502.0000,-4805784.0000,-4662763.0000,-2796048.7500,2148005.7500,-1832652.0000,-3025201.2500,395070.2188,-252511.0781,1321249.7500,6282318.0000,3595759.5000,-3160246.7500,-2183558.2500,-5409236.0000,1489259.3750,3332048.2500,-1220161.2500,2853539.7500,-8807177.0000,-2055424.2500,2962533.5000,8916772.0000,-2874205.2500,5138151.5000,3830228.5000,7790151.0000,-1291937.5000,6620464.0000,3263462.0000,-2091.7039,-5448048.5000,-5774497.5000,4306610.0000,-4886598.5000,-1827866.8750,-3750938.7500,2482961.7500,-7058495.0000,-2222902.2500,1226079.7500,1814645.0000,2087394.7500,-4096528.2500,-1256315.2500,-662433.2500,-4908929.0000,-4051867.5000,6891087.0000,255771.1250,-4746768.0000,773091.8125,5483740.5000,1605696.3750,-4370341.5000,5075945.5000,830512.8125,8520142.0000,-5048760.0000,30340.5293,-7069128.5000,4831906.0000,-2440357.5000,-5890934.5000,-8818342.0000,6060609.0000,74469.6328,5066907.0000
1.3227,5235980.0000,5134429.5000,4362968.0000,-4837153.0000,-4698385.5000,-2821037.5000,2105471.7500,-1868274.2500,-3063481.7500,359447.9375,-290260.0625,1285095.7500,6252012.5000,3568112.2500,-3203312.5000,-2224497.2500,-5446453.5000,1453637.0000,3293235.7500,-1252061.8750,2822702.5000,-8853433.0000,-2106465.0000,2923721.0000,8876365.0000,-2909295.7500,5099339.0000,3788226.2500,7752933.5000,-1330749.8750,6578993.0000,3224649.7500,-38777.3438,-5483139.0000,-5820753.5000,4267266.0000,-4926474.5000,-1864552.5000,-3791346.2500,2445744.2500,-7095712.0000,-2250549.2500,1192052.5000,1776364.3750,2048582.3750,-4129492.0000,-1293532.6250,-688485.3750,-4949336.5000,-4091211.5000,6849084.5000,219617.1719,-4791428.5000,733747.8125,5445460.0000,1569542.3750,-4407558.5000,5042449.5000,794890.5625,8484520.0000,-5084914.0000,-3155.0557,-7104750.5000,4797347.0000,-2477575.0000,-5926025.0000,-8868852.0000,6013821.5000,31403.8809,5025436.0000
1.3247,5269475.5000,5162077.0000,4389551.5000,-4804720.5000,-4668080.0000,-2783820.2500,2134714.0000,-1839032.1250,-3038493.0000,390285.1562,-260486.2188,1308489.5000,6282849.5000,3612773.0000,-3178323.7500,-2201635.0000,-5415616.0000,1478094.1250,3329389.7500,-1222288.0000,2856198.2500,-8833229.0000,-2079349.6250,2956153.2500,8906139.0000,-2878458.5000,5128049.5000,3818000.0000,7785366.0000,-1307887.8750,6604513.5000,3253891.7500,-4750.0835,-5449643.5000,-5787789.5000,4303420.0000,-4892979.0000,-1824145.1250,-3755724.0000,2465416.5000,-7060090.0000,-2210673.5000,1226079.7500,1805074.8750,2080483.0000,-4097059.7500,-1260568.6250,-651799.6875,-4916372.5000,-4057715.7500,6883643.5000,246200.9688,-4765908.0000,758736.5625,5472044.0000,1598252.8750,-4372999.5000,5073818.5000,824664.3750,8514294.0000,-5053545.0000,23960.4180,-7073382.0000,4827652.5000,-2454712.7500,-5899441.5000,-8838014.0000,6046254.0000,61177.7344,5047235.0000
1.3267,5276387.0000,5170583.5000,4391678.5000,-4805784.0000,-4663295.0000,-2776908.5000,2145879.2500,-1839032.1250,-3035834.7500,401982.0312,-256232.8125,1311679.6250,6287635.0000,3617558.2500,-3180450.5000,-2200571.7500,-5414553.0000,1479689.1250,3343213.2500,-1207932.7500,2868958.5000,-8839078.0000,-2080944.6250,2962533.5000,8903480.0000,-2869420.0000,5138683.0000,3827570.2500,7794404.5000,-1304166.1250,6612489.0000,3251233.5000,1098.3519,-5441136.5000,-5781941.0000,4313522.0000,-4888725.5000,-1817233.3750,-3752002.2500,2460631.2500,-7053178.0000,-2201635.0000,1233523.2500,1806138.2500,2084736.3750,-4092274.7500,-1255251.8750,-643824.5625,-4922221.0000,-4061437.5000,6880985.0000,240352.5312,-4777073.5000,753419.8125,5471512.0000,1598784.6250,-4371936.5000,5078603.5000,824132.7500,8512699.0000,-5051950.0000,26087.1211,-7069660.0000,4829779.5000,-2452054.5000,-5891998.0000,-8821532.0000,6066457.5000,80318.0703,5055741.5000
1.3287,5266817.0000,5162077.0000,4375196.5000,-4820671.0000,-4676055.0000,-2780630.2500,2141094.0000,-1853387.3750,-3044873.2500,393475.1875,-269524.7188,1294134.2500,6274343.0000,3596291.2500,-3194805.7500,-2206420.2500,-5433161.5000,1463738.8750,3340555.0000,-1214312.8750,2861515.0000,-8867788.0000,-2096363.2500,2957748.2500,8890189.0000,-2880585.2500,5125391.0000,3819595.0000,7781644.0000,-1317989.6250,6596007.0000,3228903.0000,-7940.1392,-5448048.5000,-5800018.0000,4302357.0000,-4899890.5000,-1830525.2500,-3762635.7500,2442022.7500,-7064343.5000,-2214395.2500,1226611.3750,1789124.6250,2073039.5000,-4105566.7500,-1270670.5000,-663496.5625,-4944019.5000,-4077387.7500,6861845.0000,221212.1875,-4802594.0000,732684.4375,5450245.0000,1581239.2500,-4386823.5000,5063716.5000,804992.3750,8497280.0000,-5070027.0000,9605.1670,-7085610.5000,4811702.5000,-2469599.7500,-5906885.0000,-8815684.0000,6074432.5000,64899.4648,5046171.5000
1.3307,5264158.5000,5158886.5000,4373069.5000,-4823861.0000,-4682435.0000,-2782757.0000,2125143.7500,-1863489.2500,-3050190.0000,398260.2812,-274841.4688,1284032.3750,6265304.5000,3577682.5000,-3204907.7500,-2213863.7500,-5431566.5000,1459485.5000,3340555.0000,-1215907.8750,2854071.5000,-8895435.0000,-2110718.5000,2940203.0000,8884340.0000,-2877395.2500,5122733.0000,3814810.0000,7769415.5000,-1332876.6250,6583778.5000,3212421.0000,-13788.5742,-5446985.0000,-5805866.5000,4293318.5000,-4908397.5000,-1843285.5000,-3779649.2500,2428730.7500,-7061153.5000,-2220243.7500,1227143.1250,1781149.3750,2064532.7500,-4111946.7500,-1287152.5000,-678383.5000,-4954121.5000,-4085894.7500,6855996.5000,211642.0312,-4821202.5000,718860.8750,5440143.5000,1569542.3750,-4392671.5000,5055741.5000,795953.8750,8489305.0000,-5079597.0000,566.6760,-7093585.5000,4806385.5000,-2479170.0000,-5914328.5000,-8816216.0000,6084534.5000,45227.4570,5043513.0000
1.3327,5285957.5000,5176963.5000,4395400.0000,-4800999.0000,-4660636.5000,-2767870.0000,2139499.0000,-1848602.2500,-3027327.7500,416337.2812,-249321.0156,1307426.1250,6282849.5000,3579809.2500,-3194274.0000,-2194723.2500,-5403919.5000,1479689.1250,3367670.5000,-1192514.1250,2879060.2500,-8892245.0000,-2101148.2500,2955621.5000,8908797.0000,-2849216.5000,5146658.0000,3836608.7500,7781644.0000,-1320116.3750,6598133.5000,3225181.2500,6415.1113,-5419869.5000,-5786194.5000,4312990.5000,-4896700.5000,-1831057.0000,-3772737.5000,2452656.2500,-7030316.0000,-2202166.7500,1250536.8750,1797099.7500,2077824.6250,-4095464.7500,-1274392.2500,-658711.5000,-4940298.0000,-4072071.0000,6871415.0000,225997.2812,-4802594.0000,733216.1250,5456625.5000,1585492.6250,-4376189.5000,5074350.5000,810309.1250,8510040.0000,-5057266.5000,21833.7148,-7075508.5000,4821272.5000,-2454712.7500,-5888808.0000,-8790163.0000,6130258.5000,62772.7617,5074350.5000
1.3347,5285425.5000,5170583.5000,4399122.0000,-4797277.0000,-4659573.0000,-2759363.2500,2137372.2500,-1853387.3750,-3020416.0000,413147.2188,-242940.9062,1315401.2500,6284976.5000,3575024.0000,-3195869.2500,-2198976.7500,-5396476.0000,1484474.2500,3378835.7500,-1184539.0000,2887035.5000,-8908196.0000,-2105401.7500,2955621.5000,8910924.0000,-2845494.7500,5150380.0000,3843520.5000,7775264.0000,-1322243.1250,6595475.0000,3232624.7500,14921.9268,-5413489.5000,-5779814.5000,4317775.5000,-4895105.5000,-1831057.0000,-3771674.2500,2462758.0000,-7026594.5000,-2201635.0000,1262233.7500,1799226.3750,2077824.6250,-4093338.2500,-1272797.2500,-660838.1875,-4937108.0000,-4066754.2500,6874605.0000,228655.6562,-4798872.0000,730026.0625,5455562.0000,1583897.6250,-4380443.0000,5072223.5000,801802.3125,8502597.0000,-5065242.0000,14390.2510,-7076572.0000,4820209.0000,-2455776.2500,-5893061.0000,-8794949.0000,6133449.0000,55329.2969,5078072.0000
1.3367,5305629.5000,5199294.0000,4431554.0000,-4758996.5000,-4628736.0000,-2725867.5000,2165019.5000,-1834247.0000,-2982135.5000,443984.4062,-202533.5312,1352087.0000,6318472.0000,3597886.2500,-3167690.2500,-2175051.2500,-5357663.5000,1519564.8750,3421901.5000,-1151043.3750,2921062.7500,-8882143.0000,-2078818.0000,2983268.7500,8942824.0000,-2809340.7500,5188129.0000,3885522.7500,7801848.0000,-1292469.2500,6632161.0000,3275158.7500,47885.8359,-5381589.0000,-5740470.0000,4355524.5000,-4858951.5000,-1796498.0000,-3739773.7500,2509013.7500,-6987250.5000,-2171329.5000,1307426.1250,1836443.7500,2109193.5000,-4061969.2500,-1243023.3750,-627342.6250,-4908929.0000,-4033258.7500,6906505.5000,256302.8125,-4769098.5000,762990.0000,5483209.0000,1609949.7500,-4353327.5000,5097744.0000,827322.7500,8526522.0000,-5037063.0000,41505.7227,-7048393.0000,4847856.5000,-2429192.5000,-5864350.5000,-8754541.0000,6162159.5000,82976.4453,5117947.5000
1.3387,5275855.5000,5166330.0000,4403375.0000,-4781858.5000,-4656383.0000,-2754578.0000,2134182.2500,-1869869.3750,-3001807.5000,418463.9688,-224863.9219,1329756.5000,6290825.0000,3563859.0000,-3198527.5000,-2206951.7500,-5379994.0000,1496171.1250,3397976.0000,-1186134.0000,2902985.7500,-8916702.0000,-2109655.2500,2955090.0000,8912519.0000,-2834329.5000,5163140.0000,3861065.7500,7763035.5000,-1322243.1250,6602918.5000,3249106.7500,15985.2783,-5421464.5000,-5761205.5000,4331599.0000,-4889788.5000,-1826271.8750,-3773801.0000,2475518.2500,-7020746.0000,-2210673.5000,1279247.3750,1806669.8750,2077292.8750,-4093869.7500,-1279177.3750,-663496.5625,-4939234.5000,-4064096.0000,6878858.5000,226528.9531,-4803125.5000,733216.1250,5449182.0000,1573264.1250,-4391076.5000,5058400.0000,785852.0625,8487178.0000,-5073217.0000,10136.8428,-7086142.0000,4811702.5000,-2461093.0000,-5893593.0000,-8783783.0000,6121220.0000,46290.8086,5098807.5000
1.3407,5280109.0000,5171647.0000,4416135.5000,-4776010.0000,-4648408.0000,-2744476.2500,2140030.7500,-1865084.2500,-2986388.7500,435477.5938,-207850.2969,1347301.8750,6301458.5000,3569707.2500,-3191615.7500,-2199508.5000,-5362448.5000,1508399.6250,3415521.2500,-1182412.3750,2915746.0000,-8915639.0000,-2102743.5000,2958280.0000,8924216.0000,-2822101.0000,5175900.5000,3877547.7500,7764099.0000,-1313736.2500,6610362.0000,3258145.2500,30872.2051,-5408704.5000,-5753230.5000,4347017.5000,-4878092.0000,-1816701.7500,-3758914.0000,2482961.7500,-7010112.5000,-2198445.0000,1286690.7500,1822620.1250,2088989.7500,-4083236.2500,-1262695.3750,-647546.3125,-4927537.5000,-4053462.5000,6891618.5000,239820.8594,-4782922.0000,748103.0625,5463537.0000,1583366.0000,-4381506.5000,5066375.0000,791700.5000,8493558.0000,-5064178.5000,20238.6855,-7084547.0000,4822867.5000,-2452586.2500,-5888276.0000,-8790695.0000,6117498.5000,47885.8359,5102529.0000
1.3427,5281172.0000,5174837.0000,4420920.5000,-4769098.5000,-4637242.5000,-2735969.5000,2153322.5000,-1861894.1250,-2975223.5000,446642.8125,-200938.5156,1360593.7500,6311560.0000,3569707.2500,-3190552.5000,-2195255.0000,-5345966.5000,1524350.0000,3426686.5000,-1176032.2500,2925316.0000,-8910854.0000,-2097426.5000,2962001.7500,8932191.0000,-2809872.5000,5185470.5000,3886586.2500,7764630.5000,-1310014.5000,6617805.5000,3256550.2500,31403.8809,-5411894.5000,-5753230.5000,4351271.0000,-4872775.0000,-1810853.2500,-3757319.0000,2473391.5000,-7009049.0000,-2192065.0000,1282969.1250,1827936.8750,2090053.1250,-4082704.5000,-1255251.8750,-645419.6250,-4930196.0000,-4053994.0000,6893213.5000,242479.2344,-4780795.0000,751824.8125,5464600.5000,1580175.8750,-4379380.0000,5067438.5000,784257.0000,8493027.0000,-5064178.5000,23960.4180,-7080825.5000,4824994.0000,-2450459.5000,-5883491.0000,-8762516.0000,6121752.0000,46290.8086,5103061.0000
1.3447,5251930.0000,5151975.0000,4397527.0000,-4798340.5000,-4662763.0000,-2757768.2500,2137372.2500,-1887946.2500,-2995427.2500,423780.7188,-228053.9844,1339858.3750,6294015.0000,3540996.7500,-3225643.0000,-2223433.7500,-5362980.5000,1507868.0000,3408077.7500,-1201021.0000,2909365.7500,-8937969.0000,-2124542.0000,2933823.0000,8906139.0000,-2834861.2500,5165267.0000,3863192.5000,7733261.5000,-1333940.0000,6588031.5000,3221459.5000,1098.3519,-5443263.5000,-5776092.5000,4327345.5000,-4898827.0000,-1830525.2500,-3781244.2500,2427667.5000,-7042544.5000,-2215990.2500,1266487.1250,1804543.1250,2065596.1250,-4102908.2500,-1278645.6250,-669876.6875,-4960501.5000,-4082173.0000,6869820.0000,216427.1094,-4804189.0000,726836.0000,5434295.0000,1550933.7500,-4409153.5000,5037664.5000,749698.0625,8465379.0000,-5091825.5000,-3155.0557,-7107941.0000,4796815.5000,-2475448.2500,-5907948.0000,-8774745.0000,6102080.0000,16516.9551,5075413.5000
1.3467,5274260.5000,5173773.5000,4421452.0000,-4785048.5000,-4645218.0000,-2734374.5000,2159171.0000,-1867742.6250,-2969375.2500,444516.0938,-212103.7031,1363252.1250,6316345.5000,3556947.0000,-3212351.0000,-2210142.0000,-5334270.0000,1532325.1250,3427218.2500,-1189855.7500,2928506.2500,-8923082.0000,-2109655.2500,2949241.5000,8924216.0000,-2806682.2500,5184939.0000,3879142.7500,7745490.0000,-1315331.2500,6602918.5000,3250170.0000,16516.9551,-5424123.0000,-5757484.0000,4345422.5000,-4880750.0000,-1807663.2500,-3763167.5000,2434579.2500,-7037228.0000,-2196318.2500,1278715.6250,1821025.1250,2081546.3750,-4087489.7500,-1256315.2500,-652863.0625,-4944019.5000,-4065159.2500,6887897.0000,232909.0625,-4788238.5000,745976.3750,5452372.0000,1564757.3750,-4393203.5000,5052551.5000,756078.1875,8477076.0000,-5077470.5000,12263.5469,-7086673.5000,4810107.5000,-2463751.2500,-5894124.5000,-8758795.0000,6118030.0000,26618.7969,5090832.0000
1.3487,5284894.0000,5180685.5000,4429427.5000,-4787175.5000,-4645218.0000,-2731184.2500,2163956.0000,-1862957.5000,-2962995.0000,445579.4375,-204128.5625,1369100.6250,6315282.0000,3553757.0000,-3208097.7500,-2210142.0000,-5330548.0000,1540831.8750,3434661.7500,-1190919.1250,2930101.2500,-8917234.0000,-2106465.0000,2956153.2500,8925811.0000,-2797112.2500,5183875.5000,3882864.5000,7744427.0000,-1313204.6250,6611957.0000,3259208.5000,14921.9268,-5434756.5000,-5759079.0000,4347017.5000,-4880750.0000,-1802878.1250,-3760509.0000,2430857.5000,-7040418.0000,-2194723.2500,1280842.3750,1827936.8750,2083673.0000,-4085363.0000,-1254188.6250,-653926.4375,-4946678.0000,-4068881.0000,6884707.0000,229719.0156,-4788770.5000,745976.3750,5449182.0000,1561567.2500,-4396393.5000,5046171.5000,743849.6250,8472823.0000,-5075343.5000,10668.5186,-7080293.5000,4809044.0000,-2461093.0000,-5889871.0000,-8750288.0000,6123878.5000,34062.2617,5096149.0000
1.3507,5276387.0000,5166862.0000,4421984.0000,-4802062.0000,-4666485.0000,-2751388.0000,2149600.7500,-1876249.3750,-2974160.2500,426439.1250,-219015.4844,1356872.0000,6299331.5000,3533021.7500,-3223516.2500,-2223965.5000,-5352347.0000,1523286.6250,3417116.2500,-1213249.5000,2921062.7500,-8934248.0000,-2124542.0000,2934354.5000,8907734.0000,-2809872.5000,5167925.0000,3869041.0000,7721033.0000,-1328091.5000,6597602.0000,3234219.7500,-6345.1113,-5454428.5000,-5781941.0000,4330535.5000,-4895105.5000,-1815106.7500,-3774864.2500,2407995.5000,-7059558.5000,-2209610.2500,1273930.6250,1815176.7500,2067191.1250,-4101845.0000,-1271202.2500,-670940.0625,-4963160.0000,-4085363.0000,6869820.0000,213237.0625,-4813759.0000,725241.0000,5434295.0000,1545617.0000,-4417660.5000,5027563.0000,719392.5625,8455809.0000,-5096610.5000,-4750.0835,-7097839.0000,4787777.0000,-2476511.5000,-5906885.0000,-8766238.0000,6090383.0000,18111.9824,5077008.5000
1.3527,5309351.0000,5199826.0000,4453353.0000,-4782390.0000,-4646813.0000,-2731184.2500,2176184.7500,-1854982.3750,-2941196.2500,447706.1562,-194026.7188,1377075.7500,6320598.5000,3550567.0000,-3196932.5000,-2202698.5000,-5332143.0000,1551465.3750,3442636.7500,-1189855.7500,2951900.0000,-8910322.0000,-2102743.5000,2957748.2500,8925811.0000,-2783820.2500,5187065.5000,3897219.7500,7739110.0000,-1303102.7500,6622590.5000,3245385.0000,11200.1953,-5440073.5000,-5756952.0000,4354461.0000,-4867458.5000,-1789054.6250,-3749343.7500,2428199.0000,-7040418.0000,-2182494.7500,1302641.1250,1836443.7500,2093243.2500,-4080046.2500,-1248871.7500,-649673.0000,-4939766.5000,-4063564.2500,6891618.5000,235567.4531,-4794618.5000,749698.0625,5458752.0000,1567947.3750,-4394266.5000,5047235.0000,734811.1875,8479203.0000,-5073217.0000,17048.6309,-7071255.0000,4812765.5000,-2450459.5000,-5884022.5000,-8752946.0000,6093573.0000,38315.6680,5103592.5000
1.3547,5319453.0000,5199826.0000,4455479.5000,-4796213.5000,-4653193.0000,-2742349.5000,2172994.5000,-1862957.5000,-2942259.7500,441326.0312,-198280.1250,1363783.7500,6308902.0000,3542591.7500,-3209161.0000,-2213332.0000,-5349688.5000,1546680.3750,3433066.5000,-1202616.0000,2941798.0000,-8916702.0000,-2110186.7500,2947646.5000,8914114.0000,-2790732.0000,5180154.0000,3892434.7500,7734325.0000,-1308419.5000,6617274.0000,3223586.2500,-3155.0557,-5454428.5000,-5763332.5000,4349144.5000,-4873838.5000,-1787459.5000,-3753597.2500,2409590.5000,-7059026.5000,-2191533.2500,1294666.0000,1831127.0000,2086331.3750,-4090148.0000,-1259505.3750,-658711.5000,-4949336.5000,-4073134.5000,6880985.0000,222807.2188,-4794618.5000,744381.3125,5453967.0000,1560503.8750,-4402242.0000,5037133.0000,727367.6875,8473355.0000,-5080128.5000,9605.1670,-7077635.0000,4810639.0000,-2456308.0000,-5891466.0000,-8767301.0000,6065394.0000,21833.7148,5099870.5000
1.3567,5304034.5000,5172710.5000,4432617.5000,-4835026.0000,-4686688.5000,-2773718.5000,2148005.7500,-1893263.0000,-2966185.2500,419527.3125,-216888.7812,1338795.0000,6286040.0000,3514944.7500,-3238935.0000,-2241510.7500,-5389032.5000,1523286.6250,3409672.7500,-1229199.7500,2925316.0000,-8944350.0000,-2137302.2500,2918936.0000,8886999.0000,-2820506.0000,5148785.0000,3873294.2500,7707741.0000,-1330218.2500,6592285.0000,3184774.0000,-37713.9922,-5484734.0000,-5787257.5000,4322560.5000,-4892979.0000,-1806599.8750,-3772737.5000,2375031.5000,-7090395.5000,-2210673.5000,1282437.3750,1807201.5000,2059747.6250,-4114605.2500,-1285557.5000,-679446.8750,-4972198.5000,-4101313.2500,6852806.5000,197286.7812,-4806315.5000,721519.2500,5433231.5000,1538705.2500,-4425104.0000,5017461.0000,700252.2500,8453683.0000,-5102991.0000,-10066.8428,-7103687.5000,4790967.0000,-2473321.5000,-5914860.0000,-8793885.0000,6028708.5000,-18041.9824,5077008.5000
1.3587,5328491.5000,5200889.0000,4470366.5000,-4804189.0000,-4659041.5000,-2752451.5000,2182564.7500,-1868806.0000,-2939069.7500,458339.6562,-185519.9062,1366973.8750,6309965.0000,3540996.7500,-3218731.2500,-2218117.0000,-5368297.0000,1555718.8750,3442105.0000,-1199426.0000,2950836.5000,-8916702.0000,-2110718.5000,2943393.0000,8906671.0000,-2794985.5000,5173773.5000,3900941.5000,7741768.5000,-1302039.3750,6626312.5000,3212421.0000,-23890.4180,-5470379.0000,-5761737.5000,4349676.0000,-4862673.0000,-1768850.8750,-3741368.7500,2422882.2500,-7071787.0000,-2179304.7500,1311147.8750,1836443.7500,2090584.8750,-4085363.0000,-1256847.0000,-651799.6875,-4943488.0000,-4071007.7500,6880985.0000,223870.5781,-4778137.0000,752888.1250,5459815.5000,1566352.3750,-4396393.5000,5045640.0000,724709.3125,8482925.0000,-5070558.5000,19707.0098,-7073382.0000,4816487.5000,-2445142.7500,-5888276.0000,-8763580.0000,6063267.5000,-2091.7039,5097212.5000
1.3607,5298186.0000,5184939.0000,4458669.5000,-4818012.5000,-4681903.5000,-2780098.5000,2163956.0000,-1891668.0000,-2957146.7500,446642.8125,-200938.5156,1339326.7500,6290825.0000,3525578.2500,-3245846.7500,-2238852.5000,-5394881.0000,1545085.2500,3417648.0000,-1216439.6250,2915746.0000,-8936374.0000,-2129858.7500,2919467.7500,8878492.0000,-2814125.7500,5147721.5000,3878611.0000,7730603.5000,-1314268.0000,6614084.0000,3192749.0000,-51005.8906,-5491114.0000,-5782472.5000,4326814.0000,-4874902.0000,-1783206.1250,-3756787.2500,2408527.0000,-7099965.5000,-2201635.0000,1296792.6250,1813581.6250,2070381.1250,-4107693.5000,-1280772.3750,-680510.1875,-4969008.5000,-4095996.5000,6848021.0000,197286.7812,-4804189.0000,728962.7500,5438548.5000,1547212.0000,-4421382.0000,5024904.5000,701315.5625,8466443.0000,-5087040.5000,3756.7317,-7097839.0000,4796815.5000,-2460029.5000,-5903163.0000,-8767833.0000,6069116.0000,-9003.4912,5080730.5000
1.3627,5296059.0000,5191850.5000,4465581.5000,-4825987.5000,-4694132.0000,-2797643.7500,2162361.0000,-1899111.5000,-2952361.5000,442921.0625,-204660.2344,1335073.2500,6286040.0000,3517071.5000,-3253290.2500,-2248954.2500,-5413489.5000,1541363.6250,3408077.7500,-1226009.7500,2887035.5000,-8943286.0000,-2133580.5000,2904580.7500,8869453.0000,-2817315.7500,5134429.5000,3871699.2500,7728476.5000,-1318521.3750,6611425.5000,3193280.7500,-63234.4375,-5491646.0000,-5787257.5000,4318307.0000,-4879687.0000,-1787459.5000,-3764230.7500,2401083.5000,-7118574.5000,-2206420.2500,1294666.0000,1807201.5000,2067191.1250,-4111415.0000,-1289810.8750,-698055.5000,-4972730.0000,-4101313.2500,6838451.0000,189311.6406,-4804720.5000,728431.0625,5439611.5000,1546680.3750,-4423509.0000,5022246.0000,696530.5000,8468570.0000,-5084914.0000,566.6760,-7100497.5000,4793093.5000,-2456308.0000,-5901036.5000,-8763580.0000,6083471.0000,9605.1670,5077540.5000
1.3647,5325833.0000,5232789.5000,4509178.5000,-4796213.5000,-4660104.5000,-2769465.0000,2188945.0000,-1869869.3750,-2917271.0000,479075.0312,-166379.5781,1367505.5000,6316877.0000,3543655.2500,-3223516.2500,-2217585.5000,-5393817.5000,1575390.8750,3438383.2500,-1191450.7500,2896605.5000,-8914044.0000,-2103275.0000,2926911.0000,8893910.0000,-2794985.5000,5155165.0000,3898283.0000,7758782.0000,-1289810.8750,6646516.0000,3224649.7500,-33460.5859,-5449112.0000,-5758547.0000,4345954.0000,-4848849.5000,-1756090.6250,-3738178.5000,2430325.7500,-7096775.5000,-2177178.0000,1324971.5000,1833785.3750,2098028.2500,-4084299.7500,-1262695.3750,-673066.7500,-4940298.0000,-4071539.5000,6864503.0000,216427.1094,-4775478.5000,760331.6250,5470449.0000,1576985.8750,-4396393.5000,5049893.0000,719392.5625,8499938.0000,-5054076.5000,30340.5293,-7060090.0000,4822336.0000,-2424407.2500,-5872326.0000,-8729552.0000,6137170.5000,64899.4648,5100934.0000
1.3667,5305097.5000,5214181.0000,4496950.0000,-4818012.5000,-4681903.5000,-2791263.7500,2173526.2500,-1894326.3750,-2941728.0000,455149.6250,-187646.6094,1336668.3750,6297736.5000,3522388.2500,-3245846.7500,-2242042.5000,-5428908.0000,1553592.1250,3410204.5000,-1211122.8750,2862578.2500,-8937969.0000,-2121352.0000,2909365.7500,8866263.0000,-2829544.5000,5126454.5000,3877016.0000,7727413.5000,-1307887.8750,6634819.0000,3205509.2500,-60576.0586,-5472505.5000,-5783004.5000,4317775.5000,-4869053.5000,-1770445.8750,-3763699.0000,2404273.7500,-7131334.5000,-2208015.2500,1297324.3750,1809859.8750,2079419.6250,-4099186.5000,-1290874.2500,-708157.3750,-4966350.0000,-4094933.2500,6836856.0000,188779.9688,-4802062.0000,728962.7500,5443865.0000,1554123.7500,-4424040.5000,5025436.0000,689618.6875,8478671.0000,-5076407.0000,4820.0835,-7081888.5000,4798410.5000,-2438231.0000,-5889871.0000,-8754010.0000,6132385.5000,55860.9766,5074350.5000
1.3687,5323174.5000,5233853.0000,4521407.5000,-4803657.0000,-4665953.0000,-2775313.5000,2183096.5000,-1879971.1250,-2925777.7500,472163.2500,-171696.3281,1348896.8750,6318472.0000,3542060.2500,-3227238.0000,-2226092.2500,-5431035.0000,1571669.1250,3424559.7500,-1191450.7500,2879060.2500,-8925209.0000,-2100085.0000,2934354.5000,8877960.0000,-2826886.0000,5139746.5000,3898814.7500,7738578.5000,-1285025.7500,6663529.5000,3231029.7500,-52069.2422,-5457618.5000,-5763332.5000,4337447.5000,-4846191.5000,-1750242.2500,-3744558.7500,2417033.7500,-7130271.0000,-2196850.0000,1312742.8750,1831658.6250,2101750.0000,-4081109.5000,-1278645.6250,-689017.0625,-4948804.5000,-4075792.7500,6852806.5000,201540.1875,-4794618.5000,733216.1250,5458220.5000,1569542.3750,-4411280.5000,5038728.0000,699720.5625,8502597.0000,-5057798.5000,19707.0098,-7066470.0000,4813297.5000,-2419090.5000,-5874452.5000,-8750819.0000,6148335.5000,66494.4922,5092959.0000
1.3707,5347631.5000,5258310.0000,4553839.5000,-4779200.0000,-4642027.5000,-2752983.0000,2199046.7500,-1853387.3750,-2900789.0000,497152.0000,-148834.2656,1368037.2500,6341334.0000,3560668.7500,-3205439.2500,-2202698.5000,-5418806.5000,1598784.6250,3452738.5000,-1166462.0000,2903517.2500,-8903410.0000,-2070311.1250,2959343.2500,8899759.0000,-2817315.7500,5164735.0000,3917955.0000,7756655.5000,-1255783.6250,6699152.0000,3258145.2500,-33460.5859,-5430503.0000,-5731431.5000,4362436.0000,-4816949.0000,-1721000.0000,-3718506.5000,2431389.0000,-7113789.0000,-2173456.2500,1328161.5000,1860900.8750,2133119.0000,-4045487.2500,-1244618.3750,-663496.5625,-4925942.5000,-4051335.7500,6874073.5000,225465.6094,-4783453.5000,750229.7500,5477892.5000,1591341.1250,-4388950.0000,5061590.0000,719924.2500,8529181.0000,-5033341.0000,40442.3711,-7045203.0000,4837754.5000,-2389316.7500,-5850527.0000,-8735401.0000,6162159.5000,87229.8594,5113162.5000
1.3727,5318921.0000,5230663.0000,4530446.0000,-4804720.5000,-4667548.0000,-2779035.2500,2170868.0000,-1884224.6250,-2923119.2500,472694.9062,-179671.4688,1340921.7500,6314218.5000,3530895.0000,-3235213.2500,-2231409.0000,-5455492.0000,1569010.7500,3423496.5000,-1189855.7500,2874806.7500,-8935311.0000,-2097426.5000,2938076.2500,8865200.0000,-2849748.0000,5134429.5000,3891903.0000,7723691.5000,-1278114.0000,6678416.5000,3221459.5000,-68019.5234,-5456555.5000,-5759610.5000,4335852.5000,-4842469.5000,-1743862.1250,-3744027.0000,2402678.5000,-7158450.0000,-2206951.7500,1282969.1250,1835380.3750,2113447.0000,-4066222.7500,-1270138.8750,-689017.0625,-4957311.5000,-4084831.2500,6839514.5000,193033.3750,-4823329.0000,714607.5000,5443865.0000,1562099.0000,-4420850.5000,5030753.0000,695467.1250,8507382.0000,-5060456.5000,10136.8428,-7082952.0000,4805854.0000,-2415900.5000,-5878706.0000,-8782188.0000,6114308.5000,61709.4102,5079667.0000
1.3747,5338061.5000,5258842.0000,4554903.0000,-4778668.5000,-4642559.5000,-2749793.0000,2188945.0000,-1865615.8750,-2894408.7500,507253.8438,-154151.0312,1367505.5000,6341334.0000,3555883.7500,-3211287.7500,-2212268.7500,-5438478.5000,1593467.8750,3444231.7500,-1164335.3750,2894478.7500,-8915639.0000,-2074564.5000,2962001.7500,8884340.0000,-2829012.7500,5154101.5000,3915828.2500,7743895.0000,-1254188.6250,6702342.0000,3230498.0000,-51005.8906,-5435820.0000,-5730368.5000,4366689.5000,-4812164.0000,-1717278.3750,-3720101.5000,2437237.5000,-7153133.0000,-2189938.2500,1304767.7500,1863027.5000,2141625.7500,-4043892.2500,-1247808.5000,-662964.9375,-4934981.0000,-4061969.2500,6864503.0000,218022.1406,-4806315.5000,730557.7500,5465132.0000,1581239.2500,-4400115.0000,5053615.0000,713012.4375,8531307.0000,-5037063.0000,32998.9102,-7074977.0000,4827652.5000,-2398355.2500,-5864882.5000,-8777935.0000,6114308.5000,66494.4922,5097744.0000
1.3767,5343378.5000,5267880.5000,4562346.5000,-4775478.5000,-4636179.5000,-2741286.2500,2196920.0000,-1860830.8750,-2885902.0000,520014.0938,-150960.9688,1379202.3750,6353031.0000,3563859.0000,-3206502.7500,-2211737.0000,-5434225.0000,1600379.6250,3447953.5000,-1155828.5000,2893947.2500,-8918297.0000,-2069247.7500,2966255.2500,8886999.0000,-2818911.0000,5163140.0000,3922208.5000,7744958.5000,-1245150.1250,6707127.0000,3229434.7500,-56322.6523,-5433693.0000,-5724520.0000,4374664.5000,-4805252.0000,-1712493.2500,-3720101.5000,2442022.7500,-7165893.5000,-2192065.0000,1300514.3750,1869939.3750,2153322.5000,-4037512.2500,-1252593.5000,-653926.4375,-4937108.0000,-4066754.2500,6864503.0000,216958.7812,-4806315.5000,732684.4375,5466195.5000,1586024.3750,-4393203.5000,5057868.5000,719392.5625,8550448.0000,-5031214.5000,37783.9922,-7078698.5000,4831906.0000,-2386658.2500,-5856907.5000,-8774213.0000,6115903.5000,52670.9180,5107846.0000
1.3787,5318921.0000,5238106.5000,4544269.5000,-4799935.5000,-4655319.5000,-2764148.2500,2175121.2500,-1882097.8750,-2907700.7500,502468.7812,-174886.3906,1359530.3750,6334422.5000,3545782.0000,-3224579.7500,-2234599.0000,-5460277.0000,1578580.8750,3425623.2500,-1174968.8750,2856198.2500,-8947008.0000,-2090514.8750,2942861.5000,8864668.0000,-2839114.5000,5145595.0000,3898283.0000,7718375.0000,-1258442.0000,6690113.5000,3221991.2500,-84501.4766,-5454428.5000,-5744192.0000,4354992.5000,-4823861.0000,-1733760.2500,-3744027.0000,2423945.7500,-7203111.0000,-2221307.0000,1267550.5000,1850799.0000,2136840.7500,-4055057.5000,-1285557.5000,-672003.3750,-4963160.0000,-4086958.0000,6846958.0000,199413.4844,-4838216.0000,706100.6875,5442270.0000,1564757.3750,-4417129.0000,5039791.5000,695467.1250,8532902.0000,-5049823.0000,14390.2510,-7098370.5000,4811170.5000,-2408457.0000,-5878706.0000,-8809304.0000,6090383.0000,10668.5186,5085515.5000
1.3807,5351885.0000,5271070.5000,4584145.0000,-4762186.5000,-4612785.5000,-2716829.0000,2217123.7500,-1840095.5000,-2866761.7500,540749.4375,-142454.1562,1401532.7500,6372703.0000,3588847.7500,-3182577.2500,-2192596.5000,-5426249.5000,1619520.0000,3459118.7500,-1131903.1250,2889162.0000,-8912981.0000,-2046917.3750,2980610.5000,8899759.0000,-2808809.0000,5188660.5000,3932842.0000,7747085.5000,-1213249.5000,6736901.0000,3281007.2500,-52600.9180,-5419338.0000,-5700063.0000,4398590.0000,-4779732.0000,-1690694.5000,-3707341.5000,2473391.5000,-7168552.0000,-2182494.7500,1299451.0000,1891738.0000,2185223.2500,-4008270.0000,-1244086.7500,-640102.8750,-4925942.5000,-4047614.0000,6887365.5000,240352.5312,-4801530.5000,750229.7500,5485336.0000,1606228.0000,-4372999.5000,5078603.5000,732152.8125,8573841.0000,-5011011.0000,52139.2422,-7054773.0000,4853173.0000,-2366986.2500,-5845742.0000,-8788037.0000,6125473.5000,30340.5293,5112631.0000
1.3827,5346568.5000,5267348.5000,4584676.5000,-4769098.5000,-4615444.0000,-2714702.5000,2218718.7500,-1843817.2500,-2874205.2500,539154.4375,-149365.9375,1396216.0000,6370044.5000,3583531.0000,-3188957.2500,-2201635.0000,-5436351.5000,1617393.2500,3452207.0000,-1131903.1250,2872680.2500,-8921487.0000,-2052765.8750,2976888.7500,8897632.0000,-2812530.7500,5190255.5000,3931247.0000,7738578.5000,-1207401.1250,6741154.5000,3291640.7500,-64297.7891,-5427313.0000,-5697936.0000,4400717.0000,-4778137.0000,-1687504.5000,-3717443.2500,2472859.7500,-7176527.0000,-2186748.2500,1296261.0000,1886421.2500,2189476.5000,-4004016.5000,-1246745.1250,-647546.3125,-4927537.5000,-4052930.7500,6883643.5000,235567.4531,-4809505.5000,747039.6875,5482677.5000,1602506.3750,-4373531.5000,5079667.0000,731621.1250,8577031.0000,-5009947.5000,52670.9180,-7056900.0000,4852641.5000,-2358479.5000,-5839893.5000,-8787505.0000,6128132.0000,23428.7422,5117947.5000
1.3847,5336466.5000,5255120.0000,4575638.0000,-4785048.5000,-4626077.5000,-2723741.0000,2203831.7500,-1854982.3750,-2884838.7500,525862.5000,-159999.4688,1379734.1250,6362069.5000,3574492.5000,-3200654.2500,-2213863.7500,-5456555.5000,1605696.3750,3443700.2500,-1139878.2500,2843969.7500,-8936374.0000,-2069247.7500,2959343.2500,8880618.0000,-2829544.5000,5182812.0000,3919018.5000,7721033.0000,-1213249.5000,6732647.5000,3273032.2500,-81311.4219,-5431566.5000,-5692619.5000,4398058.5000,-4780263.5000,-1684314.3750,-3731798.5000,2452124.5000,-7195667.5000,-2200571.7500,1286690.7500,1873661.0000,2188945.0000,-4009865.0000,-1256847.0000,-661901.5625,-4931791.0000,-4061969.2500,6876731.5000,230782.3594,-4821202.5000,734279.5000,5471512.0000,1596126.2500,-4383633.0000,5071160.0000,717265.8750,8569588.0000,-5020049.5000,43632.4297,-7069128.5000,4841476.0000,-2368049.7500,-5853717.0000,-8810899.0000,6100485.0000,-10598.5186,5100402.5000
1.3867,5341251.5000,5266817.0000,4588398.5000,-4778137.0000,-4611190.5000,-2709917.2500,2217655.5000,-1845412.2500,-2876863.5000,526925.8750,-145644.2031,1391431.0000,6369513.0000,3584594.2500,-3192679.0000,-2208547.0000,-5451770.0000,1613139.8750,3461777.0000,-1128713.0000,2847691.5000,-8925209.0000,-2062336.0000,2964660.0000,8884340.0000,-2825822.7500,5194509.0000,3934968.7500,7738047.0000,-1189855.7500,6750193.0000,3273032.2500,-78121.3672,-5416148.0000,-5666567.5000,4420920.5000,-4749426.5000,-1650287.1250,-3716380.0000,2460631.2500,-7190350.5000,-2189406.5000,1304236.1250,1896523.1250,2219250.5000,-3987534.7500,-1233984.8750,-649141.3125,-4917967.5000,-4046019.0000,6889492.0000,242479.2344,-4815886.0000,741722.9375,5483209.0000,1607823.1250,-4370341.5000,5084452.0000,727367.6875,8584475.0000,-5012606.0000,47354.1602,-7054773.0000,4853173.0000,-2356352.7500,-5843083.5000,-8793885.0000,6101548.0000,-14320.2510,5108909.0000
1.3887,5342315.0000,5266817.0000,4589993.5000,-4786112.0000,-4609595.5000,-2710449.0000,2217123.7500,-1847538.8750,-2874205.2500,524799.1875,-148302.5938,1383987.5000,6366854.5000,3577150.7500,-3194805.7500,-2207483.5000,-5454428.5000,1605696.3750,3469220.5000,-1124991.2500,2837057.7500,-8925741.0000,-2062867.6250,2963596.7500,8886467.0000,-2819442.5000,5201952.5000,3938690.5000,7741768.5000,-1176563.8750,6754446.5000,3260803.5000,-82906.4453,-5415616.0000,-5653807.0000,4429959.0000,-4728159.0000,-1634868.5000,-3711063.2500,2460631.2500,-7189287.0000,-2190470.0000,1306362.7500,1901308.2500,2234669.0000,-3981154.5000,-1238770.0000,-652863.0625,-4921689.5000,-4047082.2500,6890023.5000,245137.6094,-4819076.0000,739064.5625,5490121.0000,1613139.8750,-4362366.0000,5092427.5000,728431.0625,8596172.0000,-5005694.0000,54265.9453,-7052115.0000,4857958.0000,-2348377.7500,-5841488.5000,-8786973.0000,6099953.0000,-30802.2051,5109441.0000
1.3907,5342315.0000,5261500.0000,4589462.0000,-4793023.5000,-4614380.5000,-2710980.7500,2211807.0000,-1850197.2500,-2876332.0000,523204.1250,-155746.0469,1377607.3750,6356221.0000,3567049.0000,-3196932.5000,-2211205.2500,-5453365.0000,1598252.8750,3469220.5000,-1135093.1250,2829614.5000,-8928399.0000,-2067121.1250,2957748.2500,8884340.0000,-2818911.0000,5198762.5000,3937095.5000,7737515.0000,-1168588.7500,6752319.5000,3253360.2500,-80779.7422,-5419338.0000,-5646363.5000,4438997.5000,-4705297.0000,-1629551.7500,-3711594.7500,2465948.0000,-7189287.0000,-2193660.0000,1319123.0000,1906625.0000,2246897.5000,-3977964.5000,-1246745.1250,-656053.1250,-4916904.0000,-4042829.0000,6893213.5000,248859.3438,-4822797.5000,736937.8750,5492247.5000,1613671.5000,-4359176.0000,5096149.0000,724709.3125,8602552.0000,-5005694.0000,51075.8906,-7049988.0000,4863275.0000,-2349441.0000,-5844678.5000,-8788037.0000,6095168.0000,-34523.9375,5101465.5000
1.3927,5337530.0000,5252993.5000,4587335.0000,-4798872.0000,-4616507.5000,-2707790.5000,2199578.5000,-1849665.6250,-2881117.0000,520014.0938,-163721.1875,1372822.2500,6347714.0000,3564922.2500,-3200654.2500,-2210142.0000,-5444858.5000,1593467.8750,3466030.5000,-1139878.2500,2818981.0000,-8919361.0000,-2062336.0000,2962533.5000,8893910.0000,-2811467.5000,5199826.0000,3938158.7500,7741237.0000,-1157423.5000,6757636.5000,3258145.2500,-78121.3672,-5424123.0000,-5645832.0000,4447504.5000,-4681903.5000,-1630615.1250,-3708404.7500,2477645.0000,-7189287.0000,-2196318.2500,1324439.7500,1915131.7500,2258594.5000,-3983813.0000,-1257378.6250,-654989.7500,-4912651.0000,-4038575.5000,6897999.0000,250454.3750,-4825987.5000,738532.8750,5497032.5000,1618456.6250,-4350137.5000,5099870.5000,724177.6250,8612122.0000,-5000909.0000,54797.6211,-7052115.0000,4866465.0000,-2346782.7500,-5840957.0000,-8780062.0000,6099953.0000,-26017.1211,5098807.5000
1.3947,5316794.5000,5226941.5000,4566068.0000,-4824924.0000,-4635647.5000,-2733311.0000,2177779.7500,-1866147.6250,-2910359.2500,499810.4062,-188178.2812,1342516.7500,6319535.5000,3547377.0000,-3214477.7500,-2230877.2500,-5459745.5000,1571137.3750,3444763.5000,-1162208.6250,2792928.7500,-8936906.0000,-2081476.3750,2947114.7500,8874238.0000,-2821569.2500,5188660.5000,3919550.0000,7729008.5000,-1172310.5000,6733179.0000,3237409.7500,-94071.6406,-5431566.5000,-5657529.0000,4437934.0000,-4688283.5000,-1660389.0000,-3730203.5000,2460631.2500,-7204706.0000,-2213863.7500,1310084.5000,1901839.8750,2246897.5000,-4007738.2500,-1281304.0000,-674661.7500,-4930728.0000,-4056652.5000,6879922.0000,230782.3594,-4850444.5000,710885.7500,5477892.5000,1601443.0000,-4369278.0000,5087110.5000,705569.0000,8601489.0000,-5016859.5000,40974.0469,-7073382.0000,4851578.0000,-2363796.2500,-5855312.0000,-8777935.0000,6087193.0000,-34523.9375,5074882.0000
1.3967,5350290.0000,5250335.0000,4595310.0000,-4785580.0000,-4599493.5000,-2699283.7500,2204363.5000,-1826271.8750,-2883243.7500,539686.0625,-157872.7500,1373885.6250,6348777.5000,3580340.7500,-3176197.2500,-2189938.2500,-5418274.5000,1603569.6250,3476664.0000,-1127649.7500,2821107.5000,-8900752.0000,-2046917.3750,2990180.5000,8910392.0000,-2780630.2500,5231194.5000,3953577.2500,7766225.5000,-1134561.5000,6764016.5000,3261335.2500,-53664.2695,-5385310.5000,-5614994.5000,4484190.0000,-4640964.5000,-1634336.8750,-3695644.5000,2494658.5000,-7162703.5000,-2182494.7500,1342516.7500,1943842.2500,2288368.2500,-3979027.7500,-1245150.1250,-634254.4375,-4891383.5000,-4017840.2500,6917139.0000,267999.6875,-4817481.0000,742786.3125,5516173.0000,1636533.6250,-4329402.5000,5123796.0000,742254.6250,8644023.0000,-4981768.5000,73937.9609,-7039886.5000,4887200.5000,-2326047.2500,-5820753.5000,-8743376.0000,6116967.0000,14921.9268,5105719.0000
1.3987,5353480.0000,5254056.5000,4600095.5000,-4769098.5000,-4587265.0000,-2693967.0000,2208085.2500,-1812448.3750,-2885902.0000,537559.3750,-152556.0000,1386645.8750,6351436.0000,3589379.2500,-3168222.0000,-2179304.7500,-5406046.0000,1611013.1250,3482512.5000,-1115421.1250,2830146.0000,-8892777.0000,-2033625.5000,3001877.5000,8921026.0000,-2769996.7500,5246081.5000,3965806.0000,7785897.5000,-1122864.6250,6768801.5000,3262398.7500,-44094.1055,-5369360.5000,-5596917.5000,4502267.0000,-4631394.0000,-1644438.7500,-3696176.2500,2495190.2500,-7152601.5000,-2177709.7500,1348896.8750,1955539.1250,2293685.0000,-3984876.2500,-1239301.6250,-625215.9375,-4891383.5000,-4016245.2500,6918202.5000,270126.3750,-4814290.5000,744381.3125,5520426.5000,1641850.3750,-4320895.5000,5132834.5000,745976.3750,8656251.0000,-4973793.5000,78191.3672,-7034038.0000,4896239.0000,-2313818.7500,-5810120.0000,-8721577.0000,6133449.0000,58519.3555,5122733.0000
1.4007,5326364.5000,5224814.5000,4568726.5000,-4788238.5000,-4610127.0000,-2713639.0000,2179906.5000,-1831057.0000,-2916739.2500,506190.5000,-180203.1406,1363783.7500,6331764.0000,3569175.7500,-3189489.0000,-2196318.2500,-5421996.5000,1589746.1250,3455928.7500,-1134561.5000,2801435.5000,-8916171.0000,-2061272.6250,2977420.2500,8902949.0000,-2796580.5000,5228004.5000,3947197.2500,7767289.0000,-1149448.3750,6731052.5000,3244853.2500,-61639.4102,-5391159.0000,-5608614.5000,4486848.5000,-4655319.5000,-1686441.1250,-3723823.2500,2470201.5000,-7164830.0000,-2196318.2500,1334010.0000,1945437.2500,2268164.5000,-4016245.2500,-1261632.0000,-649141.3125,-4911056.0000,-4035917.2500,6899062.0000,253644.4219,-4841938.0000,716202.5000,5499691.0000,1623773.3750,-4341099.0000,5115289.5000,730026.0625,8645618.0000,-4992402.0000,57456.0039,-7056900.0000,4876035.0000,-2331364.0000,-5825538.5000,-8745503.0000,6121752.0000,69152.8750,5110504.0000
1.4027,5336466.5000,5234384.5000,4576701.5000,-4773883.5000,-4596303.5000,-2705664.0000,2187349.7500,-1811916.6250,-2910359.2500,508317.2188,-169037.9531,1377607.3750,6343992.5000,3584062.5000,-3171412.0000,-2181431.5000,-5399666.0000,1601443.0000,3468157.2500,-1123928.0000,2807284.0000,-8898094.0000,-2050107.5000,2988053.7500,8922621.0000,-2780630.2500,5245550.0000,3961552.5000,7788556.0000,-1139878.2500,6740622.5000,3261867.0000,-43562.4297,-5377867.0000,-5591069.5000,4505988.5000,-4645218.0000,-1696011.2500,-3718506.5000,2486683.5000,-7145158.0000,-2181431.5000,1351023.6250,1962450.8750,2274013.0000,-4015713.5000,-1253125.2500,-643824.5625,-4894042.0000,-4023688.5000,6918734.0000,271189.7500,-4839279.5000,722050.9375,5513514.5000,1639723.6250,-4327275.5000,5129644.5000,738532.8750,8664758.0000,-4981237.0000,69684.5469,-7043608.0000,4891985.5000,-2314882.0000,-5811183.0000,-8736996.0000,6148867.5000,106370.1875,5134429.5000
1.4047,5313073.0000,5214712.5000,4552776.0000,-4795150.5000,-4609064.0000,-2717892.5000,2176184.7500,-1823081.8750,-2929499.5000,478543.3438,-187646.6094,1363252.1250,6325915.5000,3572897.5000,-3174070.5000,-2190470.0000,-5416679.5000,1582302.6250,3447953.5000,-1143068.2500,2796118.7500,-8905537.0000,-2060741.0000,2975825.2500,8913051.0000,-2790200.5000,5232258.0000,3949324.0000,7776327.5000,-1161145.2500,6717760.5000,3252296.7500,-50474.2148,-5387969.0000,-5608614.5000,4492697.0000,-4668611.5000,-1730570.2500,-3744027.0000,2469669.7500,-7161108.5000,-2193128.2500,1332946.6250,1947032.3750,2251151.0000,-4038575.5000,-1272797.2500,-661369.8750,-4910524.0000,-4040170.5000,6903847.0000,258429.5156,-4859483.0000,697593.8750,5497032.5000,1622710.0000,-4340567.5000,5114757.5000,724177.6250,8655719.0000,-4993997.0000,54265.9453,-7060621.5000,4877630.0000,-2327110.7500,-5822348.5000,-8753478.0000,6154716.0000,100521.7578,5128581.0000
1.4067,5300312.5000,5196635.5000,4533636.0000,-4808442.5000,-4616507.5000,-2723741.0000,2164487.7500,-1831057.0000,-2941728.0000,460998.0625,-203065.2188,1353682.0000,6311028.5000,3559073.7500,-3176197.2500,-2199508.5000,-5420401.5000,1575922.5000,3435725.0000,-1154765.1250,2785485.2500,-8916171.0000,-2073501.2500,2968381.7500,8907734.0000,-2789137.0000,5217903.0000,3937627.0000,7765694.0000,-1184007.3750,6699152.0000,3261335.2500,-53132.5938,-5392222.5000,-5625628.0000,4485785.0000,-4688815.0000,-1756622.3750,-3759977.2500,2456909.5000,-7171742.0000,-2206420.2500,1315933.0000,1930550.3750,2227757.2500,-4056652.5000,-1285025.7500,-669876.6875,-4926474.5000,-4052930.7500,6894277.0000,247796.0000,-4871711.5000,681643.5625,5485336.0000,1611013.1250,-4345352.5000,5107846.0000,718329.1875,8656251.0000,-5003567.5000,42569.0742,-7066470.0000,4871250.0000,-2336680.7500,-5835108.5000,-8776340.0000,6152057.5000,94141.6406,5119011.0000
1.4087,5314136.0000,5209396.0000,4549586.0000,-4787175.5000,-4590455.0000,-2687587.0000,2187881.5000,-1804473.1250,-2923119.2500,482265.0938,-180203.1406,1380797.5000,6335485.5000,3584594.2500,-3146423.2500,-2166012.7500,-5382652.5000,1603038.0000,3462308.7500,-1135624.8750,2821107.5000,-8891182.0000,-2046385.7500,3000814.0000,8936444.0000,-2758299.7500,5241296.5000,3963147.5000,7790682.5000,-1168588.7500,6714039.0000,3301211.0000,-24422.0938,-5367233.5000,-5597981.0000,4512369.0000,-4674460.0000,-1754495.6250,-3735520.2500,2488278.5000,-7144626.5000,-2185153.2500,1331883.2500,1950754.0000,2238922.5000,-4044424.0000,-1262695.3750,-641166.1875,-4905739.0000,-4029005.2500,6919266.0000,273316.4375,-4850444.5000,702378.9375,5508729.5000,1633875.2500,-4326212.0000,5131239.5000,735874.5000,8681772.0000,-4980173.5000,63304.4375,-7040949.5000,4895175.5000,-2315945.5000,-5812246.5000,-8743908.0000,6185553.0000,113281.9766,5155696.5000
1.4107,5288615.5000,5182812.0000,4524065.5000,-4814822.5000,-4598430.5000,-2691840.2500,2191603.2500,-1809258.2500,-2942791.5000,459403.0312,-197216.7812,1368037.2500,6321130.5000,3577682.5000,-3148550.0000,-2170798.0000,-5381589.0000,1599316.2500,3443168.5000,-1148916.7500,2814727.5000,-8897562.0000,-2049575.7500,3003472.5000,8927938.0000,-2760958.2500,5229599.5000,3956767.5000,7782707.5000,-1184007.3750,6694898.5000,3296426.0000,-31865.5566,-5376804.0000,-5613399.5000,4505988.5000,-4695195.5000,-1782674.5000,-3745622.0000,2486151.7500,-7154728.5000,-2201103.5000,1323376.5000,1937462.1250,2218718.7500,-4056120.7500,-1271202.2500,-645951.2500,-4920626.0000,-4046019.0000,6907037.5000,262682.9062,-4867458.5000,688555.3750,5494906.0000,1618988.2500,-4337909.0000,5121138.0000,724709.3125,8674328.0000,-4991339.0000,53202.5938,-7053178.0000,4882947.0000,-2327110.7500,-5823411.5000,-8740718.0000,6191401.5000,103180.1328,5154633.5000
1.4127,5268943.5000,5161545.0000,4508647.0000,-4837684.5000,-4602152.0000,-2694498.7500,2195325.0000,-1816170.0000,-2957146.7500,445579.4375,-210508.6719,1355277.0000,6311028.5000,3568644.0000,-3148550.0000,-2168139.5000,-5383715.5000,1595062.8750,3430940.0000,-1162208.6250,2805689.0000,-8905537.0000,-2052234.1250,3004535.7500,8920494.0000,-2761490.0000,5219498.0000,3948792.2500,7781644.0000,-1196767.6250,6686923.5000,3303337.7500,-43030.7539,-5385310.5000,-5632008.5000,4496950.0000,-4716462.5000,-1806068.2500,-3753597.2500,2481898.2500,-7166957.0000,-2214395.2500,1310084.5000,1926828.6250,2200110.0000,-4070476.0000,-1273860.6250,-636912.8125,-4930196.0000,-4057184.2500,6899062.0000,257366.1562,-4884472.0000,675263.4375,5485336.0000,1608886.3750,-4348542.5000,5109972.5000,714075.8125,8667948.0000,-5000909.0000,42569.0742,-7059026.5000,4872313.5000,-2335617.5000,-5830323.5000,-8741781.0000,6195655.0000,80849.7422,5137088.0000
1.4147,5287552.5000,5178559.0000,4533104.0000,-4810569.0000,-4570251.5000,-2664193.2500,2226694.0000,-1791713.0000,-2927904.5000,464188.0938,-185519.9062,1383455.8750,6334954.0000,3600012.7500,-3105484.2500,-2129858.7500,-5344371.5000,1631216.8750,3454333.7500,-1138814.8750,2831741.0000,-8872573.0000,-2009168.3750,3035373.0000,8956116.0000,-2727994.2500,5249271.5000,3979097.7500,7813013.0000,-1179753.8750,6716165.5000,3336301.5000,-9003.4912,-5352878.5000,-5603298.0000,4528850.5000,-4698917.0000,-1785332.8750,-3718506.5000,2514862.2500,-7142499.5000,-2182494.7500,1339858.3750,1953944.1250,2219782.0000,-4043892.2500,-1225478.1250,-590125.3125,-4905207.5000,-4026347.0000,6929899.5000,289266.7188,-4862673.0000,698657.1875,5506603.0000,1632280.1250,-4324085.5000,5134961.5000,741191.2500,8703039.0000,-4975388.5000,70216.2266,-7032974.5000,4898897.0000,-2307970.2500,-5798954.5000,-8713602.0000,6241910.5000,87761.5312,5163672.0000
1.4167,5254056.5000,5145063.0000,4496418.5000,-4844596.5000,-4606937.0000,-2695562.0000,2199046.7500,-1822018.5000,-2962463.5000,428565.8125,-213167.0625,1355808.6250,6306243.5000,3569175.7500,-3121434.5000,-2159101.0000,-5372019.0000,1608354.7500,3421369.7500,-1172842.1250,2799309.0000,-8898625.0000,-2025650.3750,3007725.7500,8927938.0000,-2751919.7500,5220029.5000,3953577.2500,7783771.0000,-1216439.6250,6684796.5000,3298552.5000,-39840.6953,-5379994.0000,-5637325.0000,4498013.5000,-4737729.5000,-1819891.7500,-3741368.7500,2477645.0000,-7177058.5000,-2215458.7500,1310616.2500,1923638.6250,2180438.0000,-4076324.5000,-1244086.7500,-610860.6875,-4939234.5000,-4060906.0000,6897467.0000,258429.5156,-4892447.0000,664098.2500,5473107.0000,1601974.6250,-4352796.0000,5104656.0000,715139.1250,8682835.0000,-5001440.5000,40974.0469,-7068597.0000,4871250.0000,-2331895.7500,-5821816.5000,-8738059.0000,6215858.5000,42569.0742,5132834.5000
1.4187,5270538.5000,5153570.0000,4503330.5000,-4827051.0000,-4591518.5000,-2681206.7500,2212338.7500,-1814575.0000,-2939069.7500,437604.3125,-201470.1875,1374417.3750,6317408.5000,3572365.7500,-3090065.5000,-2144745.7500,-5348093.5000,1626431.7500,3439978.5000,-1161145.2500,2820044.2500,-8880548.0000,-2001725.0000,3025271.2500,8939634.0000,-2727994.2500,5230663.0000,3964211.0000,7795468.0000,-1207401.1250,6699152.0000,3301742.7500,-22295.3906,-5367233.5000,-5627223.5000,4510242.0000,-4731349.5000,-1814575.0000,-3723823.2500,2481898.2500,-7160576.5000,-2204825.2500,1315401.2500,1938525.5000,2187881.5000,-4065159.2500,-1225478.1250,-606075.5625,-4923284.5000,-4047614.0000,6909164.0000,276506.5000,-4881813.5000,673668.4375,5487462.5000,1611544.7500,-4338972.5000,5118479.5000,728962.7500,8701444.0000,-4992402.0000,48417.5117,-7057963.0000,4886137.0000,-2319135.5000,-5813310.0000,-8742313.0000,6214795.0000,25023.7695,5138683.0000
1.4207,5297654.0000,5171115.5000,4521939.0000,-4800999.0000,-4567061.5000,-2662066.5000,2233605.7500,-1797561.3750,-2914612.5000,462593.0625,-172759.6875,1401532.7500,6341865.5000,3593632.7500,-3054975.0000,-2121883.7500,-5312471.0000,1655142.2500,3471347.2500,-1134029.7500,2851413.0000,-8845989.0000,-1966634.3750,3053981.7500,8960901.0000,-2694498.7500,5253525.0000,3988668.0000,7818861.5000,-1190387.5000,6718292.5000,3323009.7500,3225.0557,-5347561.5000,-5607551.0000,4527787.5000,-4722311.0000,-1797029.7500,-3705746.2500,2494658.5000,-7132929.5000,-2186748.2500,1327098.1250,1956070.8750,2203300.2500,-4044424.0000,-1201021.0000,-590125.3125,-4905739.0000,-4028473.7500,6926709.5000,293520.1250,-4865863.5000,692808.7500,5508198.0000,1632280.1250,-4318237.0000,5142936.5000,752888.1250,8736003.0000,-4967413.5000,70747.8984,-7032443.0000,4908467.5000,-2294146.7500,-5787789.5000,-8730616.0000,6230214.0000,19175.3340,5161013.5000
1.4227,5260968.5000,5133898.0000,4482063.5000,-4843001.0000,-4601088.5000,-2703005.5000,2205426.7500,-1840627.1250,-2955020.0000,419527.3125,-205191.9219,1371759.0000,6305180.0000,3559073.7500,-3085812.2500,-2157506.0000,-5339055.0000,1617924.8750,3434130.0000,-1175500.5000,2818981.0000,-8869915.0000,-1996939.8750,3018891.0000,8921026.0000,-2722145.7500,5213117.5000,3954109.0000,7782176.0000,-1229731.5000,6678416.5000,3288982.5000,-38777.3438,-5394349.0000,-5650617.0000,4483126.5000,-4768566.5000,-1834778.7500,-3742963.7500,2463821.2500,-7170678.5000,-2230877.2500,1286690.7500,1911941.7500,2159702.7500,-4076324.5000,-1230263.1250,-635849.4375,-4947741.5000,-4072602.7500,6880985.0000,253112.7500,-4897232.0000,658249.8125,5471512.0000,1593467.8750,-4351201.0000,5108377.5000,720455.9375,8709419.0000,-5004099.0000,31935.5566,-7069660.0000,4877098.5000,-2326047.2500,-5823943.5000,-8772618.0000,6191401.5000,-30802.2051,5120074.5000
1.4247,5294996.0000,5173773.5000,4513964.0000,-4803125.5000,-4560681.5000,-2675358.5000,2238922.5000,-1814043.3750,-2925777.7500,448237.8125,-168506.2812,1414293.0000,6340802.5000,3596291.2500,-3048595.0000,-2129327.2500,-5289609.0000,1646635.3750,3472410.7500,-1138283.2500,2858325.0000,-8824722.0000,-1958659.2500,3059830.0000,8951863.0000,-2685460.2500,5246081.5000,3993984.7500,7810354.5000,-1199957.6250,6716697.5000,3311844.5000,-7940.1392,-5369360.5000,-5622970.0000,4513964.0000,-4738792.5000,-1795966.3750,-3695112.7500,2507950.5000,-7137183.0000,-2205356.7500,1314338.0000,1944374.0000,2195325.0000,-4037512.2500,-1181349.0000,-609265.6250,-4911587.5000,-4042829.0000,6913417.5000,283418.2812,-4862141.5000,692277.0625,5503944.5000,1623241.6250,-4318237.0000,5142405.0000,754483.1875,8751421.0000,-4967413.5000,66494.4922,-7039354.5000,4907935.5000,-2299463.5000,-5793638.0000,-8754541.0000,6205225.0000,-20168.6855,5136556.5000
1.4267,5271602.0000,5152506.5000,4486848.5000,-4822797.5000,-4580353.5000,-2702473.7500,2211807.0000,-1841158.8750,-2945981.5000,425907.4375,-188178.2812,1393026.0000,6314750.5000,3576087.5000,-3072520.2500,-2159632.7500,-5283760.5000,1630153.5000,3462308.7500,-1158486.8750,2834399.5000,-8834293.0000,-1977267.8750,3038563.0000,8932723.0000,-2697688.7500,5222688.0000,3974312.7500,7786429.5000,-1223883.0000,6699683.5000,3285792.2500,-32397.2324,-5397539.0000,-5658060.5000,4486316.5000,-4771756.5000,-1810853.2500,-3710531.5000,2491468.5000,-7158981.5000,-2230877.2500,1287222.5000,1920448.5000,2162361.0000,-4063032.5000,-1200489.2500,-642229.5625,-4941893.0000,-4069412.7500,6886302.0000,255239.4531,-4878092.0000,673668.4375,5479487.5000,1599316.2500,-4340036.0000,5122201.0000,732684.4375,8738661.0000,-4987617.0000,45759.1328,-7064343.5000,4887732.0000,-2317540.5000,-5814905.0000,-8769428.0000,6183958.0000,-43030.7539,5102529.0000
1.4287,5252461.5000,5136556.5000,4467176.5000,-4848849.5000,-4597367.0000,-2721614.2500,2186818.2500,-1862425.8750,-2964058.5000,413147.2188,-205191.9219,1378670.7500,6300395.0000,3562263.7500,-3100167.5000,-2183026.5000,-5291735.5000,1618988.2500,3453270.2500,-1168057.0000,2818981.0000,-8844394.0000,-2000661.6250,3018891.0000,8919962.0000,-2708322.2500,5208864.5000,3957299.0000,7764099.0000,-1248340.1250,6675758.0000,3251765.0000,-53664.2695,-5407109.5000,-5684644.5000,4457074.5000,-4799404.0000,-1832652.0000,-3731798.5000,2469669.7500,-7178122.0000,-2253739.2500,1261702.0000,1895459.7500,2138967.2500,-4083236.2500,-1221224.6250,-658711.5000,-4958375.0000,-4090148.0000,6869288.5000,239820.8594,-4889257.0000,659844.8750,5461942.0000,1583897.6250,-4352796.0000,5107314.0000,714607.5000,8723774.0000,-5005694.0000,28745.5020,-7079230.5000,4872845.0000,-2335617.5000,-5833513.5000,-8787505.0000,6161627.5000,-68551.1953,5076477.0000
1.4307,5294464.0000,5173242.0000,4505457.0000,-4811632.5000,-4566529.5000,-2688650.2500,2233605.7500,-1829993.6250,-2922056.0000,454086.2500,-166379.5781,1413761.3750,6334954.0000,3600544.5000,-3068267.0000,-2148467.5000,-5256113.5000,1652483.8750,3500057.7500,-1131903.1250,2858325.0000,-8799202.0000,-1971951.1250,3044411.5000,8958243.0000,-2672700.0000,5249271.5000,3996111.5000,7801848.0000,-1216971.2500,6711912.0000,3285792.2500,-19637.0098,-5366702.0000,-5638920.0000,4488975.0000,-4771756.5000,-1797561.3750,-3687137.7500,2503697.0000,-7141436.5000,-2215990.2500,1292539.2500,1930550.3750,2171931.2500,-4041765.5000,-1174968.8750,-608202.3125,-4920626.0000,-4052399.0000,6909695.5000,275974.8125,-4851508.0000,698657.1875,5500754.5000,1620051.6250,-4312388.5000,5144000.0000,751293.1250,8763118.0000,-4965818.5000,65431.1406,-7040418.0000,4914847.5000,-2297336.7500,-5793106.0000,-8746566.0000,6197250.0000,-35587.2891,5095617.5000
1.4327,5290742.5000,5161013.5000,4489506.5000,-4830241.0000,-4592050.0000,-2707790.5000,2227757.2500,-1843817.2500,-2939069.7500,437604.3125,-180734.8281,1395152.7500,6317408.5000,3584062.5000,-3095382.5000,-2164949.5000,-5277912.0000,1632811.8750,3488361.0000,-1139878.2500,2840248.0000,-8806645.0000,-1994281.5000,3025802.7500,8942293.0000,-2682801.7500,5237043.0000,3978034.5000,7787492.5000,-1232921.5000,6700215.5000,3285792.2500,-46752.4844,-5385310.5000,-5652212.0000,4466113.0000,-4794618.5000,-1812980.0000,-3700429.5000,2499443.7500,-7154196.5000,-2234599.0000,1270208.8750,1916726.7500,2153854.2500,-4051335.7500,-1181880.6250,-612455.6875,-4934449.5000,-4072071.0000,6887897.0000,257897.8281,-4868521.5000,678453.5000,5480019.0000,1607291.3750,-4325680.5000,5132303.0000,735874.5000,8751421.0000,-4979110.5000,51075.8906,-7056900.0000,4902619.0000,-2306375.2500,-5803208.0000,-8743908.0000,6190870.0000,-37713.9922,5078072.0000
1.4347,5307224.5000,5172710.5000,4496950.0000,-4831304.5000,-4601088.5000,-2716297.5000,2219250.5000,-1841158.8750,-2929499.5000,438667.6562,-175949.7344,1397279.3750,6312623.5000,3577682.5000,-3104420.7500,-2161759.5000,-5275254.0000,1638128.6250,3498462.7500,-1134561.5000,2837589.5000,-8799202.0000,-2003851.6250,3023144.5000,8946015.0000,-2665788.2500,5241828.0000,3970591.0000,7787492.5000,-1236643.2500,6699683.5000,3286855.7500,-46220.8086,-5381057.5000,-5645832.0000,4466644.5000,-4797809.0000,-1805536.5000,-3691391.0000,2495190.2500,-7149411.5000,-2231940.7500,1269145.5000,1917258.5000,2158107.7500,-4047082.2500,-1171778.7500,-598100.4375,-4924879.5000,-4064096.0000,6893213.5000,267468.0000,-4866395.0000,680048.5625,5483209.0000,1610481.5000,-4319832.0000,5136024.5000,741191.2500,8755143.0000,-4980173.5000,54265.9453,-7051583.0000,4906872.5000,-2299995.2500,-5801613.0000,-8747098.0000,6187679.5000,-29207.1777,5072755.0000
1.4367,5339125.0000,5204611.0000,4519812.5000,-4808974.0000,-4580885.0000,-2701410.5000,2230947.2500,-1819360.1250,-2900789.0000,470036.5312,-155746.0469,1413229.6250,6330169.0000,3579809.2500,-3096977.5000,-2141555.7500,-5251328.5000,1658864.0000,3519729.7500,-1117547.8750,2851413.0000,-8784847.0000,-1998534.8750,3033778.0000,8972067.0000,-2644521.2500,5263095.0000,3982819.5000,7806101.5000,-1225478.1250,6715102.5000,3298552.5000,-28143.8262,-5357132.0000,-5626691.5000,4476215.0000,-4787175.5000,-1784801.1250,-3672250.7500,2513267.2500,-7127081.0000,-2206951.7500,1286690.7500,1936930.5000,2173526.2500,-4026878.7500,-1152638.5000,-567263.2500,-4900422.0000,-4035917.2500,6920329.0000,293520.1250,-4845128.0000,698125.5000,5503413.0000,1637065.2500,-4295906.5000,5157823.5000,767775.0625,8784385.0000,-4953590.0000,77659.6875,-7022341.0000,4932393.0000,-2275006.5000,-5778219.0000,-8721046.0000,6195655.0000,3756.7317,5092959.0000
1.4387,5305629.5000,5181749.0000,4491102.0000,-4844596.5000,-4618102.5000,-2742349.5000,2190540.0000,-1848602.2500,-2929499.5000,443452.7500,-188709.9688,1376544.0000,6292951.5000,3534085.0000,-3142701.5000,-2177178.0000,-5278444.0000,1617924.8750,3488361.0000,-1155296.8750,2811005.7500,-8828444.0000,-2050107.5000,2991244.0000,8946546.0000,-2680143.5000,5231194.5000,3946134.0000,7771010.5000,-1268012.1250,6669378.0000,3268778.7500,-65361.1406,-5383715.5000,-5661250.5000,4432085.5000,-4833431.0000,-1827866.8750,-3717443.2500,2485088.5000,-7160576.5000,-2239384.0000,1253726.8750,1900244.8750,2132587.2500,-4063564.2500,-1195704.2500,-592252.0000,-4923284.5000,-4061969.2500,6884707.0000,268531.3438,-4873838.5000,668351.6875,5481082.5000,1613139.8750,-4319300.5000,5134961.5000,742786.3125,8759396.0000,-4983895.5000,49480.8633,-7047329.5000,4906872.5000,-2295741.7500,-5804803.0000,-8740718.0000,6146740.5000,-7408.4634,5065843.5000
1.4407,5316794.5000,5199826.0000,4506520.5000,-4830241.0000,-4610127.0000,-2734374.5000,2193198.2500,-1839563.7500,-2911954.2500,457808.0000,-178608.1250,1385582.5000,6305712.0000,3539933.5000,-3143765.0000,-2167607.7500,-5261962.0000,1615266.5000,3493677.7500,-1154233.5000,2819512.5000,-8830571.0000,-2054892.5000,2998687.2500,8968877.0000,-2667915.0000,5246613.5000,3953577.2500,7774200.5000,-1265353.7500,6669378.0000,3288982.5000,-51537.5664,-5364043.5000,-5635730.0000,4438997.5000,-4831836.0000,-1816170.0000,-3717443.2500,2495722.0000,-7141968.0000,-2226092.2500,1271272.2500,1907156.6250,2138967.2500,-4056652.5000,-1196767.6250,-574175.0000,-4903612.5000,-4042829.0000,6901189.0000,288735.0312,-4861610.0000,682706.9375,5493842.5000,1627495.1250,-4300160.0000,5155696.5000,765648.3750,8783853.0000,-4959438.5000,69152.8750,-7029784.5000,4929202.5000,-2279791.5000,-5790979.5000,-8729552.0000,6133449.0000,29277.1777,5080730.5000
1.4427,5333276.5000,5214181.0000,4516622.0000,-4827582.5000,-4604810.5000,-2736501.0000,2199046.7500,-1834778.7500,-2901852.2500,464188.0938,-174354.7188,1385050.8750,6307307.0000,3536743.5000,-3152271.7500,-2170266.2500,-5249201.5000,1608354.7500,3497931.0000,-1160081.8750,2821639.2500,-8840141.0000,-2064994.3750,2997624.0000,8980573.0000,-2649306.2500,5252461.5000,3956235.7500,7777922.5000,-1272265.5000,6667783.0000,3298552.5000,-44625.7812,-5354473.5000,-5630413.5000,4433149.0000,-4838216.0000,-1812980.0000,-3715848.2500,2485088.5000,-7135588.0000,-2218117.0000,1276057.2500,1907688.2500,2136309.0000,-4054525.7500,-1196235.8750,-566199.8750,-4889788.5000,-4027942.0000,6907037.5000,298836.8750,-4850976.5000,690682.0625,5503413.0000,1637065.2500,-4290590.0000,5166862.0000,778408.5625,8799804.0000,-4950400.0000,78723.0391,-7018087.5000,4937709.5000,-2264372.7500,-5777156.0000,-8719451.0000,6135575.5000,95204.9922,5104656.0000
1.4447,5301907.5000,5183344.0000,4484721.5000,-4869585.0000,-4644686.0000,-2780630.2500,2159171.0000,-1875186.1250,-2936943.0000,428565.8125,-208381.9688,1343580.1250,6269026.0000,3489956.0000,-3203844.2500,-2213863.7500,-5280570.5000,1572732.5000,3458587.0000,-1202616.0000,2782295.2500,-8894372.0000,-2114972.0000,2959875.0000,8946546.0000,-2676953.5000,5218434.5000,3915828.2500,7738047.0000,-1318521.3750,6627375.5000,3257081.7500,-80248.0703,-5391159.0000,-5673479.0000,4388488.5000,-4883940.5000,-1849134.0000,-3755192.2500,2443617.7500,-7168552.0000,-2254271.0000,1247878.5000,1872066.0000,2098028.2500,-4091211.5000,-1235579.8750,-607670.6250,-4923284.5000,-4061969.2500,6872478.5000,264809.6250,-4886598.5000,658781.5000,5468854.0000,1599847.8750,-4323022.0000,5135493.0000,742786.3125,8770030.0000,-4982300.5000,43632.4297,-7054773.0000,4905277.5000,-2294146.7500,-5806398.0000,-8763580.0000,6104738.5000,124447.1719,5095617.5000
1.4467,5328491.5000,5207269.5000,4512369.0000,-4844596.5000,-4623419.0000,-2754046.5000,2179374.7500,-1853387.3750,-2915144.2500,453554.5938,-179139.7969,1365910.5000,6286040.0000,3505374.5000,-3190552.5000,-2194723.2500,-5252923.5000,1590277.7500,3475600.7500,-1186134.0000,2800904.0000,-8891714.0000,-2104338.5000,2980078.7500,8967282.0000,-2651433.0000,5240233.0000,3937095.5000,7758782.0000,-1301507.7500,6650769.5000,3284729.0000,-52600.9180,-5365107.0000,-5654870.5000,4403375.0000,-4867458.5000,-1819891.7500,-3732861.7500,2462226.2500,-7143031.5000,-2234067.2500,1279247.3750,1890143.0000,2116637.0000,-4069412.7500,-1214312.8750,-586935.2500,-4898827.0000,-4037512.2500,6896403.5000,286608.3438,-4871180.0000,680580.1875,5492779.0000,1618988.2500,-4299628.5000,5159418.5000,763521.6875,8794487.0000,-4957843.0000,67557.8438,-7032443.0000,4930266.0000,-2268094.5000,-5783536.0000,-8750288.0000,6143019.0000,195160.0781,5150911.5000
1.4487,5325301.5000,5211522.5000,4516090.5000,-4835026.0000,-4622887.5000,-2743944.5000,2185223.2500,-1848602.2500,-2916739.2500,450896.2188,-173823.0312,1368568.8750,6283381.5000,3502716.2500,-3195869.2500,-2189938.2500,-5258772.0000,1587087.7500,3475600.7500,-1185602.3750,2807284.0000,-8899689.0000,-2107528.5000,2988585.5000,8965687.0000,-2657281.5000,5246081.5000,3937095.5000,7764099.0000,-1304166.1250,6653959.5000,3304932.7500,-51005.8906,-5361385.5000,-5655402.0000,4398590.0000,-4871180.0000,-1817233.3750,-3729140.0000,2469138.0000,-7139841.5000,-2233004.0000,1290412.5000,1884294.6250,2116637.0000,-4067286.0000,-1210059.5000,-586403.5625,-4895637.0000,-4027410.2500,6901189.0000,288735.0312,-4872775.0000,683238.6250,5494374.5000,1622710.0000,-4296970.0000,5160482.0000,765648.3750,8797677.0000,-4956248.0000,68621.1953,-7035101.0000,4934519.5000,-2255866.0000,-5772371.0000,-8755073.0000,6168539.5000,229187.3281,5181217.0000
1.4507,5310414.5000,5200357.5000,4506520.5000,-4856825.0000,-4639901.0000,-2753514.7500,2165551.2500,-1862425.8750,-2939069.7500,432819.2188,-183393.2031,1353682.0000,6262646.0000,3481980.7500,-3210224.5000,-2206420.2500,-5287482.5000,1560503.8750,3459118.7500,-1202616.0000,2787080.2500,-8929463.0000,-2130390.5000,2970508.5000,8940166.0000,-2678016.7500,5232789.5000,3920613.5000,7741768.5000,-1319584.7500,6636946.0000,3299084.2500,-66956.1719,-5373082.0000,-5674542.5000,4383171.5000,-4889788.5000,-1834778.7500,-3748280.5000,2446807.7500,-7158450.0000,-2248954.2500,1284032.3750,1870471.0000,2101750.0000,-4079514.5000,-1223883.0000,-600758.8125,-4904144.0000,-4037512.2500,6896935.5000,275443.1562,-4887130.5000,673668.4375,5482677.5000,1613139.8750,-4311857.0000,5150380.0000,752356.5000,8786512.0000,-4968477.0000,56924.3281,-7047329.5000,4920696.0000,-2263841.2500,-5784599.5000,-8774745.0000,6169602.5000,204198.5625,5174305.5000
1.4527,5334871.5000,5227473.0000,4526192.5000,-4843533.0000,-4628736.0000,-2737032.7500,2177248.0000,-1848070.6250,-2923119.2500,451427.8750,-164252.8750,1366973.8750,6271153.0000,3492614.2500,-3196400.7500,-2191533.2500,-5282165.5000,1569010.7500,3472410.7500,-1186134.0000,2800372.2500,-8925209.0000,-2117098.7500,2977952.0000,8943888.0000,-2665256.5000,5250866.5000,3932842.0000,7758782.0000,-1305761.1250,6653428.0000,3296426.0000,-56854.3281,-5357132.0000,-5658060.5000,4394868.5000,-4875433.5000,-1815638.3750,-3730203.5000,2478708.2500,-7139841.5000,-2236194.0000,1298387.6250,1886421.2500,2116637.0000,-4065691.0000,-1210591.1250,-585340.2500,-4883940.5000,-4018371.7500,6921392.5000,292988.4375,-4875433.5000,686960.3125,5499159.5000,1626963.3750,-4297501.5000,5165267.0000,767243.3750,8803525.0000,-4953058.0000,70216.2266,-7027657.5000,4941431.5000,-2242042.5000,-5764927.5000,-8758795.0000,6199908.5000,200476.8281,5189192.5000
1.4547,5343910.0000,5233853.0000,4534167.5000,-4837153.0000,-4629267.5000,-2734906.0000,2175121.2500,-1848602.2500,-2922587.7500,458871.3438,-157872.7500,1369100.6250,6265836.0000,3494209.2500,-3190020.7500,-2191533.2500,-5297584.0000,1565289.0000,3475069.0000,-1183475.6250,2799309.0000,-8931058.0000,-2114972.0000,2978483.7500,8933254.0000,-2675890.0000,5255652.0000,3937095.5000,7764099.0000,-1304166.1250,6657149.5000,3290045.7500,-62171.0859,-5361917.0000,-5656465.5000,4397527.0000,-4874370.0000,-1811916.6250,-3731798.5000,2502633.7500,-7136651.5000,-2238320.7500,1299451.0000,1885357.8750,2122485.5000,-4061969.2500,-1210059.5000,-587466.9375,-4882345.5000,-4011460.0000,6928836.0000,294051.8125,-4874370.0000,690682.0625,5504476.0000,1631216.8750,-4293248.5000,5166330.0000,767243.3750,8808310.0000,-4948273.0000,73406.2812,-7021809.5000,4944621.5000,-2236194.0000,-5762269.0000,-8767833.0000,6203098.5000,180273.1406,5182812.0000
1.4567,5324238.0000,5212054.5000,4511305.5000,-4864268.5000,-4656914.5000,-2764148.2500,2149069.2500,-1872527.7500,-2951830.0000,433882.5625,-183393.2031,1344643.5000,6234467.0000,3470284.0000,-3210224.5000,-2216522.0000,-5340118.0000,1540300.2500,3449548.5000,-1207932.7500,2781232.0000,-8961363.0000,-2143682.5000,2952431.5000,8894974.0000,-2718955.7500,5231194.5000,3914233.2500,7742832.0000,-1328623.2500,6631097.5000,3267183.7500,-96198.3438,-5394349.0000,-5685176.0000,4374133.0000,-4896169.0000,-1837968.7500,-3755192.2500,2488278.5000,-7167488.5000,-2263309.5000,1291475.8750,1860369.1250,2101750.0000,-4080046.2500,-1235048.2500,-612455.6875,-4905207.5000,-4031663.7500,6911290.5000,271189.7500,-4899359.0000,665161.6250,5480019.0000,1608354.7500,-4315047.0000,5149316.5000,748103.0625,8790233.0000,-4966350.0000,53202.5938,-7041481.5000,4922822.5000,-2254802.7500,-5784599.5000,-8794417.0000,6173856.0000,125510.5234,5146658.0000
1.4587,5343910.0000,5233321.5000,4532572.5000,-4835026.0000,-4634584.5000,-2746071.2500,2161297.7500,-1854450.7500,-2934816.2500,459403.0312,-157872.7500,1378139.1250,6251481.0000,3492614.2500,-3190020.7500,-2194723.2500,-5335333.0000,1549338.7500,3468157.2500,-1190387.5000,2807815.7500,-8943286.0000,-2118693.7500,2974230.2500,8901354.0000,-2710449.0000,5256715.0000,3940817.2500,7769415.5000,-1308419.5000,6658744.5000,3295894.2500,-77589.6875,-5384247.5000,-5667630.5000,4392741.5000,-4877028.5000,-1811385.0000,-3730735.2500,2510608.7500,-7152601.5000,-2247359.2500,1315933.0000,1883231.2500,2124612.0000,-4055057.5000,-1216971.2500,-599695.5000,-4881813.5000,-4008801.7500,6939469.5000,289798.4062,-4879687.0000,680580.1875,5501817.5000,1626431.7500,-4296438.5000,5162608.5000,759799.9375,8809905.0000,-4949868.0000,65962.8203,-7014366.0000,4941963.0000,-2238320.7500,-5769712.5000,-8762516.0000,6192465.0000,94673.3203,5146658.0000
1.4607,5341251.5000,5228536.5000,4528319.0000,-4831836.0000,-4635116.0000,-2752983.0000,2167677.7500,-1853387.3750,-2935879.5000,462061.4062,-156277.7344,1381860.7500,6249354.0000,3491551.0000,-3191615.7500,-2191533.2500,-5341713.5000,1539768.5000,3461245.5000,-1199957.6250,2809942.5000,-8947008.0000,-2119757.0000,2976888.7500,8888062.0000,-2726931.0000,5252461.5000,3938158.7500,7766225.5000,-1309482.8750,6657681.0000,3312907.7500,-86096.5078,-5392222.5000,-5674010.5000,4386361.5000,-4881813.5000,-1812980.0000,-3723291.7500,2512203.7500,-7159513.5000,-2256397.7500,1311679.6250,1874724.3750,2118232.0000,-4057715.7500,-1216439.6250,-608202.3125,-4890852.0000,-4015181.7500,6934152.5000,286076.6562,-4878623.5000,679516.8750,5501817.5000,1623773.3750,-4299628.5000,5161013.5000,758204.8750,8809905.0000,-4948804.5000,65431.1406,-7013302.5000,4940368.0000,-2235130.7500,-5768117.5000,-8730616.0000,6195123.0000,57987.6797,5127518.0000
1.4627,5329023.0000,5207269.5000,4507052.0000,-4845128.0000,-4650003.0000,-2772123.5000,2151196.0000,-1866147.6250,-2950766.5000,451427.8750,-174886.3906,1371227.2500,6231809.0000,3476132.2500,-3201186.0000,-2200040.0000,-5362448.5000,1528071.6250,3439978.5000,-1218566.2500,2800904.0000,-8966680.0000,-2127732.2500,2972635.2500,8865731.0000,-2756173.2500,5231726.5000,3924335.2500,7749212.0000,-1324369.7500,6646516.0000,3317693.0000,-110553.5938,-5414553.0000,-5703784.5000,4365094.5000,-4902017.5000,-1820423.5000,-3730203.5000,2495722.0000,-7175463.5000,-2277664.7500,1286159.1250,1853989.0000,2102813.5000,-4072071.0000,-1227073.1250,-626810.9375,-4907334.0000,-4031663.7500,6919797.5000,267468.0000,-4890852.0000,665161.6250,5489057.5000,1607291.3750,-4316642.0000,5144531.5000,739596.2500,8794487.0000,-4967413.5000,45759.1328,-7023936.0000,4921759.5000,-2248954.2500,-5785131.0000,-8721046.0000,6180768.0000,21833.7148,5098807.5000
1.4647,5352948.5000,5232258.0000,4532041.0000,-4811100.5000,-4623950.5000,-2746071.2500,2179906.5000,-1836905.3750,-2919397.7500,485455.1562,-146175.8906,1398874.3750,6252012.5000,3497399.5000,-3173007.0000,-2166544.5000,-5341713.5000,1564757.3750,3470284.0000,-1194640.8750,2837589.5000,-8939564.0000,-2096895.0000,3002409.0000,8885935.0000,-2737564.5000,5253525.0000,3959425.7500,7776327.5000,-1303102.7500,6675226.5000,3350125.2500,-87159.8594,-5395944.0000,-5695809.5000,4386893.5000,-4877028.5000,-1793839.6250,-3703088.0000,2523369.0000,-7149943.0000,-2249486.0000,1297856.0000,1877914.5000,2126207.0000,-4050272.5000,-1199957.6250,-608202.3125,-4882345.5000,-4005611.5000,6941596.0000,287671.6875,-4862141.5000,692808.7500,5514046.5000,1630685.1250,-4291653.5000,5165267.0000,757141.5625,8815222.0000,-4940298.0000,70747.8984,-6990440.5000,4949406.5000,-2229282.2500,-5759610.5000,-8688613.0000,6211073.5000,30872.2051,5109441.0000
1.4667,5320516.0000,5199826.0000,4501203.5000,-4840343.0000,-4656914.5000,-2773186.7500,2153854.2500,-1866679.2500,-2945449.7500,461529.7188,-175418.0625,1358467.0000,6219580.5000,3460182.0000,-3201186.0000,-2191001.5000,-5366170.5000,1541895.2500,3438915.0000,-1222288.0000,2812600.7500,-8969338.0000,-2125605.5000,2973698.5000,8852971.0000,-2780630.2500,5218434.5000,3928057.0000,7752933.5000,-1332876.6250,6644389.5000,3315034.5000,-119592.0859,-5424654.5000,-5742597.0000,4355524.5000,-4908397.5000,-1825208.5000,-3736052.0000,2509545.5000,-7181312.0000,-2279791.5000,1254790.2500,1844950.5000,2090584.8750,-4076856.2500,-1233984.8750,-634254.4375,-4911056.0000,-4034853.7500,6916076.0000,262151.2500,-4886598.5000,674731.7500,5485867.5000,1604101.3750,-4316110.5000,5139214.5000,728431.0625,8788638.0000,-4969540.0000,40442.3711,-7017024.0000,4922822.5000,-2247891.0000,-5781941.0000,-8715729.0000,6187679.5000,-11130.1953,5072755.0000
1.4687,5338061.5000,5216307.5000,4511837.0000,-4829709.5000,-4644154.5000,-2762021.5000,2161829.5000,-1853387.3750,-2925777.7500,487581.8438,-161594.4844,1368037.2500,6232340.5000,3467093.7500,-3182577.2500,-2176114.7500,-5348625.0000,1561567.2500,3451675.2500,-1213781.2500,2835462.7500,-8953920.0000,-2113908.5000,2988053.7500,8863073.0000,-2770528.5000,5229068.0000,3933905.2500,7773137.5000,-1322774.7500,6657149.5000,3322478.0000,-106300.1875,-5402856.0000,-5729305.0000,4365626.0000,-4895105.5000,-1807663.2500,-3727013.5000,2528154.2500,-7166957.0000,-2257461.0000,1274993.8750,1856647.3750,2105471.7500,-4060906.0000,-1222288.0000,-617240.7500,-4895105.5000,-4014118.5000,6937874.5000,279164.8750,-4866926.5000,695467.1250,5502881.0000,1618988.2500,-4304413.5000,5157823.5000,740659.6250,8805120.0000,-4955716.5000,53202.5938,-6998947.0000,4938241.0000,-2230877.2500,-5766522.5000,-8701374.0000,6190870.0000,-20700.3613,5078072.0000
1.4707,5354543.5000,5222156.0000,4517685.5000,-4828114.5000,-4632457.5000,-2751388.0000,2168741.2500,-1844348.8750,-2905574.0000,503000.4375,-156277.7344,1374949.0000,6241379.0000,3473474.0000,-3174602.0000,-2171861.2500,-5334801.5000,1576454.2500,3464967.2500,-1204742.7500,2848754.7500,-8941691.0000,-2103275.0000,2988585.5000,8874770.0000,-2767338.2500,5235448.0000,3933905.2500,7785366.0000,-1317989.6250,6661934.5000,3329389.7500,-97261.6953,-5387969.0000,-5723988.5000,4373069.5000,-4884472.0000,-1800219.7500,-3721165.0000,2525495.7500,-7160045.0000,-2247359.2500,1298387.6250,1861964.1250,2112915.2500,-4052399.0000,-1220161.2500,-610329.0000,-4882345.5000,-4002421.5000,6949039.5000,294051.8125,-4855230.0000,708227.3750,5512983.0000,1634406.8750,-4289526.5000,5170052.0000,752888.1250,8820539.0000,-4942956.5000,64367.7891,-6984592.0000,4952065.0000,-2221838.7500,-5755357.0000,-8673195.0000,6192465.0000,-16446.9551,5092959.0000
1.4727,5327428.0000,5180154.0000,4485785.0000,-4870648.5000,-4672333.0000,-2787542.0000,2145347.5000,-1877312.7500,-2939069.7500,475884.9688,-191900.0156,1338795.0000,6207883.5000,3436788.2500,-3204376.0000,-2206951.7500,-5369360.5000,1547743.7500,3428281.5000,-1235579.8750,2817917.5000,-8973060.0000,-2136239.0000,2954558.2500,8846059.0000,-2809872.5000,5200889.0000,3898814.7500,7753997.0000,-1347231.8750,6628439.0000,3303337.7500,-129162.2578,-5423059.5000,-5763332.5000,4339042.5000,-4916904.0000,-1827335.2500,-3754129.0000,2482961.7500,-7200452.5000,-2282449.7500,1272867.2500,1833253.6250,2085268.1250,-4082704.5000,-1255783.6250,-644887.9375,-4913714.0000,-4034853.7500,6913417.5000,263214.5938,-4889788.5000,676326.8125,5481614.0000,1602506.3750,-4323022.0000,5141341.5000,724177.6250,8792892.0000,-4972198.5000,38315.6680,-7012771.0000,4922291.0000,-2248422.5000,-5782472.5000,-8687018.0000,6146209.0000,-58449.3555,5060526.5000
1.4747,5337530.0000,5192914.0000,4495355.0000,-4863205.0000,-4659041.5000,-2764148.2500,2170336.2500,-1860299.1250,-2930031.2500,488113.5312,-184988.2344,1355808.6250,6223302.0000,3455397.0000,-3187362.2500,-2192596.5000,-5358195.0000,1566352.3750,3440510.0000,-1220693.0000,2837057.7500,-8951261.0000,-2116567.0000,2975825.2500,8858288.0000,-2808277.2500,5217903.0000,3916360.0000,7771010.5000,-1331281.6250,6649706.0000,3316098.0000,-114275.3281,-5407641.0000,-5747382.0000,4357651.0000,-4892979.0000,-1805004.8750,-3736583.5000,2503697.0000,-7189819.0000,-2269158.0000,1284564.1250,1850267.2500,2102281.7500,-4065159.2500,-1244086.7500,-626279.2500,-4892979.0000,-4015713.5000,6928304.5000,279696.5625,-4870648.5000,692808.7500,5499159.5000,1619520.0000,-4301755.0000,5160482.0000,742786.3125,8810969.0000,-4950931.5000,52670.9180,-6993630.5000,4940899.5000,-2236725.7500,-5771307.5000,-8665220.0000,6136639.0000,-58981.0312,5064780.0000
1.4767,5316263.0000,5172710.5000,4487380.0000,-4874370.0000,-4671801.5000,-2768933.2500,2167146.2500,-1870401.0000,-2952361.5000,471631.5625,-195621.7500,1353682.0000,6213732.0000,3451143.5000,-3193742.5000,-2206951.7500,-5367765.5000,1556250.5000,3432003.2500,-1228136.5000,2829614.5000,-8954983.0000,-2123478.7500,2966786.7500,8839679.0000,-2822101.0000,5205142.5000,3903068.2500,7765694.0000,-1340320.1250,6642262.5000,3318224.5000,-132352.3125,-5421464.5000,-5762800.5000,4345954.0000,-4903612.5000,-1812980.0000,-3747748.7500,2494127.0000,-7207364.0000,-2283513.2500,1273930.6250,1836443.7500,2092711.5000,-4073134.5000,-1255783.6250,-643292.8750,-4907865.5000,-4027942.0000,6908632.5000,262151.2500,-4881282.0000,682706.9375,5487462.5000,1611544.7500,-4308135.0000,5155696.5000,731621.1250,8804589.0000,-4961565.0000,44695.7812,-6999479.0000,4930798.0000,-2242574.2500,-5780346.0000,-8646079.0000,6118562.0000,-70677.8984,5056805.0000
1.4787,5293401.0000,5151443.5000,4470898.0000,-4895105.5000,-4684562.0000,-2783820.2500,2149069.2500,-1886883.0000,-2978945.2500,450896.2188,-211040.3594,1346770.1250,6203098.5000,3437320.0000,-3208629.2500,-2223433.7500,-5383715.5000,1534983.5000,3416584.7500,-1243023.3750,2816854.2500,-8963490.0000,-2134644.0000,2950836.5000,8826387.0000,-2832734.5000,5189192.5000,3886054.5000,7752933.5000,-1349358.5000,6637477.5000,3311312.7500,-147770.9219,-5433693.0000,-5782472.5000,4329472.5000,-4916372.5000,-1824676.8750,-3757319.0000,2479771.7500,-7229163.0000,-2300526.7500,1256385.2500,1824215.1250,2076229.6250,-4083236.2500,-1268543.8750,-667218.3125,-4927006.0000,-4051335.7500,6883112.0000,246200.9688,-4892447.0000,670478.3750,5472575.5000,1592404.5000,-4326744.0000,5140810.0000,715670.8125,8792360.0000,-4974857.0000,27682.1484,-7018087.5000,4915379.0000,-2261714.5000,-5797359.5000,-8642889.0000,6085598.0000,-96198.3438,5035006.0000
1.4807,5329023.0000,5194509.0000,4509710.5000,-4850976.5000,-4636179.5000,-2741286.2500,2191603.2500,-1840627.1250,-2935348.0000,492898.5938,-170101.2969,1394089.3750,6252544.0000,3484639.2500,-3164500.2500,-2183558.2500,-5338523.0000,1572732.5000,3459118.7500,-1199426.0000,2870553.5000,-8914044.0000,-2085198.1250,2991775.5000,8874238.0000,-2782225.2500,5226409.5000,3928057.0000,7799721.0000,-1304166.1250,6683733.5000,3340555.0000,-96730.0234,-5391159.0000,-5740470.0000,4376259.5000,-4868521.5000,-1775231.0000,-3701493.0000,2527622.5000,-7180780.5000,-2253739.2500,1301577.7500,1873661.0000,2121953.7500,-4040170.5000,-1218566.2500,-628937.6250,-4881282.0000,-4003485.0000,6925114.5000,288735.0312,-4843001.0000,720455.9375,5520426.5000,1637065.2500,-4281551.5000,5182812.0000,760863.3125,8833831.0000,-4933386.0000,68621.1953,-6968641.5000,4958976.5000,-2221307.0000,-5757484.0000,-8576961.0000,6124410.5000,-67487.8438,5069565.0000
1.4827,5304566.0000,5167393.5000,4488443.5000,-4872243.5000,-4651066.0000,-2762553.2500,2165019.5000,-1862957.5000,-2957678.2500,467378.1562,-190304.9844,1370695.6250,6242442.5000,3460713.7500,-3190552.5000,-2200571.7500,-5352347.0000,1550933.7500,3445826.7500,-1218034.6250,2858325.0000,-8929994.0000,-2103275.0000,2969976.7500,8856161.0000,-2805087.2500,5207801.0000,3907853.2500,7780049.0000,-1323306.5000,6665124.5000,3306527.7500,-113211.9766,-5420401.5000,-5764927.5000,4347017.5000,-4892979.0000,-1797561.3750,-3725418.5000,2504228.7500,-7202579.0000,-2275006.5000,1281905.7500,1850799.0000,2101750.0000,-4067817.7500,-1243555.0000,-656053.1250,-4904144.0000,-4026347.0000,6898530.5000,264277.9375,-4858420.0000,706632.3125,5503413.0000,1616861.6250,-4300160.0000,5164203.5000,742786.3125,8813096.0000,-4952526.5000,47885.8359,-6989908.5000,4937178.0000,-2236194.0000,-5772902.5000,-8554631.0000,6128663.5000,-88754.8828,5044044.5000
1.4847,5289147.5000,5155165.0000,4476746.5000,-4892447.0000,-4661699.5000,-2774781.7500,2148005.7500,-1873591.0000,-2972565.2500,451427.8750,-203596.8906,1355277.0000,6237657.0000,3447953.5000,-3201186.0000,-2210142.0000,-5362448.5000,1537110.1250,3438915.0000,-1232921.5000,2848754.7500,-8935311.0000,-2113377.0000,2955090.0000,8849250.0000,-2817847.5000,5191319.0000,3890839.5000,7763567.0000,-1332876.6250,6651833.0000,3282602.2500,-127035.5547,-5420933.0000,-5772902.5000,4334257.5000,-4906802.5000,-1808194.8750,-3736583.5000,2494127.0000,-7213212.5000,-2283513.2500,1273398.8750,1839102.1250,2087394.7500,-4081641.2500,-1255251.8750,-663496.5625,-4911056.0000,-4033258.7500,6894277.0000,259492.8594,-4869053.5000,695998.8125,5492247.5000,1606228.0000,-4311325.5000,5153038.5000,733216.1250,8805120.0000,-4966881.5000,33530.5859,-7006390.5000,4925481.0000,-2250017.5000,-5787789.5000,-8550909.0000,6135575.5000,-101515.1094,5026499.5000
1.4867,5299781.0000,5167393.5000,4488443.5000,-4876497.0000,-4639901.0000,-2750324.7500,2160766.0000,-1854982.3750,-2957678.2500,469504.8750,-186583.2656,1371227.2500,6267963.0000,3468157.2500,-3182045.5000,-2188875.0000,-5336396.5000,1566352.3750,3458055.5000,-1222288.0000,2867363.5000,-8915107.0000,-2091046.5000,2971572.0000,8872112.0000,-2790200.5000,5208864.5000,3902004.7500,7781644.0000,-1316394.6250,6675226.5000,3294830.7500,-106300.1875,-5393286.0000,-5742597.0000,4353929.5000,-4888193.5000,-1788522.8750,-3714784.7500,2509545.5000,-7190882.0000,-2262246.2500,1289880.8750,1858242.5000,2106535.0000,-4067286.0000,-1231858.1250,-639039.5000,-4891383.5000,-4013055.0000,6913949.0000,279164.8750,-4846723.0000,718860.8750,5511388.0000,1623773.3750,-4292716.5000,5168457.0000,748103.0625,8820539.0000,-4949868.0000,49480.8633,-6985655.5000,4945153.0000,-2235662.2500,-5771307.5000,-8529111.0000,6178641.0000,-72804.6016,5048298.0000
1.4887,5282767.0000,5149316.5000,4466644.5000,-4888193.5000,-4657978.0000,-2754578.0000,2140030.7500,-1873591.0000,-2966716.7500,455149.6250,-206786.9375,1345175.1250,6254139.0000,3452738.5000,-3200122.5000,-2212268.7500,-5337460.0000,1558908.8750,3437320.0000,-1240896.6250,2843969.7500,-8927868.0000,-2103275.0000,2952431.5000,8868390.0000,-2795517.2500,5191319.0000,3880737.7500,7762504.0000,-1332876.6250,6659808.0000,3267715.5000,-116402.0312,-5416148.0000,-5758547.0000,4332662.5000,-4907334.0000,-1807663.2500,-3737647.0000,2484556.7500,-7206832.5000,-2280854.7500,1267018.7500,1839102.1250,2084736.3750,-4087489.7500,-1248340.1250,-657648.1250,-4911056.0000,-4031663.7500,6894808.5000,260556.2188,-4855230.0000,705037.3125,5492779.0000,1606759.7500,-4311325.5000,5151443.5000,726836.0000,8803525.0000,-4970072.0000,30340.5293,-7005327.5000,4923354.5000,-2256397.7500,-5791511.0000,-8563670.0000,6190338.0000,-56854.3281,5032879.5000
1.4907,5292337.5000,5156760.0000,4464518.0000,-4886067.0000,-4649471.0000,-2732247.7500,2140562.5000,-1871464.3750,-2955551.5000,455681.2812,-203596.8906,1343580.1250,6262646.0000,3461777.0000,-3200122.5000,-2211737.0000,-5319914.5000,1571137.3750,3436788.2500,-1232921.5000,2841311.2500,-8920956.0000,-2098490.0000,2950836.5000,8885403.0000,-2794985.5000,5194509.0000,3879142.7500,7763035.5000,-1327028.1250,6658213.0000,3260272.0000,-107363.5391,-5418274.5000,-5754294.0000,4336915.5000,-4902549.0000,-1805004.8750,-3738710.2500,2479771.7500,-7200452.5000,-2277664.7500,1270740.5000,1843355.5000,2088989.7500,-4082704.5000,-1243555.0000,-653926.4375,-4906270.5000,-4027942.0000,6900125.5000,265872.9688,-4848849.5000,711417.4375,5493311.0000,1608354.7500,-4307072.0000,5156228.5000,725772.6875,8805652.0000,-4969008.5000,31403.8809,-7006390.5000,4926544.5000,-2260119.5000,-5793638.0000,-8600355.0000,6208415.0000,-37713.9922,5038196.5000
1.4927,5307756.0000,5177495.5000,4467708.0000,-4870648.5000,-4628736.0000,-2707259.0000,2155981.0000,-1858172.5000,-2933753.0000,466314.8125,-198280.1250,1356340.3750,6280723.0000,3481980.7500,-3192679.0000,-2199508.5000,-5293862.5000,1587619.3750,3447421.7500,-1220161.2500,2843438.0000,-8901284.0000,-2079349.6250,2959875.0000,8913051.0000,-2788073.7500,5207269.5000,3890308.0000,7775796.0000,-1314268.0000,6673100.0000,3258677.0000,-94603.3203,-5412426.0000,-5743660.5000,4344891.0000,-4894042.0000,-1797029.7500,-3732861.7500,2476581.5000,-7180780.5000,-2268626.2500,1278715.6250,1852925.6250,2096433.2500,-4078451.2500,-1232921.5000,-644356.2500,-4899359.0000,-4016245.2500,6915012.5000,273848.1250,-4832899.5000,723114.3125,5504476.0000,1616329.8750,-4298033.5000,5165798.5000,732152.8125,8813096.0000,-4957843.0000,43100.7539,-6995757.0000,4932924.5000,-2256929.5000,-5783536.0000,-8590785.0000,6230745.5000,-11661.8711,5066907.0000
1.4947,5302439.5000,5168988.5000,4451757.5000,-4884472.0000,-4642559.5000,-2714702.5000,2147474.2500,-1871464.3750,-2938538.0000,458339.6562,-214762.0781,1337731.7500,6273279.5000,3474537.2500,-3209161.0000,-2209078.5000,-5302369.5000,1575922.5000,3431471.5000,-1234516.5000,2827487.7500,-8905537.0000,-2082539.7500,2949241.5000,8911456.0000,-2805087.2500,5190787.5000,3877547.7500,7759845.5000,-1323306.5000,6665656.5000,3241663.2500,-107363.5391,-5425186.5000,-5762800.5000,4333194.0000,-4905207.5000,-1803941.5000,-3744027.0000,2451592.7500,-7189287.0000,-2285640.0000,1270208.8750,1839633.7500,2082609.7500,-4088553.0000,-1245681.7500,-661369.8750,-4915309.0000,-4030600.5000,6902784.0000,255771.1250,-4843001.0000,710354.0625,5489589.0000,1602506.3750,-4312388.5000,5149316.5000,722582.6250,8800335.0000,-4975920.0000,26087.1211,-7009580.5000,4914316.0000,-2274474.7500,-5802144.5000,-8618432.0000,6233404.0000,5351.7593,5060526.5000
1.4967,5310414.5000,5181217.0000,4461859.5000,-4873307.0000,-4623950.5000,-2688650.2500,2165019.5000,-1858172.5000,-2919397.7500,473758.2812,-204660.2344,1348896.8750,6286040.0000,3503247.7500,-3197464.2500,-2193128.2500,-5286950.5000,1586556.0000,3437851.7500,-1222288.0000,2841311.2500,-8884270.0000,-2059677.6250,2966255.2500,8936976.0000,-2785947.0000,5202484.0000,3884991.2500,7779517.5000,-1304166.1250,6686923.5000,3260272.0000,-89818.2344,-5409768.0000,-5751104.0000,4346486.0000,-4889257.0000,-1781611.1250,-3721696.7500,2455846.2500,-7176527.0000,-2273411.2500,1276589.0000,1849735.6250,2098028.2500,-4071007.7500,-1230263.1250,-648078.0000,-4904144.0000,-4017840.2500,6918202.5000,269063.0312,-4829177.5000,723645.9375,5499159.5000,1613139.8750,-4304945.0000,5159950.0000,731621.1250,8813627.0000,-4963160.0000,37783.9922,-6995225.5000,4924949.5000,-2269158.0000,-5793106.0000,-8636509.0000,6251481.0000,47354.1602,5082857.0000
1.4987,5315731.0000,5183875.5000,4467708.0000,-4860546.5000,-4615975.5000,-2677485.0000,2187349.7500,-1846475.6250,-2908232.5000,484923.4688,-199875.1562,1356872.0000,6296141.5000,3526641.5000,-3187362.2500,-2181431.5000,-5272063.5000,1600911.2500,3452207.0000,-1211654.5000,2849818.0000,-8864598.0000,-2036815.6250,2977420.2500,8964623.0000,-2764680.0000,5213117.5000,3891903.0000,7792809.5000,-1292469.2500,6703937.0000,3263993.7500,-78121.3672,-5409236.0000,-5742065.5000,4351271.0000,-4880750.0000,-1772572.6250,-3707873.0000,2457973.0000,-7168552.0000,-2268094.5000,1284032.3750,1855584.1250,2106003.5000,-4059842.5000,-1218566.2500,-642761.2500,-4900422.0000,-4009865.0000,6924582.5000,274379.7812,-4829177.5000,725241.0000,5500754.5000,1618456.6250,-4296970.0000,5163672.0000,737469.5625,8817881.0000,-4957311.5000,40974.0469,-6995757.0000,4931329.5000,-2267031.2500,-5788321.0000,-8662561.0000,6259987.5000,73406.2812,5100934.0000
1.5008,5287020.5000,5165798.5000,4443251.0000,-4879155.0000,-4639369.5000,-2705132.2500,2163956.0000,-1872527.7500,-2926841.0000,460466.3750,-223268.9062,1337731.7500,6282318.0000,3521324.7500,-3203312.5000,-2205888.5000,-5289077.5000,1589214.3750,3426686.5000,-1235048.2500,2824829.2500,-8882143.0000,-2055424.2500,2964128.5000,8954521.0000,-2782757.0000,5183875.5000,3863192.5000,7767820.5000,-1314799.6250,6681075.0000,3236346.5000,-93539.9688,-5424123.0000,-5766522.5000,4329472.5000,-4900422.0000,-1786396.2500,-3724355.0000,2440959.2500,-7184502.0000,-2292020.0000,1259575.3750,1837507.1250,2089521.5000,-4073134.5000,-1232921.5000,-656584.8125,-4915841.0000,-4030068.7500,6908100.5000,254707.7812,-4852039.5000,700252.2500,5479487.5000,1595594.5000,-4319300.5000,5138683.0000,711417.4375,8791297.0000,-4983895.5000,14921.9268,-7022872.5000,4906340.5000,-2290956.7500,-5811183.0000,-8719451.0000,6232340.5000,69684.5469,5093490.5000
1.5028,5309882.5000,5198231.0000,4475151.5000,-4844596.5000,-4609595.5000,-2676953.5000,2183096.5000,-1842222.1250,-2888028.7500,485455.1562,-195621.7500,1374949.0000,6318472.0000,3566517.2500,-3159183.5000,-2167607.7500,-5260898.5000,1614734.8750,3456460.2500,-1206869.3750,2850881.5000,-8842268.0000,-2014485.1250,3005067.5000,8988549.0000,-2752451.5000,5211522.5000,3892434.7500,7794404.5000,-1280772.3750,6711912.0000,3265588.7500,-54727.6211,-5389032.5000,-5736748.5000,4358183.0000,-4866926.5000,-1747052.1250,-3693517.7500,2472859.7500,-7146753.0000,-2263841.2500,1286690.7500,1868344.2500,2123548.7500,-4039638.7500,-1201552.6250,-620430.8125,-4881282.0000,-4000294.7500,6942659.5000,283949.9688,-4820139.0000,733747.8125,5507666.0000,1621115.0000,-4292716.5000,5164203.5000,734811.1875,8818412.0000,-4957311.5000,43100.7539,-7001605.5000,4929202.5000,-2272879.7500,-5788852.5000,-8733274.0000,6246164.0000,101585.1094,5130176.0000
1.5048,5311477.5000,5211522.5000,4482063.5000,-4838748.0000,-4594177.0000,-2666320.0000,2184159.7500,-1838500.3750,-2880053.5000,489708.5625,-180734.8281,1381860.7500,6325915.5000,3589911.0000,-3139511.5000,-2156974.2500,-5249201.5000,1623241.6250,3465498.7500,-1192514.1250,2863641.7500,-8824191.0000,-1994813.1250,3027929.5000,8998119.0000,-2748198.0000,5213649.5000,3906258.2500,7800784.5000,-1268012.1250,6727862.5000,3275158.7500,-43030.7539,-5376272.0000,-5728773.5000,4367221.5000,-4853103.0000,-1728975.2500,-3680757.5000,2484025.0000,-7132398.0000,-2261714.5000,1285095.7500,1875787.7500,2138435.7500,-4024752.0000,-1190387.5000,-611924.0000,-4880218.5000,-3993383.0000,6950634.5000,286608.3438,-4806847.5000,743318.0000,5514578.0000,1627495.1250,-4292185.0000,5165267.0000,733747.8125,8820539.0000,-4954121.5000,44164.1055,-7001605.5000,4930266.0000,-2272879.7500,-5785662.5000,-8752946.0000,6234467.0000,105838.5156,5147721.5000
1.5068,5294996.0000,5207801.0000,4473025.0000,-4852039.5000,-4605874.0000,-2684396.7500,2166614.5000,-1853387.3750,-2885902.0000,479075.0312,-182861.5312,1366442.2500,6324852.0000,3597886.2500,-3134194.7500,-2162822.7500,-5251860.0000,1610481.5000,3454333.7500,-1198894.2500,2855134.7500,-8827912.0000,-1987901.3750,3032183.0000,8991207.0000,-2751388.0000,5205674.0000,3900941.5000,7791746.0000,-1268012.1250,6723077.5000,3256018.5000,-44625.7812,-5376272.0000,-5735685.0000,4362968.0000,-4854166.5000,-1720468.3750,-3681821.0000,2488278.5000,-7128676.0000,-2269158.0000,1270208.8750,1872597.7500,2135777.2500,-4024752.0000,-1194109.1250,-624684.2500,-4893510.5000,-4004548.2500,6942128.0000,276506.5000,-4816949.0000,731621.1250,5501817.5000,1614734.8750,-4302818.5000,5153570.0000,719392.5625,8812564.0000,-4962628.5000,37252.3164,-7012239.0000,4916974.0000,-2290956.7500,-5800549.5000,-8780062.0000,6197250.0000,96800.0234,5146658.0000
1.5088,5302439.5000,5223751.0000,4490038.5000,-4838216.0000,-4588328.5000,-2677485.0000,2185223.2500,-1835842.0000,-2869420.0000,499810.4062,-163721.1875,1385582.5000,6343992.5000,3628723.2500,-3094850.7500,-2139960.7500,-5223149.5000,1626963.3750,3465498.7500,-1173905.5000,2877465.2500,-8796012.0000,-1953342.5000,3057171.7500,9011942.0000,-2734374.5000,5220029.5000,3919018.5000,7816203.0000,-1247276.7500,6747534.5000,3275158.7500,-23890.4180,-5351815.0000,-5720798.0000,4386893.5000,-4828114.5000,-1695479.6250,-3660554.0000,2519647.2500,-7106345.5000,-2245232.5000,1281905.7500,1894928.1250,2158107.7500,-4001890.0000,-1176032.2500,-616709.1250,-4873307.0000,-3985939.5000,6960736.5000,294051.8125,-4798872.0000,742254.6250,5510324.5000,1622710.0000,-4290590.0000,5164735.0000,727367.6875,8822666.0000,-4951463.0000,48417.5117,-7003732.5000,4930266.0000,-2286703.2500,-5792043.0000,-8793885.0000,6179173.0000,117003.7109,5163140.0000
1.5108,5295527.5000,5218966.0000,4483126.5000,-4847786.5000,-4590987.0000,-2691840.2500,2183628.2500,-1841158.8750,-2884307.0000,498747.0312,-163189.5156,1384519.1250,6339739.0000,3628191.7500,-3075178.7500,-2139429.0000,-5214642.5000,1622178.3750,3454865.2500,-1172842.1250,2884908.7500,-8788037.0000,-1936328.7500,3056108.2500,9010347.0000,-2735437.7500,5209396.0000,3914765.0000,7810354.5000,-1241960.0000,6746471.0000,3277285.5000,-27612.1484,-5359790.5000,-5733027.0000,4383703.0000,-4828646.0000,-1696543.0000,-3666402.2500,2516989.0000,-7110067.5000,-2251081.0000,1269677.1250,1892801.3750,2159171.0000,-3998168.2500,-1179753.8750,-628937.6250,-4879155.0000,-3994446.5000,6951166.5000,286608.3438,-4808974.0000,730557.7500,5497564.5000,1614203.1250,-4297501.5000,5158886.5000,718860.8750,8816286.0000,-4957311.5000,43100.7539,-7017556.0000,4919632.5000,-2297336.7500,-5799486.5000,-8831103.0000,6141424.0000,117003.7109,5161545.0000
1.5128,5289679.0000,5215244.5000,4473556.5000,-4857356.5000,-4604810.5000,-2710449.0000,2174058.0000,-1850729.0000,-2893345.5000,498747.0312,-168506.2812,1375480.6250,6336017.5000,3618089.7500,-3062950.2500,-2153252.5000,-5211984.5000,1609949.7500,3447421.7500,-1178690.6250,2889162.0000,-8776340.0000,-1926758.6250,3049196.5000,9003967.0000,-2738627.7500,5191850.5000,3906258.2500,7803974.5000,-1235579.8750,6748066.0000,3269310.5000,-33460.5859,-5369360.5000,-5753230.5000,4377855.0000,-4832367.5000,-1696543.0000,-3670655.7500,2508482.2500,-7114852.5000,-2259056.0000,1254790.2500,1881636.2500,2153854.2500,-4001890.0000,-1194109.1250,-639039.5000,-4891383.5000,-4009333.2500,6938938.0000,273848.1250,-4821202.5000,715139.1250,5483209.0000,1599316.2500,-4311325.5000,5142936.5000,705037.3125,8806184.0000,-4966881.5000,31403.8809,-7036696.0000,4904214.0000,-2313818.7500,-5810651.5000,-8854496.0000,6106865.0000,108496.8906,5148253.0000
1.5148,5312009.5000,5248208.5000,4495355.0000,-4830772.5000,-4581948.5000,-2697157.0000,2201173.5000,-1833183.6250,-2872610.2500,521609.0938,-145112.5312,1404722.8750,6358347.5000,3646268.7500,-3028923.0000,-2135175.5000,-5180615.5000,1628026.7500,3470815.5000,-1154765.1250,2914151.0000,-8735401.0000,-1882097.8750,3069932.0000,9036931.0000,-2712044.0000,5208864.5000,3931247.0000,7827900.0000,-1201021.0000,6779435.0000,3288450.7500,-9003.4912,-5343308.5000,-5731963.5000,4402843.5000,-4804720.5000,-1665174.1250,-3644072.0000,2534002.5000,-7089332.0000,-2231409.0000,1281905.7500,1902903.2500,2182033.0000,-3974242.7500,-1172310.5000,-614582.3750,-4870648.5000,-3987534.7500,6959673.0000,297773.5312,-4799404.0000,741191.2500,5508729.5000,1619520.0000,-4292185.0000,5163140.0000,724177.6250,8833299.0000,-4946146.5000,51607.5664,-7016492.5000,4923886.0000,-2294678.5000,-5788852.5000,-8836419.0000,6098358.0000,123383.8203,5172178.5000
1.5168,5300844.0000,5238106.5000,4473556.5000,-4853103.0000,-4613317.0000,-2731184.2500,2174589.7500,-1858172.5000,-2896535.5000,494493.6250,-170101.2969,1383987.5000,6330169.0000,3614899.7500,-3052316.7500,-2168671.2500,-5198161.0000,1606228.0000,3446358.5000,-1180817.2500,2888098.7500,-8741781.0000,-1895921.5000,3046006.5000,9016727.0000,-2738627.7500,5176432.0000,3900409.7500,7799189.5000,-1217502.8750,6759763.0000,3279412.2500,-44094.1055,-5371487.0000,-5762269.0000,4376259.5000,-4828646.0000,-1685909.5000,-3673314.2500,2499975.2500,-7111131.0000,-2255866.0000,1260638.6250,1882167.8750,2158639.2500,-3997636.5000,-1201021.0000,-638507.8125,-4899890.5000,-4017840.2500,6928836.0000,270658.0625,-4828646.0000,720987.5625,5483209.0000,1593999.5000,-4320895.5000,5133898.0000,703442.3125,8810437.0000,-4970603.5000,27682.1484,-7044139.5000,4893049.0000,-2317540.5000,-5811183.0000,-8857155.0000,6055292.5000,96800.0234,5156228.5000
1.5188,5322643.0000,5258842.0000,4487380.0000,-4833962.5000,-4614380.5000,-2729057.7500,2168209.5000,-1858172.5000,-2882180.2500,507253.8438,-158936.1094,1395152.7500,6335485.5000,3609051.2500,-3051253.2500,-2167607.7500,-5185932.0000,1616861.6250,3450080.2500,-1178158.8750,2889693.7500,-8719451.0000,-1872527.7500,3048665.0000,9025234.0000,-2737564.5000,5175368.5000,3903068.2500,7803974.5000,-1205806.0000,6768801.5000,3301742.7500,-34523.9375,-5361917.0000,-5758015.5000,4386361.5000,-4814822.5000,-1667832.5000,-3660022.2500,2501570.2500,-7099434.0000,-2241510.7500,1271272.2500,1892801.3750,2170336.2500,-3992319.7500,-1202616.0000,-627342.6250,-4891915.5000,-4010396.7500,6935748.0000,280759.9062,-4819076.0000,730557.7500,5494906.0000,1599847.8750,-4316110.5000,5142405.0000,709822.3750,8821602.0000,-4963160.0000,38315.6680,-7031911.0000,4899960.5000,-2315413.7500,-5803208.0000,-8857155.0000,6037215.5000,93078.2891,5162077.0000
1.5208,5351885.0000,5291274.0000,4519280.5000,-4797277.0000,-4585670.0000,-2712575.7500,2187881.5000,-1827335.2500,-2841773.0000,547661.2500,-130757.2812,1423331.5000,6363133.0000,3618089.7500,-3031049.5000,-2146340.7500,-5159348.5000,1641318.6250,3476664.0000,-1150511.7500,2913087.5000,-8675853.0000,-1832652.0000,3074717.0000,9059262.0000,-2712575.7500,5200357.5000,3928588.5000,7830558.5000,-1167525.3750,6801234.0000,3349593.5000,-5281.7593,-5332675.0000,-5731963.5000,4417730.5000,-4782390.0000,-1630615.1250,-3631311.7500,2524964.0000,-7056900.0000,-2209078.5000,1305299.5000,1927360.3750,2202236.7500,-3970521.0000,-1181880.6250,-594378.6875,-4863205.0000,-3981686.2500,6963926.5000,309470.4062,-4788238.5000,759268.2500,5526275.0000,1630153.5000,-4285805.0000,5169520.5000,738001.2500,8849781.0000,-4934449.5000,63836.1133,-6998947.0000,4927607.5000,-2289893.2500,-5774497.5000,-8832698.0000,6054760.5000,114877.0078,5195572.5000
1.5228,5331681.5000,5274260.5000,4502267.0000,-4819607.5000,-4620760.5000,-2751388.0000,2155449.2500,-1850729.0000,-2860381.5000,523735.8125,-157872.7500,1391962.6250,6336017.5000,3570770.7500,-3064545.2500,-2177709.7500,-5191780.5000,1614734.8750,3447421.7500,-1172842.1250,2890757.2500,-8692867.0000,-1853919.0000,3042284.7500,9037463.0000,-2731716.0000,5175900.5000,3900409.7500,7801848.0000,-1182944.0000,6776776.5000,3343213.2500,-37182.3164,-5360322.0000,-5762269.0000,4394336.5000,-4805252.0000,-1647628.7500,-3654705.5000,2497317.0000,-7073913.5000,-2236725.7500,1289349.1250,1906093.2500,2179374.7500,-3993914.7500,-1210591.1250,-623089.1875,-4882345.5000,-4005080.0000,6941596.0000,287140.0000,-4809505.5000,736406.1875,5500754.5000,1607291.3750,-4311857.0000,5146658.0000,715139.1250,8827451.0000,-4958375.0000,43100.7539,-7022872.5000,4904214.0000,-2312223.7500,-5800549.5000,-8850775.0000,6027113.5000,90419.9141,5178559.0000
1.5248,5341783.5000,5286489.0000,4520875.5000,-4811100.5000,-4619165.5000,-2751388.0000,2151196.0000,-1843817.2500,-2843899.7500,535964.3750,-153087.6719,1398874.3750,6339207.5000,3559605.5000,-3064013.5000,-2179836.5000,-5194439.0000,1617393.2500,3451143.5000,-1168057.0000,2903517.2500,-8683828.0000,-1846475.6250,3042816.5000,9044906.0000,-2724272.5000,5180154.0000,3911043.2500,7803443.0000,-1170183.7500,6781561.5000,3353315.2500,-36650.6406,-5359258.5000,-5755357.0000,4404438.5000,-4793023.5000,-1631678.5000,-3645667.0000,2519647.2500,-7057963.0000,-2233004.0000,1299451.0000,1917790.1250,2188945.0000,-3989661.2500,-1210591.1250,-615645.7500,-4872243.5000,-3998168.2500,6951166.5000,299900.2500,-4810037.5000,741722.9375,5506603.0000,1609418.1250,-4303350.0000,5152506.5000,717797.5625,8834894.0000,-4951995.0000,47885.8359,-7017556.0000,4908999.0000,-2319135.5000,-5799486.5000,-8835888.0000,6039874.0000,97863.3750,5180685.5000
1.5268,5340188.0000,5288615.5000,4516090.5000,-4828114.5000,-4630862.5000,-2772123.5000,2137904.0000,-1853919.0000,-2847621.5000,541812.8125,-166911.2500,1386114.2500,6324852.0000,3527173.2500,-3087407.2500,-2192596.5000,-5213579.5000,1601974.6250,3435193.2500,-1179222.2500,2904580.7500,-8692867.0000,-1856577.3750,3027929.5000,9029488.0000,-2734374.5000,5172710.5000,3902004.7500,7785897.5000,-1176032.2500,6772523.5000,3333111.5000,-56854.3281,-5376272.0000,-5769712.5000,4394336.5000,-4803657.0000,-1639653.6250,-3653642.2500,2518052.2500,-7061153.5000,-2251081.0000,1280842.3750,1907688.2500,2180438.0000,-4001890.0000,-1220161.2500,-630532.6875,-4887130.5000,-4011460.0000,6937343.0000,283949.9688,-4822266.0000,728962.7500,5495437.5000,1598252.8750,-4315047.0000,5141873.0000,707695.6875,8829578.0000,-4958906.5000,43100.7539,-7037228.0000,4896770.5000,-2327110.7500,-5807993.0000,-8830039.0000,6053165.5000,104775.1641,5175900.5000
1.5288,5334340.0000,5287020.5000,4503330.5000,-4849913.0000,-4648939.5000,-2797112.2500,2115573.5000,-1871996.0000,-2855064.7500,535964.3750,-183393.2031,1372290.6250,6307838.5000,3491551.0000,-3120371.2500,-2214395.2500,-5239100.0000,1583897.6250,3408609.5000,-1190387.5000,2892883.7500,-8717324.0000,-1879971.1250,3010384.2500,8995992.0000,-2747666.2500,5156228.5000,3887649.5000,7772605.5000,-1184539.0000,6759231.5000,3313439.5000,-83438.1250,-5398602.5000,-5780877.5000,4385830.0000,-4814290.5000,-1644438.7500,-3666934.0000,2507950.5000,-7073382.0000,-2272879.7500,1263828.7500,1899181.5000,2172463.0000,-4020498.5000,-1236111.6250,-653926.4375,-4905207.5000,-4033258.7500,6918202.5000,267999.6875,-4845659.5000,707164.0000,5474702.5000,1581239.2500,-4336314.0000,5124859.5000,686960.3125,8808310.0000,-4982300.5000,18643.6582,-7062748.5000,4876567.0000,-2349441.0000,-5825538.5000,-8836419.0000,6064862.5000,115940.3594,5168988.5000
1.5308,5386975.5000,5338061.5000,4551713.0000,-4800999.0000,-4602683.5000,-2756173.2500,2160234.5000,-1823081.8750,-2804555.7500,581688.5000,-140327.4531,1419078.1250,6346119.0000,3516539.7500,-3093787.2500,-2170266.2500,-5203477.5000,1625900.0000,3451143.5000,-1143600.0000,2935418.0000,-8688613.0000,-1849134.0000,3052918.2500,9024171.0000,-2710449.0000,5201952.5000,3933905.2500,7818330.0000,-1132966.5000,6804955.5000,3355442.0000,-42499.0742,-5359258.5000,-5728241.5000,4437402.5000,-4757933.0000,-1590207.7500,-3616424.7500,2556333.0000,-7021809.5000,-2230345.5000,1307957.8750,1945969.0000,2222440.5000,-3978496.2500,-1182412.3750,-599695.5000,-4861610.0000,-3983281.2500,6967116.5000,313723.8125,-4803125.5000,752356.5000,5519894.5000,1623773.3750,-4291653.5000,5165798.5000,727899.3750,8856161.0000,-4937108.0000,65431.1406,-7018619.0000,4920696.0000,-2310628.7500,-5784067.5000,-8797607.0000,6147804.0000,190906.6719,5218966.0000
1.5328,5372089.0000,5325833.0000,4544801.0000,-4817481.0000,-4627672.5000,-2774250.0000,2147474.2500,-1836905.3750,-2814125.7500,573181.6875,-156277.7344,1401001.1250,6320598.5000,3487297.5000,-3123561.2500,-2186216.5000,-5233783.0000,1616329.8750,3432003.2500,-1160081.8750,2910429.2500,-8732211.0000,-1879439.5000,3043879.7500,8989080.0000,-2742349.5000,5186002.0000,3920081.7500,7804506.5000,-1138283.2500,6797512.0000,3335770.0000,-69614.5469,-5384247.5000,-5746850.5000,4423579.0000,-4768566.5000,-1601904.6250,-3625463.2500,2543572.7500,-7033506.0000,-2255866.0000,1285095.7500,1923638.6250,2208085.2500,-3996041.5000,-1194640.8750,-602353.8750,-4885535.5000,-4004016.5000,6945318.0000,290330.0625,-4821734.0000,736937.8750,5504476.0000,1607823.1250,-4313452.0000,5146126.5000,706100.6875,8836489.0000,-4957311.5000,47354.1602,-7039354.5000,4897302.0000,-2326047.2500,-5796296.0000,-8803987.0000,6172261.0000,207920.2969,5207801.0000
1.5348,5363050.5000,5317326.0000,4532041.0000,-4824392.5000,-4648939.5000,-2791263.7500,2126207.0000,-1850197.2500,-2817847.5000,563079.8125,-172228.0156,1379734.1250,6296141.5000,3458587.0000,-3144828.2500,-2197913.5000,-5262493.5000,1618456.6250,3418711.2500,-1177095.5000,2896605.5000,-8777935.0000,-1908681.6250,3039094.7500,8950268.0000,-2784883.7500,5173242.0000,3911043.2500,7792277.5000,-1141473.2500,6796448.5000,3318756.2500,-93008.2891,-5391691.0000,-5756952.0000,4412413.5000,-4768035.0000,-1601373.0000,-3630248.5000,2538787.7500,-7033506.0000,-2265436.2500,1264892.1250,1911410.0000,2204363.5000,-4003485.0000,-1195172.5000,-600227.1250,-4900422.0000,-4019966.7500,6930431.0000,277038.1562,-4834494.5000,725772.6875,5492247.5000,1593467.8750,-4328870.5000,5130176.0000,691745.4375,8822666.0000,-4971667.0000,33530.5859,-7049456.5000,4881883.5000,-2344124.2500,-5812246.5000,-8831634.0000,6152589.0000,201540.1875,5194509.0000
1.5368,5363050.5000,5326364.5000,4544801.0000,-4810569.0000,-4640432.5000,-2783820.2500,2124612.0000,-1841690.5000,-2804555.7500,578498.4375,-158936.1094,1387177.5000,6299331.5000,3463372.2500,-3141638.2500,-2187279.7500,-5259835.0000,1637596.8750,3436788.2500,-1166462.0000,2908302.5000,-8790163.0000,-1907086.6250,3063551.7500,8934318.0000,-2795517.2500,5187065.5000,3931247.0000,7809823.0000,-1119142.8750,6817715.5000,3340555.0000,-86628.1797,-5372550.5000,-5731431.5000,4433149.0000,-4736666.0000,-1582232.6250,-3610044.7500,2556864.7500,-7003200.5000,-2248422.5000,1273398.8750,1920980.2500,2220845.5000,-3991788.0000,-1173373.8750,-578960.1250,-4888725.5000,-4007738.2500,6943191.0000,289798.4062,-4814290.5000,747571.3750,5508729.5000,1607823.1250,-4315047.0000,5144000.0000,707164.0000,8838084.0000,-4956248.0000,47885.8359,-7037228.0000,4894112.0000,-2329769.0000,-5796296.0000,-8832698.0000,6167476.0000,230250.6875,5218434.5000
1.5388,5341251.5000,5305629.5000,4532041.0000,-4833431.0000,-4653724.5000,-2797112.2500,2103345.0000,-1857640.7500,-2817847.5000,560953.1250,-173823.0312,1368037.2500,6277001.5000,3439978.5000,-3168753.7500,-2207483.5000,-5297052.5000,1624836.7500,3419774.7500,-1184007.3750,2882782.0000,-8830571.0000,-1936860.5000,3049196.5000,8893910.0000,-2821569.2500,5174305.5000,3920613.5000,7788556.0000,-1123928.0000,6808677.0000,3327263.0000,-118528.7344,-5398071.0000,-5736217.0000,4419857.0000,-4740919.5000,-1599246.2500,-3628653.2500,2544636.0000,-7015429.0000,-2265968.0000,1265423.7500,1903966.6250,2203300.2500,-4014118.5000,-1191450.7500,-597568.7500,-4909992.5000,-4025283.5000,6929899.5000,271721.4062,-4828114.5000,733216.1250,5489057.5000,1590809.5000,-4335782.5000,5128049.5000,691213.7500,8827451.0000,-4971135.0000,33530.5859,-7056368.0000,4874972.0000,-2345719.2500,-5811183.0000,-8851838.0000,6154716.0000,223338.9062,5216307.5000
1.5408,5347631.5000,5312009.5000,4548523.0000,-4827051.0000,-4644154.5000,-2786478.7500,2116637.0000,-1845943.8750,-2797643.7500,573713.3750,-162126.1719,1373354.0000,6279128.0000,3439446.7500,-3169817.0000,-2202698.5000,-5303964.5000,1627495.1250,3432003.2500,-1183475.6250,2881187.0000,-8847584.0000,-1943772.2500,3052386.7500,8872643.0000,-2820506.0000,5188660.5000,3932842.0000,7799721.0000,-1110636.0000,6813994.0000,3325136.5000,-115870.3594,-5390096.0000,-5717076.5000,4438997.5000,-4710614.0000,-1588612.7500,-3632906.7500,2547826.2500,-6995757.0000,-2250017.5000,1292007.5000,1919385.1250,2214465.2500,-4008270.0000,-1187729.1250,-591720.3125,-4894042.0000,-4012523.5000,6945849.5000,285545.0000,-4811100.5000,744381.3125,5499691.0000,1603038.0000,-4323554.0000,5141341.5000,706100.6875,8847123.0000,-4953058.0000,46822.4844,-7043608.0000,4887200.5000,-2337744.2500,-5800549.5000,-8847053.0000,6155247.5000,222275.5469,5234384.5000
1.5428,5350290.0000,5325301.5000,4558624.5000,-4820139.0000,-4637774.5000,-2778503.5000,2128865.5000,-1839563.7500,-2783288.5000,579561.8125,-157872.7500,1369632.2500,6266367.5000,3439446.7500,-3174070.5000,-2197381.7500,-5320446.0000,1628026.7500,3435725.0000,-1187729.1250,2873743.5000,-8864598.0000,-1950684.0000,3057703.5000,8848186.0000,-2820506.0000,5189192.5000,3941880.5000,7801316.0000,-1105851.0000,6817184.0000,3330984.7500,-128098.9062,-5394349.0000,-5715481.5000,4447504.5000,-4696790.5000,-1590207.7500,-3646730.2500,2528154.2500,-6984592.0000,-2243105.7500,1299451.0000,1926828.6250,2219782.0000,-4018903.5000,-1197299.2500,-593315.3750,-4895637.0000,-4009333.2500,6949039.5000,289798.4062,-4803125.5000,755014.8750,5508729.5000,1606759.7500,-4320364.0000,5144000.0000,713012.4375,8855098.0000,-4947741.5000,55860.9766,-7040949.5000,4894644.0000,-2330300.7500,-5794701.0000,-8831634.0000,6172793.0000,212705.3750,5246613.5000
1.5448,5338593.0000,5305629.5000,4539484.5000,-4833431.0000,-4649471.0000,-2789137.0000,2125143.7500,-1853919.0000,-2792858.7500,564674.8750,-178608.1250,1351023.6250,6239784.0000,3420838.0000,-3197464.2500,-2219712.0000,-5361917.0000,1606228.0000,3422433.0000,-1211122.8750,2849286.5000,-8902879.0000,-1985243.0000,3039626.5000,8801399.0000,-2847089.7500,5167925.0000,3919550.0000,7773137.5000,-1124459.6250,6792195.5000,3317161.2500,-157872.7500,-5432630.0000,-5739938.5000,4437934.0000,-4702639.0000,-1614133.1250,-3679162.5000,2487215.0000,-7001074.0000,-2262777.7500,1278715.6250,1911410.0000,2199578.5000,-4046550.7500,-1217502.8750,-616709.1250,-4909992.5000,-4023688.5000,6931494.5000,272784.7500,-4815354.0000,742786.3125,5489057.5000,1588151.1250,-4340036.0000,5125391.0000,698125.5000,8841806.0000,-4964223.5000,38315.6680,-7060621.5000,4870186.5000,-2348377.7500,-5811715.0000,-8843863.0000,6172793.0000,174424.7188,5230131.5000
1.5468,5363582.0000,5319453.0000,4546396.0000,-4815354.0000,-4627672.5000,-2765211.5000,2151727.5000,-1835310.3750,-2776908.5000,585941.8750,-167974.5938,1370695.6250,6245100.5000,3439446.7500,-3185235.5000,-2210673.5000,-5374677.0000,1622710.0000,3438383.2500,-1207401.1250,2854071.5000,-8905537.0000,-1985243.0000,3049196.5000,8796082.0000,-2835924.5000,5184407.0000,3929652.0000,7775796.0000,-1117547.8750,6794322.0000,3327263.0000,-149365.9375,-5428908.0000,-5718140.0000,4467176.5000,-4672865.0000,-1604031.3750,-3678631.0000,2487215.0000,-6977148.5000,-2245764.2500,1289880.8750,1931613.7500,2216060.2500,-4042297.2500,-1215376.2500,-610329.0000,-4891915.5000,-4005611.5000,6949039.5000,290861.7500,-4799404.0000,757673.2500,5502349.5000,1603569.6250,-4326744.0000,5140278.0000,719392.5625,8861478.0000,-4944551.5000,57456.0039,-7050520.0000,4886668.5000,-2332959.0000,-5793638.0000,-8823659.0000,6190870.0000,162727.8438,5243955.0000
1.5488,5366240.5000,5310414.5000,4538421.0000,-4821734.0000,-4621292.5000,-2764148.2500,2165019.5000,-1828930.2500,-2779566.7500,594448.6875,-161062.8125,1372290.6250,6242442.5000,3438915.0000,-3184704.0000,-2204825.2500,-5408704.5000,1638660.2500,3443700.2500,-1217502.8750,2841311.2500,-8920424.0000,-2001193.2500,3043879.7500,8785448.0000,-2837519.5000,5188660.5000,3931247.0000,7768884.0000,-1122864.6250,6782625.0000,3338960.0000,-162657.8438,-5435288.0000,-5714950.0000,4474088.0000,-4663826.5000,-1610943.1250,-3690859.5000,2466479.7500,-6971831.5000,-2251612.7500,1289880.8750,1935335.5000,2212870.2500,-4052399.0000,-1224946.3750,-623089.1875,-4890852.0000,-4001358.2500,6949571.5000,297241.8438,-4794618.5000,762990.0000,5505539.5000,1605164.7500,-4329402.5000,5137088.0000,717797.5625,8866263.0000,-4941361.5000,61709.4102,-7049456.5000,4887200.5000,-2330300.7500,-5784067.5000,-8805582.0000,6203098.5000,139865.7812,5246613.5000
1.5508,5337530.0000,5272133.5000,4500672.0000,-4870116.5000,-4647876.0000,-2789137.0000,2135777.2500,-1858172.5000,-2814657.5000,568928.2500,-188709.9688,1342516.7500,6208415.0000,3400634.5000,-3222453.0000,-2237257.5000,-5467720.5000,1623241.6250,3408609.5000,-1252593.5000,2799309.0000,-8971997.0000,-2051702.5000,3006662.5000,8739193.0000,-2857723.2500,5155165.0000,3894029.7500,7730071.5000,-1156360.2500,6742217.5000,3314502.7500,-200406.8281,-5476759.0000,-5743660.5000,4452289.5000,-4679245.0000,-1643907.0000,-3720633.2500,2427667.5000,-6996289.0000,-2280854.7500,1270208.8750,1912473.3750,2188945.0000,-4083768.0000,-1260037.0000,-653394.7500,-4914246.0000,-4026878.7500,6931494.5000,275443.1562,-4815354.0000,739064.5625,5474702.5000,1577517.5000,-4359708.0000,5109441.0000,698657.1875,8841806.0000,-4962628.5000,40442.3711,-7076040.0000,4857426.5000,-2351567.7500,-5806398.0000,-8826317.0000,6181831.5000,87229.8594,5209396.0000
1.5528,5331150.0000,5263095.0000,4499077.0000,-4873307.0000,-4646281.0000,-2779035.2500,2137372.2500,-1852324.0000,-2811467.5000,571586.6250,-189241.6406,1346770.1250,6208415.0000,3400102.7500,-3225643.0000,-2229814.0000,-5474632.5000,1626963.3750,3406482.7500,-1250466.8750,2796118.7500,-8984225.0000,-2067121.1250,2994434.0000,8736534.0000,-2864635.0000,5161545.0000,3896688.0000,7731135.0000,-1162740.2500,6739559.5000,3311312.7500,-186051.5781,-5473037.0000,-5738875.0000,4460264.5000,-4665421.5000,-1638590.2500,-3717975.0000,2438301.0000,-6991503.5000,-2275006.5000,1282969.1250,1923106.8750,2191603.2500,-4085363.0000,-1253656.8750,-640102.8750,-4904144.0000,-4016776.7500,6945849.5000,286076.6562,-4806847.5000,747571.3750,5482145.5000,1582834.2500,-4357049.5000,5113162.5000,709822.3750,8852971.0000,-4949868.0000,48949.1875,-7066470.0000,4865933.5000,-2347846.0000,-5800549.5000,-8838546.0000,6188743.0000,52670.9180,5202484.0000
1.5548,5321048.0000,5241828.0000,4488975.0000,-4885003.5000,-4651598.0000,-2776376.7500,2138435.7500,-1853387.3750,-2823696.0000,550319.6250,-203065.2188,1334541.6250,6194060.0000,3394254.2500,-3233086.5000,-2237789.0000,-5484202.5000,1615266.5000,3400102.7500,-1254720.2500,2787080.2500,-9002302.0000,-2086261.3750,2983268.7500,8720584.0000,-2892813.7500,5155165.0000,3887117.7500,7715716.5000,-1184007.3750,6723609.0000,3289514.0000,-186583.2656,-5477290.5000,-5748445.5000,4456543.0000,-4668080.0000,-1648692.1250,-3719038.2500,2451592.7500,-7004795.5000,-2287235.0000,1285627.5000,1923106.8750,2185754.7500,-4094933.2500,-1253125.2500,-637444.4375,-4909992.5000,-4022625.2500,6942128.0000,280228.2188,-4806847.5000,749166.4375,5482677.5000,1580707.6250,-4360239.5000,5107314.0000,710885.7500,8846591.0000,-4962096.5000,39910.6953,-7068065.0000,4861148.0000,-2351036.0000,-5806929.5000,-8832166.0000,6185553.0000,11731.8711,5178559.0000
1.5568,5306692.5000,5220561.0000,4475683.0000,-4898295.5000,-4667548.0000,-2779566.7500,2125143.7500,-1861362.5000,-2835392.7500,531179.2500,-220610.5156,1325503.1250,6184489.5000,3387874.2500,-3245315.0000,-2245764.2500,-5491646.0000,1591872.7500,3383089.0000,-1263758.7500,2768471.7500,-9026759.0000,-2115503.5000,2966255.2500,8708887.0000,-2911422.5000,5139214.5000,3871699.2500,7692854.5000,-1207401.1250,6706064.0000,3263462.0000,-191900.0156,-5478885.5000,-5762800.5000,4447504.5000,-4679245.0000,-1664110.7500,-3717443.2500,2445744.2500,-7022872.5000,-2301058.5000,1276589.0000,1921511.8750,2177248.0000,-4108225.0000,-1257910.2500,-640102.8750,-4920626.0000,-4036448.7500,6932026.0000,269594.7188,-4797277.0000,758204.8750,5487462.5000,1583366.0000,-4362366.0000,5105187.5000,710354.0625,8847654.0000,-4969008.5000,27150.4727,-7074445.0000,4855831.5000,-2356884.5000,-5818626.5000,-8844394.0000,6163222.5000,-26017.1211,5151443.5000
1.5588,5327959.5000,5228536.5000,4492165.0000,-4880218.5000,-4645749.5000,-2751919.7500,2150132.5000,-1840627.1250,-2818911.0000,545534.5000,-202533.5312,1349428.5000,6197250.0000,3407546.2500,-3229364.7500,-2226092.2500,-5467189.0000,1599847.8750,3400634.5000,-1243023.3750,2779105.2500,-9016657.0000,-2109655.2500,2974762.0000,8732281.0000,-2899194.0000,5155165.0000,3885522.7500,7707741.0000,-1202084.3750,6718292.5000,3288450.7500,-169569.6250,-5457087.0000,-5740470.0000,4466113.0000,-4660104.5000,-1651882.1250,-3696176.2500,2470201.5000,-7007454.0000,-2282449.7500,1294134.2500,1943310.6250,2195325.0000,-4092274.7500,-1236643.2500,-616177.4375,-4899359.0000,-4013586.7500,6950634.5000,285013.3125,-4763250.0000,789042.1250,5509261.0000,1604101.3750,-4342162.5000,5123796.0000,734811.1875,8875833.0000,-4949336.5000,48417.5117,-7051583.0000,4879225.0000,-2335617.5000,-5797891.0000,-8818874.0000,6183426.5000,-21763.7148,5168988.5000
1.5608,5309882.5000,5201952.5000,4473556.5000,-4892979.0000,-4667016.5000,-2759363.2500,2143220.7500,-1856577.3750,-2838051.2500,529584.2500,-217420.4688,1339326.7500,6175983.0000,3395317.5000,-3240530.0000,-2240447.5000,-5476227.5000,1578580.8750,3385747.5000,-1252061.8750,2762091.5000,-9035798.0000,-2132517.2500,2957216.7500,8726964.0000,-2905574.0000,5141341.5000,3865850.7500,7687537.5000,-1229199.7500,6702342.0000,3273032.2500,-179139.7969,-5461872.0000,-5754294.0000,4445909.5000,-4677650.0000,-1671554.1250,-3699898.0000,2450529.5000,-7022872.5000,-2297336.7500,1272867.2500,1930018.7500,2180969.7500,-4103440.0000,-1253656.8750,-623089.1875,-4914246.0000,-4027410.2500,6931494.5000,272253.0938,-4772820.0000,774686.8750,5496501.0000,1591872.7500,-4354922.5000,5108909.0000,726836.0000,8865731.0000,-4957843.0000,36188.9648,-7064343.5000,4865401.5000,-2345187.5000,-5805866.5000,-8819937.0000,6174388.0000,-44625.7812,5141873.0000
1.5628,5275855.5000,5155696.5000,4441656.0000,-4917436.0000,-4690410.0000,-2774781.7500,2128865.5000,-1878376.1250,-2861976.7500,497683.6875,-237624.1562,1313274.6250,6149930.5000,3370860.5000,-3263923.7500,-2259587.7500,-5488456.0000,1548807.0000,3360227.0000,-1268543.8750,2743483.0000,-9057596.0000,-2156442.7500,2931696.2500,8709419.0000,-2925246.0000,5124859.5000,3837140.2500,7657232.0000,-1260568.6250,6678948.5000,3234751.5000,-199343.4844,-5489519.0000,-5778219.0000,4418794.0000,-4705297.0000,-1699201.3750,-3714253.2500,2435110.7500,-7049456.5000,-2319135.5000,1247878.5000,1902371.5000,2161297.7500,-4123643.7500,-1276519.0000,-649141.3125,-4937108.0000,-4053994.0000,6906505.5000,252049.4062,-4795682.0000,751824.8125,5468854.0000,1569542.3750,-4377785.0000,5088705.5000,710354.0625,8848186.0000,-4979110.5000,17580.3066,-7085610.5000,4842008.0000,-2364328.0000,-5828197.0000,-8835888.0000,6132917.0000,-76526.3359,5097212.5000
1.5648,5300312.5000,5175368.5000,4465581.5000,-4890852.0000,-4662763.0000,-2740754.5000,2155981.0000,-1849665.6250,-2829544.5000,519482.4062,-206255.2656,1339326.7500,6182363.0000,3395849.2500,-3235744.7500,-2230345.5000,-5442200.0000,1566884.0000,3391596.0000,-1245150.1250,2772725.0000,-9032608.0000,-2134112.2500,2962533.5000,8750358.0000,-2882712.0000,5163140.0000,3861065.7500,7679030.5000,-1244618.3750,6707127.0000,3261867.0000,-161594.4844,-5453365.0000,-5738343.5000,4449099.5000,-4686688.5000,-1677934.2500,-3684479.2500,2469138.0000,-7022872.5000,-2282449.7500,1274462.2500,1934803.7500,2188945.0000,-4093869.7500,-1252593.5000,-622025.8750,-4909992.5000,-4026347.0000,6937343.0000,281823.2500,-4770693.5000,777876.9375,5497032.5000,1595594.5000,-4351201.0000,5112631.0000,739596.2500,8879023.0000,-4947741.5000,47885.8359,-7056900.0000,4876567.0000,-2331364.0000,-5795233.0000,-8797075.0000,6160564.0000,-52600.9180,5122733.0000
1.5668,5273197.0000,5137088.0000,4435276.0000,-4919562.5000,-4699980.5000,-2774250.0000,2123017.0000,-1884756.2500,-2862508.2500,476948.3125,-240814.2031,1305299.5000,6147272.5000,3360758.7500,-3268177.0000,-2264372.7500,-5459213.5000,1524350.0000,3361290.2500,-1282899.1250,2728596.0000,-9065572.0000,-2173456.2500,2931164.5000,8730686.0000,-2906105.7500,5131239.5000,3823316.7500,7640218.5000,-1282899.1250,6668315.0000,3243790.0000,-184988.2344,-5478354.0000,-5763864.0000,4411882.0000,-4731881.0000,-1721000.0000,-3714253.2500,2453719.5000,-7061685.0000,-2315413.7500,1241498.3750,1902371.5000,2153322.5000,-4125770.2500,-1286089.1250,-654458.1250,-4943488.0000,-4055057.5000,6910227.5000,254707.7812,-4804720.5000,745444.6875,5463537.0000,1568479.0000,-4380975.0000,5084452.0000,705037.3125,8851376.0000,-4975920.0000,19175.3340,-7095712.0000,4845198.0000,-2351567.7500,-5818095.0000,-8814621.0000,6141424.0000,-84501.4766,5090832.0000
1.5688,5287552.5000,5144000.0000,4443782.5000,-4906270.5000,-4693600.5000,-2764680.0000,2133119.0000,-1874122.7500,-2847621.5000,479606.7188,-233370.7344,1320186.3750,6156842.5000,3366607.0000,-3262328.7500,-2261182.7500,-5436883.5000,1524350.0000,3369265.5000,-1279709.0000,2732849.5000,-9058660.0000,-2168671.2500,2933823.0000,8753548.0000,-2888560.5000,5147190.0000,3832355.2500,7640750.0000,-1286089.1250,6670973.0000,3253891.7500,-162657.8438,-5462935.5000,-5748445.5000,4418262.0000,-4737197.5000,-1721000.0000,-3709999.7500,2469669.7500,-7055305.0000,-2298931.7500,1255853.6250,1909815.0000,2159702.7500,-4118858.5000,-1275455.6250,-650204.6875,-4931259.5000,-4041765.5000,6927772.5000,271189.7500,-4796745.5000,754483.1875,5470980.5000,1583366.0000,-4369278.0000,5096149.0000,715139.1250,8871580.0000,-4962628.5000,28745.5020,-7090395.5000,4859021.5000,-2340402.5000,-5811183.0000,-8810899.0000,6128132.0000,-90349.9141,5094022.5000
1.5708,5290742.5000,5145063.0000,4449099.5000,-4897764.0000,-4679776.5000,-2757768.2500,2140030.7500,-1867742.6250,-2839114.5000,493961.9688,-223800.5781,1325503.1250,6167476.0000,3372455.5000,-3256480.2500,-2257992.7500,-5414553.0000,1524881.6250,3378835.7500,-1275987.2500,2739229.5000,-9050153.0000,-2164417.7500,2932227.7500,8767903.0000,-2881117.0000,5159950.0000,3842457.0000,7644472.0000,-1287152.5000,6668846.5000,3262398.7500,-142985.8281,-5439010.0000,-5731963.5000,4425705.5000,-4741983.0000,-1730570.2500,-3707873.0000,2470201.5000,-7049456.5000,-2286703.2500,1259575.3750,1915663.5000,2161829.5000,-4111946.7500,-1266948.7500,-645951.2500,-4920094.0000,-4034322.0000,6940001.0000,285013.3125,-4782922.0000,766711.7500,5480019.0000,1593467.8750,-4356517.5000,5106782.5000,720987.5625,8887530.0000,-4950931.5000,38315.6680,-7076040.0000,4871250.0000,-2330300.7500,-5795764.5000,-8797607.0000,6114308.5000,-85564.8281,5104656.0000
1.5728,5243423.0000,5101465.5000,4415072.0000,-4938703.0000,-4713272.5000,-2799770.5000,2104408.5000,-1909213.3750,-2878458.5000,445579.4375,-263144.5938,1284032.3750,6131322.0000,3335238.2500,-3292102.5000,-2307438.5000,-5446985.0000,1481284.2500,3345340.0000,-1315331.2500,2695632.0000,-9089497.0000,-2211737.0000,2885972.0000,8736003.0000,-2913549.2500,5122201.0000,3803644.7500,7605659.5000,-1339788.3750,6614615.5000,3235283.2500,-170632.9844,-5476227.5000,-5776092.5000,4377855.0000,-4798872.0000,-1791181.2500,-3762104.0000,2412780.5000,-7094649.0000,-2321262.2500,1210661.1250,1871534.3750,2117700.2500,-4149164.0000,-1308419.5000,-683700.2500,-4956248.0000,-4073666.2500,6902252.0000,247264.3125,-4821202.5000,732684.4375,5442801.5000,1557313.8750,-4393203.5000,5073287.0000,681643.5625,8860946.0000,-4984427.0000,3225.0557,-7107409.0000,4840413.0000,-2364328.0000,-5830855.0000,-8834293.0000,6065394.0000,-117465.3828,5052551.5000
1.5748,5259905.0000,5122733.0000,4438997.5000,-4917436.0000,-4687752.0000,-2785415.2500,2126738.7500,-1889541.3750,-2852406.5000,460998.0625,-239750.8594,1305831.1250,6150994.0000,3359695.2500,-3268177.0000,-2286703.2500,-5426249.5000,1498829.5000,3378835.7500,-1298317.6250,2714772.5000,-9065040.0000,-2196850.0000,2897669.0000,8762055.0000,-2882180.2500,5138151.5000,3819063.2500,7626395.0000,-1339256.7500,6611425.5000,3251233.5000,-139795.7812,-5465062.0000,-5757484.0000,4392741.5000,-4798340.5000,-1790649.6250,-3756787.2500,2422882.2500,-7083483.5000,-2302121.7500,1224484.7500,1884294.6250,2130992.2500,-4131618.7500,-1291937.5000,-664028.2500,-4935513.0000,-4053994.0000,6924582.5000,269594.7188,-4797277.0000,753951.5000,5460347.0000,1574859.1250,-4371404.5000,5092427.5000,692277.0625,8880618.0000,-4965818.5000,22897.0664,-7088269.0000,4860085.0000,-2347314.2500,-5816500.0000,-8815684.0000,6074964.5000,-102046.7812,5056273.5000
1.5768,5232789.5000,5103592.5000,4417730.5000,-4940298.0000,-4704234.0000,-2806682.2500,2110788.5000,-1910276.7500,-2867293.5000,432819.2188,-259422.8594,1290412.5000,6131322.0000,3339491.7500,-3286254.0000,-2308502.0000,-5446985.0000,1474904.1250,3363948.7500,-1313736.2500,2698290.5000,-9083117.0000,-2220775.5000,2874275.2500,8748763.0000,-2891218.7500,5113162.5000,3798859.7500,7612571.5000,-1374879.0000,6576866.5000,3237409.7500,-148302.5938,-5492709.0000,-5778219.0000,4364563.0000,-4836621.0000,-1825740.2500,-3788156.2500,2409590.5000,-7112194.0000,-2324984.0000,1204281.0000,1858242.5000,2103345.0000,-4151822.5000,-1320648.0000,-678383.5000,-4963160.0000,-4081109.5000,6895340.5000,243010.9062,-4817481.0000,733216.1250,5439080.0000,1555187.1250,-4393203.5000,5071160.0000,668883.3750,8860946.0000,-4986022.0000,2161.7039,-7106877.5000,4839881.0000,-2365391.2500,-5837235.5000,-8831634.0000,6072306.0000,-124908.8516,5028094.5000
1.5788,5214712.5000,5080730.5000,4396995.0000,-4961565.0000,-4723906.0000,-2819442.5000,2110256.7500,-1931543.7500,-2880053.5000,414742.2500,-275904.8125,1276057.2500,6118030.0000,3323541.2500,-3297419.2500,-2321793.7500,-5462935.5000,1450447.0000,3343745.0000,-1327559.8750,2685530.2500,-9101726.0000,-2240447.5000,2856198.2500,8738661.0000,-2889623.7500,5097744.0000,3778124.2500,7598747.5000,-1407842.8750,6544434.5000,3209762.7500,-157872.7500,-5510786.0000,-5793106.0000,4329472.5000,-4880750.0000,-1861894.1250,-3821120.0000,2383006.5000,-7142499.5000,-2346782.7500,1186735.7500,1829000.2500,2073039.5000,-4173621.2500,-1339788.3750,-693802.1250,-4989744.0000,-4110351.7500,6864503.0000,216958.7812,-4849381.5000,707164.0000,5412496.0000,1529666.7500,-4417660.5000,5049893.0000,646021.2500,8840211.0000,-5004630.5000,-19637.0098,-7129208.0000,4817019.0000,-2386126.7500,-5856375.5000,-8857155.0000,6056355.5000,-152024.3281,5006295.5000
1.5808,5261500.0000,5118479.5000,4439529.0000,-4920626.0000,-4677118.5000,-2768401.7500,2160766.0000,-1892731.3750,-2834329.5000,451427.8750,-231244.0312,1320186.3750,6166944.5000,3375114.0000,-3254353.5000,-2281386.5000,-5416679.5000,1486601.0000,3397444.2500,-1282367.3750,2732317.7500,-9057065.0000,-2201635.0000,2898200.5000,8782258.0000,-2835924.5000,5143468.0000,3818000.0000,7645535.0000,-1381259.1250,6575803.0000,3259740.2500,-109490.2422,-5458150.5000,-5738875.0000,4361904.5000,-4858951.5000,-1836905.3750,-3784434.5000,2421287.2500,-7110599.0000,-2305843.5000,1218636.2500,1858242.5000,2101750.0000,-4139062.2500,-1295127.6250,-654989.7500,-4953058.0000,-4072602.7500,6899062.0000,251517.7188,-4819076.0000,738532.8750,5444396.5000,1563694.0000,-4382038.0000,5083920.5000,680048.5625,8876365.0000,-4969008.5000,18643.6582,-7089864.0000,4853704.5000,-2355289.5000,-5821285.0000,-8825786.0000,6096763.0000,-107895.2188,5045640.0000
1.5828,5241828.0000,5090300.5000,4420389.0000,-4936576.0000,-4691473.5000,-2787542.0000,2157044.2500,-1914530.1250,-2861445.0000,434945.9375,-246130.9688,1299982.7500,6150994.0000,3357037.0000,-3267645.5000,-2301058.5000,-5428908.0000,1463738.8750,3384152.5000,-1293532.6250,2712114.0000,-9073015.0000,-2223965.5000,2882782.0000,8767371.0000,-2848684.7500,5129644.5000,3805771.5000,7629585.0000,-1415818.0000,6551346.0000,3246448.2500,-127035.5547,-5474100.5000,-5760674.0000,4334257.5000,-4897764.0000,-1872527.7500,-3811018.2500,2400552.0000,-7135588.0000,-2328705.7500,1194710.8750,1824746.8750,2066127.7500,-4159797.7500,-1314799.6250,-682636.9375,-4982300.5000,-4104503.2500,6863440.0000,220148.8438,-4839279.5000,710354.0625,5419939.5000,1540300.2500,-4406495.5000,5058400.0000,653996.4375,8860946.0000,-4990807.0000,-5281.7593,-7111662.5000,4832969.5000,-2371771.5000,-5839893.5000,-8842799.0000,6096763.0000,-111085.2734,5029689.5000
1.5848,5238638.0000,5073818.5000,4416135.5000,-4932323.0000,-4686688.5000,-2785947.0000,2159702.7500,-1911340.0000,-2860381.5000,442389.3750,-237624.1562,1304767.7500,6162691.0000,3368202.2500,-3252758.5000,-2295210.0000,-5421464.5000,1464802.2500,3384152.5000,-1291937.5000,2717962.5000,-9060787.0000,-2221307.0000,2892352.2500,8773752.0000,-2842836.2500,5138683.0000,3812151.5000,7641282.0000,-1421666.5000,6549751.0000,3244321.7500,-121718.7891,-5467720.5000,-5756952.0000,4329472.5000,-4916904.0000,-1888478.0000,-3814740.0000,2400020.2500,-7136651.5000,-2324984.0000,1194710.8750,1818366.7500,2060811.0000,-4157671.0000,-1311609.6250,-688485.3750,-4982300.5000,-4106098.2500,6859718.0000,217490.4688,-4838748.0000,703442.3125,5418876.5000,1541895.2500,-4410217.0000,5059463.5000,650806.3750,8868922.0000,-4990275.5000,-6876.7871,-7110067.5000,4833501.0000,-2365923.0000,-5842020.5000,-8845458.0000,6102611.5000,-110553.5938,5021714.5000
1.5868,5256715.0000,5080198.5000,4420389.0000,-4922221.0000,-4669675.0000,-2768933.2500,2170868.0000,-1892199.7500,-2846558.0000,453022.9062,-226990.6250,1316996.3750,6177578.0000,3390532.5000,-3227769.7500,-2272348.0000,-5410299.5000,1474904.1250,3402229.5000,-1275987.2500,2737102.7500,-9036329.0000,-2202166.7500,2913087.5000,8798740.0000,-2818379.2500,5157823.5000,3827570.2500,7662017.0000,-1414754.7500,6558789.5000,3257081.7500,-98856.7266,-5434756.5000,-5741002.0000,4340106.0000,-4914246.0000,-1887946.2500,-3806233.2500,2405337.0000,-7116979.5000,-2309033.7500,1211192.8750,1827405.2500,2066127.7500,-4145974.0000,-1300444.3750,-689548.6875,-4972198.5000,-4095996.5000,6865566.5000,228123.9844,-4824392.5000,716734.1875,5437485.0000,1557313.8750,-4394266.5000,5071160.0000,670478.3750,8887530.0000,-4974325.0000,4820.0835,-7094117.0000,4853173.0000,-2347314.2500,-5827133.5000,-8837483.0000,6106333.5000,-87691.5312,5032879.5000
1.5888,5242891.5000,5058400.0000,4395400.0000,-4945083.0000,-4689347.0000,-2784352.0000,2148537.5000,-1910808.3750,-2855596.5000,425375.7500,-254106.1094,1296792.6250,6165349.5000,3379899.0000,-3240530.0000,-2285640.0000,-5436351.5000,1451510.3750,3374050.5000,-1293532.6250,2721684.2500,-9048026.0000,-2216522.0000,2899795.7500,8785448.0000,-2827949.5000,5140810.0000,3815341.5000,7649788.5000,-1438148.5000,6535396.0000,3219864.5000,-112680.3047,-5448048.5000,-5762800.5000,4315117.0000,-4945083.0000,-1912935.1250,-3823246.7500,2389918.5000,-7139841.5000,-2331364.0000,1193115.8750,1797631.3750,2040607.2500,-4162987.7500,-1320116.3750,-725171.0000,-5000377.5000,-4122580.2500,6836856.0000,200476.8281,-4847254.5000,698657.1875,5413559.5000,1532856.7500,-4416065.5000,5049361.5000,648148.0000,8868390.0000,-4996655.5000,-17510.3066,-7120701.0000,4830842.5000,-2366454.7500,-5846273.5000,-8870978.0000,6057951.0000,-110021.9219,5002574.0000
1.5908,5247145.0000,5069033.5000,4404970.0000,-4938171.0000,-4678713.5000,-2776376.7500,2148005.7500,-1907086.6250,-2847621.5000,418463.9688,-250916.0469,1301577.7500,6175451.0000,3397444.2500,-3228301.2500,-2282449.7500,-5427845.0000,1462675.5000,3374050.5000,-1283430.7500,2733381.0000,-9029418.0000,-2203230.2500,2907770.7500,8798209.0000,-2814657.5000,5145595.0000,3829165.2500,7669992.5000,-1433363.3750,6545497.5000,3203382.5000,-99388.4062,-5440073.5000,-5765459.0000,4324687.0000,-4941893.0000,-1907618.2500,-3806764.7500,2405868.7500,-7131866.0000,-2322325.5000,1205876.0000,1799226.3750,2045392.3750,-4158734.2500,-1313204.6250,-715069.1250,-4989212.0000,-4114605.2500,6845894.5000,205261.9219,-4839279.5000,698657.1875,5418876.5000,1542426.8750,-4409685.5000,5053083.0000,653464.7500,8877428.0000,-4987617.0000,-9003.4912,-7118042.5000,4837754.5000,-2364328.0000,-5844678.5000,-8865130.0000,6048380.5000,-115338.6797,4997257.5000
1.5928,5250335.0000,5070097.0000,4409755.5000,-4935513.0000,-4675523.5000,-2774781.7500,2153854.2500,-1908681.6250,-2844963.0000,418463.9688,-252511.0781,1305831.1250,6183426.5000,3409672.7500,-3218731.2500,-2279259.7500,-5427313.0000,1474372.3750,3371392.2500,-1278645.6250,2744546.2500,-9011872.0000,-2189406.5000,2909897.5000,8807779.0000,-2823164.2500,5145595.0000,3836608.7500,7688069.0000,-1434958.3750,6552409.5000,3197534.2500,-94071.6406,-5445390.0000,-5773966.0000,4318307.0000,-4947741.5000,-1908681.6250,-3803043.0000,2412248.7500,-7127613.0000,-2324452.2500,1209066.1250,1795504.6250,2043265.6250,-4161924.2500,-1315863.0000,-704435.6250,-4990275.5000,-4115668.5000,6845363.0000,201540.1875,-4843001.0000,695998.8125,5416749.5000,1541895.2500,-4408622.0000,5051488.0000,648148.0000,8877428.0000,-4987085.5000,-10598.5186,-7114852.5000,4839349.5000,-2364328.0000,-5843615.5000,-8841204.0000,6053165.5000,-115338.6797,4994599.0000
1.5948,5215776.0000,5030221.0000,4374133.0000,-4960501.5000,-4706360.5000,-2809340.7500,2127270.5000,-1942708.8750,-2875800.2500,395601.9062,-279626.5625,1278715.6250,6154184.0000,3387874.2500,-3240530.0000,-2312755.5000,-5455492.0000,1443535.2500,3342681.7500,-1311609.6250,2718494.2500,-9033139.0000,-2209610.2500,2881187.0000,8784385.0000,-2857723.2500,5107314.0000,3805771.5000,7664144.0000,-1467922.2500,6517850.5000,3164038.5000,-116933.7109,-5476227.5000,-5815968.0000,4276836.5000,-4986553.5000,-1945367.2500,-3834412.0000,2373968.0000,-7152601.5000,-2360074.5000,1180887.2500,1755097.2500,2008175.1250,-4192761.5000,-1347231.8750,-728361.0625,-5020049.5000,-4147569.0000,6816120.5000,167512.9219,-4879687.0000,666224.9375,5382190.5000,1507868.0000,-4443712.5000,5020119.5000,616247.4375,8850313.0000,-5018454.5000,-40904.0469,-7144626.5000,4806917.5000,-2393038.5000,-5874984.0000,-8866193.0000,6021797.0000,-146175.8906,4954723.0000
1.5968,5225878.0000,5047235.0000,4389551.5000,-4942956.5000,-4693600.5000,-2803492.2500,2132587.2500,-1930480.3750,-2854533.2500,425375.7500,-261017.8906,1294134.2500,6166944.5000,3410736.2500,-3218199.5000,-2299995.2500,-5435820.0000,1456295.3750,3364480.5000,-1293532.6250,2741356.2500,-9007619.0000,-2187279.7500,2895542.2500,8810437.0000,-2848153.0000,5120606.0000,3822785.0000,7683816.0000,-1456757.1250,6533269.0000,3195939.2500,-99388.4062,-5460277.0000,-5800549.5000,4281090.0000,-4979110.5000,-1934202.1250,-3820588.5000,2383538.2500,-7135056.5000,-2346251.0000,1199496.0000,1768389.2500,2015618.5000,-4183723.0000,-1339256.7500,-716132.5000,-5001972.5000,-4132682.2500,6832602.5000,176551.4219,-4864800.0000,684301.9375,5400799.5000,1523818.2500,-4426167.5000,5032879.5000,630602.6875,8875302.0000,-5001440.5000,-28675.5020,-7128144.5000,4823399.0000,-2378151.5000,-5860629.0000,-8858218.0000,6033493.5000,-127035.5547,4958976.5000
1.5988,5231194.5000,5049893.0000,4386893.5000,-4938171.0000,-4690410.0000,-2811467.5000,2133119.0000,-1930480.3750,-2844963.0000,434414.2500,-257827.8281,1301046.0000,6175451.0000,3425091.5000,-3209692.7500,-2296273.5000,-5424123.0000,1459485.5000,3362885.5000,-1280772.3750,2754648.0000,-8993795.0000,-2174519.7500,2905112.5000,8825324.0000,-2843368.0000,5123796.0000,3829696.7500,7690196.0000,-1453567.0000,6535927.5000,3207636.0000,-91944.9375,-5458150.5000,-5794701.0000,4278963.0000,-4981768.5000,-1931543.7500,-3822183.5000,2388855.0000,-7130271.0000,-2340402.5000,1202686.0000,1768389.2500,2015086.8750,-4183191.5000,-1337130.0000,-716132.5000,-4999314.0000,-4128960.5000,6836324.5000,177614.7656,-4856825.0000,693340.4375,5408243.0000,1527540.0000,-4425635.5000,5032348.0000,628476.0000,8876897.0000,-5000909.0000,-27080.4727,-7121764.5000,4824994.0000,-2369113.0000,-5854249.0000,-8836419.0000,6061672.5000,-122782.1406,4949406.5000
1.6008,5217371.0000,5029689.5000,4361373.0000,-4962628.5000,-4715399.0000,-2836456.2500,2113978.5000,-1954937.5000,-2860913.2500,417400.6250,-279626.5625,1278715.6250,6160032.5000,3409672.7500,-3219794.5000,-2315945.5000,-5443263.5000,1433433.3750,3340023.2500,-1290342.5000,2735507.7500,-8997517.0000,-2189406.5000,2889693.7500,8810437.0000,-2857723.2500,5103592.5000,3805771.5000,7674245.5000,-1468454.0000,6519445.5000,3178393.7500,-110553.5938,-5476759.0000,-5821285.0000,4253974.5000,-5005162.5000,-1945367.2500,-3840792.0000,2373968.0000,-7146221.5000,-2355289.5000,1182482.3750,1751907.2500,1992756.5000,-4201268.5000,-1358928.7500,-732614.4375,-5019517.5000,-4148632.5000,6819842.5000,156879.4062,-4866926.5000,678453.5000,5391229.0000,1509994.7500,-4441054.0000,5015334.0000,611994.0000,8864668.0000,-5015796.0000,-41967.3984,-7131334.5000,4806385.5000,-2381873.2500,-5868072.5000,-8850775.0000,6056355.5000,-142454.1562,4920696.0000
1.6028,5230131.5000,5032879.5000,4370411.5000,-4956248.0000,-4709019.0000,-2830076.0000,2117700.2500,-1949620.7500,-2855596.5000,419527.3125,-276968.1562,1286159.1250,6168539.5000,3421901.5000,-3204376.0000,-2305312.0000,-5431566.5000,1425989.8750,3341086.7500,-1280772.3750,2745078.0000,-8978377.0000,-2176646.2500,2899264.0000,8824792.0000,-2850279.7500,5108909.0000,3808961.5000,7685942.5000,-1460478.8750,6526889.0000,3179457.2500,-97261.6953,-5470379.0000,-5818095.0000,4255037.5000,-5003567.5000,-1931543.7500,-3832285.2500,2385665.0000,-7138778.0000,-2342529.2500,1194710.8750,1764135.7500,1998073.2500,-4194888.0000,-1352548.6250,-726234.3750,-5015264.0000,-4142252.2500,6831007.5000,163791.1875,-4866395.0000,684301.9375,5398672.5000,1516374.7500,-4438396.0000,5019587.5000,613057.3750,8867326.0000,-5009947.5000,-38245.6680,-7123891.0000,4811702.5000,-2374429.7500,-5863287.5000,-8858218.0000,6046254.0000,-143517.5000,4920696.0000
1.6048,5224283.0000,5029689.5000,4368816.5000,-4956780.0000,-4712740.5000,-2839114.5000,2116105.2500,-1954405.7500,-2866761.7500,403045.3750,-279626.5625,1282437.3750,6167476.0000,3415521.2500,-3205971.0000,-2307438.5000,-5439541.5000,1411634.6250,3332048.2500,-1280240.7500,2747736.2500,-8968275.0000,-2174519.7500,2902985.7500,8824261.0000,-2859318.2500,5100934.0000,3804176.5000,7683284.0000,-1463668.8750,6525825.5000,3176798.7500,-96198.3438,-5473037.0000,-5834045.0000,4248657.5000,-5002504.0000,-1928353.6250,-3836538.7500,2381943.2500,-7139841.5000,-2340402.5000,1189925.7500,1761477.3750,1997009.8750,-4197015.0000,-1359460.3750,-735272.8125,-5015264.0000,-4139594.0000,6833666.0000,161132.8125,-4867458.5000,675795.1250,5393356.0000,1510526.3750,-4439459.0000,5016929.5000,608272.3125,8860415.0000,-5015264.0000,-43030.7539,-7122296.0000,4810639.0000,-2375493.2500,-5864350.5000,-8863003.0000,6030835.5000,-147239.2344,4924949.5000
1.6068,5204079.0000,5007359.0000,4347549.0000,-4979642.0000,-4736666.0000,-2869951.7500,2091116.5000,-1976204.5000,-2896535.5000,373803.1875,-306210.3438,1257980.2500,6152589.0000,3403292.7500,-3227238.0000,-2323389.0000,-5463467.0000,1395152.7500,3305996.0000,-1301507.7500,2728064.2500,-8982630.0000,-2192596.5000,2884908.7500,8805120.0000,-2884838.7500,5077008.5000,3778124.2500,7663080.5000,-1482809.2500,6504027.0000,3153405.0000,-116402.0312,-5498026.0000,-5859034.0000,4225264.0000,-5026429.5000,-1944304.0000,-3858337.2500,2356422.7500,-7162703.5000,-2360074.5000,1171317.1250,1733830.2500,1974147.7500,-4213497.0000,-1388170.8750,-760261.6250,-5033341.0000,-4158734.2500,6816652.5000,141460.7969,-4885535.5000,652401.3750,5372089.0000,1492449.3750,-4460726.0000,4997257.5000,582220.1875,8840211.0000,-5034404.5000,-62171.0859,-7145158.0000,4787245.5000,-2392506.7500,-5885618.0000,-8899689.0000,5987769.5000,-165316.2188,4903150.5000
1.6088,5234916.5000,5037664.5000,4369879.5000,-4948804.5000,-4707424.0000,-2851343.0000,2110788.5000,-1952810.7500,-2871546.7500,391348.5000,-287601.6875,1284564.1250,6185553.0000,3438383.2500,-3205439.2500,-2286703.2500,-5432098.0000,1420141.5000,3327263.0000,-1275455.6250,2762091.5000,-8946476.0000,-2159101.0000,2913619.2500,8832768.0000,-2859850.0000,5106782.5000,3803644.7500,7694449.5000,-1454098.7500,6530079.0000,3191154.0000,-94071.6406,-5475695.5000,-5833513.5000,4250252.5000,-4998782.5000,-1913998.3750,-3831753.5000,2377158.2500,-7139841.5000,-2334022.5000,1204281.0000,1760414.1250,1999136.6250,-4187444.7500,-1366372.2500,-734209.5000,-5008352.5000,-4132150.5000,6840046.0000,164854.5469,-4857888.0000,674731.7500,5397609.0000,1516906.5000,-4433610.5000,5023841.0000,607740.6250,8860946.0000,-5007821.0000,-37713.9922,-7122296.0000,4811702.5000,-2367518.0000,-5860629.0000,-8898094.0000,6003188.0000,-149365.9375,4929734.5000
1.6108,5213117.5000,5013207.5000,4344891.0000,-4980173.5000,-4734539.5000,-2884307.0000,2077824.6250,-1978331.2500,-2905042.5000,357321.2500,-320033.9375,1253726.8750,6167476.0000,3417116.2500,-3235213.2500,-2308502.0000,-5452833.5000,1387709.2500,3288982.5000,-1302571.1250,2738166.2500,-8967212.0000,-2183558.2500,2891288.7500,8813096.0000,-2890155.5000,5073287.0000,3776529.2500,7674777.5000,-1472175.7500,6507217.0000,3170418.7500,-119060.4141,-5507064.5000,-5859565.5000,4225795.5000,-5023239.5000,-1932075.3750,-3850894.0000,2343662.5000,-7170147.0000,-2356352.7500,1185140.7500,1734362.0000,1975211.1250,-4210838.5000,-1388702.6250,-758666.5625,-5038658.0000,-4160329.2500,6808677.0000,132953.9844,-4883940.5000,642831.2500,5373684.0000,1492981.1250,-4460726.0000,4999384.0000,580093.4375,8830641.0000,-5034936.0000,-63766.1133,-7148348.0000,4786713.5000,-2391975.0000,-5883491.0000,-8928931.0000,5975009.5000,-188178.2812,4899960.5000
1.6128,5199294.0000,5010549.0000,4335852.5000,-4984958.5000,-4741983.0000,-2896004.0000,2071444.5000,-1984711.3750,-2919929.2500,346687.7188,-330667.4375,1242030.0000,6159501.0000,3414989.7500,-3247441.7500,-2312223.7500,-5457087.0000,1378139.1250,3272500.5000,-1312141.2500,2733381.0000,-8971465.0000,-2189406.5000,2876402.0000,8808310.0000,-2900257.2500,5058931.5000,3767490.7500,7674245.5000,-1478024.1250,6497115.0000,3164570.2500,-128098.9062,-5515571.5000,-5869136.0000,4217820.5000,-5029088.0000,-1940050.5000,-3860464.0000,2328775.7500,-7184502.0000,-2359011.2500,1179292.2500,1725855.1250,1966172.6250,-4215623.5000,-1397209.3750,-766641.7500,-5045570.0000,-4167772.7500,6800702.0000,120193.7656,-4894574.0000,635387.7500,5360923.5000,1482347.5000,-4466043.0000,4991940.5000,568928.2500,8811501.0000,-5048760.0000,-72272.9297,-7159513.5000,4777675.0000,-2395165.2500,-5891998.0000,-8946476.0000,5960654.0000,-207850.2969,4894112.0000
1.6148,5221624.5000,5038728.0000,4360309.5000,-4959438.5000,-4721779.0000,-2869951.7500,2096965.0000,-1959722.5000,-2899194.0000,370081.4688,-307273.6875,1262765.3750,6180768.0000,3442105.0000,-3231491.5000,-2287766.5000,-5437415.0000,1401001.1250,3295894.2500,-1290874.2500,2757838.2500,-8941691.0000,-2164417.7500,2892883.7500,8826387.0000,-2876332.0000,5078072.0000,3786631.0000,7700829.5000,-1451972.0000,6516255.5000,3179988.7500,-95134.9922,-5482075.5000,-5839893.5000,4242809.0000,-5003567.5000,-1913998.3750,-3839197.0000,2353232.7500,-7161108.5000,-2336680.7500,1197900.8750,1752438.8750,1990629.7500,-4190634.7500,-1370625.6250,-743248.0000,-5021112.5000,-4139594.0000,6823564.0000,147840.9219,-4874370.0000,652933.0625,5381659.0000,1505741.2500,-4441054.0000,5018524.5000,588068.6250,8827982.0000,-5025898.0000,-51005.8906,-7135588.0000,4801600.5000,-2372834.7500,-5866477.5000,-8942223.0000,5971287.5000,-194558.3906,4920696.0000
1.6168,5198762.5000,5002042.5000,4325219.0000,-4988149.0000,-4754211.5000,-2902384.0000,2063469.3750,-1994281.5000,-2933753.0000,330737.4375,-342896.0000,1220231.2500,6147272.5000,3405951.2500,-3274025.5000,-2323389.0000,-5471442.0000,1373885.6250,3259208.5000,-1322243.1250,2724342.5000,-8973060.0000,-2195786.7500,2854603.2500,8792892.0000,-2909827.5000,5038728.0000,3751540.5000,7666802.0000,-1479619.1250,6482228.0000,3135328.0000,-135542.3750,-5513444.5000,-5878706.0000,4200806.5000,-5043443.0000,-1947494.0000,-3879072.7500,2315483.7500,-7193540.5000,-2374961.5000,1161747.0000,1718943.3750,1959792.5000,-4220940.5000,-1404121.1250,-778338.5625,-5058861.5000,-4175748.0000,6785283.5000,112218.6250,-4909460.5000,620500.8125,5350290.0000,1472245.7500,-4474018.0000,4989282.0000,555104.6875,8786512.0000,-5064710.0000,-86096.5078,-7169083.5000,4767041.5000,-2398355.2500,-5897846.5000,-8988479.0000,5947894.0000,-220610.5156,4893049.0000
1.6188,5208332.5000,5011081.0000,4330004.0000,-4982300.5000,-4746236.0000,-2890687.2500,2068254.5000,-1986838.0000,-2920992.7500,341902.6250,-338110.9062,1229269.7500,6155247.5000,3413926.2500,-3272430.5000,-2315413.7500,-5458150.5000,1388240.8750,3263993.7500,-1314268.0000,2733381.0000,-8962426.0000,-2188343.2500,2858325.0000,8807779.0000,-2894408.7500,5043513.0000,3757389.0000,7675309.0000,-1466327.2500,6494456.5000,3140644.7500,-129162.2578,-5504406.0000,-5868604.0000,4206123.5000,-5026961.0000,-1932075.3750,-3866312.5000,2334624.0000,-7184502.0000,-2366454.7500,1164937.0000,1730640.2500,1974147.7500,-4209775.0000,-1392956.0000,-767173.3750,-5049291.5000,-4165114.5000,6794322.0000,119662.0859,-4899890.5000,631134.3750,5363050.5000,1484474.2500,-4462853.0000,4999384.0000,559889.7500,8784385.0000,-5064710.0000,-80779.7422,-7156323.5000,4778207.0000,-2390911.7500,-5896251.5000,-8992200.0000,5957464.0000,-205191.9219,4902087.5000
1.6208,5216839.5000,5029689.5000,4343827.5000,-4968477.0000,-4726032.5000,-2872610.2500,2073571.2500,-1970356.1250,-2898662.2500,362106.3125,-315780.5000,1243093.3750,6170134.5000,3433598.2500,-3265518.7500,-2299463.5000,-5435288.0000,1414824.7500,3279412.2500,-1302571.1250,2750926.2500,-8944881.0000,-2168139.5000,2876402.0000,8819476.0000,-2873141.7500,5058931.5000,3768554.2500,7686474.0000,-1441338.5000,6515724.0000,3171482.0000,-119060.4141,-5491646.0000,-5847869.0000,4222605.5000,-5005694.0000,-1904428.2500,-3847703.7500,2355891.2500,-7172805.0000,-2349972.7500,1185672.3750,1747653.8750,1993288.1250,-4184786.5000,-1373815.6250,-744311.3125,-5029619.5000,-4148632.5000,6810272.0000,131890.6406,-4876497.0000,652933.0625,5383254.0000,1502551.2500,-4440522.5000,5024372.5000,580093.4375,8789170.0000,-5050355.0000,-63234.4375,-7135056.5000,4797347.0000,-2373898.0000,-5878706.0000,-8979972.0000,5978199.5000,-178608.1250,4929734.5000
1.6228,5179622.0000,4991940.5000,4305547.0000,-5005162.5000,-4765376.5000,-2906105.7500,2023062.0000,-2007573.3750,-2927372.7500,328610.7500,-357251.2500,1205876.0000,6138234.0000,3400102.7500,-3305394.5000,-2336680.7500,-5473037.0000,1387177.5000,3242195.0000,-1342978.5000,2723279.2500,-8977845.0000,-2201635.0000,2843438.0000,8780663.0000,-2905574.0000,5022777.5000,3726551.7500,7646067.0000,-1466327.2500,6486481.5000,3142239.7500,-157872.7500,-5529926.5000,-5887744.5000,4177413.0000,-5040253.0000,-1933670.3750,-3885452.7500,2318142.2500,-7217997.5000,-2393570.2500,1139948.2500,1707778.1250,1960855.8750,-4216687.0000,-1411564.6250,-779401.9375,-5068963.5000,-4190634.7500,6768801.5000,96268.3438,-4909460.5000,618905.8125,5348163.5000,1467992.2500,-4475613.0000,4990877.0000,541812.8125,8743978.0000,-5090230.5000,-102578.4609,-7174400.5000,4762256.5000,-2407393.7500,-5916986.5000,-9018252.0000,5943640.5000,-209977.0000,4895175.5000
1.6248,5208332.5000,5012676.0000,4333194.0000,-4976983.5000,-4736134.5000,-2874736.7500,2039012.2500,-1981521.2500,-2894408.7500,355194.5312,-328009.0625,1237776.6250,6162691.0000,3428281.5000,-3283064.0000,-2312223.7500,-5453897.0000,1412166.3750,3273563.7500,-1315863.0000,2751989.7500,-8950730.0000,-2170266.2500,2867895.0000,8800335.0000,-2885902.0000,5042981.5000,3743565.2500,7671055.5000,-1434426.7500,6521040.5000,3161912.0000,-134479.0156,-5506533.0000,-5867541.0000,4201338.5000,-5007821.0000,-1900174.8750,-3857274.0000,2344194.2500,-7198325.5000,-2373366.5000,1161215.2500,1731703.6250,1989566.3750,-4190103.2500,-1387639.2500,-750159.7500,-5044506.5000,-4168304.5000,6790600.0000,121788.7891,-4887130.5000,639641.1875,5368367.0000,1490854.3750,-4446371.0000,5019587.5000,575308.3750,8765245.0000,-5066305.0000,-76526.3359,-7149943.0000,4787245.5000,-2386126.7500,-5897846.5000,-9000175.0000,5965971.0000,-186583.2656,4911657.5000
1.6268,5202484.0000,5002574.0000,4333725.5000,-4979642.0000,-4738261.0000,-2870483.5000,2031037.1250,-1988433.0000,-2883775.2500,355194.5312,-328540.7500,1238840.0000,6163754.5000,3427218.2500,-3286785.7500,-2315413.7500,-5463998.5000,1410039.6250,3280475.5000,-1317458.0000,2751458.0000,-8947540.0000,-2166012.7500,2869490.0000,8792360.0000,-2894940.5000,5027031.0000,3733995.2500,7668929.0000,-1425919.8750,6532205.5000,3147025.0000,-141922.4844,-5517166.5000,-5880832.5000,4194426.5000,-5006757.5000,-1897516.5000,-3852489.0000,2350574.5000,-7210554.0000,-2386658.2500,1153771.7500,1722665.1250,1987971.3750,-4191698.2500,-1388170.8750,-756539.8750,-5054608.5000,-4178938.0000,6773586.5000,110091.9219,-4890852.0000,636982.8125,5367835.5000,1486601.0000,-4446902.5000,5019056.0000,571055.0000,8756206.0000,-5078002.0000,-84501.4766,-7147816.5000,4786713.5000,-2388785.0000,-5904226.5000,-8998580.0000,5968629.0000,-181266.5000,4913252.5000
1.6288,5189192.5000,4978117.0000,4322029.0000,-4990807.0000,-4757401.5000,-2878990.2500,2017213.5000,-2004383.3750,-2890687.2500,339244.2500,-342364.3125,1217041.2500,6147804.0000,3409141.2500,-3304862.7500,-2329237.2500,-5481012.5000,1396747.7500,3268247.0000,-1332344.8750,2738166.2500,-8958705.0000,-2178773.0000,2853008.2500,8776942.0000,-2914612.5000,5006295.5000,3719640.0000,7653510.5000,-1429110.0000,6524762.5000,3123099.5000,-157872.7500,-5544813.5000,-5907416.5000,4174223.0000,-5017391.0000,-1905491.6250,-3862059.0000,2334092.5000,-7230226.0000,-2410583.7500,1125061.2500,1705119.7500,1972021.1250,-4205522.0000,-1401994.5000,-775148.5625,-5074280.5000,-4203926.5000,6751788.0000,86698.1797,-4914777.5000,614120.7500,5343910.0000,1464802.2500,-4466043.0000,5002042.5000,557231.3750,8730154.0000,-5101927.5000,-108958.5703,-7171210.0000,4765978.0000,-2407393.7500,-5927088.5000,-9016126.0000,5954805.5000,-189241.6406,4906340.5000
1.6308,5221624.5000,5007359.0000,4348612.5000,-4959438.5000,-4734539.5000,-2844963.0000,2045392.3750,-1974077.7500,-2854001.5000,368486.4375,-314717.1562,1248941.7500,6181299.5000,3449017.0000,-3277747.2500,-2293615.0000,-5452302.0000,1429180.0000,3299616.0000,-1312672.8750,2766345.0000,-8928399.0000,-2144745.7500,2883845.2500,8809905.0000,-2885902.0000,5035006.0000,3749413.7500,7682221.0000,-1389765.8750,6563574.5000,3149151.7500,-127567.2266,-5520356.5000,-5876579.5000,4205060.0000,-4979110.5000,-1873059.3750,-3827500.2500,2361208.0000,-7206301.0000,-2386126.7500,1141011.6250,1736488.6250,2004453.3750,-4174684.5000,-1374347.3750,-749096.4375,-5048228.0000,-4174684.5000,6775181.5000,120193.7656,-4896169.0000,639641.1875,5372089.0000,1490854.3750,-4439459.0000,5028626.0000,584346.8750,8747699.0000,-5081192.0000,-85564.8281,-7141968.0000,4789903.5000,-2388253.2500,-5904758.0000,-8999644.0000,5989364.5000,-149897.6250,4948874.5000
1.6328,5212586.0000,4991940.5000,4332130.5000,-4972198.5000,-4746768.0000,-2851874.7500,2032632.1250,-1984711.3750,-2856128.2500,353067.8438,-333857.5000,1233523.2500,6171729.5000,3444231.7500,-3286254.0000,-2304780.2500,-5461872.0000,1425458.2500,3290577.5000,-1331813.2500,2743483.0000,-8935311.0000,-2148999.2500,2874806.7500,8797677.0000,-2898662.2500,5019587.5000,3733995.2500,7667865.5000,-1395082.7500,6557726.0000,3139049.7500,-142454.1562,-5533116.5000,-5898378.0000,4189109.7500,-4990275.5000,-1885819.6250,-3834412.0000,2339409.2500,-7228099.5000,-2403140.2500,1116022.8750,1720538.3750,1990629.7500,-4186913.0000,-1387639.2500,-766110.0625,-5070558.5000,-4194356.5000,6756573.0000,103711.8125,-4912651.0000,625817.5625,5358797.0000,1475967.5000,-4455409.5000,5011612.5000,567864.9375,8728559.0000,-5098205.5000,-99920.0781,-7160576.5000,4772890.0000,-2400482.0000,-5916455.0000,-9021443.0000,5981921.0000,-144580.8594,4949938.0000
1.6348,5216839.5000,4989282.0000,4319370.5000,-4975920.0000,-4754211.5000,-2850279.7500,2028910.3750,-1989496.3750,-2848153.0000,345624.3750,-339705.9375,1223953.0000,6171198.0000,3452207.0000,-3288380.7500,-2307438.5000,-5461340.5000,1429180.0000,3293235.7500,-1335535.0000,2722215.7500,-8939564.0000,-2148467.5000,2874275.2500,8789170.0000,-2905574.0000,5012676.0000,3729210.0000,7659890.5000,-1391361.0000,6558258.0000,3135328.0000,-148834.2656,-5529926.5000,-5902099.5000,4181134.7500,-4988149.0000,-1882629.5000,-3834943.7500,2322395.5000,-7235011.5000,-2404203.7500,1106984.3750,1717348.3750,1992224.7500,-4181596.2500,-1386575.8750,-769300.1250,-5073748.5000,-4203926.5000,6749661.0000,99458.4062,-4915841.0000,621032.5000,5354543.5000,1472777.3750,-4459131.0000,5009486.0000,566269.8750,8718457.0000,-5108307.5000,-108958.5703,-7164298.5000,4767573.0000,-2407393.7500,-5926557.0000,-9038988.0000,5984579.5000,-139264.0938,4952596.5000
1.6368,5240765.0000,5017992.5000,4341169.0000,-4948804.5000,-4726032.5000,-2815720.7500,2045924.0000,-1965039.2500,-2818911.0000,368486.4375,-323223.9688,1240966.6250,6200971.5000,3490487.5000,-3263392.0000,-2279259.7500,-5440073.5000,1448320.2500,3312907.7500,-1320116.3750,2738166.2500,-8910854.0000,-2114972.0000,2902985.7500,8812564.0000,-2889623.7500,5035538.0000,3755794.0000,7683284.0000,-1361587.1250,6586968.5000,3172013.7500,-137669.0781,-5510786.0000,-5881896.0000,4200806.5000,-4959438.5000,-1853919.0000,-3808891.5000,2334092.5000,-7216402.5000,-2380810.0000,1125593.0000,1736488.6250,2015086.8750,-4157671.0000,-1362118.7500,-744311.3125,-5054608.5000,-4178938.0000,6768270.0000,118067.0625,-4897232.0000,640704.5000,5377405.5000,1496702.7500,-4436801.0000,5030221.0000,588068.6250,8732812.0000,-5091294.0000,-89818.2344,-7143031.5000,4789903.5000,-2386658.2500,-5909543.0000,-9004429.0000,6027113.5000,-105236.8359,4985560.5000
1.6388,5220029.5000,4999915.5000,4318838.5000,-4964223.5000,-4744641.0000,-2826354.2500,2014555.1250,-1982053.0000,-2833266.2500,341370.9688,-345022.6875,1214382.8750,6186616.5000,3495272.7500,-3283595.7500,-2295210.0000,-5462403.5000,1422799.8750,3281007.2500,-1338725.0000,2714240.7500,-8925209.0000,-2123478.7500,2897137.2500,8786512.0000,-2920992.7500,5015866.0000,3733995.2500,7658827.0000,-1369562.2500,6577398.0000,3168292.0000,-167442.9219,-5538965.0000,-5898909.5000,4179539.7500,-4975388.5000,-1872527.7500,-3822715.0000,2325585.5000,-7245113.0000,-2401013.5000,1101667.6250,1717348.3750,1995414.8750,-4168836.2500,-1372220.6250,-764515.0000,-5074280.5000,-4201268.5000,6748066.0000,101585.1094,-4915841.0000,617842.4375,5354543.5000,1478625.8750,-4460194.5000,5011612.5000,567864.9375,8703570.0000,-5115751.0000,-113743.6562,-7163235.0000,4766510.0000,-2407393.7500,-5933468.5000,-8998580.0000,6019670.0000,-107895.2188,4978648.5000
1.6408,5217903.0000,5002574.0000,4319370.5000,-4959970.0000,-4740388.0000,-2819442.5000,2010833.5000,-1980989.6250,-2835924.5000,330205.7500,-354061.1875,1210129.5000,6187148.0000,3508033.0000,-3283595.7500,-2296273.5000,-5471974.0000,1412166.3750,3268247.0000,-1346168.5000,2710519.0000,-8920424.0000,-2117630.2500,2902985.7500,8773752.0000,-2937474.5000,5013739.0000,3727083.5000,7652978.5000,-1366903.8750,6583778.5000,3178393.7500,-174354.7188,-5549067.0000,-5893593.0000,4180071.2500,-4970072.0000,-1869337.6250,-3816866.7500,2355891.2500,-7244050.0000,-2402077.0000,1096350.7500,1715221.6250,1999136.6250,-4164051.0000,-1367435.5000,-763983.3125,-5078002.0000,-4202863.5000,6748066.0000,103180.1328,-4917967.5000,609335.6250,5346036.5000,1469055.6250,-4465511.5000,5006827.5000,567333.2500,8694532.0000,-5120536.0000,-114275.3281,-7170678.5000,4762256.5000,-2414837.2500,-5941975.5000,-8997517.0000,6013821.5000,-97793.3750,4986623.5000
1.6428,5239701.5000,5023841.0000,4342232.5000,-4943488.0000,-4715399.0000,-2800834.0000,2024125.3750,-1958659.2500,-2815189.2500,341902.6250,-339174.2500,1228206.5000,6207351.5000,3543123.5000,-3258075.2500,-2270221.2500,-5458682.0000,1428648.2500,3278349.0000,-1330749.8750,2731254.2500,-8891182.0000,-2087856.5000,2932759.5000,8780132.0000,-2920992.7500,5032879.5000,3740907.0000,7671587.5000,-1338725.0000,6616210.5000,3206572.7500,-170101.2969,-5544282.0000,-5878706.0000,4194958.0000,-4953590.0000,-1850197.2500,-3792409.5000,2400552.0000,-7223314.5000,-2388785.0000,1112301.1250,1733298.6250,2019340.2500,-4142784.0000,-1339788.3750,-750159.7500,-5063115.0000,-4188508.2500,6763485.0000,117535.3828,-4900422.0000,620500.8125,5359860.5000,1482879.2500,-4450624.5000,5021714.5000,582220.1875,8703039.0000,-5106712.5000,-102578.4609,-7158981.5000,4772890.0000,-2401545.2500,-5926557.0000,-8968275.0000,6026050.0000,-66424.4922,5016397.5000
1.6448,5219498.0000,5008422.5000,4317243.5000,-4967945.0000,-4738261.0000,-2824759.2500,2003921.6250,-1978862.8750,-2840709.5000,314787.1562,-363631.3438,1208534.3750,6187148.0000,3530895.0000,-3273493.7500,-2288298.2500,-5489519.0000,1403659.5000,3251233.5000,-1352548.6250,2712114.0000,-8899689.0000,-2105401.7500,2925847.7500,8747168.0000,-2948108.2500,5007891.0000,3715918.2500,7642877.0000,-1349358.5000,6611425.5000,3204977.7500,-205191.9219,-5581499.0000,-5905290.0000,4170501.2500,-4971667.0000,-1869869.3750,-3805169.7500,2388323.2500,-7248835.0000,-2420154.0000,1086780.6250,1711499.8750,1998604.8750,-4161924.2500,-1360523.7500,-775148.5625,-5088104.0000,-4212965.0000,6742749.5000,95204.9922,-4922752.5000,599765.5000,5336998.0000,1457890.5000,-4477208.0000,4998320.5000,561484.8125,8674328.0000,-5131169.5000,-123845.5000,-7183439.0000,4746306.0000,-2428660.7500,-5949950.5000,-8978908.0000,5989364.5000,-83438.1250,5003637.5000
1.6468,5238638.0000,5028094.5000,4328409.0000,-4962096.5000,-4722842.5000,-2819442.5000,2013491.8750,-1965571.0000,-2823164.2500,333395.8125,-348744.4375,1231928.1250,6206820.0000,3556415.5000,-3258075.2500,-2270221.2500,-5486861.0000,1412698.0000,3266120.2500,-1332876.6250,2732849.5000,-8881080.0000,-2084666.3750,2948178.2500,8742383.0000,-2943323.0000,5020119.5000,3729210.0000,7652978.5000,-1331813.2500,6634819.0000,3220396.2500,-205723.5938,-5578309.0000,-5896251.5000,4187514.7500,-4953058.0000,-1852855.6250,-3784966.0000,2410653.7500,-7231821.5000,-2407925.5000,1095819.1250,1725323.5000,2014555.1250,-4140657.2500,-1339788.3750,-762920.0000,-5075875.5000,-4199673.5000,6753383.0000,110623.5938,-4912119.0000,614652.3750,5351353.5000,1474904.1250,-4462853.0000,5011612.5000,579561.8125,8680708.0000,-5120536.0000,-114275.3281,-7173337.0000,4758535.0000,-2415900.5000,-5939317.0000,-8955515.0000,5992554.5000,-64297.7891,5024372.5000
1.6488,5266285.5000,5057336.5000,4351271.0000,-4949868.0000,-4697853.5000,-2808277.2500,2021998.6250,-1941645.6250,-2795517.2500,358916.2812,-325350.6875,1256385.2500,6231277.0000,3582467.5000,-3235213.2500,-2243105.7500,-5484202.5000,1425989.8750,3285792.2500,-1314268.0000,2749863.0000,-8860876.0000,-2060209.2500,2970508.5000,8739724.0000,-2934284.5000,5033943.0000,3744628.7500,7662549.0000,-1308951.2500,6667783.0000,3243790.0000,-200938.5156,-5575650.5000,-5886149.5000,4206655.0000,-4934449.5000,-1835842.0000,-3761572.2500,2439896.0000,-7211086.0000,-2397823.5000,1108579.3750,1740742.0000,2034758.8750,-4124175.2500,-1312141.2500,-744311.3125,-5061520.0000,-4186381.5000,6769865.0000,129232.2578,-4901485.5000,628476.0000,5364113.5000,1488727.6250,-4446371.0000,5028094.5000,604018.8750,8694532.0000,-5102991.0000,-96198.3438,-7158450.0000,4776080.0000,-2393570.2500,-5916455.0000,-8927868.0000,6024987.0000,-39840.6953,5053615.0000
1.6508,5266817.0000,5056805.0000,4344359.0000,-4962628.5000,-4707955.5000,-2822101.0000,2004453.3750,-1947494.0000,-2795517.2500,353067.8438,-331730.7812,1246283.3750,6226492.0000,3569707.2500,-3247441.7500,-2248954.2500,-5503343.0000,1407381.2500,3276222.2500,-1312672.8750,2742419.5000,-8865661.0000,-2064994.3750,2967850.2500,8705165.0000,-2953425.0000,5015866.0000,3733463.5000,7647662.0000,-1320116.3750,6665124.5000,3239005.0000,-219015.4844,-5595322.5000,-5904758.0000,4193895.0000,-4941361.5000,-1849665.6250,-3770610.7500,2429262.5000,-7213212.5000,-2412710.5000,1092097.3750,1733298.6250,2029442.1250,-4130555.5000,-1314268.0000,-744843.0000,-5068963.5000,-4194888.0000,6764016.5000,124447.1719,-4911056.0000,622095.8750,5354012.0000,1484474.2500,-4457536.0000,5023309.5000,601360.5000,8681772.0000,-5116814.5000,-106831.8672,-7168552.0000,4763851.5000,-2398887.0000,-5922303.5000,-8939564.0000,6026050.0000,-33460.5859,5047766.5000
1.6528,5287552.5000,5071692.0000,4357119.5000,-4945083.0000,-4692005.5000,-2805619.0000,2024657.0000,-1925163.6250,-2764148.2500,377524.9375,-312590.4688,1267018.7500,6246164.0000,3589379.2500,-3225111.2500,-2228750.5000,-5487924.0000,1421204.8750,3292704.2500,-1294064.2500,2761028.2500,-8848116.0000,-2040537.2500,2995497.2500,8706229.0000,-2943323.0000,5030221.0000,3748350.5000,7667334.0000,-1298317.6250,6690645.0000,3265057.0000,-209445.3281,-5586816.0000,-5897314.5000,4215693.5000,-4919562.5000,-1831057.0000,-3753065.5000,2437237.5000,-7183439.0000,-2395696.7500,1111769.3750,1751375.6250,2053899.2500,-4106630.0000,-1285557.5000,-717195.8750,-5048760.0000,-4170431.2500,6790068.5000,145714.2031,-4892447.0000,644426.2500,5380064.0000,1506804.6250,-4435206.0000,5041386.5000,629007.6250,8695595.0000,-5091825.5000,-79184.7188,-7150475.0000,4784587.0000,-2375493.2500,-5900504.5000,-8934779.0000,6037215.5000,-10598.5186,5065843.5000
1.6548,5289147.5000,5061058.5000,4348612.5000,-4953058.0000,-4701044.0000,-2818379.2500,2023593.6250,-1929417.0000,-2765211.5000,370613.1250,-323755.6562,1267018.7500,6233935.5000,3579277.5000,-3237339.7500,-2230877.2500,-5502279.5000,1409508.0000,3286855.7500,-1296191.0000,2756243.2500,-8855028.0000,-2045854.0000,2994965.7500,8690810.0000,-2951298.2500,5019587.5000,3752072.2500,7662549.0000,-1299381.0000,6690645.0000,3271437.0000,-229649.0156,-5591601.0000,-5898909.5000,4215162.0000,-4911587.5000,-1831057.0000,-3753597.2500,2437237.5000,-7182375.5000,-2402608.5000,1109111.0000,1755097.2500,2062406.0000,-4097059.7500,-1279709.0000,-712942.4375,-5055671.5000,-4171494.5000,6790600.0000,141992.4844,-4892447.0000,640704.5000,5374215.5000,1500424.5000,-4437332.5000,5036069.5000,628476.0000,8685493.0000,-5101927.5000,-88754.8828,-7149943.0000,4778207.0000,-2379215.0000,-5904758.0000,-8942754.0000,6022860.0000,-4750.0835,5068502.0000
1.6568,5285425.5000,5049361.5000,4333194.0000,-4972730.0000,-4718589.0000,-2836456.2500,2015086.8750,-1944835.6250,-2780630.2500,347751.0625,-341300.9688,1254790.2500,6213200.0000,3552162.0000,-3258075.2500,-2245764.2500,-5525141.5000,1398874.3750,3273563.7500,-1308951.2500,2733381.0000,-8875232.0000,-2062336.0000,2981673.7500,8660505.0000,-2970438.5000,5002574.0000,3744628.7500,7646598.5000,-1311609.6250,6678948.5000,3259208.5000,-257296.1562,-5610209.5000,-5906353.0000,4204528.5000,-4916904.0000,-1845412.2500,-3770079.2500,2423414.0000,-7184502.0000,-2423344.0000,1102730.8750,1746058.8750,2053367.5000,-4101845.0000,-1290874.2500,-732082.8125,-5073748.5000,-4189571.5000,6777308.5000,126042.2031,-4909992.5000,622095.8750,5357733.5000,1482347.5000,-4455941.0000,5021714.5000,612525.6875,8661036.0000,-5121599.5000,-106831.8672,-7161108.5000,4757471.5000,-2398887.0000,-5926557.0000,-8965085.0000,6007441.5000,-5813.4355,5054146.5000
1.6588,5308287.5000,5076477.0000,4354461.0000,-4953058.0000,-4700512.0000,-2824227.7500,2033163.8750,-1924632.0000,-2761490.0000,362106.3125,-325350.6875,1267018.7500,6225428.5000,3560137.2500,-3246910.0000,-2226624.0000,-5518761.5000,1425989.8750,3295894.2500,-1296722.6250,2757306.5000,-8860876.0000,-2044790.7500,2997092.2500,8670075.0000,-2953425.0000,5021182.5000,3769617.5000,7670524.0000,-1291937.5000,6699683.5000,3272500.5000,-248257.6719,-5596386.0000,-5879237.5000,4234302.5000,-4889257.0000,-1822018.5000,-3752002.2500,2445744.2500,-7144626.5000,-2405267.0000,1125593.0000,1769452.5000,2083673.0000,-4073134.5000,-1279709.0000,-715600.8125,-5054076.5000,-4169899.5000,6802297.0000,143587.5000,-4890852.0000,637514.4375,5375279.0000,1502019.5000,-4437864.0000,5039259.5000,629007.6250,8673265.0000,-5101395.5000,-85564.8281,-7143031.5000,4776080.0000,-2384531.7500,-5908480.0000,-8958173.0000,6020733.5000,25555.4453,5081262.0000
1.6608,5281172.0000,5055741.5000,4325219.0000,-4986022.0000,-4736666.0000,-2868888.5000,2000731.6250,-1957064.1250,-2784352.0000,332332.4688,-356187.8750,1226079.7500,6189806.5000,3518134.7500,-3278279.0000,-2262246.2500,-5557042.0000,1402596.1250,3259208.5000,-1339788.3750,2723811.0000,-8896499.0000,-2080944.6250,2959343.2500,8630731.0000,-2989578.7500,4988750.5000,3739312.0000,7638623.5000,-1317458.0000,6672036.5000,3237409.7500,-287601.6875,-5622438.0000,-5911138.0000,4208782.0000,-4910524.0000,-1848070.6250,-3783371.0000,2413312.2500,-7169083.5000,-2439294.2500,1098477.5000,1744463.7500,2061874.3750,-4093869.7500,-1319053.0000,-750159.7500,-5086509.0000,-4201268.5000,6771460.0000,106370.1875,-4922221.0000,608272.3125,5347100.0000,1473309.0000,-4468169.5000,5006827.5000,601892.1875,8639238.0000,-5132233.0000,-114275.3281,-7173337.0000,4743648.0000,-2413242.2500,-5936127.0000,-8982630.0000,5997871.5000,12795.2227,5067438.5000
1.6628,5268943.5000,5044576.5000,4309800.5000,-4999845.5000,-4758996.5000,-2893877.2500,1981591.2500,-1975672.8750,-2805087.2500,315318.8438,-372669.8438,1202686.0000,6170134.5000,3492614.2500,-3296887.5000,-2278728.0000,-5586284.0000,1391431.0000,3241131.5000,-1364245.5000,2698822.0000,-8921487.0000,-2097958.2500,2943393.0000,8602020.0000,-3000744.0000,4970673.5000,3720703.2500,7621609.5000,-1328623.2500,6657681.0000,3209762.7500,-309400.4062,-5645300.0000,-5933468.5000,4192299.7500,-4920094.0000,-1861362.5000,-3805701.5000,2395235.2500,-7198857.5000,-2457903.0000,1085717.2500,1729576.8750,2056025.8750,-4101313.2500,-1341383.3750,-765046.6875,-5104054.0000,-4217750.5000,6755509.5000,89356.5625,-4936044.5000,600828.8125,5331150.0000,1454700.3750,-4485715.0000,4990877.0000,591790.3125,8613717.0000,-5154563.5000,-131820.6406,-7191945.5000,4722912.5000,-2432914.2500,-5954204.0000,-8993795.0000,5995744.5000,-1028.3519,5066907.0000
1.6648,5323174.5000,5106251.0000,4365626.0000,-4950400.0000,-4713804.0000,-2855064.7500,2037417.2500,-1922505.2500,-2751919.7500,377524.9375,-326945.7188,1238840.0000,6210010.0000,3535680.0000,-3240530.0000,-2227155.5000,-5548535.0000,1440345.1250,3289514.0000,-1325433.1250,2737102.7500,-8881080.0000,-2043195.6250,2994965.7500,8648276.0000,-2956615.0000,5022777.5000,3767490.7500,7665739.0000,-1272797.2500,6714570.5000,3259208.5000,-262081.2500,-5598513.0000,-5883491.0000,4244404.0000,-4858951.5000,-1800751.5000,-3753065.5000,2445744.2500,-7160576.5000,-2403672.0000,1141543.2500,1776896.0000,2111851.7500,-4051867.5000,-1301507.7500,-721449.2500,-5055671.5000,-4166177.7500,6803360.5000,135612.3750,-4886067.0000,651869.6875,5380064.0000,1505209.6250,-4438396.0000,5037133.0000,644426.2500,8660505.0000,-5107244.0000,-82906.4453,-7145158.0000,4771295.0000,-2384000.0000,-5898378.0000,-8944350.0000,6063799.0000,53202.5938,5126986.0000
1.6668,5296591.0000,5090832.0000,4349676.0000,-4974857.0000,-4746768.0000,-2890155.5000,2009238.3750,-1945899.0000,-2778503.5000,368486.4375,-344491.0312,1201091.0000,6179173.0000,3497399.5000,-3263923.7500,-2247891.0000,-5575119.0000,1423331.5000,3264525.2500,-1352548.6250,2710519.0000,-8912981.0000,-2064462.7500,2976888.7500,8629667.0000,-2981603.7500,5001510.5000,3740907.0000,7639155.0000,-1285025.7500,6707127.0000,3238473.2500,-290260.0625,-5634666.5000,-5907416.5000,4219947.0000,-4878623.5000,-1815106.7500,-3773801.0000,2414375.5000,-7200984.0000,-2429724.0000,1126656.3750,1751375.6250,2097496.5000,-4068881.0000,-1327028.1250,-753349.8125,-5088104.0000,-4193825.0000,6773586.5000,102116.7812,-4903080.5000,629539.3125,5358797.0000,1482347.5000,-4463916.5000,5012676.0000,621564.1875,8630731.0000,-5134891.5000,-107363.5391,-7170678.5000,4743648.0000,-2404203.7500,-5916986.5000,-8967212.0000,6056887.5000,43100.7539,5121138.0000
1.6688,5308819.5000,5103061.0000,4366158.0000,-4965818.5000,-4741983.0000,-2884307.0000,2012960.1250,-1934733.7500,-2769465.0000,381778.3438,-332262.4688,1210129.5000,6179704.5000,3491019.2500,-3253290.2500,-2234067.2500,-5567144.0000,1437155.1250,3273563.7500,-1347763.5000,2724874.2500,-8909791.0000,-2048512.3750,2986458.7500,8636047.0000,-2969375.2500,5013207.5000,3751540.5000,7647130.0000,-1263758.7500,6731052.5000,3250701.7500,-285475.0000,-5616058.0000,-5901568.0000,4236429.0000,-4850976.5000,-1787991.2500,-3757319.0000,2415438.7500,-7204174.0000,-2419090.5000,1143138.2500,1764135.7500,2120358.7500,-4053994.0000,-1324369.7500,-749628.0625,-5071622.0000,-4178938.0000,6790068.5000,118598.7344,-4891915.5000,638577.8125,5368367.0000,1493512.7500,-4452751.0000,5022246.0000,632729.3750,8634984.0000,-5124789.5000,-97261.6953,-7160045.0000,4754813.0000,-2397823.5000,-5907416.5000,-8977845.0000,6044659.0000,55860.9766,5141341.5000
1.6708,5334340.0000,5131239.5000,4389020.0000,-4945614.5000,-4727096.0000,-2873141.7500,2032100.5000,-1913466.7500,-2742349.5000,409957.1562,-307273.6875,1238840.0000,6189274.5000,3489956.0000,-3235744.7500,-2215990.2500,-5547472.0000,1467992.2500,3296957.5000,-1329686.5000,2751458.0000,-8895967.0000,-2020333.6250,3001345.7500,8656783.0000,-2940664.7500,5037133.0000,3772275.7500,7667865.5000,-1238770.0000,6763485.0000,3273563.7500,-268993.0312,-5589474.5000,-5878706.0000,4264608.0000,-4819076.0000,-1750242.2500,-3731798.5000,2442022.7500,-7190882.0000,-2391443.5000,1159620.2500,1791783.0000,2156512.7500,-4030068.7500,-1310014.5000,-733677.8125,-5048760.0000,-4152885.7500,6815589.0000,140929.1250,-4869585.0000,658249.8125,5391229.0000,1516906.5000,-4432015.5000,5044044.5000,657186.5000,8651998.0000,-5100332.5000,-74399.6328,-7135056.5000,4777675.0000,-2373898.0000,-5881896.0000,-8959236.0000,6049444.0000,84039.7969,5173242.0000
1.6728,5293401.0000,5092959.0000,4348612.5000,-4992934.0000,-4778137.0000,-2922587.7500,1987971.3750,-1958127.5000,-2781693.5000,380183.3125,-352997.8438,1199496.0000,6140892.0000,3431471.5000,-3277747.2500,-2260651.2500,-5592664.5000,1424394.8750,3248575.0000,-1371157.2500,2709987.2500,-8944881.0000,-2060741.0000,2952431.5000,8617970.0000,-2984262.0000,4996194.0000,3726551.7500,7614166.5000,-1268012.1250,6729457.5000,3240600.0000,-312590.4688,-5639452.0000,-5914328.5000,4229517.0000,-4855230.0000,-1780016.1250,-3776459.2500,2405337.0000,-7250961.5000,-2432914.2500,1110174.3750,1755097.2500,2120358.7500,-4066754.2500,-1361055.3750,-784187.0000,-5090230.5000,-4195420.0000,6772523.5000,101053.4297,-4910524.0000,616779.1250,5350290.0000,1478625.8750,-4472423.0000,5003105.5000,619969.1875,8604679.0000,-5144461.5000,-116402.0312,-7178122.0000,4735141.0000,-2413242.2500,-5921771.5000,-8998580.0000,6004783.0000,52670.9180,5133366.5000
1.6748,5318921.0000,5117416.0000,4367753.0000,-4971667.0000,-4761123.0000,-2908232.5000,2003921.6250,-1936860.5000,-2760426.5000,410488.8438,-343959.3438,1216509.6250,6148335.5000,3436256.7500,-3259670.2500,-2243637.5000,-5576182.5000,1437686.7500,3266120.2500,-1358928.7500,2731254.2500,-8940096.0000,-2044259.0000,2963065.0000,8641364.0000,-2963526.7500,5017992.5000,3744097.0000,7624800.0000,-1239301.6250,6756041.5000,3252828.5000,-287601.6875,-5617121.5000,-5882959.5000,4255037.5000,-4828646.0000,-1743862.1250,-3755192.2500,2422882.2500,-7241391.5000,-2410583.7500,1134631.5000,1780617.7500,2141094.0000,-4047082.2500,-1344573.5000,-763983.3125,-5065242.0000,-4167772.7500,6799638.5000,127105.5547,-4891915.5000,638046.1250,5369962.0000,1496171.1250,-4451156.0000,5021714.5000,642831.2500,8620629.0000,-5120536.0000,-93539.9688,-7157918.5000,4753218.0000,-2402608.5000,-5904226.5000,-8967212.0000,6012226.5000,72342.9297,5150380.0000
1.6768,5324769.5000,5113162.5000,4362436.0000,-4972198.5000,-4767503.0000,-2919929.2500,1995414.8750,-1936860.5000,-2764148.2500,409957.1562,-351934.4688,1208534.3750,6136107.0000,3414989.7500,-3259138.5000,-2245232.5000,-5572460.5000,1430775.0000,3259740.2500,-1371157.2500,2724342.5000,-8953920.0000,-2044790.7500,2957216.7500,8644554.0000,-2969375.2500,5018524.5000,3741970.2500,7613634.5000,-1233453.2500,6761889.5000,3254955.2500,-288133.3750,-5626691.5000,-5879769.5000,4255037.5000,-4828646.0000,-1738545.3750,-3753597.2500,2418629.0000,-7254683.5000,-2419622.2500,1128251.3750,1778491.0000,2135777.2500,-4053462.5000,-1351485.2500,-768236.7500,-5066305.0000,-4172557.7500,6792727.0000,122320.4688,-4893510.5000,637514.4375,5365708.5000,1492449.3750,-4455941.0000,5015866.0000,641236.1875,8611590.0000,-5124789.5000,-95134.9922,-7163767.0000,4751091.5000,-2402608.5000,-5902099.5000,-8940628.0000,6021265.0000,85103.1484,5156760.0000
1.6788,5318389.5000,5094554.0000,4344891.0000,-4995592.0000,-4788238.5000,-2948639.7500,1974147.7500,-1952279.1250,-2783288.5000,396665.2500,-366821.4062,1191520.7500,6107928.5000,3379367.2500,-3276152.2500,-2260651.2500,-5590537.5000,1407381.2500,3240068.2500,-1393487.6250,2702012.2500,-8991137.0000,-2064994.3750,2939671.2500,8622756.0000,-2987983.7500,4996194.0000,3724425.0000,7583861.0000,-1249403.5000,6753383.0000,3241131.5000,-299298.5625,-5643705.0000,-5907416.5000,4241745.5000,-4845659.5000,-1745988.8750,-3765294.0000,2405868.7500,-7281799.0000,-2438231.0000,1104326.0000,1764135.7500,2116637.0000,-4070476.0000,-1369562.2500,-778338.5625,-5080128.5000,-4188508.2500,6773055.0000,110623.5938,-4909992.5000,621564.1875,5346036.5000,1477562.5000,-4470828.0000,5000447.5000,626349.2500,8594577.0000,-5140740.0000,-112680.3047,-7181843.5000,4731419.5000,-2419090.5000,-5913265.0000,-8939033.0000,6011695.0000,77659.6875,5146126.5000
1.6808,5353480.0000,5121669.5000,4368284.5000,-4971135.0000,-4762186.5000,-2925246.0000,1997009.8750,-1920910.2500,-2758831.5000,425375.7500,-336515.8750,1221294.6250,6125473.5000,3390532.5000,-3257543.5000,-2233535.7500,-5562359.0000,1427053.2500,3275158.7500,-1372220.6250,2721684.2500,-8978377.0000,-2041069.0000,2964128.5000,8646681.0000,-2967780.2500,5021714.5000,3756325.5000,7601937.5000,-1217502.8750,6788473.5000,3270373.7500,-258359.5156,-5610209.5000,-5887213.0000,4277368.0000,-4815886.0000,-1704518.1250,-3727013.5000,2437237.5000,-7260000.0000,-2411115.5000,1125593.0000,1794973.0000,2138967.2500,-4043360.5000,-1338193.3750,-740589.6250,-5042379.5000,-4149695.7500,6806550.5000,148372.5938,-4873307.0000,652401.3750,5375279.0000,1504678.0000,-4444776.0000,5025968.0000,653464.7500,8613185.0000,-5110966.0000,-82374.7734,-7147816.5000,4758535.0000,-2396228.5000,-5885086.0000,-8883207.0000,6035088.5000,101585.1094,5170052.0000
1.6828,5347100.0000,5117947.5000,4359778.0000,-4981768.5000,-4773883.5000,-2942259.7500,1984781.3750,-1926758.6250,-2767870.0000,416337.2812,-342364.3125,1209597.7500,6110055.0000,3358632.0000,-3272430.5000,-2242042.5000,-5572992.5000,1412698.0000,3268778.7500,-1375942.3750,2705734.0000,-9001239.0000,-2052234.1250,2958280.0000,8634984.0000,-2967248.5000,5012144.0000,3743565.2500,7580139.0000,-1223351.3750,6785815.0000,3273563.7500,-266866.3125,-5612868.0000,-5901036.5000,4272051.5000,-4832899.5000,-1700264.7500,-3725950.0000,2427135.7500,-7280204.0000,-2427597.5000,1114959.5000,1783807.8750,2123548.7500,-4056120.7500,-1339788.3750,-741121.2500,-5054608.5000,-4162456.0000,6791132.0000,135612.3750,-4882877.0000,640172.8750,5362518.5000,1492981.1250,-4459663.0000,5008954.0000,643362.8750,8597767.0000,-5125321.0000,-93008.2891,-7155260.0000,4745243.0000,-2401013.5000,-5889339.5000,-8867788.0000,6027645.0000,95204.9922,5159418.5000
1.6848,5348163.5000,5127518.0000,4353929.5000,-4981768.5000,-4778668.5000,-2946513.0000,1989034.7500,-1925695.2500,-2769996.7500,415805.5938,-347681.0625,1206939.3750,6105801.5000,3345871.7500,-3279874.0000,-2243105.7500,-5577245.5000,1410039.6250,3267183.7500,-1370625.6250,2697758.7500,-9015062.0000,-2053297.5000,2963065.0000,8628604.0000,-2953425.0000,5015866.0000,3748350.5000,7568442.0000,-1216439.6250,6789537.0000,3273032.2500,-270056.3750,-5608614.5000,-5896783.0000,4278431.5000,-4839279.5000,-1680592.6250,-3716380.0000,2421819.0000,-7288179.0000,-2430255.7500,1119744.5000,1788592.8750,2117700.2500,-4055057.5000,-1321179.7500,-732082.8125,-5053013.0000,-4155544.2500,6798575.5000,141460.7969,-4888193.5000,641236.1875,5360392.0000,1492981.1250,-4461789.5000,5006827.5000,644426.2500,8592982.0000,-5126916.0000,-95134.9922,-7154728.5000,4740458.0000,-2404203.7500,-5889339.5000,-8865661.0000,6021797.0000,88824.8828,5154101.5000
1.6868,5368898.5000,5151975.0000,4366158.0000,-4965818.5000,-4760591.5000,-2927904.5000,2018276.8750,-1910808.3750,-2758831.5000,428034.1250,-330667.4375,1224484.7500,6116435.0000,3348530.2500,-3262328.7500,-2228219.0000,-5558637.0000,1426521.6250,3283134.0000,-1345636.8750,2717430.7500,-9011872.0000,-2040005.6250,2982737.0000,8648808.0000,-2936943.0000,5032348.0000,3771212.5000,7584924.0000,-1188260.7500,6815057.5000,3281007.2500,-251447.7188,-5591069.5000,-5878706.0000,4303420.0000,-4824924.0000,-1651350.5000,-3691391.0000,2418097.2500,-7280204.0000,-2421749.0000,1143670.0000,1807733.2500,2126207.0000,-4045487.2500,-1294596.0000,-712410.7500,-5038126.5000,-4139062.2500,6816652.5000,153689.3438,-4870116.5000,657186.5000,5372089.0000,1505209.6250,-4447434.5000,5016929.5000,661971.5625,8602552.0000,-5111497.5000,-80779.7422,-7138778.0000,4754281.5000,-2390380.0000,-5873921.0000,-8847053.0000,6047849.0000,101585.1094,5165267.0000
1.6888,5349758.5000,5134429.5000,4345954.0000,-4980173.5000,-4781327.0000,-2947576.5000,2007111.7500,-1931543.7500,-2779566.7500,401982.0312,-351934.4688,1213851.2500,6092509.5000,3322478.0000,-3284127.2500,-2250549.2500,-5573524.0000,1404191.1250,3260803.5000,-1357865.3750,2695632.0000,-9049621.0000,-2062336.0000,2966786.7500,8631262.0000,-2962995.0000,5012676.0000,3752603.7500,7567910.5000,-1197830.8750,6807082.0000,3256550.2500,-268993.0312,-5619248.0000,-5896251.5000,4288533.0000,-4845659.5000,-1666769.1250,-3711594.7500,2393640.2500,-7312104.5000,-2446206.0000,1120807.8750,1790187.8750,2095901.6250,-4079514.5000,-1316926.3750,-732082.8125,-5062583.5000,-4159266.0000,6801234.0000,135612.3750,-4885535.5000,647616.3125,5354543.5000,1489791.0000,-4470296.5000,4996194.0000,641236.1875,8574905.0000,-5134359.5000,-102578.4609,-7161108.5000,4733546.0000,-2407393.7500,-5891466.0000,-8872042.0000,6042000.5000,83508.1250,5148253.0000
1.6908,5350290.0000,5137088.0000,4353397.5000,-4967413.5000,-4771225.0000,-2939601.2500,2012960.1250,-1929417.0000,-2764148.2500,413147.2188,-342896.0000,1223953.0000,6098890.0000,3317161.2500,-3279874.0000,-2242574.2500,-5566612.0000,1412166.3750,3261335.2500,-1346700.1250,2696695.5000,-9060255.0000,-2056487.6250,2980078.7500,8640833.0000,-2965121.7500,5016397.5000,3765895.7500,7574822.5000,-1182944.0000,6819842.5000,3257081.7500,-258359.5156,-5609678.0000,-5889339.5000,4303420.0000,-4843533.0000,-1664110.7500,-3708404.7500,2397893.5000,-7313167.5000,-2433977.5000,1127719.7500,1794441.3750,2092711.5000,-4084831.2500,-1313204.6250,-728892.7500,-5049823.0000,-4145442.5000,6815057.5000,146245.8906,-4866395.0000,661971.5625,5364113.5000,1496702.7500,-4463384.5000,4998320.5000,648148.0000,8581817.0000,-5129043.0000,-93008.2891,-7154728.5000,4741521.0000,-2403672.0000,-5886681.0000,-8875763.0000,6049975.5000,87229.8594,5149316.5000
1.6928,5361987.0000,5150911.5000,4375196.5000,-4947209.5000,-4753679.5000,-2914612.5000,2030505.5000,-1917720.1250,-2729057.7500,435477.5938,-325882.3438,1242561.7500,6113245.0000,3318756.2500,-3269240.5000,-2230345.5000,-5544282.0000,1434496.7500,3277817.2500,-1330218.2500,2709455.7500,-9060255.0000,-2037878.8750,2998687.2500,8655719.0000,-2953425.0000,5039791.5000,3790884.5000,7591836.0000,-1168588.7500,6843768.0000,3265588.7500,-240814.2031,-5595854.5000,-5867009.0000,4324155.5000,-4835026.0000,-1667300.7500,-3704151.2500,2409058.7500,-7303597.5000,-2420154.0000,1142075.0000,1806138.2500,2098560.0000,-4091211.5000,-1311609.6250,-719854.2500,-5034404.5000,-4129492.0000,6832602.5000,159006.1094,-4844064.5000,677390.1875,5379532.5000,1513184.7500,-4446371.0000,5013207.5000,661439.8750,8585538.0000,-5110966.0000,-77058.0156,-7141968.0000,4760661.5000,-2389316.7500,-5869136.0000,-8856091.0000,6068052.5000,106901.8672,5172178.5000
1.6948,5338593.0000,5129644.5000,4354461.0000,-4971667.0000,-4776541.5000,-2931094.5000,2012428.5000,-1943772.2500,-2747134.7500,420590.6875,-346617.7188,1218636.2500,6087724.5000,3279944.0000,-3306989.5000,-2256929.5000,-5572992.5000,1422799.8750,3256018.5000,-1360523.7500,2670643.2500,-9101194.0000,-2062336.0000,2978483.7500,8628604.0000,-2986920.5000,5019587.5000,3768022.5000,7563125.5000,-1199426.0000,6824627.5000,3239005.0000,-272714.7500,-5618716.5000,-5891466.0000,4302888.5000,-4870116.5000,-1717278.3750,-3746153.7500,2384070.0000,-7337625.0000,-2443016.0000,1119212.8750,1784339.5000,2059747.6250,-4128960.5000,-1349890.2500,-754413.1875,-5058330.0000,-4155544.2500,6807082.0000,134017.3438,-4869053.5000,652933.0625,5353480.0000,1488196.0000,-4474550.0000,4985560.5000,633261.0625,8554169.0000,-5139676.5000,-103641.8125,-7171742.0000,4734609.5000,-2414837.2500,-5891998.0000,-8884270.0000,6040937.0000,87229.8594,5157291.5000
1.6968,5357202.0000,5158886.5000,4373601.5000,-4956780.0000,-4762718.0000,-2913549.2500,2039544.0000,-1934733.7500,-2734374.5000,438135.9688,-330667.4375,1227674.7500,6098890.0000,3291109.2500,-3301672.7500,-2248422.5000,-5562890.5000,1453105.3750,3278349.0000,-1350421.8750,2667985.0000,-9101726.0000,-2057550.8750,2990180.5000,8638706.0000,-2974160.2500,5036069.5000,3781846.0000,7574822.5000,-1193045.8750,6843768.0000,3248575.0000,-262612.9062,-5608083.0000,-5870731.0000,4318307.0000,-4864268.5000,-1731633.6250,-3750938.7500,2394171.7500,-7331244.5000,-2427065.7500,1136226.5000,1798694.7500,2062937.6250,-4131087.2500,-1349890.2500,-745374.6875,-5044506.5000,-4140125.5000,6821969.0000,148372.5938,-4852571.5000,666224.9375,5361987.0000,1497234.5000,-4461789.5000,4997257.5000,648679.6875,8562145.0000,-5124789.5000,-88754.8828,-7163235.0000,4748964.5000,-2401545.2500,-5876047.5000,-8869915.0000,6063799.0000,111155.2734,5182280.5000
1.6988,5373152.0000,5179622.0000,4387956.5000,-4944019.5000,-4752084.5000,-2901852.2500,2057089.2500,-1928885.3750,-2726399.2500,440794.3750,-318438.9062,1230333.1250,6103143.0000,3293235.7500,-3304862.7500,-2245764.2500,-5556510.5000,1473309.0000,3293235.7500,-1344573.5000,2665326.5000,-9106511.0000,-2055955.8750,2993902.2500,8649871.0000,-2964590.0000,5047235.0000,3800454.7500,7585987.5000,-1190919.1250,6858123.0000,3260803.5000,-257827.8281,-5593196.0000,-5859565.5000,4336384.0000,-4863205.0000,-1757154.0000,-3762635.7500,2397361.7500,-7322738.0000,-2421749.0000,1150050.1250,1802416.5000,2057620.8750,-4135340.5000,-1351485.2500,-746969.6875,-5039721.5000,-4136935.5000,6825691.0000,151030.9688,-4847786.5000,671541.7500,5367303.5000,1502019.5000,-4455409.5000,4999384.0000,651869.6875,8564271.0000,-5120536.0000,-83438.1250,-7161640.0000,4753749.5000,-2395696.7500,-5863819.0000,-8845989.0000,6090383.0000,126573.8750,5195572.5000
1.7008,5366772.0000,5164735.0000,4376259.5000,-4966350.0000,-4769098.5000,-2920992.7500,2042734.0000,-1950152.3750,-2737564.5000,425375.7500,-332794.1562,1205876.0000,6085066.0000,3271437.0000,-3325598.0000,-2263309.5000,-5574055.5000,1470119.0000,3279944.0000,-1363713.7500,2632894.2500,-9135221.0000,-2081476.3750,2969445.2500,8632326.0000,-2985857.2500,5027563.0000,3787162.7500,7565784.0000,-1219098.0000,6843768.0000,3237941.5000,-273778.1250,-5608083.0000,-5881896.0000,4329472.5000,-4885535.5000,-1803941.5000,-3790814.5000,2386196.7500,-7336561.5000,-2438762.5000,1151645.1250,1782212.7500,2035290.5000,-4159266.0000,-1370093.8750,-758666.5625,-5056203.5000,-4158202.5000,6807082.0000,131890.6406,-4866926.5000,652933.0625,5348163.5000,1485537.6250,-4471891.5000,4983965.5000,638577.8125,8545663.0000,-5133296.5000,-94603.3203,-7187160.5000,4739394.5000,-2406330.2500,-5872326.0000,-8863003.0000,6106865.0000,118067.0625,5184407.0000
1.7029,5383785.5000,5179622.0000,4391146.5000,-4949868.0000,-4746236.0000,-2899194.0000,2057089.2500,-1934202.1250,-2716297.5000,430160.8438,-317907.2188,1214914.5000,6097826.5000,3285260.7500,-3310711.2500,-2249486.0000,-5558637.0000,1497234.5000,3307591.0000,-1354675.3750,2642996.2500,-9126714.0000,-2074032.8750,2985927.2500,8645618.0000,-2975755.2500,5040323.0000,3800986.2500,7580139.0000,-1214312.8750,6858655.0000,3243790.0000,-261017.8906,-5592664.5000,-5867541.0000,4358714.5000,-4874370.0000,-1818296.7500,-3784434.5000,2406400.2500,-7316889.5000,-2416963.7500,1172380.5000,1800289.7500,2044860.7500,-4154480.7500,-1357333.7500,-731019.4375,-5040253.0000,-4144910.7500,6823564.0000,147309.2344,-4850444.5000,665693.3125,5361987.0000,1500424.5000,-4459663.0000,4998320.5000,655059.7500,8558423.0000,-5125321.0000,-85564.8281,-7181312.0000,4753749.5000,-2394101.7500,-5856375.5000,-8858218.0000,6128132.0000,135080.6875,5199826.0000
1.7049,5394951.0000,5179622.0000,4389551.5000,-4951463.0000,-4751553.0000,-2903447.2500,2047519.1250,-1941113.8750,-2714170.7500,424312.4062,-320033.9375,1203749.3750,6091978.0000,3277285.5000,-3325066.5000,-2259056.0000,-5564485.5000,1494044.3750,3310249.5000,-1367435.5000,2636084.2500,-9136816.0000,-2094236.6250,2969976.7500,8634984.0000,-2994364.0000,5037133.0000,3791416.2500,7566315.5000,-1233453.2500,6844831.0000,3224649.7500,-266866.3125,-5600108.0000,-5874984.0000,4356056.0000,-4889257.0000,-1854982.3750,-3797194.7500,2400020.2500,-7314231.0000,-2420154.0000,1168658.7500,1791783.0000,2034758.8750,-4168836.2500,-1358928.7500,-726766.0000,-5043974.5000,-4148632.5000,6816652.5000,144650.8594,-4859483.0000,660908.1875,5358797.0000,1497766.1250,-4464448.0000,4993004.0000,652401.3750,8554169.0000,-5126916.0000,-86096.5078,-7185034.0000,4748433.0000,-2398355.2500,-5858502.5000,-8865130.0000,6134512.0000,139865.7812,5207801.0000
1.7069,5383254.0000,5163140.0000,4373601.5000,-4968477.0000,-4772820.0000,-2922587.7500,2024125.3750,-1961849.2500,-2730652.7500,398791.9688,-342364.3125,1185672.3750,6069116.0000,3259740.2500,-3348991.7500,-2278728.0000,-5581499.0000,1469587.3750,3300679.2500,-1383385.8750,2618539.0000,-9163932.0000,-2131985.5000,2951900.0000,8627009.0000,-3002870.7500,5028626.0000,3770680.7500,7546643.5000,-1265353.7500,6821437.5000,3202851.0000,-278031.5312,-5604361.0000,-5883491.0000,4340637.5000,-4909460.5000,-1894326.3750,-3813145.0000,2387260.0000,-7316357.5000,-2428660.7500,1164405.3750,1774769.3750,2016150.2500,-4187976.5000,-1372220.6250,-743248.0000,-5059393.5000,-4166709.5000,6804955.5000,128700.5781,-4877560.0000,644957.9375,5342846.5000,1484474.2500,-4478803.0000,4978117.0000,641236.1875,8540877.0000,-5135954.5000,-98856.7266,-7205769.0000,4734609.5000,-2411115.5000,-5868604.0000,-8887992.0000,6122815.0000,128700.5781,5190787.5000
1.7089,5402394.5000,5180154.0000,4394868.5000,-4951995.0000,-4755274.5000,-2903447.2500,2038480.6250,-1942708.8750,-2713107.2500,421654.0312,-327477.3750,1202686.0000,6084534.5000,3283134.0000,-3336763.2500,-2260119.5000,-5570865.5000,1479157.5000,3320351.2500,-1368498.8750,2640337.7500,-9153298.0000,-2127200.5000,2971040.2500,8650403.0000,-2967780.2500,5054678.5000,3787694.5000,7566847.0000,-1265353.7500,6827286.0000,3209231.0000,-256764.4844,-5583094.0000,-5854249.0000,4357651.0000,-4897232.0000,-1896453.1250,-3796131.2500,2414907.2500,-7289774.0000,-2405267.0000,1180355.6250,1788592.8750,2029973.7500,-4178406.2500,-1353080.2500,-725702.6875,-5038126.5000,-4144379.0000,6824096.0000,151562.6406,-4855230.0000,665161.6250,5365708.5000,1505209.6250,-4457004.5000,4995662.0000,659313.1875,8557359.0000,-5118409.5000,-80248.0703,-7180780.5000,4753218.0000,-2396228.5000,-5851059.0000,-8881612.0000,6153652.5000,153157.6719,5218966.0000
1.7109,5392292.5000,5163672.0000,4376791.5000,-4965818.5000,-4773351.5000,-2919397.7500,2018276.8750,-1962912.6250,-2735969.5000,411552.1875,-347149.4062,1177697.2500,6065394.0000,3271968.7500,-3363878.7500,-2278196.5000,-5596917.5000,1460548.8750,3302274.2500,-1387107.5000,2621729.0000,-9180945.0000,-2162822.7500,2954558.2500,8632857.0000,-2975755.2500,5040854.5000,3769617.5000,7550897.0000,-1297786.0000,6797512.0000,3201787.5000,-278563.1875,-5602234.5000,-5864882.5000,4341701.0000,-4914246.0000,-1931012.0000,-3822715.0000,2393108.5000,-7303066.0000,-2416963.7500,1162810.2500,1767857.5000,2007111.7500,-4200205.0000,-1380195.7500,-739526.2500,-5062051.5000,-4164051.0000,6804955.5000,133485.6562,-4875965.0000,647616.3125,5347631.5000,1488196.0000,-4473486.5000,4981307.0000,640704.5000,8538219.0000,-5132233.0000,-92476.6172,-7197262.5000,4738862.5000,-2407925.5000,-5861692.5000,-8885333.0000,6164817.5000,149435.9375,5213649.5000
1.7129,5391761.0000,5163140.0000,4371474.5000,-4969540.0000,-4777073.5000,-2917271.0000,2001263.2500,-1970887.7500,-2747134.7500,411552.1875,-356187.8750,1173975.5000,6060609.0000,3274627.2500,-3374512.2500,-2284576.5000,-5596917.5000,1447256.8750,3288450.7500,-1398272.7500,2614285.7500,-9191047.0000,-2186748.2500,2949773.2500,8622756.0000,-2979477.0000,5035538.0000,3766959.0000,7549833.5000,-1318521.3750,6784752.0000,3231029.7500,-292386.7812,-5614463.0000,-5873921.0000,4330004.0000,-4928601.0000,-1954405.7500,-3834412.0000,2403742.0000,-7307319.5000,-2421217.2500,1157493.5000,1760414.1250,1996478.2500,-4216155.5000,-1397209.3750,-745906.3750,-5067900.0000,-4174684.5000,6795917.0000,125510.5234,-4889257.0000,638046.1250,5339656.5000,1479689.1250,-4484120.0000,4971205.0000,631134.3750,8528649.0000,-5139676.5000,-98325.0469,-7211617.5000,4730356.0000,-2415900.5000,-5865946.0000,-8873105.0000,6182363.0000,148904.2656,5203016.0000
1.7149,5416749.5000,5193445.5000,4399653.5000,-4936576.0000,-4743046.0000,-2883775.2500,2018276.8750,-1942708.8750,-2720550.7500,438667.6562,-328009.0625,1212787.8750,6089851.5000,3313971.2500,-3353777.0000,-2256397.7500,-5562359.0000,1474904.1250,3311844.5000,-1369030.6250,2648313.0000,-9164463.0000,-2176646.2500,2971572.0000,8648276.0000,-2941196.2500,5061058.5000,3793543.0000,7585987.5000,-1302571.1250,6808677.0000,3295362.5000,-267929.6875,-5583094.0000,-5846273.5000,4348612.5000,-4903612.5000,-1937923.8750,-3808359.7500,2455846.2500,-7269038.5000,-2388785.0000,1177697.2500,1786997.8750,2020403.6250,-4191698.2500,-1369562.2500,-715600.8125,-5039189.5000,-4144910.7500,6828349.0000,154752.7031,-4865863.5000,659844.8750,5364113.5000,1508399.6250,-4457536.0000,4999384.0000,657186.5000,8552574.0000,-5116282.5000,-69082.8750,-7181312.0000,4760130.0000,-2390380.0000,-5835108.5000,-8824191.0000,6233935.5000,188779.9688,5235448.0000
1.7169,5391229.0000,5163672.0000,4365094.5000,-4964223.5000,-4769098.5000,-2910359.2500,1982123.0000,-1972482.7500,-2763616.5000,401450.3438,-359909.6250,1189394.1250,6068052.5000,3294299.2500,-3381955.7500,-2289361.7500,-5587347.5000,1447256.8750,3275158.7500,-1394019.3750,2620665.7500,-9190515.0000,-2221307.0000,2935418.0000,8620097.0000,-2959805.0000,5030221.0000,3763237.5000,7556213.5000,-1345105.1250,6764548.0000,3287919.0000,-293450.1250,-5609678.0000,-5886149.5000,4305547.0000,-4940298.0000,-1979926.2500,-3838133.7500,2433515.7500,-7298281.0000,-2418027.2500,1137289.8750,1756692.3750,1985844.6250,-4224662.0000,-1396677.7500,-743248.0000,-5070027.0000,-4178938.0000,6796980.5000,124978.8516,-4898295.5000,623690.8750,5333276.5000,1479689.1250,-4485715.0000,4969610.0000,622095.8750,8520142.0000,-5144461.5000,-98856.7266,-7209491.0000,4730887.5000,-2415900.5000,-5859034.0000,-8856623.0000,6216922.0000,175488.0625,5206737.5000
1.7189,5407179.5000,5180685.5000,4371474.5000,-4950931.5000,-4752084.5000,-2878458.5000,1999136.6250,-1959722.5000,-2768401.7500,410488.8438,-351934.4688,1201622.6250,6093573.0000,3318224.5000,-3368663.7500,-2278728.0000,-5563954.0000,1455763.7500,3282602.2500,-1384980.8750,2631299.2500,-9176692.0000,-2224497.2500,2937544.5000,8637642.0000,-2938538.0000,5037664.5000,3772275.7500,7573227.0000,-1346168.5000,6760294.5000,3299084.2500,-276968.1562,-5590537.5000,-5879237.5000,4309800.5000,-4932854.5000,-1974077.7500,-3826968.5000,2430325.7500,-7282330.5000,-2399950.2500,1141543.2500,1763604.1250,1998073.2500,-4211370.0000,-1374347.3750,-725702.6875,-5056203.5000,-4162456.0000,6811335.5000,141992.4844,-4887662.0000,635387.7500,5349226.5000,1497234.5000,-4475081.5000,4982370.5000,637514.4375,8532371.0000,-5132764.5000,-85564.8281,-7194604.0000,4741521.0000,-2405798.7500,-5845210.5000,-8850243.0000,6225428.5000,189311.6406,5204611.0000
1.7209,5420471.5000,5189192.5000,4376259.5000,-4937108.0000,-4737197.5000,-2854533.2500,2015618.5000,-1946962.3750,-2770528.5000,414742.2500,-349276.0938,1215977.8750,6108991.5000,3335238.2500,-3359093.7500,-2267563.0000,-5541092.0000,1454168.7500,3282070.7500,-1372752.2500,2641932.7500,-9163932.0000,-2225028.7500,2938608.0000,8656783.0000,-2926309.5000,5039791.5000,3775997.5000,7589177.5000,-1348295.2500,6753914.5000,3307059.5000,-257827.8281,-5576714.0000,-5880832.5000,4303420.0000,-4926474.5000,-1965039.2500,-3817930.0000,2414375.5000,-7271697.0000,-2383468.2500,1143670.0000,1767325.8750,2006580.0000,-4200736.5000,-1362650.5000,-708689.0625,-5038658.0000,-4148100.7500,6820374.0000,153689.3438,-4876497.0000,647616.3125,5361455.5000,1508931.3750,-4459131.0000,4993004.0000,648679.6875,8541409.0000,-5123726.0000,-75994.6641,-7179717.0000,4756939.5000,-2392506.7500,-5831918.5000,-8824191.0000,6244037.5000,211110.3594,5210459.5000
1.7229,5386975.5000,5158886.5000,4335320.5000,-4975920.0000,-4769098.5000,-2877395.2500,1989034.7500,-1976736.1250,-2811467.5000,373803.1875,-390215.1562,1187799.1250,6085598.0000,3310249.5000,-3382487.5000,-2295741.7500,-5562359.0000,1415356.3750,3238473.2500,-1391892.6250,2610032.2500,-9189452.0000,-2264904.5000,2903517.2500,8642959.0000,-2958741.7500,5010549.0000,3738780.2500,7558872.0000,-1387107.5000,6707127.0000,3273563.7500,-280689.9062,-5604893.0000,-5915391.5000,4253974.5000,-4965286.5000,-1995344.8750,-3837070.2500,2375031.5000,-7296685.5000,-2411647.0000,1121871.2500,1733830.2500,1976274.5000,-4224130.5000,-1382322.5000,-743779.6250,-5071090.0000,-4181064.7500,6787942.0000,124447.1719,-4911056.0000,622095.8750,5333276.5000,1479157.5000,-4490500.0000,4964825.0000,622627.5625,8508977.0000,-5155626.5000,-104173.4844,-7204174.0000,4727166.0000,-2421749.0000,-5860629.0000,-8830571.0000,6217453.5000,193565.0469,5166330.0000
1.7249,5409306.0000,5193445.5000,4361904.5000,-4945083.0000,-4730286.0000,-2830607.7500,2023593.6250,-1942708.8750,-2780630.2500,403577.0312,-357251.2500,1222889.6250,6123878.5000,3352251.7500,-3345270.0000,-2260119.5000,-5514508.0000,1439281.7500,3266120.2500,-1352548.6250,2640869.5000,-9151171.0000,-2238320.7500,2930632.7500,8687088.0000,-2944386.5000,5045108.0000,3763769.0000,7593962.5000,-1364245.5000,6724140.5000,3300147.5000,-239219.1719,-5575119.0000,-5881364.5000,4278431.5000,-4935513.0000,-1969292.7500,-3802511.5000,2417033.7500,-7255215.0000,-2373366.5000,1163873.6250,1761477.3750,2010301.7500,-4192229.7500,-1342446.7500,-714537.5000,-5033341.0000,-4140657.2500,6819842.5000,159006.1094,-4873307.0000,658249.8125,5368898.5000,1514779.7500,-4454346.0000,4994599.0000,657718.1250,8536092.0000,-5121599.5000,-72272.9297,-7165362.0000,4762788.0000,-2395165.2500,-5829792.0000,-8799734.0000,6233935.5000,221743.8750,5174305.5000
1.7269,5377405.5000,5168457.0000,4328940.5000,-4978047.0000,-4752084.5000,-2839646.2500,2001263.2500,-1963976.0000,-2805619.0000,382310.0000,-378518.2812,1198964.2500,6107928.5000,3333111.5000,-3367068.7500,-2283513.2500,-5526736.5000,1411103.0000,3233688.2500,-1370625.6250,2623324.2500,-9169780.0000,-2265968.0000,2901390.7500,8674860.0000,-2970970.2500,5022246.0000,3733995.2500,7575354.0000,-1398804.3750,6680543.5000,3267183.7500,-258891.1875,-5598513.0000,-5901568.0000,4242809.0000,-4970072.0000,-1999598.2500,-3836538.7500,2388323.2500,-7272760.5000,-2401013.5000,1139948.2500,1731171.8750,1978401.2500,-4219877.0000,-1372220.6250,-749628.0625,-5063646.5000,-4169899.5000,6787410.0000,131358.9531,-4898295.5000,635919.4375,5346036.5000,1491386.0000,-4478803.0000,4970142.0000,635387.7500,8512699.0000,-5144461.5000,-96730.0234,-7191414.0000,4741521.0000,-2415900.5000,-5852654.0000,-8825786.0000,6210542.0000,199413.4844,5132834.5000
1.7289,5357202.0000,5154101.5000,4312458.5000,-4999314.0000,-4762186.5000,-2851874.7500,1992756.5000,-1978862.8750,-2825291.0000,361574.6562,-388620.1250,1183014.0000,6097826.5000,3320351.2500,-3380892.2500,-2299463.5000,-5538433.5000,1391431.0000,3210826.0000,-1386575.8750,2608437.2500,-9182540.0000,-2289361.7500,2882782.0000,8670075.0000,-2979477.0000,5003637.5000,3713259.7500,7560998.5000,-1423793.2500,6640136.0000,3250701.7500,-265802.9688,-5610741.5000,-5914328.5000,4213567.0000,-4999314.0000,-2017675.2500,-3866312.5000,2359612.7500,-7283394.0000,-2417495.5000,1122402.8750,1705651.5000,1959792.5000,-4237422.5000,-1395614.3750,-772490.1250,-5079597.0000,-4185849.7500,6771460.0000,115408.6797,-4910524.0000,622095.8750,5329023.0000,1476499.1250,-4491563.5000,4958976.5000,623690.8750,8494090.0000,-5163602.0000,-111085.2734,-7208427.5000,4728229.0000,-2429724.0000,-5863287.5000,-8843331.0000,6200971.5000,173893.0312,5095085.5000
1.7309,5386975.5000,5188660.5000,4347549.0000,-4974325.0000,-4730286.0000,-2815189.2500,2028378.7500,-1940050.5000,-2805619.0000,387626.7812,-351402.8125,1220763.0000,6136107.0000,3348530.2500,-3350055.2500,-2270221.2500,-5503874.5000,1417483.1250,3249106.7500,-1357865.3750,2632362.7500,-9146386.0000,-2269158.0000,2899795.7500,8717394.0000,-2951298.2500,5029158.0000,3737717.0000,7595557.5000,-1409438.0000,6643857.5000,3282602.2500,-224863.9219,-5579904.0000,-5884554.5000,4231112.0000,-4981768.5000,-1993749.8750,-3849830.5000,2371841.5000,-7243518.0000,-2384000.0000,1143670.0000,1733830.2500,1983186.2500,-4209243.5000,-1373284.0000,-737399.5625,-5040253.0000,-4147569.0000,6807082.0000,151030.9688,-4879155.0000,647616.3125,5360923.5000,1508399.6250,-4460726.0000,4988750.5000,651869.6875,8518015.0000,-5133296.5000,-80248.0703,-7181312.0000,4758535.0000,-2403672.0000,-5832982.0000,-8822064.0000,6249886.0000,187716.6094,5104656.0000
1.7329,5368367.0000,5178559.0000,4337447.5000,-4994529.0000,-4743046.0000,-2830607.7500,2009770.1250,-1952279.1250,-2833797.7500,369549.7812,-367353.0938,1215446.2500,6122283.5000,3331516.5000,-3363878.7500,-2284045.0000,-5515571.5000,1402596.1250,3229966.5000,-1376474.0000,2608437.2500,-9159678.0000,-2291488.2500,2875870.2500,8720584.0000,-2963526.7500,5005232.5000,3720703.2500,7580139.0000,-1437085.1250,6604513.5000,3251765.0000,-229117.3281,-5600639.5000,-5907416.5000,4200275.0000,-5012606.0000,-2015548.5000,-3876946.0000,2332497.5000,-7245645.0000,-2403140.2500,1118149.5000,1702461.3750,1961919.2500,-4226789.0000,-1397209.3750,-751223.1250,-5056735.0000,-4165646.0000,6787942.0000,130827.2812,-4896169.0000,626880.9375,5341783.5000,1494576.1250,-4475081.5000,4976522.0000,633261.0625,8499938.0000,-5149778.5000,-97793.3750,-7197262.5000,4746306.0000,-2411647.0000,-5843615.5000,-8826849.0000,6273811.0000,173893.0312,5092959.0000
1.7349,5372089.0000,5181749.0000,4347549.0000,-4979642.0000,-4735071.0000,-2830607.7500,2003390.0000,-1949089.0000,-2842304.7500,371144.8125,-364163.0312,1229269.7500,6129195.5000,3326199.7500,-3366537.0000,-2283513.2500,-5513976.5000,1410571.2500,3228903.0000,-1374347.3750,2605247.2500,-9155425.0000,-2295741.7500,2864173.2500,8740788.0000,-2953425.0000,5002574.0000,3717513.2500,7579607.5000,-1443996.8750,6589626.5000,3235283.2500,-209977.0000,-5593727.5000,-5912201.5000,4196021.5000,-5014201.0000,-2007573.3750,-3871629.2500,2316015.5000,-7228099.5000,-2398355.2500,1119744.5000,1700866.3750,1966704.3750,-4221472.0000,-1388702.6250,-744311.3125,-5048228.0000,-4159266.0000,6799107.0000,138802.4219,-4894042.0000,630602.6875,5348695.0000,1501487.8750,-4465511.5000,4983433.5000,637514.4375,8501533.0000,-5146056.5000,-94603.3203,-7186629.0000,4753218.0000,-2404203.7500,-5839362.0000,-8839609.0000,6286040.0000,176019.7344,5098807.5000
1.7369,5383785.5000,5195040.5000,4365626.0000,-4956248.0000,-4720716.0000,-2814125.7500,2004453.3750,-1936328.7500,-2835924.5000,373803.1875,-354592.8438,1246283.3750,6144614.0000,3340023.2500,-3351118.5000,-2273943.0000,-5499621.0000,1425458.2500,3243258.2500,-1362650.5000,2616944.0000,-9144791.0000,-2285108.2500,2867363.5000,8765245.0000,-2929499.5000,5015866.0000,3724425.0000,7594494.5000,-1442933.5000,6588563.5000,3233688.2500,-181266.5000,-5574587.5000,-5902631.5000,4200275.0000,-5009416.0000,-1990559.7500,-3854615.7500,2326117.2500,-7203642.5000,-2384000.0000,1123466.2500,1708841.5000,1976274.5000,-4209243.5000,-1377005.7500,-727829.3750,-5031214.5000,-4140125.5000,6814525.5000,153689.3438,-4882345.5000,644957.9375,5362518.5000,1515843.1250,-4451156.0000,4997257.5000,650274.6875,8510572.0000,-5132764.5000,-77589.6875,-7169615.0000,4769700.0000,-2390911.7500,-5820753.5000,-8844394.0000,6296673.5000,183463.2031,5121669.5000
1.7389,5361455.5000,5170583.5000,4348081.0000,-4962096.5000,-4736666.0000,-2831671.0000,1981059.6250,-1958659.2500,-2871015.2500,345624.3750,-375859.9062,1224484.7500,6134512.0000,3324604.7500,-3367600.5000,-2290956.7500,-5516634.5000,1403659.5000,3220396.2500,-1390829.2500,2599398.7500,-9164463.0000,-2306907.0000,2843969.7500,8755675.0000,-2936411.2500,4992472.0000,3699436.2500,7579075.5000,-1469517.3750,6560384.5000,3195939.2500,-188709.9688,-5587879.0000,-5936658.5000,4172096.2500,-5035468.0000,-2001193.2500,-3867375.7500,2313357.0000,-7219592.5000,-2405267.0000,1099540.8750,1681726.0000,1956602.5000,-4227320.5000,-1392424.3750,-740589.6250,-5054608.5000,-4163519.2500,6790600.0000,129763.9297,-4905739.0000,618374.1250,5336466.5000,1492449.3750,-4474550.0000,4974395.0000,625285.9375,8485051.0000,-5158816.5000,-102046.7812,-7195667.5000,4748433.0000,-2412178.7500,-5844147.0000,-8875763.0000,6265304.5000,163259.5156,5096149.0000
1.7409,5366240.5000,5175368.5000,4359246.0000,-4944551.5000,-4722311.0000,-2818379.2500,1995946.5000,-1951747.3750,-2880585.2500,348814.4375,-369479.7812,1239903.3750,6149930.5000,3341618.2500,-3351650.2500,-2284045.0000,-5508659.5000,1405254.5000,3218801.2500,-1383917.5000,2618539.0000,-9157020.0000,-2301058.5000,2847159.7500,8767371.0000,-2925777.7500,4996725.5000,3707943.0000,7589709.0000,-1470049.0000,6558789.5000,3186900.7500,-174354.7188,-5567144.0000,-5931873.5000,4176881.2500,-5030683.0000,-1979394.5000,-3851957.2500,2339409.2500,-7203111.0000,-2388253.2500,1114427.7500,1689701.1250,1966172.6250,-4215092.0000,-1370625.6250,-720917.5625,-5043443.0000,-4152354.2500,6799638.5000,137207.3906,-4899359.0000,624222.5625,5340188.0000,1497234.5000,-4468169.5000,4986623.5000,636451.1250,8493027.0000,-5149246.5000,-88754.8828,-7189819.0000,4755876.5000,-2408457.0000,-5837235.5000,-8891182.0000,6250949.0000,166449.5781,5083920.5000
1.7429,5363050.5000,5180154.0000,4372538.0000,-4935513.0000,-4705297.0000,-2807214.0000,2009238.3750,-1946430.6250,-2888560.5000,359447.9375,-357251.2500,1248941.7500,6168007.5000,3369797.2500,-3333573.2500,-2275006.5000,-5499621.0000,1416951.3750,3227308.0000,-1370093.8750,2648844.5000,-9129373.0000,-2286703.2500,2859920.0000,8782790.0000,-2904510.7500,5017992.5000,3727083.5000,7613103.0000,-1456757.1250,6566233.0000,3176267.2500,-160531.1406,-5544282.0000,-5917518.5000,4186451.5000,-5016327.5000,-1960785.8750,-3836007.0000,2362271.2500,-7186629.0000,-2375493.2500,1125593.0000,1706183.1250,1979996.2500,-4200205.0000,-1348826.8750,-708689.0625,-5034404.5000,-4140125.5000,6807082.0000,142524.1562,-4894042.0000,633792.7500,5346036.5000,1504146.2500,-4455941.0000,4995130.5000,643894.5625,8500470.0000,-5138081.5000,-76526.3359,-7181312.0000,4766510.0000,-2400482.0000,-5827133.5000,-8894904.0000,6255202.5000,182931.5312,5088705.5000
1.7449,5334340.0000,5143468.0000,4356587.5000,-4956780.0000,-4721247.5000,-2823164.2500,1993819.8750,-1962912.6250,-2924714.5000,332332.4688,-381176.6562,1233523.2500,6155779.0000,3370860.5000,-3342611.7500,-2292020.0000,-5525141.5000,1393026.0000,3212952.7500,-1384980.8750,2650971.2500,-9132563.0000,-2303717.0000,2852476.5000,8764181.0000,-2919397.7500,5004700.5000,3711133.2500,7605128.0000,-1474302.3750,6546561.0000,3167228.7500,-174354.7188,-5557042.0000,-5931342.0000,4166779.5000,-5031214.5000,-1971419.3750,-3858869.0000,2356422.7500,-7197794.0000,-2388253.2500,1120276.2500,1692359.5000,1964577.6250,-4215623.5000,-1357865.3750,-727829.3750,-5052481.5000,-4159266.0000,6792195.5000,119130.4141,-4919562.5000,609867.3125,5323174.5000,1486601.0000,-4477740.0000,4978117.0000,624754.2500,8478671.0000,-5154031.5000,-93008.2891,-7195667.5000,4745774.5000,-2421749.0000,-5844147.0000,-8915639.0000,6242442.5000,172829.6875,5065312.0000
1.7469,5343378.5000,5139746.5000,4370411.5000,-4937108.0000,-4709019.0000,-2815189.2500,2011365.1250,-1952279.1250,-2929499.5000,339244.2500,-366289.7188,1245751.7500,6170666.0000,3391064.2500,-3320813.0000,-2279259.7500,-5519293.0000,1396216.0000,3224118.0000,-1371157.2500,2677555.0000,-9110764.0000,-2290956.7500,2866831.7500,8774283.0000,-2909827.5000,5020651.0000,3730273.5000,7626395.0000,-1464200.6250,6556663.0000,3184242.2500,-158936.1094,-5543218.5000,-5913796.5000,4177944.5000,-5020049.5000,-1952810.7500,-3846640.5000,2365993.0000,-7182907.0000,-2372303.0000,1143670.0000,1701929.7500,1973616.1250,-4209775.0000,-1344573.5000,-717195.8750,-5037063.0000,-4144910.7500,6807614.0000,130295.6094,-4919562.5000,622627.5625,5330618.0000,1497234.5000,-4461789.5000,4988750.5000,633261.0625,8485051.0000,-5144461.5000,-83438.1250,-7182375.5000,4757471.5000,-2416432.2500,-5837235.5000,-8915107.0000,6244569.0000,189311.6406,5079667.0000
1.7489,5349758.5000,5141873.0000,4376259.5000,-4919031.0000,-4691473.5000,-2800834.0000,2027847.1250,-1938455.5000,-2931626.2500,352004.4688,-352466.1562,1253726.8750,6184489.5000,3399571.0000,-3306989.5000,-2261714.5000,-5500684.5000,1408976.2500,3241131.5000,-1357865.3750,2698290.5000,-9090560.0000,-2281386.5000,2875870.2500,8792892.0000,-2891218.7500,5038728.0000,3749413.7500,7648193.5000,-1456757.1250,6566233.0000,3190090.7500,-145644.2031,-5529926.5000,-5900504.5000,4191236.5000,-5013669.0000,-1936328.7500,-3832817.0000,2379816.5000,-7166957.0000,-2356884.5000,1161215.2500,1715221.6250,1984781.3750,-4200736.5000,-1333940.0000,-707625.6875,-5024834.5000,-4130023.7500,6824627.5000,140397.4531,-4909460.5000,626880.9375,5338593.0000,1508931.3750,-4445839.5000,5003105.5000,647616.3125,8496217.0000,-5130638.0000,-70146.2266,-7171210.0000,4772890.0000,-2405267.0000,-5821816.5000,-8898094.0000,6257861.0000,207388.6250,5103592.5000
1.7509,5326364.5000,5122201.0000,4355524.5000,-4932323.0000,-4706360.5000,-2825822.7500,2016681.8750,-1957064.1250,-2956083.2500,333927.5000,-364163.0312,1233523.2500,6170666.0000,3379367.2500,-3325598.0000,-2278728.0000,-5508128.0000,1388772.6250,3221991.2500,-1370625.6250,2684466.7500,-9105447.0000,-2299995.2500,2856198.2500,8782258.0000,-2899725.7500,5023841.0000,3739312.0000,7634370.0000,-1474302.3750,6543371.0000,3178925.5000,-155746.0469,-5536306.5000,-5898909.5000,4177413.0000,-5030683.0000,-1941113.8750,-3838665.2500,2375031.5000,-7172273.5000,-2365923.0000,1143138.2500,1701929.7500,1970426.1250,-4212965.0000,-1339788.3750,-726234.3750,-5035999.5000,-4140657.2500,6812399.0000,125510.5234,-4926474.5000,611462.3125,5324769.5000,1496702.7500,-4460726.0000,4994067.0000,635387.7500,8480266.0000,-5147120.0000,-84501.4766,-7187160.5000,4758003.0000,-2413773.7500,-5837235.5000,-8912449.0000,6242442.5000,196223.4219,5087642.0000
1.7529,5329023.0000,5126986.0000,4367221.5000,-4920094.0000,-4687220.0000,-2815189.2500,2027847.1250,-1944304.0000,-2953956.5000,343497.6562,-347681.0625,1244688.3750,6184489.5000,3396381.0000,-3309647.7500,-2268626.2500,-5490051.0000,1398874.3750,3240068.2500,-1347763.5000,2708392.2500,-9085775.0000,-2286703.2500,2865768.2500,8795550.0000,-2885902.0000,5044576.5000,3756325.5000,7648725.0000,-1466327.2500,6551346.0000,3187432.2500,-142985.8281,-5512381.5000,-5864350.5000,4193363.2500,-5017391.0000,-1920378.5000,-3817930.0000,2401083.5000,-7153133.0000,-2344656.0000,1158556.8750,1719475.0000,1984781.3750,-4198078.5000,-1322243.1250,-715600.8125,-5025366.0000,-4128428.7500,6829412.5000,139334.0938,-4914777.5000,620500.8125,5334871.5000,1508399.6250,-4443712.5000,5008954.0000,646552.9375,8488773.0000,-5134359.5000,-71209.5781,-7170147.0000,4772358.5000,-2402077.0000,-5825538.5000,-8895967.0000,6250949.0000,210578.6719,5091364.0000
1.7549,5325301.5000,5120606.0000,4370943.0000,-4917967.5000,-4678713.5000,-2818911.0000,2032100.5000,-1942708.8750,-2961400.0000,339775.9375,-340769.2812,1243093.3750,6183958.0000,3392127.5000,-3303267.7500,-2267563.0000,-5486861.0000,1396747.7500,3251765.0000,-1338725.0000,2725406.0000,-9082585.0000,-2286171.5000,2867363.5000,8801399.0000,-2896004.0000,5053615.0000,3763769.0000,7657232.0000,-1470049.0000,6549751.0000,3196470.7500,-137137.3906,-5516634.5000,-5847869.0000,4197085.0000,-5014732.5000,-1901238.2500,-3809423.2500,2413312.2500,-7146221.5000,-2340402.5000,1163342.0000,1726918.5000,1986376.3750,-4194356.5000,-1316926.3750,-708157.3750,-5020049.5000,-4124175.2500,6838451.0000,144650.8594,-4909992.5000,625285.9375,5339125.0000,1517438.1250,-4436801.0000,5013739.0000,645489.6250,8488242.0000,-5132233.0000,-66956.1719,-7170147.0000,4778207.0000,-2401013.5000,-5825538.5000,-8878953.0000,6253076.0000,210578.6719,5083920.5000
1.7569,5288615.5000,5089237.0000,4341701.0000,-4952526.5000,-4707424.0000,-2855064.7500,2002326.6250,-1974609.5000,-3001275.7500,312660.4688,-367884.7500,1207471.1250,6152057.5000,3355973.5000,-3329851.5000,-2296273.5000,-5511849.5000,1366442.2500,3223586.2500,-1361587.1250,2702543.7500,-9108106.0000,-2313818.7500,2840779.5000,8775347.0000,-2929499.5000,5027031.0000,3739843.7500,7634901.5000,-1499291.1250,6516787.0000,3175203.7500,-160531.1406,-5553320.5000,-5878174.5000,4177944.5000,-5039721.5000,-1917720.1250,-3836007.0000,2372373.0000,-7174400.5000,-2368049.7500,1133568.1250,1707246.5000,1965109.2500,-4212433.5000,-1337130.0000,-727297.6875,-5047165.0000,-4151290.7500,6811867.5000,120193.7656,-4934981.0000,599233.8125,5311477.5000,1491386.0000,-4460726.0000,4993004.0000,618374.1250,8465911.0000,-5157221.5000,-91944.9375,-7191945.5000,4753218.0000,-2427597.5000,-5854780.5000,-8909259.0000,6218517.0000,185589.9062,5041918.0000
1.7589,5305097.5000,5107846.0000,4364031.0000,-4922221.0000,-4684030.0000,-2834329.5000,2026252.0000,-1952810.7500,-2984793.7500,331269.1250,-344491.0312,1232459.8750,6171729.5000,3376709.0000,-3308584.5000,-2274474.7500,-5485266.0000,1389835.8750,3249106.7500,-1332344.8750,2724874.2500,-9079927.0000,-2288298.2500,2862046.7500,8801399.0000,-2906637.5000,5053083.0000,3775466.0000,7663080.5000,-1476429.1250,6541776.0000,3197002.5000,-132352.3125,-5525141.5000,-5859565.5000,4208782.0000,-5011542.5000,-1880502.8750,-3806764.7500,2389386.7500,-7151006.5000,-2343592.5000,1151645.1250,1735957.0000,1991161.3750,-4183191.5000,-1315863.0000,-700713.8750,-5022176.0000,-4124707.0000,6835792.5000,146245.8906,-4912119.0000,622095.8750,5336466.5000,1516906.5000,-4432547.5000,5015334.0000,641236.1875,8485051.0000,-5129574.5000,-64297.7891,-7169615.0000,4780333.5000,-2408988.7500,-5834577.0000,-8893309.0000,6235530.5000,202603.5312,5047235.0000
1.7609,5268412.0000,5068502.0000,4340106.0000,-4940298.0000,-4711145.5000,-2855064.7500,2008706.7500,-1976736.1250,-3016162.7500,304153.6562,-366289.7188,1227143.1250,6149399.0000,3353847.0000,-3330914.7500,-2296273.5000,-5505469.5000,1370163.8750,3226244.7500,-1350953.6250,2713177.2500,-9097472.0000,-2302653.5000,2847691.5000,8781195.0000,-2926309.5000,5031816.0000,3756857.2500,7640218.5000,-1491847.7500,6525825.5000,3170950.2500,-149365.9375,-5531521.5000,-5881896.0000,4190173.2500,-5032278.0000,-1887946.2500,-3822715.0000,2375563.2500,-7171742.0000,-2363264.5000,1133036.5000,1718411.6250,1975211.1250,-4202863.5000,-1340851.7500,-717195.8750,-5041316.5000,-4146505.7500,6812399.0000,124447.1719,-4931259.5000,596043.7500,5315731.0000,1497766.1250,-4452219.5000,4998320.5000,619969.1875,8470165.0000,-5146588.0000,-79716.3906,-7187692.0000,4761725.0000,-2429192.5000,-5850527.0000,-8914576.0000,6214795.0000,178678.1250,5012144.0000
1.7629,5247145.0000,5045640.0000,4331599.0000,-4944019.5000,-4717525.5000,-2855596.5000,2006580.0000,-1978862.8750,-3016694.2500,287140.0000,-368416.4375,1229269.7500,6147804.0000,3346403.5000,-3334105.0000,-2300526.7500,-5507596.0000,1366442.2500,3220396.2500,-1352017.0000,2716899.0000,-9095877.0000,-2300526.7500,2846628.0000,8779068.0000,-2926841.0000,5033411.0000,3754199.0000,7637560.0000,-1489189.3750,6523167.0000,3165633.5000,-150429.2969,-5531521.5000,-5882427.5000,4190704.7500,-5031214.5000,-1869337.6250,-3817930.0000,2383006.5000,-7179185.5000,-2365923.0000,1141011.6250,1722133.3750,1977337.8750,-4199673.5000,-1345105.1250,-728892.7500,-5044506.5000,-4148100.7500,6806550.5000,120193.7656,-4932854.5000,594980.3750,5309351.0000,1493512.7500,-4453283.0000,4995662.0000,616779.1250,8465379.0000,-5150310.0000,-90349.9141,-7191945.5000,4760661.5000,-2433977.5000,-5856375.5000,-8925741.0000,6214795.0000,171234.6562,4996194.0000
1.7649,5271070.5000,5066375.0000,4361373.0000,-4920094.0000,-4686688.5000,-2823164.2500,2041139.0000,-1945899.0000,-2987452.2500,320103.9375,-338110.9062,1268082.1250,6184489.5000,3370860.5000,-3300609.2500,-2268094.5000,-5470379.0000,1389304.2500,3246448.2500,-1316394.6250,2748268.0000,-9062382.0000,-2262246.2500,2876933.5000,8818412.0000,-2892282.2500,5063716.5000,3786099.5000,7667334.0000,-1458883.7500,6554536.0000,3195407.5000,-113211.9766,-5506001.0000,-5849464.0000,4220478.5000,-5000909.0000,-1826271.8750,-3778054.2500,2420224.0000,-7148880.0000,-2335617.5000,1180355.6250,1755097.2500,2012960.1250,-4165114.5000,-1316394.6250,-708157.3750,-5013669.0000,-4113541.7500,6840578.0000,154221.0312,-4902549.0000,623690.8750,5338593.0000,1522754.8750,-4422445.5000,5025968.0000,647616.3125,8498875.0000,-5118409.5000,-56854.3281,-7162171.5000,4793093.5000,-2399950.2500,-5823943.5000,-8885333.0000,6248822.5000,196755.0938,5021714.5000
1.7669,5245550.0000,5033943.0000,4331067.5000,-4953058.0000,-4718589.0000,-2856660.0000,2016150.2500,-1973546.1250,-3012441.0000,289266.7188,-362036.3125,1237244.8750,6160032.5000,3337896.5000,-3323471.2500,-2293083.2500,-5494304.5000,1367505.5000,3220928.0000,-1338725.0000,2722215.7500,-9083117.0000,-2283513.2500,2854603.2500,8796082.0000,-2915676.0000,5033943.0000,3757920.5000,7636496.5000,-1478024.1250,6526357.5000,3166165.2500,-137669.0781,-5545877.0000,-5890934.5000,4188578.2500,-5028556.0000,-1835842.0000,-3801448.0000,2394171.7500,-7182907.0000,-2372303.0000,1150050.1250,1724260.1250,1981059.6250,-4193293.2500,-1348826.8750,-738994.5625,-5048760.0000,-4144910.7500,6807082.0000,124447.1719,-4933386.0000,594980.3750,5308819.5000,1490854.3750,-4451687.5000,4996194.0000,618374.1250,8473355.0000,-5149246.5000,-86096.5078,-7195667.5000,4762788.0000,-2421749.0000,-5848932.0000,-8890119.0000,6225428.5000,172829.6875,5000979.0000
1.7689,5256183.5000,5050425.0000,4344891.0000,-4943488.0000,-4706360.5000,-2841773.0000,2032100.5000,-1956532.5000,-3004465.7500,311597.0938,-351402.8125,1253726.8750,6181299.5000,3353315.2500,-3304331.0000,-2273943.0000,-5484202.5000,1387177.5000,3236346.5000,-1319584.7500,2738697.7500,-9063445.0000,-2262777.7500,2872148.5000,8809374.0000,-2905574.0000,5050425.0000,3762705.7500,7649788.5000,-1457820.5000,6543371.0000,3174672.0000,-115338.6797,-5541092.0000,-5880832.5000,4200275.0000,-5008884.0000,-1797561.3750,-3769547.5000,2403742.0000,-7167488.5000,-2360606.2500,1160151.8750,1738083.6250,1999668.2500,-4172557.7500,-1328623.2500,-726766.0000,-5035468.0000,-4129492.0000,6824627.5000,139865.7812,-4917967.5000,615715.7500,5325301.5000,1507868.0000,-4434674.0000,5009486.0000,635919.4375,8492495.0000,-5134359.5000,-73867.9609,-7171210.0000,4781397.0000,-2410583.7500,-5839362.0000,-8885333.0000,6224365.5000,179209.7969,5010017.5000
1.7709,5261500.0000,5060526.5000,4353397.5000,-4933386.0000,-4692005.5000,-2829544.5000,2049645.7500,-1940050.5000,-3002339.0000,322230.6250,-337047.5625,1266487.1250,6195655.0000,3373519.0000,-3287317.5000,-2256929.5000,-5476227.5000,1402596.1250,3252296.7500,-1306824.5000,2756243.2500,-9045368.0000,-2244700.7500,2891288.7500,8826387.0000,-2894408.7500,5058931.5000,3765364.0000,7656700.5000,-1442401.8750,6556663.0000,3178925.5000,-102046.7812,-5534711.5000,-5881364.5000,4213035.0000,-4992934.0000,-1766192.5000,-3747748.7500,2413843.7500,-7153665.0000,-2351567.7500,1159620.2500,1752970.6250,2015618.5000,-4157671.0000,-1311609.6250,-716132.5000,-5023771.0000,-4118858.5000,6835792.5000,152094.3281,-4907334.0000,632729.3750,5338593.0000,1519033.2500,-4420319.0000,5025968.0000,649211.3125,8512167.0000,-5118941.0000,-57386.0039,-7150475.0000,4796283.5000,-2393038.5000,-5826070.0000,-8864066.0000,6224365.5000,187184.9375,5016397.5000
1.7729,5238106.5000,5033411.0000,4333725.5000,-4947741.5000,-4718057.5000,-2848684.7500,2032632.1250,-1961317.6250,-3037429.7500,296710.1875,-362036.3125,1250005.1250,6172261.0000,3357037.0000,-3303267.7500,-2272348.0000,-5505469.5000,1382924.1250,3229434.7500,-1329154.8750,2739761.2500,-9063977.0000,-2257461.0000,2870021.7500,8801930.0000,-2922587.7500,5034474.5000,3732400.2500,7628521.5000,-1463668.8750,6531674.0000,3153405.0000,-123845.5000,-5557573.5000,-5921240.0000,4183261.5000,-5016859.5000,-1777889.3750,-3765294.0000,2394171.7500,-7182907.0000,-2378151.5000,1129314.7500,1725323.5000,1991693.1250,-4179469.7500,-1340320.1250,-745906.3750,-5049823.0000,-4146505.7500,6804955.5000,125510.5234,-4927537.5000,607208.9375,5314668.0000,1496171.1250,-4441586.0000,5005232.5000,630602.6875,8494090.0000,-5139676.5000,-79184.7188,-7171742.0000,4775016.5000,-2412710.5000,-5847337.0000,-8882143.0000,6199908.5000,161664.4844,4988219.0000
1.7749,5263627.0000,5055741.5000,4359246.0000,-4917967.5000,-4699448.5000,-2819974.2500,2059216.0000,-1940050.5000,-3028391.2500,308938.7188,-343959.3438,1281905.7500,6183426.5000,3376177.2500,-3277747.2500,-2250017.5000,-5484202.5000,1412166.3750,3255486.7500,-1311077.8750,2769003.2500,-9038988.0000,-2231940.7500,2887567.0000,8825856.0000,-2910359.2500,5056805.0000,3743565.2500,7650320.0000,-1445591.8750,6549751.0000,3176267.2500,-101515.1094,-5536306.5000,-5903163.0000,4204528.5000,-4994529.0000,-1751305.6250,-3744027.0000,2410653.7500,-7161640.0000,-2360074.5000,1146328.3750,1745527.1250,2010301.7500,-4163519.2500,-1325433.1250,-726234.3750,-5023239.5000,-4124707.0000,6825159.0000,148904.2656,-4902549.0000,629539.3125,5335403.0000,1513716.3750,-4421914.0000,5027031.0000,651338.0625,8513230.0000,-5121599.5000,-61639.4102,-7149943.0000,4797879.0000,-2393038.5000,-5835640.0000,-8871510.0000,6210010.0000,169107.9531,5003105.5000
1.7769,5262032.0000,5055210.0000,4357119.5000,-4926474.5000,-4706892.0000,-2822101.0000,2068254.5000,-1946430.6250,-3044873.2500,299900.2500,-355124.5312,1286690.7500,6169602.5000,3371392.2500,-3276152.2500,-2255866.0000,-5493772.5000,1411634.6250,3254423.5000,-1322774.7500,2769535.0000,-9038456.0000,-2228750.5000,2882250.2500,8815222.0000,-2926841.0000,5053615.0000,3731868.5000,7648193.5000,-1453567.0000,6543371.0000,3176267.2500,-108426.8906,-5538433.5000,-5905821.5000,4198148.5000,-5001440.5000,-1752900.6250,-3749875.5000,2395235.2500,-7173337.0000,-2368049.7500,1139416.5000,1737552.0000,2000731.6250,-4177343.0000,-1339788.3750,-735804.5000,-5032278.0000,-4135340.5000,6810804.0000,138270.7500,-4907865.5000,623690.8750,5328491.5000,1506273.0000,-4425635.5000,5023309.5000,646552.9375,8507382.0000,-5122663.0000,-68019.5234,-7162703.5000,4794688.5000,-2394633.5000,-5837767.0000,-8849180.0000,6213200.0000,164322.8750,4999915.5000
1.7789,5237575.0000,5036069.5000,4339574.0000,-4949868.0000,-4728159.0000,-2841241.2500,2056557.6250,-1965571.0000,-3070393.5000,278101.5312,-373201.5312,1271272.2500,6146209.0000,3351720.2500,-3293165.7500,-2279259.7500,-5514508.0000,1391431.0000,3240068.2500,-1342978.5000,2752521.5000,-9054406.0000,-2242042.5000,2857793.2500,8793955.0000,-2947576.5000,5032348.0000,3707411.5000,7632775.0000,-1473239.0000,6525825.5000,3159785.2500,-131288.9531,-5560232.0000,-5924962.0000,4175286.2500,-5021644.5000,-1768319.2500,-3773801.0000,2366524.7500,-7200452.5000,-2392506.7500,1103794.2500,1715753.2500,1977869.5000,-4203395.0000,-1370625.6250,-763983.3125,-5054608.5000,-4158734.2500,6787942.0000,120725.4375,-4933918.0000,600828.8125,5302971.0000,1480752.5000,-4447434.5000,5002042.5000,619969.1875,8483988.0000,-5147120.0000,-91413.2656,-7188755.5000,4772890.0000,-2414837.2500,-5863819.0000,-8873637.0000,6191401.5000,139334.0938,4977585.0000
1.7809,5263627.0000,5069033.5000,4376791.5000,-4914777.5000,-4696258.5000,-2813594.2500,2089521.5000,-1933138.7500,-3042214.7500,319040.5625,-332794.1562,1302109.3750,6179704.5000,3377772.2500,-3256480.2500,-2245232.5000,-5479949.0000,1420673.1250,3274627.2500,-1313204.6250,2791865.5000,-9016657.0000,-2196850.0000,2888630.5000,8824261.0000,-2911954.2500,5062121.5000,3740907.0000,7668397.0000,-1436021.7500,6555599.5000,3186900.7500,-95666.6719,-5535243.5000,-5891998.0000,4207187.0000,-4982832.0000,-1725785.1250,-3737647.0000,2392045.0000,-7163235.0000,-2356352.7500,1130378.1250,1751907.2500,2010301.7500,-4172026.2500,-1341915.1250,-733146.1250,-5017922.5000,-4119922.0000,6823564.0000,159006.1094,-4898827.0000,632197.6875,5337530.0000,1509994.7500,-4412875.5000,5036601.5000,647616.3125,8511104.0000,-5115751.0000,-58449.3555,-7158450.0000,4810639.0000,-2383468.2500,-5835640.0000,-8845989.0000,6222238.5000,161664.4844,5010549.0000
1.7829,5253525.0000,5053615.0000,4378386.5000,-4923284.5000,-4705297.0000,-2824759.2500,2085799.7500,-1940582.2500,-3056570.0000,322762.3125,-332794.1562,1291475.8750,6170134.5000,3380962.2500,-3258075.2500,-2252676.0000,-5484734.0000,1407381.2500,3269310.5000,-1320116.3750,2787080.2500,-9016126.0000,-2194191.7500,2883313.7500,8810437.0000,-2925777.7500,5054146.5000,3735590.2500,7665739.0000,-1438680.1250,6554004.5000,3192749.0000,-108958.5703,-5557573.5000,-5914860.0000,4196021.5000,-4991870.5000,-1722063.3750,-3744558.7500,2383538.2500,-7173337.0000,-2369644.7500,1117086.1250,1743400.5000,1999136.6250,-4184786.5000,-1348826.8750,-745906.3750,-5034936.0000,-4135872.2500,6807082.0000,146245.8906,-4913182.5000,626880.9375,5329023.0000,1497766.1250,-4424040.5000,5028094.5000,637514.4375,8497280.0000,-5127448.0000,-70146.2266,-7173337.0000,4796283.5000,-2389848.5000,-5843615.5000,-8845989.0000,6228619.0000,157942.7500,5008422.5000
1.7849,5259905.0000,5050956.5000,4387956.5000,-4914777.5000,-4704765.5000,-2827417.7500,2092179.8750,-1937392.1250,-3055506.7500,330205.7500,-323223.9688,1295729.2500,6170134.5000,3381494.0000,-3250631.7500,-2245232.5000,-5487924.0000,1400469.5000,3269842.0000,-1311609.6250,2782827.0000,-9002302.0000,-2180368.0000,2887567.0000,8805120.0000,-2933753.0000,5049893.0000,3738780.2500,7672119.0000,-1429110.0000,6560384.5000,3204977.7500,-107363.5391,-5555978.5000,-5919113.5000,4195490.0000,-4983895.5000,-1710366.5000,-3731798.5000,2392576.7500,-7168552.0000,-2368581.2500,1121871.2500,1743400.5000,2005516.6250,-4177874.5000,-1345105.1250,-744843.0000,-5032809.5000,-4130555.5000,6810272.0000,148904.2656,-4909992.5000,629539.3125,5329554.5000,1502019.5000,-4423509.0000,5031816.0000,638577.8125,8497280.0000,-5126384.5000,-68019.5234,-7170678.5000,4798942.0000,-2390911.7500,-5846273.5000,-8865661.0000,6229150.5000,154752.7031,5004169.0000
1.7869,5279045.5000,5073287.0000,4409223.5000,-4886067.0000,-4685625.0000,-2814657.5000,2110788.5000,-1920378.5000,-3043809.7500,353067.8438,-298235.2188,1326034.8750,6184489.5000,3399039.2500,-3234681.5000,-2226624.0000,-5477290.5000,1409508.0000,3291109.2500,-1290342.5000,2802499.0000,-8978377.0000,-2149530.7500,2912555.7500,8815754.0000,-2923119.2500,5063716.5000,3755262.2500,7695512.5000,-1405184.5000,6588563.5000,3219333.0000,-90349.9141,-5530458.0000,-5896783.0000,4216225.5000,-4956248.0000,-1678997.6250,-3703088.0000,2420755.5000,-7141968.0000,-2355289.5000,1137821.5000,1758819.0000,2026783.7500,-4157671.0000,-1324369.7500,-722512.6250,-5017922.5000,-4114605.2500,6826754.0000,165917.8906,-4887662.0000,647616.3125,5349226.5000,1512653.1250,-4407027.0000,5048298.0000,656654.8125,8507914.0000,-5109902.5000,-52069.2422,-7157918.5000,4815956.0000,-2374961.5000,-5834577.0000,-8866725.0000,6248291.0000,175488.0625,5026499.5000
1.7889,5254588.5000,5044576.5000,4384235.0000,-4900954.0000,-4707955.5000,-2842304.7500,2079951.3750,-1946962.3750,-3071988.7500,324357.3438,-323223.9688,1305299.5000,6160032.5000,3377772.2500,-3256480.2500,-2247359.2500,-5506533.0000,1373354.0000,3263993.7500,-1314268.0000,2776446.7500,-9002834.0000,-2166544.5000,2895542.2500,8785448.0000,-2947576.5000,5031284.5000,3730273.5000,7676372.5000,-1420071.5000,6569954.5000,3196470.7500,-119060.4141,-5557573.5000,-5929215.0000,4188046.5000,-4981768.5000,-1698138.0000,-3719570.0000,2401615.2500,-7154196.5000,-2384531.7500,1107516.0000,1735425.2500,2002326.6250,-4182659.7500,-1349890.2500,-744311.3125,-5050355.0000,-4144379.0000,6798043.5000,138270.7500,-4915309.0000,624222.5625,5324769.5000,1483942.6250,-4434142.5000,5022246.0000,632197.6875,8480798.0000,-5138613.0000,-77058.0156,-7185565.5000,4786182.0000,-2400482.0000,-5862224.0000,-8892777.0000,6219580.5000,154752.7031,5000979.0000
1.7909,5262032.0000,5052020.0000,4391146.5000,-4894042.0000,-4707424.0000,-2839646.2500,2076761.2500,-1944835.6250,-3077837.0000,330205.7500,-317375.5312,1301577.7500,6169071.0000,3382557.5000,-3253290.2500,-2239384.0000,-5508128.0000,1364315.5000,3260803.5000,-1320116.3750,2776446.7500,-8999644.0000,-2157506.0000,2904049.0000,8785980.0000,-2962995.0000,5030221.0000,3732931.7500,7679030.5000,-1407842.8750,6579525.0000,3197534.2500,-119060.4141,-5557042.0000,-5927620.0000,4194958.0000,-4970072.0000,-1683782.7500,-3702024.7500,2411717.0000,-7139309.5000,-2377619.7500,1113896.1250,1741805.3750,2009770.1250,-4170962.7500,-1336066.6250,-738462.8750,-5045570.0000,-4139062.2500,6804424.0000,147309.2344,-4912651.0000,630602.6875,5334871.5000,1491386.0000,-4430952.5000,5028094.5000,638577.8125,8485051.0000,-5134891.5000,-73867.9609,-7181843.5000,4789372.0000,-2401545.2500,-5864882.5000,-8891714.0000,6215858.5000,156879.4062,5005232.5000
1.7929,5288615.5000,5078072.0000,4409755.5000,-4877028.5000,-4688815.0000,-2816784.2500,2084204.7500,-1919315.1250,-3058165.0000,355194.5312,-290791.7500,1316464.6250,6193528.0000,3411268.0000,-3229896.5000,-2213863.7500,-5485266.0000,1378670.7500,3280475.5000,-1302571.1250,2800904.0000,-8970933.0000,-2127732.2500,2928506.2500,8810969.0000,-2942259.7500,5047766.5000,3753667.2500,7697639.5000,-1380195.7500,6611957.0000,3219864.5000,-98325.0469,-5549598.5000,-5912201.5000,4217820.5000,-4947209.5000,-1654008.8750,-3669592.5000,2442022.7500,-7107409.0000,-2357947.7500,1131441.3750,1759882.3750,2029442.1250,-4149695.7500,-1308951.2500,-711879.1250,-5028024.5000,-4120453.5000,6823564.0000,165386.2188,-4892979.0000,653464.7500,5357733.5000,1509463.0000,-4410748.5000,5048830.0000,660376.5000,8504192.0000,-5112029.5000,-53132.5938,-7158450.0000,4810107.5000,-2384531.7500,-5847337.0000,-8867256.0000,6239252.5000,182931.5312,5025436.0000
1.7949,5261500.0000,5052551.5000,4382108.0000,-4898827.0000,-4717525.5000,-2838583.0000,2053899.2500,-1941645.6250,-3090065.5000,328079.0625,-318438.9062,1279779.0000,6165349.5000,3393722.5000,-3257011.7500,-2234067.2500,-5514508.0000,1352087.0000,3244853.2500,-1335003.2500,2774851.7500,-8995922.0000,-2146872.5000,2903517.2500,8787575.0000,-2961400.0000,5017461.0000,3725488.5000,7662017.0000,-1399336.1250,6592817.0000,3194875.7500,-126503.8750,-5580436.0000,-5935595.5000,4193895.0000,-4970072.0000,-1673149.2500,-3683947.7500,2427667.5000,-7115916.0000,-2388785.0000,1110174.3750,1732235.2500,2003921.6250,-4165646.0000,-1328091.5000,-728892.7500,-5048760.0000,-4144379.0000,6801765.5000,139865.7812,-4919031.0000,626349.2500,5333276.5000,1482347.5000,-4437864.0000,5025436.0000,635387.7500,8478140.0000,-5139144.5000,-77589.6875,-7177590.5000,4784587.0000,-2409520.5000,-5876579.5000,-8898625.0000,6223833.5000,159006.1094,4996194.0000
1.7969,5268943.5000,5059995.0000,4393805.0000,-4888193.5000,-4710082.0000,-2819442.5000,2062937.6250,-1926227.0000,-3078368.7500,332864.1562,-313653.8125,1284564.1250,6177578.0000,3415521.2500,-3244251.7500,-2218648.7500,-5499621.0000,1370163.8750,3249638.5000,-1332876.6250,2786548.7500,-8982099.0000,-2123478.7500,2926379.5000,8802462.0000,-2934816.2500,5025436.0000,3735590.2500,7669992.5000,-1382322.5000,6613020.5000,3211889.5000,-116402.0312,-5568739.0000,-5914860.0000,4215162.0000,-4949868.0000,-1653477.2500,-3658959.0000,2447339.5000,-7086673.5000,-2382405.0000,1123466.2500,1753502.2500,2021467.0000,-4144910.7500,-1310546.2500,-716132.5000,-5034936.0000,-4135340.5000,6813994.0000,152094.3281,-4902549.0000,635387.7500,5347100.0000,1496171.1250,-4421914.0000,5041386.5000,650806.3750,8487178.0000,-5129574.5000,-66424.4922,-7163767.0000,4796815.5000,-2401013.5000,-5868072.5000,-8897562.0000,6235530.5000,175488.0625,4999915.5000
1.7989,5273197.0000,5061058.5000,4398590.0000,-4886598.5000,-4704234.0000,-2800302.2500,2075166.2500,-1914530.1250,-3072520.2500,341902.6250,-311527.0938,1285095.7500,6181299.5000,3434661.7500,-3237339.7500,-2204293.5000,-5492177.5000,1374949.0000,3251765.0000,-1330749.8750,2792928.7500,-8968807.0000,-2103806.7500,2941798.0000,8814691.0000,-2918866.0000,5029158.0000,3746755.5000,7669992.5000,-1364245.5000,6629502.5000,3234219.7500,-110553.5938,-5568207.0000,-5907416.5000,4231112.0000,-4934981.0000,-1638590.2500,-3638755.2500,2460099.5000,-7069128.5000,-2376024.7500,1130378.1250,1767325.8750,2039012.2500,-4130023.7500,-1293532.6250,-707625.6875,-5025898.0000,-4125238.7500,6824096.0000,163791.1875,-4891915.5000,646021.2500,5359860.5000,1505741.2500,-4409153.5000,5052551.5000,662503.2500,8494090.0000,-5122131.0000,-57917.6797,-7149943.0000,4806385.5000,-2390380.0000,-5857970.5000,-8895435.0000,6252544.0000,188779.9688,5004169.0000
1.8009,5263627.0000,5041386.5000,4376791.5000,-4908397.5000,-4729222.5000,-2809340.7500,2060279.2500,-1926227.0000,-3090065.5000,324357.3438,-332794.1562,1263828.7500,6160032.5000,3428281.5000,-3247441.7500,-2218648.7500,-5512913.0000,1355277.0000,3232624.7500,-1347763.5000,2774851.7500,-8987415.0000,-2113377.0000,2935418.0000,8794487.0000,-2939601.2500,5008422.5000,3728678.5000,7642877.0000,-1373815.6250,6617805.5000,3227308.0000,-130225.6094,-5588942.5000,-5931873.5000,4217820.5000,-4947741.5000,-1652945.5000,-3645667.0000,2439896.0000,-7097839.0000,-2398355.2500,1114959.5000,1756160.6250,2026252.0000,-4134277.2500,-1293532.6250,-723575.9375,-5041848.0000,-4144910.7500,6810272.0000,149435.9375,-4911587.5000,628476.0000,5344973.5000,1491386.0000,-4424572.5000,5037664.5000,647616.3125,8472291.0000,-5144461.5000,-75994.6641,-7164298.5000,4786713.5000,-2406330.2500,-5876047.5000,-8919892.0000,6233935.5000,181336.5000,4978117.0000
1.8029,5277982.0000,5062121.5000,4381576.5000,-4899359.0000,-4715930.5000,-2797112.2500,2068254.5000,-1913998.3750,-3083153.7500,338180.9062,-325882.3438,1268082.1250,6170134.5000,3449017.0000,-3232023.0000,-2197913.5000,-5502279.5000,1365378.8750,3246980.0000,-1339256.7500,2788675.2500,-8969870.0000,-2086793.1250,2954026.5000,8800867.0000,-2935348.0000,5018524.5000,3744628.7500,7650852.0000,-1357333.7500,6638009.0000,3246448.2500,-121718.7891,-5580436.0000,-5929747.0000,4238555.5000,-4930728.0000,-1641248.6250,-3625463.2500,2451592.7500,-7098370.5000,-2386126.7500,1128251.3750,1776896.0000,2039544.0000,-4113541.7500,-1268012.1250,-703903.9375,-5025366.0000,-4127897.0000,6827286.0000,161132.8125,-4902549.0000,640704.5000,5359328.5000,1504678.0000,-4409685.5000,5053083.0000,663034.9375,8482925.0000,-5138613.0000,-71741.2500,-7148880.0000,4801069.0000,-2398355.2500,-5869667.5000,-8909259.0000,6242974.0000,192501.6875,4987687.0000
1.8049,5275855.5000,5062653.5000,4371474.5000,-4906802.5000,-4724437.5000,-2805619.0000,2058684.2500,-1914530.1250,-3088470.5000,339775.9375,-332262.4688,1264360.3750,6163222.5000,3450080.2500,-3233086.5000,-2197913.5000,-5504938.0000,1360593.7500,3249106.7500,-1345636.8750,2786017.0000,-8964553.0000,-2077222.8750,2957748.2500,8793424.0000,-2944386.5000,5013207.5000,3748350.5000,7649257.0000,-1349890.2500,6648111.0000,3247511.7500,-124908.8516,-5584689.0000,-5939317.0000,4242809.0000,-4925411.0000,-1644438.7500,-3621741.5000,2449466.0000,-7111662.5000,-2382936.5000,1130378.1250,1779022.7500,2043797.3750,-4108756.7500,-1259505.3750,-702840.6250,-5025366.0000,-4125238.7500,6835792.5000,163791.1875,-4902549.0000,645489.6250,5360923.5000,1507336.3750,-4408622.0000,5052551.5000,668351.6875,8483988.0000,-5136486.5000,-70146.2266,-7148880.0000,4801069.0000,-2397823.5000,-5868604.0000,-8905537.0000,6234999.0000,192501.6875,4993004.0000
1.8069,5258842.0000,5038196.5000,4340637.5000,-4930728.0000,-4748894.5000,-2825822.7500,2035822.2500,-1934733.7500,-3111332.7500,320635.5938,-359909.6250,1238308.2500,6137702.0000,3423496.5000,-3250100.0000,-2211737.0000,-5523546.5000,1336136.6250,3231561.5000,-1365308.8750,2759433.2500,-8978377.0000,-2081476.3750,2948178.2500,8768966.0000,-2979477.0000,4987687.0000,3722830.0000,7626395.0000,-1361055.3750,6636946.0000,3233688.2500,-149365.9375,-5605424.5000,-5965369.0000,4222605.5000,-4934981.0000,-1666237.3750,-3635033.5000,2427135.7500,-7148880.0000,-2403672.0000,1117086.1250,1759882.3750,2029973.7500,-4123643.7500,-1270670.5000,-727297.6875,-5039721.5000,-4141720.7500,6827817.5000,148904.2656,-4914246.0000,627412.6250,5348163.5000,1489259.3750,-4426167.5000,5038196.5000,652933.0625,8463784.0000,-5156158.5000,-88223.2109,-7162703.5000,4785118.5000,-2418559.0000,-5894124.5000,-8931058.0000,6208946.5000,176019.7344,4978117.0000
1.8089,5279577.0000,5054678.5000,4354461.0000,-4912119.0000,-4727096.0000,-2801897.2500,2061342.6250,-1909745.0000,-3093787.2500,348282.7500,-340769.2812,1256385.2500,6155779.0000,3435725.0000,-3220858.0000,-2185153.2500,-5492177.5000,1353682.0000,3255486.7500,-1337130.0000,2773256.7500,-8953388.0000,-2044790.7500,2979547.0000,8785448.0000,-2965653.5000,5013207.5000,3743565.2500,7650852.0000,-1329154.8750,6668315.0000,3260272.0000,-133415.6562,-5590537.5000,-5948355.5000,4247594.0000,-4904675.5000,-1645502.1250,-3608449.7500,2456909.5000,-7144094.5000,-2378683.2500,1136758.1250,1786466.2500,2059747.6250,-4101845.0000,-1243555.0000,-707625.6875,-5012606.0000,-4111415.0000,6859718.0000,178146.4375,-4885535.5000,658249.8125,5375279.0000,1516906.5000,-4399583.5000,5059995.0000,677390.1875,8487710.0000,-5133828.0000,-64829.4648,-7137183.0000,4806385.5000,-2401545.2500,-5876579.5000,-8916171.0000,6232872.0000,193033.3750,4998320.5000
1.8109,5262032.0000,5027031.0000,4324687.0000,-4937108.0000,-4749958.0000,-2816784.2500,2050709.1250,-1921441.8750,-3119307.7500,328610.7500,-365758.0625,1237244.8750,6138765.5000,3422964.7500,-3232023.0000,-2194191.7500,-5510254.5000,1329224.8750,3232093.0000,-1354675.3750,2745609.5000,-8966148.0000,-2054360.8750,2976888.7500,8762586.0000,-2980540.5000,4994599.0000,3724425.0000,7642345.0000,-1338725.0000,6660339.5000,3256550.2500,-152556.0000,-5607019.5000,-5963242.5000,4228454.0000,-4912651.0000,-1669427.5000,-3625995.0000,2442554.2500,-7181843.5000,-2397291.7500,1119212.8750,1773174.2500,2048582.3750,-4116200.2500,-1258442.0000,-718790.8750,-5029619.5000,-4126833.7500,6850148.0000,162727.8438,-4900422.0000,647616.3125,5361455.5000,1500956.2500,-4418192.0000,5042981.5000,660376.5000,8469101.0000,-5154031.5000,-85564.8281,-7152601.5000,4788840.5000,-2418027.2500,-5894656.5000,-8926273.0000,6223302.0000,176019.7344,4970142.0000
1.8129,5251930.0000,5008422.5000,4302357.0000,-4956248.0000,-4764313.0000,-2823164.2500,2049114.1250,-1929417.0000,-3133663.0000,317977.2188,-381176.6562,1229269.7500,6125473.5000,3418711.2500,-3234149.7500,-2198976.7500,-5519824.5000,1307957.8750,3214547.7500,-1361055.3750,2731254.2500,-8970933.0000,-2059146.0000,2976888.7500,8741851.0000,-2986920.5000,4986092.0000,3713791.5000,7640750.0000,-1338725.0000,6655023.0000,3256018.5000,-168506.2812,-5614463.0000,-5970154.0000,4216757.0000,-4911587.5000,-1681124.3750,-3636096.7500,2433515.7500,-7213744.5000,-2410583.7500,1108047.6250,1762540.7500,2050177.5000,-4122580.2500,-1262163.7500,-730487.7500,-5041316.5000,-4140125.5000,6839514.5000,151562.6406,-4913182.5000,632729.3750,5348163.5000,1488727.6250,-4432015.5000,5031816.0000,647616.3125,8457936.0000,-5167323.5000,-96198.3438,-7163235.0000,4774485.0000,-2431319.0000,-5907416.5000,-8932653.0000,6216922.0000,156879.4062,4953128.0000
1.8149,5281172.0000,5039791.5000,4325750.5000,-4925942.5000,-4731881.0000,-2792327.0000,2092711.5000,-1893263.0000,-3100699.2500,350409.4375,-355124.5312,1267018.7500,6155247.5000,3456460.2500,-3195869.2500,-2160696.0000,-5489519.0000,1339326.7500,3243790.0000,-1323306.5000,2766345.0000,-8931058.0000,-2011295.1250,3014106.0000,8772688.0000,-2952361.5000,5027563.0000,3752072.2500,7682752.5000,-1298317.6250,6699152.0000,3301742.7500,-142985.8281,-5573524.0000,-5932405.5000,4255037.5000,-4864268.5000,-1643907.0000,-3601006.2500,2474986.5000,-7197262.5000,-2374961.5000,1154303.5000,1805606.5000,2105471.7500,-4084831.2500,-1221224.6250,-693802.1250,-5006757.5000,-4105566.7500,6872478.5000,187184.9375,-4879155.0000,665161.6250,5380595.5000,1523818.2500,-4399052.0000,5060526.5000,682175.2500,8488242.0000,-5135954.5000,-68551.1953,-7130271.0000,4805854.0000,-2401013.5000,-5878174.5000,-8905005.0000,6250417.5000,184526.5625,4985560.5000
1.8169,5262563.5000,5013739.0000,4304483.5000,-4943488.0000,-4747299.5000,-2814657.5000,2078356.2500,-1907086.6250,-3120371.2500,324357.3438,-366821.4062,1250005.1250,6146209.0000,3441041.7500,-3196932.5000,-2172393.0000,-5504406.0000,1318591.3750,3230498.0000,-1330749.8750,2753053.0000,-8937969.0000,-2013421.8750,3000814.0000,8751953.0000,-2967780.2500,5019587.5000,3743565.2500,7676372.5000,-1301507.7500,6694367.0000,3289514.0000,-165316.2188,-5587879.0000,-5951014.0000,4249189.0000,-4860546.5000,-1647628.7500,-3618019.7500,2465948.0000,-7230226.0000,-2395165.2500,1151113.3750,1795504.6250,2111851.7500,-4090679.7500,-1238238.2500,-714005.8125,-5025898.0000,-4123643.7500,6855464.5000,166981.2500,-4896700.5000,647616.3125,5362518.5000,1508931.3750,-4413407.0000,5046703.0000,669946.6875,8479735.0000,-5151905.0000,-84501.4766,-7148880.0000,4793093.5000,-2408457.0000,-5888276.0000,-8930526.0000,6245100.5000,173893.0312,4970142.0000
1.8189,5276919.0000,5017461.0000,4314053.5000,-4928069.5000,-4734539.5000,-2809872.5000,2088458.1250,-1893263.0000,-3110801.0000,336585.8750,-343427.6562,1267550.5000,6163754.5000,3453270.2500,-3173007.0000,-2156442.7500,-5495899.5000,1336136.6250,3249638.5000,-1313204.6250,2763686.5000,-8921487.0000,-1987901.3750,3010916.0000,8762055.0000,-2963526.7500,5037133.0000,3758452.2500,7696576.0000,-1277582.2500,6726267.5000,3309186.0000,-155746.0469,-5567675.5000,-5934532.0000,4277368.0000,-4823861.0000,-1616791.6250,-3599411.2500,2486683.5000,-7230758.0000,-2379215.0000,1174507.1250,1819961.7500,2148537.5000,-4071007.7500,-1228136.5000,-704967.3125,-5007289.0000,-4108756.7500,6869288.5000,179741.4688,-4881282.0000,661971.5625,5376874.0000,1521691.6250,-4401178.5000,5061590.0000,685365.3125,8495685.0000,-5143930.0000,-71741.2500,-7140373.0000,4806385.5000,-2393570.2500,-5878706.0000,-8928399.0000,6253076.0000,181868.1719,4981838.5000
1.8209,5288615.5000,5030221.0000,4333194.0000,-4907865.5000,-4711677.5000,-2796048.7500,2103345.0000,-1877312.7500,-3094850.7500,352004.4688,-326945.7188,1285095.7500,6186616.5000,3469220.5000,-3155993.5000,-2141555.7500,-5474632.5000,1358998.7500,3278349.0000,-1287684.1250,2788143.7500,-8904474.0000,-1960254.2500,3028461.2500,8785448.0000,-2945449.7500,5064780.0000,3790884.5000,7724755.0000,-1245681.7500,6757636.5000,3330984.7500,-136074.0469,-5538433.5000,-5904226.5000,4310332.0000,-4782390.0000,-1582232.6250,-3575485.7500,2505292.0000,-7221719.5000,-2363264.5000,1196837.6250,1851330.6250,2185754.7500,-4050272.5000,-1217502.8750,-694865.4375,-4991870.5000,-4090679.7500,6880453.5000,194096.7188,-4852571.5000,683238.6250,5395482.5000,1541363.6250,-4383633.0000,5079135.5000,705037.3125,8515889.0000,-5124258.0000,-57917.6797,-7126549.5000,4823931.0000,-2373898.0000,-5864350.5000,-8920424.0000,6265836.0000,194096.7188,4994067.0000
1.8229,5263627.0000,4995130.5000,4300230.0000,-4939234.5000,-4743046.0000,-2836456.2500,2074102.8750,-1911871.7500,-3135789.7500,315850.5000,-356187.8750,1245220.1250,6158969.0000,3436256.7500,-3183109.0000,-2179304.7500,-5496962.5000,1335073.2500,3259208.5000,-1308419.5000,2756243.2500,-8934248.0000,-1979394.5000,2995497.2500,8763650.0000,-2973628.5000,5044576.5000,3775466.0000,7693917.5000,-1263758.7500,6736369.5000,3293767.5000,-171164.6562,-5563954.0000,-5922303.5000,4291723.5000,-4795682.0000,-1596056.2500,-3603664.5000,2477645.0000,-7264785.0000,-2398355.2500,1166532.0000,1828468.6250,2174589.7500,-4082704.5000,-1260037.0000,-731551.1250,-5024302.5000,-4127365.5000,6840578.0000,159537.7812,-4881282.0000,653464.7500,5362518.5000,1512121.3750,-4415534.0000,5050425.0000,677921.8125,8490368.0000,-5157753.5000,-89818.2344,-7162171.5000,4792030.5000,-2402608.5000,-5893061.0000,-8972528.0000,6235530.5000,164322.8750,4965888.5000
1.8249,5291805.5000,5019587.5000,4332662.5000,-4902017.5000,-4699980.5000,-2808809.0000,2101218.2500,-1883161.2500,-3100699.2500,351472.8125,-318970.5625,1270740.5000,6189274.5000,3468157.2500,-3152271.7500,-2151126.0000,-5454428.5000,1368568.8750,3305464.5000,-1270670.5000,2796118.7500,-8903942.0000,-1931543.7500,3024739.5000,8801930.0000,-2932689.5000,5084984.0000,3820126.7500,7727413.5000,-1218034.6250,6776776.5000,3323009.7500,-137137.3906,-5528863.0000,-5879769.5000,4339042.5000,-4741451.0000,-1541825.2500,-3563789.0000,2515394.0000,-7237669.5000,-2364328.0000,1203749.3750,1871534.3750,2222972.2500,-4051867.5000,-1236111.6250,-701777.2500,-4991339.0000,-4094933.2500,6873010.0000,194628.3906,-4845128.0000,686960.3125,5396546.0000,1544553.6250,-4383101.5000,5082325.5000,711949.1250,8523864.0000,-5123194.5000,-56854.3281,-7133993.0000,4824994.0000,-2373898.0000,-5867541.0000,-8967743.0000,6266899.5000,192501.6875,4997257.5000
1.8269,5279577.0000,5012144.0000,4327877.0000,-4908929.0000,-4706360.5000,-2826886.0000,2092179.8750,-1892199.7500,-3108142.5000,352536.1562,-323223.9688,1261170.3750,6180236.0000,3460182.0000,-3161842.0000,-2160696.0000,-5451770.0000,1368568.8750,3307059.5000,-1276519.0000,2790802.0000,-8915639.0000,-1930480.3750,3011447.5000,8801930.0000,-2935348.0000,5089237.0000,3829165.2500,7730071.5000,-1206869.3750,6784752.0000,3328858.0000,-147770.9219,-5538965.0000,-5878706.0000,4344891.0000,-4726564.0000,-1530660.0000,-3564320.5000,2501038.7500,-7248303.0000,-2367518.0000,1198964.2500,1871534.3750,2221908.7500,-4065159.2500,-1255783.6250,-716132.5000,-5007821.0000,-4110883.5000,6854401.5000,177614.7656,-4860015.0000,681111.8750,5384849.0000,1536046.8750,-4387886.5000,5077008.5000,709290.6875,8519610.0000,-5130106.0000,-65361.1406,-7148880.0000,4819677.5000,-2376024.7500,-5872326.0000,-8971997.0000,6279659.5000,188248.2812,4997257.5000
1.8289,5278514.0000,5006295.5000,4322029.0000,-4921689.5000,-4718589.0000,-2844431.2500,2079419.6250,-1909745.0000,-3118776.0000,342966.0000,-333325.8125,1240966.6250,6163754.5000,3441573.5000,-3180982.2500,-2181963.0000,-5453365.0000,1362188.7500,3297489.2500,-1288215.8750,2782827.0000,-8928931.0000,-1936860.5000,2986458.7500,8790233.0000,-2940133.0000,5091364.0000,3836077.0000,7727413.5000,-1206337.7500,6776776.5000,3317693.0000,-165847.8906,-5554383.5000,-5878174.5000,4344891.0000,-4722842.5000,-1529065.0000,-3577612.5000,2473391.5000,-7266912.0000,-2381873.2500,1185140.7500,1861964.1250,2208085.2500,-4085363.0000,-1281835.7500,-732614.4375,-5026429.5000,-4127897.0000,6835792.5000,159006.1094,-4878092.0000,659313.1875,5369430.5000,1525945.0000,-4400115.0000,5062653.5000,695467.1250,8511104.0000,-5144461.5000,-77589.6875,-7164830.0000,4807980.5000,-2388253.2500,-5881896.0000,-8985820.0000,6278596.5000,178678.1250,4987687.0000
1.8309,5331681.5000,5047766.5000,4357119.5000,-4886067.0000,-4686688.5000,-2822101.0000,2100686.7500,-1884224.6250,-3083685.5000,374334.8750,-300361.9062,1265955.3750,6184489.5000,3463903.7500,-3158651.7500,-2161759.5000,-5415616.0000,1402596.1250,3330984.7500,-1264290.3750,2815259.2500,-8905537.0000,-1907618.2500,2997624.0000,8816817.0000,-2914612.5000,5122733.0000,3869041.0000,7752402.0000,-1173373.8750,6801234.0000,3326199.7500,-133947.3438,-5524078.0000,-5834577.0000,4387425.0000,-4683498.5000,-1491316.0000,-3552092.0000,2493595.2500,-7239796.5000,-2353694.5000,1209066.1250,1889079.6250,2230947.2500,-4066222.7500,-1266948.7500,-707625.6875,-5003567.5000,-4106098.2500,6853869.5000,180273.1406,-4856825.0000,678985.1875,5391761.0000,1551997.1250,-4372468.0000,5089237.0000,725241.0000,8544068.0000,-5114156.0000,-51005.8906,-7140904.5000,4834564.5000,-2362201.2500,-5857439.0000,-8952856.0000,6322725.5000,208451.9688,5020119.5000
1.8329,5334871.5000,5042981.5000,4352334.5000,-4891383.5000,-4696258.5000,-2840178.0000,2086863.1250,-1900706.5000,-3093255.7500,363701.3438,-309400.4062,1251600.1250,6165881.0000,3440510.0000,-3178323.7500,-2181963.0000,-5415616.0000,1407381.2500,3315034.5000,-1279177.3750,2808879.0000,-8926804.0000,-1920378.5000,2972103.5000,8806715.0000,-2927372.7500,5111036.0000,3860002.5000,7735920.0000,-1186134.0000,6782625.0000,3299616.0000,-152024.3281,-5538965.0000,-5839893.5000,4375728.0000,-4695195.5000,-1493974.3750,-3569105.7500,2474986.5000,-7250961.5000,-2366986.2500,1193647.5000,1875256.1250,2209148.5000,-4084299.7500,-1294596.0000,-715069.1250,-5023239.5000,-4126833.7500,6828881.0000,162727.8438,-4866395.0000,664629.9375,5382190.5000,1544022.0000,-4385228.0000,5079135.5000,715139.1250,8538219.0000,-5127979.5000,-61107.7344,-7151006.5000,4823931.0000,-2367518.0000,-5864350.5000,-8949135.0000,6328574.0000,202071.8594,5011612.5000
1.8349,5337530.0000,5048830.0000,4359246.0000,-4894574.0000,-4701044.0000,-2848684.7500,2079951.3750,-1906555.0000,-3095914.0000,363169.6875,-307273.6875,1248410.1250,6160032.5000,3426154.7500,-3189489.0000,-2193660.0000,-5411894.5000,1419609.7500,3317161.2500,-1285025.7500,2805157.2500,-8939564.0000,-1937392.1250,2959875.0000,8806184.0000,-2917802.5000,5115289.5000,3867445.7500,7726881.5000,-1186665.7500,6774118.5000,3282602.2500,-148834.2656,-5539496.5000,-5830855.0000,4385298.0000,-4694132.0000,-1492379.3750,-3573359.0000,2466479.7500,-7244581.5000,-2363264.5000,1193647.5000,1872597.7500,2198515.0000,-4093869.7500,-1306824.5000,-721449.2500,-5020049.5000,-4126302.0000,6821969.0000,161132.8125,-4865863.5000,664098.2500,5386975.5000,1552528.7500,-4383101.5000,5078603.5000,716734.1875,8546194.0000,-5125853.0000,-61639.4102,-7146221.5000,4825526.0000,-2366454.7500,-5863819.0000,-8959236.0000,6325384.0000,198881.8125,5002574.0000
1.8369,5358265.0000,5083389.0000,4390083.5000,-4870648.5000,-4676055.0000,-2829012.7500,2104408.5000,-1883161.2500,-3068267.0000,386563.4062,-282284.9375,1281374.0000,6175983.0000,3433066.5000,-3173538.7500,-2178241.2500,-5378399.0000,1455232.1250,3346935.0000,-1260568.6250,2824297.7500,-8925741.0000,-1926758.6250,2971572.0000,8833299.0000,-2890687.2500,5148253.0000,3898283.0000,7747085.5000,-1167525.3750,6791663.5000,3300147.5000,-119060.4141,-5513976.5000,-5809056.5000,4420389.0000,-4672865.0000,-1467390.6250,-3548370.2500,2482961.7500,-7205237.5000,-2327110.7500,1218636.2500,1898649.8750,2213402.0000,-4077919.5000,-1295659.2500,-707094.0000,-4996124.0000,-4105566.7500,6836856.0000,185058.2344,-4828646.0000,698657.1875,5417281.5000,1585492.6250,-4354391.0000,5109441.0000,743849.6250,8579690.0000,-5093420.5000,-32928.9102,-7113789.0000,4854236.5000,-2335617.5000,-5832982.0000,-8935843.0000,6355157.5000,225465.6094,5039259.5000
1.8389,5325833.0000,5057868.5000,4359246.0000,-4904144.0000,-4708487.0000,-2865166.7500,2071976.1250,-1917720.1250,-3095914.0000,348282.7500,-311527.0938,1261170.3750,6145145.5000,3394786.0000,-3211819.5000,-2211205.2500,-5400729.5000,1428116.6250,3317693.0000,-1293532.6250,2786017.0000,-8962426.0000,-1976736.1250,2929037.7500,8800335.0000,-2918866.0000,5119011.0000,3867977.5000,7709336.5000,-1201021.0000,6756573.0000,3270373.7500,-144580.8594,-5531521.5000,-5835108.5000,4393273.5000,-4713272.5000,-1500886.2500,-3586119.2500,2449997.7500,-7233948.0000,-2355821.2500,1185140.7500,1865154.2500,2169273.0000,-4114605.2500,-1342978.5000,-741652.9375,-5026429.5000,-4135340.5000,6802297.0000,154221.0312,-4856825.0000,672605.0625,5389634.0000,1561035.6250,-4381506.5000,5081262.0000,718860.8750,8555233.0000,-5121599.5000,-60576.0586,-7137714.5000,4827121.0000,-2363796.2500,-5862224.0000,-8956046.0000,6329637.0000,190374.9844,5013739.0000
1.8409,5346568.5000,5068502.0000,4359246.0000,-4897764.0000,-4702639.0000,-2861976.7500,2077292.8750,-1915061.7500,-3085280.5000,344029.3438,-311527.0938,1273398.8750,6145145.5000,3392127.5000,-3214477.7500,-2214395.2500,-5389032.5000,1429180.0000,3318756.2500,-1291405.8750,2774320.0000,-8963490.0000,-1992686.5000,2923721.0000,8801399.0000,-2903979.0000,5116884.5000,3867977.5000,7703488.0000,-1203679.3750,6751788.0000,3263993.7500,-135010.6875,-5513976.5000,-5835640.0000,4391146.5000,-4726564.0000,-1500354.5000,-3591436.0000,2445744.2500,-7234479.5000,-2348909.2500,1184609.0000,1862495.8750,2154917.7500,-4117263.5000,-1354143.6250,-740057.9375,-5017922.5000,-4127365.5000,6807614.0000,161132.8125,-4856293.0000,673136.7500,5395482.5000,1570074.1250,-4371404.5000,5086579.0000,719924.2500,8565335.0000,-5118409.5000,-53664.2695,-7134524.5000,4831906.0000,-2363796.2500,-5861692.5000,-8962958.0000,6333359.0000,191438.3438,5022777.5000
1.8429,5358797.0000,5085515.5000,4364563.0000,-4881813.5000,-4699448.5000,-2854533.2500,2094306.6250,-1911340.0000,-3081027.2500,344561.0312,-310463.7500,1278184.0000,6150994.0000,3389469.2500,-3219794.5000,-2210673.5000,-5383184.0000,1438218.5000,3320351.2500,-1288747.5000,2771661.7500,-8962958.0000,-2007041.7500,2914682.5000,8805120.0000,-2882712.0000,5115289.5000,3867977.5000,7704019.5000,-1203147.6250,6750724.5000,3255486.7500,-129162.2578,-5498557.5000,-5852654.0000,4385830.0000,-4743578.0000,-1504076.2500,-3598879.5000,2425009.0000,-7238733.0000,-2347314.2500,1186735.7500,1858774.1250,2136840.7500,-4126302.0000,-1366903.8750,-734741.1875,-5011011.0000,-4120985.2500,6811335.5000,167512.9219,-4853103.0000,673668.4375,5400267.5000,1579112.6250,-4367151.5000,5092427.5000,722582.6250,8575968.0000,-5110966.0000,-48879.1875,-7133461.0000,4837754.5000,-2356352.7500,-5854249.0000,-8969338.0000,6347714.0000,197286.7812,5029158.0000
1.8449,5347100.0000,5073818.5000,4348081.0000,-4898295.5000,-4720184.0000,-2873673.5000,2076229.6250,-1931012.0000,-3093255.7500,325420.6875,-332262.4688,1257448.6250,6135044.0000,3366075.5000,-3241593.2500,-2231409.0000,-5402856.0000,1433433.3750,3303337.7500,-1305229.5000,2752521.5000,-8980503.0000,-2041069.0000,2887567.0000,8785448.0000,-2884838.7500,5091895.5000,3845647.2500,7681689.0000,-1228136.5000,6723077.5000,3215079.5000,-152556.0000,-5508659.5000,-5884022.5000,4357651.0000,-4779732.0000,-1529065.0000,-3625463.2500,2380880.0000,-7262127.0000,-2367518.0000,1167063.7500,1826341.8750,2098560.0000,-4152885.7500,-1388702.6250,-753349.8125,-5029619.5000,-4138530.5000,6792727.0000,149967.6250,-4871711.5000,651338.0625,5381659.0000,1564757.3750,-4382570.0000,5075413.5000,706100.6875,8564803.0000,-5125853.0000,-66424.4922,-7156323.5000,4819677.5000,-2374429.7500,-5872857.5000,-8984757.0000,6335485.5000,179209.7969,5011612.5000
1.8469,5371557.0000,5100934.0000,4364031.0000,-4872243.5000,-4699980.5000,-2856660.0000,2087394.7500,-1913998.3750,-3068267.0000,342434.3125,-308337.0625,1270740.5000,6156311.0000,3377772.2500,-3227769.7500,-2213863.7500,-5390627.5000,1460548.8750,3318756.2500,-1286620.7500,2771661.7500,-8964022.0000,-2037878.8750,2905644.0000,8796082.0000,-2855064.7500,5103592.5000,3855217.2500,7692322.5000,-1216439.6250,6730521.0000,3215611.2500,-139264.0938,-5496431.0000,-5878706.0000,4363499.5000,-4785048.5000,-1512051.3750,-3614298.0000,2385665.0000,-7254683.5000,-2354757.7500,1185672.3750,1826873.6250,2096965.0000,-4139594.0000,-1378069.1250,-746969.6875,-5012074.0000,-4123643.7500,6811867.5000,165917.8906,-4858420.0000,666756.6250,5397609.0000,1581771.0000,-4371936.5000,5087110.5000,714075.8125,8586070.0000,-5111497.5000,-52069.2422,-7143563.0000,4834564.5000,-2360074.5000,-5857439.0000,-8960831.0000,6353562.5000,195160.0781,5031284.5000
1.8489,5394419.0000,5119011.0000,4383703.0000,-4848849.5000,-4685625.0000,-2843368.0000,2101218.2500,-1898048.1250,-3043809.7500,363701.3438,-288133.3750,1296261.0000,6178641.0000,3398507.7500,-3215009.5000,-2202166.7500,-5377335.5000,1470119.0000,3326731.5000,-1269075.5000,2791333.7500,-8944881.0000,-2036815.6250,2919467.7500,8808310.0000,-2835924.5000,5117416.0000,3872231.0000,7709868.0000,-1208464.3750,6731052.5000,3219864.5000,-129162.2578,-5486329.0000,-5872326.0000,4370411.5000,-4790365.5000,-1500354.5000,-3608981.2500,2382475.0000,-7252556.5000,-2345187.5000,1190457.5000,1832190.3750,2086863.1250,-4134808.7500,-1361587.1250,-743248.0000,-5003035.5000,-4115136.7500,6817184.0000,174424.7188,-4850444.5000,674731.7500,5408774.5000,1596126.2500,-4357049.5000,5094554.0000,722050.9375,8598830.0000,-5096079.0000,-40904.0469,-7135588.0000,4843603.0000,-2348377.7500,-5842020.5000,-8930526.0000,6375361.5000,215895.4375,5057336.5000
1.8509,5374215.5000,5099870.5000,4364031.0000,-4865863.5000,-4705829.0000,-2863040.0000,2083141.3750,-1916125.1250,-3062418.5000,341902.6250,-300893.5938,1281374.0000,6167476.0000,3384684.0000,-3241593.2500,-2218648.7500,-5404982.5000,1449383.6250,3302806.0000,-1284494.1250,2773788.5000,-8963490.0000,-2069779.5000,2893415.5000,8784917.0000,-2858786.5000,5094022.5000,3848305.5000,7689664.5000,-1231858.1250,6694367.0000,3185305.5000,-158936.1094,-5510786.0000,-5895719.5000,4341701.0000,-4829709.5000,-1525343.2500,-3640882.0000,2355359.5000,-7279140.5000,-2366454.7500,1161215.2500,1808796.6250,2053367.5000,-4156607.5000,-1378069.1250,-761324.9375,-5021112.5000,-4139594.0000,6797512.0000,154221.0312,-4877028.5000,653996.4375,5386444.0000,1575390.8750,-4383633.0000,5071692.0000,691213.7500,8578095.0000,-5123194.5000,-66424.4922,-7160576.5000,4819146.0000,-2373898.0000,-5869136.0000,-8947540.0000,6345587.5000,194628.3906,5042981.5000
1.8529,5395482.5000,5125923.0000,4393805.0000,-4838748.0000,-4674991.5000,-2835924.5000,2116637.0000,-1891136.3750,-3032113.0000,374866.5312,-272714.7500,1309552.8750,6196186.5000,3409141.2500,-3222984.5000,-2193660.0000,-5383184.0000,1481284.2500,3332048.2500,-1257378.6250,2809942.5000,-8938501.0000,-2058614.2500,2913087.5000,8812032.0000,-2830076.0000,5120074.5000,3869041.0000,7716248.0000,-1221756.3750,6702342.0000,3193812.5000,-136605.7188,-5490051.0000,-5857970.5000,4356587.5000,-4823861.0000,-1510456.3750,-3635033.5000,2370778.0000,-7261595.0000,-2343061.0000,1175038.8750,1824215.1250,2060279.2500,-4143315.7500,-1357865.3750,-736336.1875,-5000377.5000,-4114605.2500,6823032.5000,180273.1406,-4849381.5000,685897.0000,5414091.0000,1602506.3750,-4354922.5000,5093490.5000,710354.0625,8597235.0000,-5098737.5000,-38245.6680,-7138778.0000,4842008.0000,-2351036.0000,-5847869.0000,-8927336.0000,6366854.5000,225465.6094,5075945.5000
1.8549,5392292.5000,5126454.5000,4391678.5000,-4846723.0000,-4672865.0000,-2834329.5000,2125143.7500,-1892731.3750,-3029454.5000,379651.6250,-274309.7812,1310616.2500,6198845.0000,3415521.2500,-3229896.5000,-2200040.0000,-5390627.5000,1479689.1250,3332048.2500,-1259505.3750,2819512.5000,-8943818.0000,-2074032.8750,2909897.5000,8809905.0000,-2825291.0000,5118479.5000,3865850.7500,7714653.0000,-1238770.0000,6687987.0000,3179457.2500,-142454.1562,-5499089.5000,-5851059.0000,4346486.0000,-4844596.5000,-1524811.6250,-3648325.2500,2369183.0000,-7269038.5000,-2347846.0000,1161747.0000,1810391.6250,2048582.3750,-4150227.5000,-1356270.3750,-732082.8125,-4996655.5000,-4113541.7500,6826222.5000,181868.1719,-4845128.0000,691745.4375,5410901.0000,1606759.7500,-4359708.0000,5086047.0000,703973.9375,8590855.0000,-5101927.5000,-44625.7812,-7138778.0000,4840413.0000,-2357416.2500,-5854780.5000,-8930526.0000,6364196.0000,234504.0938,5081262.0000
1.8569,5377937.0000,5100402.5000,4363499.5000,-4878623.5000,-4696258.5000,-2857191.5000,2107066.7500,-1919846.8750,-3049658.2500,355726.2188,-296108.5000,1286690.7500,6180236.0000,3395317.5000,-3260733.5000,-2228750.5000,-5421996.5000,1451510.3750,3308122.7500,-1282899.1250,2796118.7500,-8978377.0000,-2116035.2500,2877465.2500,8779068.0000,-2855064.7500,5087110.5000,3829696.7500,7681689.0000,-1277050.6250,6649174.5000,3150215.0000,-170101.2969,-5517166.5000,-5882427.5000,4312990.5000,-4886067.0000,-1559370.5000,-3680757.5000,2339409.2500,-7290305.5000,-2372834.7500,1142606.6250,1777427.7500,2015086.8750,-4182128.0000,-1375942.3750,-748564.7500,-5021644.5000,-4134277.2500,6808677.0000,157942.7500,-4857888.0000,666756.6250,5387507.5000,1588682.7500,-4380443.0000,5062121.5000,673136.7500,8567993.0000,-5125321.0000,-65361.1406,-7157386.5000,4815956.0000,-2382936.5000,-5885086.0000,-8958173.0000,6338144.0000,208983.6406,5056805.0000
1.8589,5404521.0000,5124328.0000,4384235.0000,-4855761.5000,-4668611.5000,-2829544.5000,2133650.5000,-1896984.7500,-3019352.7500,378056.5938,-278031.5312,1307957.8750,6204161.5000,3425623.2500,-3243720.0000,-2204293.5000,-5403919.5000,1479157.5000,3333643.2500,-1260568.6250,2813132.5000,-8959768.0000,-2106996.7500,2891820.5000,8805120.0000,-2838051.2500,5107314.0000,3844052.0000,7696576.0000,-1270670.5000,6656618.0000,3168292.0000,-150960.9688,-5499089.5000,-5873921.0000,4324155.5000,-4878623.5000,-1557243.8750,-3669592.5000,2363866.2500,-7266912.0000,-2349972.7500,1165468.6250,1797631.3750,2028378.7500,-4167772.7500,-1349358.5000,-727297.6875,-4993465.5000,-4106630.0000,6836856.0000,184526.5625,-4832899.5000,686960.3125,5408243.0000,1617393.2500,-4358113.0000,5079135.5000,693340.4375,8590323.0000,-5102459.0000,-45157.4570,-7133461.0000,4839349.5000,-2370708.0000,-5867541.0000,-8938501.0000,6362601.0000,232909.0625,5079135.5000
1.8609,5374215.5000,5090300.5000,4357119.5000,-4888193.5000,-4696258.5000,-2847089.7500,2108661.7500,-1922505.2500,-3036898.0000,345624.3750,-306742.0312,1281905.7500,6177046.0000,3400634.5000,-3274557.2500,-2235662.2500,-5440605.0000,1450978.6250,3307059.5000,-1294064.2500,2777510.2500,-8992200.0000,-2150594.2500,2858856.5000,8785448.0000,-2872610.2500,5078072.0000,3815873.2500,7660422.0000,-1313736.2500,6609830.5000,3137454.7500,-181266.5000,-5536838.5000,-5916455.0000,4288533.0000,-4925411.0000,-1612006.5000,-3715848.2500,2332497.5000,-7296154.0000,-2380278.2500,1132504.7500,1762540.7500,1991693.1250,-4201800.0000,-1382322.5000,-755476.5000,-5021112.5000,-4131087.2500,6816120.5000,159537.7812,-4858420.0000,658249.8125,5381127.5000,1593467.8750,-4384696.5000,5048298.0000,666756.6250,8565335.0000,-5125853.0000,-68019.5234,-7160576.5000,4811170.5000,-2397823.5000,-5893061.0000,-8947008.0000,6340270.5000,215895.4375,5055741.5000
1.8629,5372620.5000,5092427.5000,4352866.0000,-4890852.0000,-4696258.5000,-2845494.7500,2103876.7500,-1925695.2500,-3035834.7500,341370.9688,-317907.2188,1277120.6250,6177046.0000,3399039.2500,-3280937.2500,-2242574.2500,-5437946.5000,1457358.7500,3311844.5000,-1297254.3750,2757306.5000,-8997517.0000,-2164949.5000,2855134.7500,8792360.0000,-2891218.7500,5071692.0000,3812683.2500,7647662.0000,-1333408.2500,6587500.0000,3123631.2500,-181798.1719,-5542687.0000,-5921771.5000,4274709.5000,-4945083.0000,-1648692.1250,-3742432.0000,2324522.2500,-7298281.0000,-2386658.2500,1124529.6250,1750312.2500,1981059.6250,-4210307.0000,-1385512.5000,-759729.9375,-5020049.5000,-4130023.7500,6820906.0000,157411.0781,-4862141.5000,652401.3750,5376874.0000,1596126.2500,-4387886.5000,5046171.5000,661439.8750,8563208.0000,-5130638.0000,-73336.2812,-7168552.0000,4805854.0000,-2403140.2500,-5899973.0000,-8929463.0000,6344524.0000,225997.2812,5057868.5000
1.8649,5398141.0000,5119542.5000,4385298.0000,-4864268.5000,-4666485.0000,-2808277.2500,2120890.2500,-1901238.2500,-3006060.7500,379651.6250,-283879.9688,1308489.5000,6210010.0000,3432535.0000,-3258075.2500,-2220243.7500,-5405514.5000,1494044.3750,3349593.5000,-1266948.7500,2779105.2500,-8968275.0000,-2139429.0000,2881718.7500,8825856.0000,-2868356.7500,5103061.0000,3844583.7500,7675840.5000,-1321711.3750,6600260.0000,3142239.7500,-150429.2969,-5516634.5000,-5889871.0000,4300762.0000,-4931259.5000,-1652413.8750,-3727545.0000,2358017.7500,-7263722.0000,-2353162.7500,1152176.7500,1776364.3750,2004453.3750,-4188508.2500,-1354675.3750,-728361.0625,-4987085.5000,-4095464.7500,6854933.0000,187716.6094,-4840874.5000,674731.7500,5402394.5000,1622178.3750,-4362366.0000,5064780.0000,684301.9375,8586602.0000,-5102991.0000,-44625.7812,-7147816.5000,4830842.5000,-2381873.2500,-5873921.0000,-8885333.0000,6380678.0000,263214.5938,5093490.5000
1.8669,5369430.5000,5094554.0000,4359778.0000,-4890320.5000,-4696790.5000,-2834861.2500,2088458.1250,-1927290.3750,-3031049.5000,358384.5938,-308868.7188,1280310.7500,6182363.0000,3405419.5000,-3283595.7500,-2243637.5000,-5425718.0000,1471714.0000,3336301.5000,-1287152.5000,2754116.5000,-8999112.0000,-2169203.0000,2859388.2500,8806184.0000,-2889623.7500,5078072.0000,3827570.2500,7652447.0000,-1359460.3750,6567296.5000,3123099.5000,-172228.0156,-5544282.0000,-5898378.0000,4274178.0000,-4966350.0000,-1703454.7500,-3759977.2500,2326649.0000,-7284989.0000,-2370708.0000,1135163.1250,1745527.1250,1977337.8750,-4214028.5000,-1376474.0000,-749628.0625,-5011011.0000,-4120985.2500,6832071.0000,165386.2188,-4868521.5000,652933.0625,5377937.0000,1603569.6250,-4387355.0000,5038196.5000,661439.8750,8567993.0000,-5121599.5000,-64297.7891,-7173337.0000,4806385.5000,-2406862.0000,-5895188.0000,-8905005.0000,6363664.5000,260556.2188,5075413.5000
1.8689,5380595.5000,5097744.0000,4366689.5000,-4876497.0000,-4691473.5000,-2826354.2500,2084204.7500,-1923568.6250,-3020416.0000,361042.9688,-301956.9375,1284032.3750,6186616.5000,3413394.5000,-3274557.2500,-2228219.0000,-5425718.0000,1469055.6250,3347466.7500,-1280240.7500,2756774.7500,-8997517.0000,-2168139.5000,2872148.5000,8816817.0000,-2876863.5000,5080198.5000,3833950.2500,7658295.5000,-1368498.8750,6565701.5000,3129479.7500,-158936.1094,-5550662.0000,-5886149.5000,4265671.0000,-4974857.0000,-1719936.7500,-3758914.0000,2326649.0000,-7278609.0000,-2368049.7500,1141543.2500,1745527.1250,1976274.5000,-4209243.5000,-1370093.8750,-749628.0625,-5006225.5000,-4111415.0000,6844299.5000,174956.3906,-4860546.5000,658249.8125,5382190.5000,1609418.1250,-4387886.5000,5036601.5000,657718.1250,8572246.0000,-5120536.0000,-62702.7617,-7171742.0000,4805854.0000,-2407393.7500,-5893593.0000,-8899689.0000,6368981.0000,270126.3750,5073818.5000
1.8709,5397077.5000,5107846.0000,4377323.0000,-4862673.0000,-4677650.0000,-2808809.0000,2086863.1250,-1911340.0000,-3007124.2500,379651.6250,-292918.4375,1290944.2500,6198313.0000,3432003.2500,-3262860.2500,-2208015.2500,-5416679.5000,1474904.1250,3361290.2500,-1271202.2500,2775383.5000,-8985289.0000,-2159101.0000,2890225.5000,8833299.0000,-2847621.5000,5091895.5000,3843520.5000,7671587.5000,-1366372.2500,6574208.0000,3160316.7500,-140327.4531,-5549067.0000,-5866477.5000,4269393.0000,-4970603.5000,-1728443.5000,-3746685.5000,2346321.0000,-7260532.0000,-2352099.5000,1165468.6250,1751907.2500,1985844.6250,-4197546.5000,-1355207.0000,-741652.9375,-4991870.5000,-4097059.7500,6860781.5000,187184.9375,-4849381.5000,666756.6250,5390166.0000,1623773.3750,-4377785.0000,5042981.5000,670478.3750,8583943.0000,-5106181.0000,-47284.1602,-7164830.0000,4815424.0000,-2397291.7500,-5883491.0000,-8878422.0000,6373234.5000,290330.0625,5091364.0000
1.8729,5376342.0000,5076477.0000,4344891.0000,-4898827.0000,-4710082.0000,-2832202.7500,2052304.1250,-1946962.3750,-3041683.0000,348814.4375,-329072.4062,1245220.1250,6165349.5000,3403292.7500,-3292634.2500,-2238852.5000,-5449112.0000,1441940.1250,3321414.7500,-1309482.8750,2744014.5000,-9018784.0000,-2195255.0000,2854603.2500,8806184.0000,-2878458.5000,5053615.0000,3802581.5000,7633306.5000,-1405716.2500,6533801.0000,3144366.5000,-168506.2812,-5591069.5000,-5910606.5000,4225264.0000,-5014732.5000,-1785332.8750,-3785497.7500,2321332.2500,-7286584.0000,-2388253.2500,1131441.3750,1709904.8750,1948095.6250,-4232637.0000,-1392956.0000,-788440.4375,-5029088.0000,-4131618.7500,6828881.0000,154221.0312,-4880750.0000,634324.4375,5355075.0000,1591872.7500,-4409153.5000,5007891.0000,637514.4375,8560018.0000,-5134891.5000,-80779.7422,-7201515.5000,4781928.5000,-2429192.5000,-5912201.5000,-8910322.0000,6336549.0000,262151.2500,5058400.0000
1.8749,5407711.0000,5103592.5000,4375196.5000,-4863205.0000,-4686157.0000,-2790732.0000,2086331.3750,-1921441.8750,-3019884.5000,384436.7188,-305147.0000,1269677.1250,6190338.0000,3432003.2500,-3264987.0000,-2213863.7500,-5422528.0000,1467992.2500,3341618.2500,-1289810.8750,2770598.5000,-8987415.0000,-2170798.0000,2882250.2500,8838616.0000,-2854533.2500,5072755.0000,3821721.7500,7659358.5000,-1383917.5000,6560916.0000,3176267.2500,-132352.3125,-5570865.5000,-5893061.0000,4245999.0000,-4994529.0000,-1778421.0000,-3762635.7500,2359612.7500,-7257341.5000,-2358479.5000,1154303.5000,1733298.6250,1974679.5000,-4206053.5000,-1369562.2500,-765046.6875,-5001440.5000,-4101845.0000,6858655.0000,182931.5312,-4847786.5000,657186.5000,5374215.5000,1618988.2500,-4385228.0000,5031284.5000,663566.5625,8588728.0000,-5107776.0000,-53664.2695,-7177590.5000,4806385.5000,-2411647.0000,-5894124.5000,-8891182.0000,6348777.5000,286076.6562,5073287.0000
1.8769,5400799.5000,5101465.5000,4374133.0000,-4865863.5000,-4692005.5000,-2789668.7500,2090053.1250,-1932607.1250,-3023074.5000,386563.4062,-313653.8125,1262233.7500,6182363.0000,3432003.2500,-3266050.2500,-2221307.0000,-5429440.0000,1467460.6250,3322478.0000,-1303102.7500,2771661.7500,-8982099.0000,-2173988.0000,2875870.2500,8833831.0000,-2859850.0000,5062653.5000,3812151.5000,7652978.5000,-1392956.0000,6558258.0000,3178925.5000,-133947.3438,-5582031.0000,-5911138.0000,4233239.0000,-5004630.5000,-1800219.7500,-3772205.7500,2365993.0000,-7260000.0000,-2365923.0000,1139948.2500,1720538.3750,1965641.0000,-4211902.0000,-1373284.0000,-766110.0625,-5015796.0000,-4112478.5000,6845363.0000,171766.3281,-4857888.0000,644426.2500,5361455.5000,1609949.7500,-4397988.5000,5019056.0000,652401.3750,8587665.0000,-5109371.0000,-56854.3281,-7192477.5000,4795752.0000,-2420154.0000,-5897846.5000,-8888524.0000,6339739.0000,280228.2188,5074350.5000
1.8789,5392292.5000,5084452.0000,4366689.5000,-4876497.0000,-4701044.0000,-2798707.2500,2088458.1250,-1949089.0000,-3034771.2500,379651.6250,-327477.3750,1250005.1250,6167476.0000,3420838.0000,-3282000.7500,-2238320.7500,-5438478.5000,1458422.1250,3295362.5000,-1316394.6250,2766345.0000,-8989542.0000,-2191533.2500,2858325.0000,8825324.0000,-2868888.5000,5041918.0000,3796201.2500,7642345.0000,-1412096.3750,6542307.5000,3176267.2500,-140327.4531,-5591069.5000,-5938253.5000,4211972.0000,-5026429.5000,-1835310.3750,-3793473.0000,2356422.7500,-7265317.0000,-2383468.2500,1121339.6250,1702461.3750,1948627.3750,-4222535.5000,-1385512.5000,-769300.1250,-5035468.0000,-4133213.7500,6827286.0000,157411.0781,-4871711.5000,624222.5625,5343378.5000,1593999.5000,-4412875.5000,5003105.5000,634324.4375,8578626.0000,-5122131.0000,-71741.2500,-7210022.5000,4779802.0000,-2436104.2500,-5910606.5000,-8890650.0000,6328574.0000,263746.2812,5055210.0000
1.8809,5418876.5000,5120074.5000,4403375.0000,-4835558.0000,-4661168.0000,-2756704.7500,2126207.0000,-1918251.8750,-3002339.0000,408893.8125,-300893.5938,1286690.7500,6200440.0000,3455928.7500,-3246378.2500,-2209078.5000,-5401261.0000,1489259.3750,3321414.7500,-1285557.5000,2801435.5000,-8951793.0000,-2159632.7500,2891288.7500,8865200.0000,-2823696.0000,5067970.0000,3821190.0000,7674777.5000,-1389234.2500,6570486.5000,3224649.7500,-100451.7578,-5557573.5000,-5916986.5000,4240682.5000,-5000909.0000,-1814575.0000,-3765825.7500,2387791.7500,-7219592.5000,-2348909.2500,1157493.5000,1730108.5000,1978932.8750,-4189571.5000,-1350421.8750,-720385.9375,-5003567.5000,-4102376.7500,6861845.0000,189311.6406,-4843533.0000,656123.1250,5372089.0000,1628026.7500,-4379380.0000,5037133.0000,667288.3125,8615844.0000,-5084382.0000,-33460.5859,-7179717.0000,4810639.0000,-2412178.7500,-5879769.5000,-8839609.0000,6363664.5000,284481.6250,5080730.5000
1.8829,5383254.0000,5095617.5000,4384766.5000,-4849381.5000,-4677118.5000,-2775313.5000,2113447.0000,-1938455.5000,-3025201.2500,395070.2188,-328009.0625,1268082.1250,6182894.5000,3433066.5000,-3266050.2500,-2233004.0000,-5407641.0000,1469587.3750,3300679.2500,-1304166.1250,2786017.0000,-8969870.0000,-2177709.7500,2876933.5000,8849250.0000,-2831671.0000,5045108.0000,3794606.2500,7657232.0000,-1414223.0000,6548156.0000,3210826.0000,-112680.3047,-5568739.0000,-5953140.5000,4212503.5000,-5029619.5000,-1850197.2500,-3787092.7500,2372373.0000,-7229163.0000,-2370708.0000,1139948.2500,1705651.5000,1952880.7500,-4207648.5000,-1369562.2500,-727829.3750,-5027493.0000,-4127365.5000,6837919.5000,168044.5938,-4871180.0000,633792.7500,5344973.5000,1607823.1250,-4399052.0000,5013207.5000,648679.6875,8602020.0000,-5106181.0000,-59512.7070,-7204174.0000,4789903.5000,-2428129.0000,-5896251.5000,-8827912.0000,6357816.0000,271189.7500,5069033.5000
1.8849,5367835.5000,5094022.5000,4386361.5000,-4841938.0000,-4676055.0000,-2775313.5000,2111851.7500,-1940050.5000,-3026796.2500,390816.8125,-332262.4688,1268613.8750,6183426.5000,3433598.2500,-3263392.0000,-2235130.7500,-5402856.0000,1471182.3750,3298021.0000,-1305761.1250,2786017.0000,-8972528.0000,-2179304.7500,2884377.0000,8852971.0000,-2836456.2500,5044044.5000,3788757.7500,7653510.5000,-1419539.7500,6540712.5000,3207104.2500,-107895.2188,-5554383.5000,-5959520.5000,4207187.0000,-5032278.0000,-1861362.5000,-3784434.5000,2375031.5000,-7221188.0000,-2367518.0000,1142075.0000,1714158.2500,1955539.1250,-4200736.5000,-1363182.1250,-723575.9375,-5021644.5000,-4122048.7500,6840578.0000,171766.3281,-4877560.0000,629007.6250,5342315.0000,1610481.5000,-4403837.0000,5012676.0000,646021.2500,8602020.0000,-5104586.0000,-60044.3828,-7208427.5000,4786713.5000,-2429192.5000,-5894656.5000,-8816216.0000,6356752.5000,265341.3125,5064780.0000
1.8869,5372620.5000,5109441.0000,4398590.0000,-4824924.0000,-4663826.5000,-2766275.0000,2120890.2500,-1927822.0000,-3017226.0000,398260.2812,-322692.3125,1285095.7500,6198845.0000,3448485.2500,-3245846.7500,-2219180.5000,-5376272.0000,1484474.2500,3307059.5000,-1295659.2500,2796118.7500,-8961895.0000,-2168671.2500,2908302.5000,8870517.0000,-2833797.7500,5055210.0000,3802049.7500,7662017.0000,-1411033.0000,6552941.0000,3219864.5000,-87159.8594,-5527268.0000,-5939317.0000,4216225.5000,-5023771.0000,-1856577.3750,-3767952.5000,2393108.5000,-7197262.5000,-2350504.5000,1160683.6250,1737020.3750,1971489.3750,-4182659.7500,-1341915.1250,-716132.5000,-5007289.0000,-4108756.7500,6851211.5000,183463.2031,-4869585.0000,641236.1875,5352417.0000,1623773.3750,-4384165.0000,5029689.5000,666756.6250,8628072.0000,-5083319.0000,-37182.3164,-7191945.5000,4802664.0000,-2419622.2500,-5878706.0000,-8792290.0000,6383868.0000,286076.6562,5080198.5000
1.8889,5342315.0000,5085515.5000,4379981.5000,-4846191.5000,-4686688.5000,-2791263.7500,2101218.2500,-1948557.3750,-3048595.0000,371676.5000,-341832.6250,1260107.0000,6181831.5000,3428813.2500,-3264987.0000,-2239384.0000,-5381057.5000,1465333.8750,3284197.2500,-1315863.0000,2773788.5000,-8986884.0000,-2192596.5000,2893415.5000,8854035.0000,-2859318.2500,5030221.0000,3774402.5000,7638091.5000,-1440806.8750,6523167.0000,3194875.7500,-106831.8672,-5542155.0000,-5957394.0000,4192831.5000,-5051950.0000,-1891136.3750,-3797194.7500,2363334.5000,-7206832.5000,-2373898.0000,1137821.5000,1716816.6250,1947564.0000,-4204990.0000,-1355738.6250,-744843.0000,-5027493.0000,-4134277.2500,6823564.0000,161132.8125,-4898827.0000,622095.8750,5334340.0000,1609949.7500,-4408090.5000,5013739.0000,655059.7500,8613717.0000,-5101395.5000,-56854.3281,-7211617.5000,4782460.0000,-2440889.2500,-5896783.0000,-8814621.0000,6377488.0000,269063.0312,5063716.5000
1.8909,5329023.0000,5090832.0000,4387956.5000,-4838216.0000,-4679245.0000,-2787542.0000,2108661.7500,-1942708.8750,-3045404.7500,368486.4375,-337047.5625,1264892.1250,6187679.5000,3434130.0000,-3253290.2500,-2229282.2500,-5373614.0000,1470650.6250,3291109.2500,-1310014.5000,2771661.7500,-8987415.0000,-2192065.0000,2905112.5000,8862541.0000,-2856128.2500,5028626.0000,3771212.5000,7642345.0000,-1436021.7500,6525825.5000,3193280.7500,-89286.5625,-5522483.0000,-5945697.0000,4198148.5000,-5045570.0000,-1883692.8750,-3789219.5000,2364929.7500,-7186629.0000,-2358479.5000,1136758.1250,1725855.1250,1960855.8750,-4190103.2500,-1337661.7500,-736867.8750,-5014201.0000,-4123112.0000,6831539.5000,171766.3281,-4891915.5000,635387.7500,5344441.5000,1617924.8750,-4397457.0000,5024372.5000,675263.4375,8631262.0000,-5088104.0000,-43562.4297,-7196730.5000,4794688.5000,-2434509.2500,-5891998.0000,-8808772.0000,6384931.5000,270658.0625,5063185.0000
1.8929,5326364.5000,5096680.5000,4398590.0000,-4821202.5000,-4668611.5000,-2787010.2500,2113447.0000,-1932075.3750,-3039556.5000,375929.9062,-330667.4375,1271272.2500,6197781.5000,3437851.7500,-3241061.5000,-2214395.2500,-5362448.5000,1471182.3750,3294299.2500,-1304166.1250,2771130.0000,-8987947.0000,-2186748.2500,2918936.0000,8875833.0000,-2848153.0000,5028094.5000,3772275.7500,7647662.0000,-1431236.6250,6536991.0000,3192749.0000,-80248.0703,-5516634.5000,-5946229.0000,4198680.0000,-5042379.5000,-1885819.6250,-3784434.5000,2366524.7500,-7174932.0000,-2351567.7500,1138353.2500,1732766.8750,1968831.0000,-4183723.0000,-1329154.8750,-727829.3750,-5004099.0000,-4113010.2500,6835261.0000,175488.0625,-4879687.0000,644957.9375,5355607.0000,1631748.5000,-4388418.5000,5036601.5000,692808.7500,8648276.0000,-5073748.5000,-30802.2051,-7188755.5000,4805854.0000,-2427597.5000,-5881364.5000,-8786442.0000,6397160.0000,275443.1562,5070628.5000
1.8949,5296059.0000,5061058.5000,4367221.5000,-4850976.5000,-4696258.5000,-2821037.5000,2079419.6250,-1962380.8750,-3076242.0000,337649.2188,-368416.4375,1234054.8750,6161096.0000,3395849.2500,-3270303.7500,-2239915.7500,-5391691.0000,1427584.8750,3257613.5000,-1339256.7500,2728064.2500,-9032608.0000,-2225560.5000,2888630.5000,8844996.0000,-2867293.5000,4988219.0000,3733995.2500,7614166.5000,-1467922.2500,6509343.5000,3166165.2500,-111616.9531,-5555978.5000,-5989294.5000,4161994.2500,-5075875.5000,-1925695.2500,-3817930.0000,2329307.2500,-7203642.5000,-2385595.0000,1093160.7500,1691827.8750,1933740.3750,-4217218.5000,-1359460.3750,-762388.3125,-5036531.5000,-4147037.5000,6796448.5000,143587.5000,-4905739.0000,615184.0625,5323706.5000,1598252.8750,-4421914.0000,5005232.5000,665693.3125,8621161.0000,-5104586.0000,-60044.3828,-7225973.0000,4771826.5000,-2461093.0000,-5915391.5000,-8818342.0000,6364728.0000,238757.5000,5035538.0000
1.8969,5312541.0000,5073818.5000,4378386.5000,-4837684.5000,-4676055.0000,-2805619.0000,2095369.8750,-1948557.3750,-3066140.2500,336585.8750,-358314.5938,1245220.1250,6178109.5000,3407014.5000,-3258607.0000,-2214927.0000,-5378930.5000,1420141.5000,3260803.5000,-1325433.1250,2733912.7500,-9027823.0000,-2215458.7500,2904580.7500,8860415.0000,-2855596.5000,4997789.0000,3746755.5000,7629585.0000,-1455162.1250,6529547.5000,3179457.2500,-94603.3203,-5535775.0000,-5971749.5000,4176349.5000,-5059393.5000,-1912403.3750,-3801448.0000,2348979.2500,-7185034.0000,-2364859.7500,1104326.0000,1706183.1250,1948627.3750,-4205522.0000,-1346700.1250,-744843.0000,-5018986.0000,-4126833.7500,6812399.0000,159006.1094,-4887662.0000,629539.3125,5338593.0000,1611544.7500,-4405963.5000,5021182.5000,681111.8750,8637111.0000,-5087572.0000,-44625.7812,-7211617.5000,4788840.5000,-2444079.2500,-5896783.0000,-8823659.0000,6371639.5000,241415.8750,5051488.0000
1.8989,5321048.0000,5096149.0000,4395932.0000,-4814290.5000,-4649471.0000,-2788073.7500,2122485.5000,-1921441.8750,-3049658.2500,344029.3438,-339174.2500,1263297.0000,6198845.0000,3429876.5000,-3245846.7500,-2189406.5000,-5355005.0000,1422268.1250,3274627.2500,-1312672.8750,2750394.7500,-9015062.0000,-2198976.7500,2921594.2500,8879023.0000,-2847089.7500,5018524.5000,3764832.5000,7652447.0000,-1439743.5000,6549751.0000,3185837.2500,-75994.6641,-5511849.5000,-5952609.0000,4193895.0000,-5042379.5000,-1900174.8750,-3788156.2500,2376094.7500,-7160576.5000,-2339339.2500,1127188.0000,1726386.7500,1966704.3750,-4194356.5000,-1328623.2500,-721449.2500,-5001972.5000,-4112478.5000,6824627.5000,176019.7344,-4870648.5000,651338.0625,5359860.5000,1628558.3750,-4385760.0000,5041918.0000,700252.2500,8657846.0000,-5067368.5000,-24422.0938,-7194072.5000,4807980.5000,-2422812.2500,-5876579.5000,-8810899.0000,6395033.5000,253644.4219,5068502.0000
1.9010,5285425.5000,5066907.0000,4362436.0000,-4841938.0000,-4682435.0000,-2815189.2500,2087926.5000,-1949620.7500,-3087407.2500,299900.2500,-371074.8125,1238840.0000,6175451.0000,3403292.7500,-3284127.2500,-2218648.7500,-5391159.0000,1386645.8750,3233688.2500,-1346700.1250,2714240.7500,-9058128.0000,-2240447.5000,2890757.2500,8840743.0000,-2890155.5000,4985028.5000,3724956.7500,7618951.5000,-1475897.5000,6517319.0000,3157126.7500,-102578.4609,-5542687.0000,-5985041.0000,4159867.7500,-5076407.0000,-1935265.5000,-3820588.5000,2356954.5000,-7190350.5000,-2373898.0000,1102199.2500,1695017.8750,1932145.3750,-4229447.0000,-1357333.7500,-748033.0625,-5028024.5000,-4140657.2500,6792727.0000,145182.5312,-4900422.0000,623159.1875,5330618.0000,1599847.8750,-4421382.0000,5011081.0000,668883.3750,8627541.0000,-5100332.5000,-55259.2969,-7219592.5000,4775548.5000,-2450991.2500,-5905290.0000,-8833229.0000,6362069.5000,212705.3750,5038196.5000
1.9030,5299249.0000,5075945.5000,4372538.0000,-4834494.5000,-4667016.5000,-2801897.2500,2103345.0000,-1934202.1250,-3080495.5000,302026.9375,-358314.5938,1248941.7500,6189274.5000,3421369.7500,-3274025.5000,-2207483.5000,-5391691.0000,1395684.3750,3237941.5000,-1338193.3750,2731786.0000,-9050153.0000,-2229814.0000,2904580.7500,8853503.0000,-2879522.0000,4998320.5000,3733995.2500,7635433.5000,-1467390.6250,6537522.5000,3172545.5000,-83438.1250,-5537901.5000,-5968027.5000,4170501.2500,-5061520.0000,-1921973.5000,-3802511.5000,2383538.2500,-7168552.0000,-2355289.5000,1118681.2500,1708309.8750,1944374.0000,-4216155.5000,-1338725.0000,-728361.0625,-5012074.0000,-4127897.0000,6809740.5000,162196.1719,-4886067.0000,639641.1875,5344973.5000,1612076.5000,-4403837.0000,5025968.0000,676326.8125,8640833.0000,-5085977.0000,-40372.3711,-7199920.5000,4789372.0000,-2436636.0000,-5891998.0000,-8818874.0000,6358879.5000,206325.2656,5046703.0000
1.9050,5297122.5000,5075413.5000,4371474.5000,-4837684.5000,-4660636.5000,-2801365.5000,2110256.7500,-1924100.2500,-3076773.7500,305748.6562,-358314.5938,1250536.8750,6198845.0000,3433066.5000,-3272962.2500,-2204825.2500,-5389564.0000,1401532.7500,3236878.2500,-1342446.7500,2741356.2500,-9046431.0000,-2225028.7500,2915746.0000,8860415.0000,-2876863.5000,5001510.5000,3734526.7500,7639155.0000,-1461542.1250,6553473.0000,3181584.0000,-71741.2500,-5529395.0000,-5958457.5000,4180603.0000,-5053013.0000,-1910276.7500,-3791346.2500,2396298.5000,-7158450.0000,-2347846.0000,1114427.7500,1708841.5000,1952880.7500,-4211902.0000,-1329154.8750,-719322.5625,-5005694.0000,-4125238.7500,6811867.5000,166449.5781,-4885535.5000,641767.8750,5351885.0000,1618988.2500,-4396393.5000,5033411.0000,675795.1250,8642959.0000,-5081192.0000,-36118.9648,-7184502.0000,4797879.0000,-2428129.0000,-5887213.0000,-8817811.0000,6353031.0000,201008.5156,5052020.0000
1.9070,5265222.0000,5046703.0000,4345954.0000,-4863736.5000,-4686157.0000,-2829544.5000,2081546.3750,-1947494.0000,-3103357.5000,272253.0938,-384898.3750,1220763.0000,6174919.5000,3410204.5000,-3296356.0000,-2231940.7500,-5415084.5000,1382924.1250,3207104.2500,-1370625.6250,2721684.2500,-9073547.0000,-2247359.2500,2896074.0000,8836489.0000,-2902384.0000,4973332.0000,3702626.2500,7616293.0000,-1481745.8750,6539117.5000,3170950.2500,-97793.3750,-5555447.0000,-5982914.5000,4156677.5000,-5072153.5000,-1925163.6250,-3808359.7500,2371309.7500,-7175463.5000,-2370176.5000,1087312.3750,1688637.8750,1929487.0000,-4235827.5000,-1345636.8750,-740589.6250,-5030151.0000,-4145974.0000,6791663.5000,143587.5000,-4910524.0000,620500.8125,5330086.5000,1596126.2500,-4419787.0000,5011081.0000,643894.5625,8612122.0000,-5107244.0000,-61639.4102,-7204174.0000,4773953.5000,-2450459.5000,-5916986.5000,-8872573.0000,6310497.0000,162196.1719,5016397.5000
1.9090,5284894.0000,5074350.5000,4373069.5000,-4839811.0000,-4657978.0000,-2801365.5000,2107598.5000,-1916125.1250,-3076242.0000,299368.5625,-359909.6250,1253195.2500,6202035.0000,3437851.7500,-3262328.7500,-2200571.7500,-5392754.0000,1410571.2500,3236346.5000,-1346168.5000,2752521.5000,-9042178.0000,-2212800.2500,2930101.2500,8860415.0000,-2876863.5000,4999384.0000,3722830.0000,7650320.0000,-1446655.2500,6584310.0000,3222523.0000,-69082.8750,-5518761.5000,-5952077.5000,4190704.7500,-5032278.0000,-1883692.8750,-3765825.7500,2410122.0000,-7138778.0000,-2339339.2500,1109111.0000,1724791.7500,1964577.6250,-4204990.0000,-1310546.2500,-708157.3750,-5006225.5000,-4118858.5000,6821969.0000,170702.9844,-4882345.5000,642299.5625,5355607.0000,1617924.8750,-4391608.5000,5039791.5000,663034.9375,8634984.0000,-5078533.5000,-34523.9375,-7172805.0000,4800537.0000,-2426534.0000,-5893061.0000,-8860345.0000,6321130.5000,171234.6562,5031284.5000
1.9110,5270007.0000,5057336.5000,4358714.5000,-4861078.0000,-4672333.0000,-2819974.2500,2099091.7500,-1921973.5000,-3089002.2500,285545.0000,-373733.1875,1239903.3750,6190338.0000,3425623.2500,-3271898.7500,-2217053.7500,-5419869.5000,1395684.3750,3222523.0000,-1362118.7500,2736039.5000,-9051748.0000,-2219180.5000,2922126.0000,8844464.0000,-2891218.7500,4982902.0000,3704753.0000,7646067.0000,-1452503.7500,6585373.5000,3220396.2500,-89286.5625,-5525141.5000,-5970154.0000,4174754.5000,-5039189.5000,-1885819.6250,-3772737.5000,2397361.7500,-7149411.5000,-2353162.7500,1092097.3750,1716285.0000,1953944.1250,-4221472.0000,-1324369.7500,-720917.5625,-5026429.5000,-4136935.5000,6804424.0000,154221.0312,-4900954.0000,623690.8750,5336466.5000,1600911.2500,-4408090.5000,5027031.0000,642299.5625,8615844.0000,-5099269.0000,-52069.2422,-7187160.5000,4787777.0000,-2436104.2500,-5904758.0000,-8872042.0000,6304648.5000,154221.0312,5014271.0000
1.9130,5266285.5000,5055210.0000,4351271.0000,-4864800.0000,-4681903.5000,-2828481.0000,2096965.0000,-1920910.2500,-3092192.2500,278101.5312,-381176.6562,1238840.0000,6188211.5000,3418711.2500,-3264455.2500,-2216522.0000,-5435288.0000,1387177.5000,3217737.7500,-1368498.8750,2740824.5000,-9052280.0000,-2212800.2500,2920531.0000,8834894.0000,-2905042.5000,4980243.5000,3700499.5000,7651383.5000,-1446655.2500,6596007.0000,3224118.0000,-100983.4297,-5520356.5000,-5964837.5000,4173159.5000,-5029619.5000,-1877312.7500,-3764230.7500,2398425.2500,-7148348.0000,-2355821.2500,1094755.7500,1719475.0000,1956070.8750,-4224662.0000,-1329686.5000,-723044.3125,-5026961.0000,-4138530.5000,6804955.5000,150499.2969,-4903612.5000,616779.1250,5330618.0000,1596657.8750,-4405432.0000,5030221.0000,634324.4375,8609464.0000,-5101927.5000,-53664.2695,-7195667.5000,4788840.5000,-2432914.2500,-5905290.0000,-8882143.0000,6294546.5000,148904.2656,5012144.0000
1.9150,5291274.0000,5096149.0000,4381576.5000,-4833962.5000,-4654788.0000,-2797112.2500,2130992.2500,-1884756.2500,-3056570.0000,321698.9375,-345554.3750,1272335.5000,6219048.5000,3451675.2500,-3223516.2500,-2176114.7500,-5407641.0000,1413761.3750,3251765.0000,-1341915.1250,2794523.7500,-9008151.0000,-2168139.5000,2960938.2500,8862541.0000,-2880585.2500,5016397.5000,3734526.7500,7695512.5000,-1405184.5000,6646516.0000,3256550.2500,-75994.6641,-5484202.5000,-5922835.0000,4213567.0000,-4988149.0000,-1827335.2500,-3718506.5000,2434047.5000,-7104219.0000,-2320730.5000,1133036.5000,1763604.1250,1994883.1250,-4187976.5000,-1293000.8750,-685295.3125,-4991870.5000,-4103440.0000,6838982.5000,184526.5625,-4872243.5000,647616.3125,5365177.0000,1630153.5000,-4369278.0000,5064780.0000,659313.1875,8634984.0000,-5072153.5000,-23358.7422,-7160576.5000,4827121.0000,-2396760.2500,-5873921.0000,-8859281.0000,6333890.5000,176551.4219,5047766.5000
1.9170,5260437.0000,5072223.5000,4355524.5000,-4866926.5000,-4692005.5000,-2825822.7500,2101750.0000,-1906555.0000,-3087407.2500,303090.2812,-372669.8438,1243093.3750,6192465.0000,3429876.5000,-3234681.5000,-2189938.2500,-5448580.0000,1380265.7500,3222523.0000,-1373815.6250,2778041.7500,-9029949.0000,-2180368.0000,2954026.5000,8829578.0000,-2910359.2500,4991940.5000,3709006.5000,7675309.0000,-1415818.0000,6642794.5000,3237409.7500,-111085.2734,-5515571.5000,-5937722.0000,4196021.5000,-4998782.5000,-1835842.0000,-3727545.0000,2409058.7500,-7132398.0000,-2357947.7500,1113364.5000,1742868.7500,1977337.8750,-4204458.5000,-1313736.2500,-714537.5000,-5022176.0000,-4128960.5000,6813462.5000,157942.7500,-4905207.5000,615715.7500,5338061.5000,1607823.1250,-4393203.5000,5041918.0000,629539.3125,8607337.0000,-5107776.0000,-56854.3281,-7186097.0000,4803195.5000,-2416432.2500,-5897846.5000,-8878953.0000,6305712.0000,152094.3281,5026499.5000
1.9190,5257778.5000,5082857.0000,4361904.5000,-4863736.5000,-4695727.0000,-2817847.5000,2103876.7500,-1896984.7500,-3093255.7500,305748.6562,-365226.3750,1248410.1250,6199376.5000,3434661.7500,-3217136.2500,-2177178.0000,-5458150.5000,1378670.7500,3230498.0000,-1367435.5000,2793460.5000,-9016126.0000,-2161759.5000,2971040.2500,8822666.0000,-2905042.5000,5000979.0000,3718045.0000,7686474.0000,-1397741.1250,6670973.0000,3250170.0000,-119592.0859,-5512381.5000,-5919645.0000,4208250.0000,-4981237.0000,-1808194.8750,-3703088.0000,2426072.2500,-7127613.0000,-2356884.5000,1120276.2500,1755097.2500,1992756.5000,-4192761.5000,-1296722.6250,-702308.9375,-5011011.0000,-4120985.2500,6817715.5000,164322.8750,-4908929.0000,616247.4375,5339125.0000,1608354.7500,-4389481.5000,5048830.0000,628476.0000,8604679.0000,-5109902.5000,-56854.3281,-7183970.5000,4805322.0000,-2414305.5000,-5903163.0000,-8895435.0000,6295078.0000,150499.2969,5021182.5000
1.9210,5263627.0000,5096680.5000,4371474.5000,-4858951.5000,-4695727.0000,-2809340.7500,2103345.0000,-1888478.0000,-3086344.0000,310002.0938,-357251.2500,1258512.0000,6212137.0000,3444231.7500,-3205439.2500,-2161759.5000,-5453897.0000,1381860.7500,3243790.0000,-1357865.3750,2809410.7500,-8999112.0000,-2139960.7500,2983800.5000,8824261.0000,-2892282.2500,5017992.5000,3731868.5000,7699234.5000,-1378069.1250,6694898.5000,3266652.0000,-120655.4375,-5500684.5000,-5893061.0000,4224732.0000,-4964223.5000,-1785332.8750,-3680226.0000,2442554.2500,-7119637.5000,-2349972.7500,1125061.2500,1765730.8750,2005516.6250,-4177343.0000,-1274392.2500,-694865.4375,-5001440.5000,-4111415.0000,6826754.0000,169107.9531,-4904144.0000,623690.8750,5346568.5000,1612608.1250,-4384165.0000,5056273.5000,631134.3750,8607337.0000,-5105649.0000,-51005.8906,-7174400.5000,4814892.5000,-2405798.7500,-5896783.0000,-8890650.0000,6291888.0000,153157.6719,5025968.0000
1.9230,5242891.5000,5077540.5000,4349676.0000,-4890852.0000,-4731881.0000,-2830607.7500,2071976.1250,-1911340.0000,-3108142.5000,277038.1562,-384366.7188,1236713.2500,6191401.5000,3424028.0000,-3226174.7500,-2182494.7500,-5488456.0000,1351555.2500,3220928.0000,-1381259.1250,2786017.0000,-9016657.0000,-2151657.5000,2968913.5000,8794487.0000,-2918334.2500,4998320.5000,3713791.5000,7678499.0000,-1389234.2500,6685328.5000,3260272.0000,-156809.4062,-5522483.0000,-5908480.0000,4202933.5000,-4982832.0000,-1795434.6250,-3692986.2500,2427667.5000,-7148880.0000,-2377619.7500,1090502.3750,1738083.6250,1983186.2500,-4201268.5000,-1287684.1250,-711347.4375,-5026429.5000,-4137999.0000,6803892.0000,145714.2031,-4933918.0000,601360.5000,5325301.5000,1587619.3750,-4410217.0000,5033943.0000,607208.9375,8579158.0000,-5129043.0000,-73336.2812,-7199920.5000,4787245.5000,-2425470.7500,-5919113.5000,-8919892.0000,6258924.5000,124978.8516,5002042.5000
1.9250,5255652.0000,5088705.5000,4360309.5000,-4883408.5000,-4726032.5000,-2814657.5000,2087926.5000,-1900706.5000,-3092192.2500,294583.4688,-380113.3125,1252663.5000,6206288.5000,3453802.0000,-3209161.0000,-2160696.0000,-5482075.5000,1363783.7500,3228903.0000,-1365308.8750,2799840.5000,-8987947.0000,-2122415.5000,2988053.7500,8806715.0000,-2903979.0000,5008954.0000,3731868.5000,7697107.5000,-1359460.3750,6716697.5000,3301742.7500,-154151.0312,-5517698.0000,-5896783.0000,4222605.5000,-4956248.0000,-1759812.3750,-3661617.2500,2459036.2500,-7139841.5000,-2368581.2500,1097414.1250,1755629.0000,2004453.3750,-4183191.5000,-1258973.6250,-689017.0625,-5011011.0000,-4118327.0000,6823564.0000,161664.4844,-4924347.5000,612525.6875,5340188.0000,1601974.6250,-4393735.0000,5049893.0000,618905.8125,8588197.0000,-5124789.5000,-69082.8750,-7180248.5000,4802664.0000,-2419090.5000,-5918581.5000,-8925741.0000,6259987.5000,129232.2578,5009486.0000
1.9270,5261500.0000,5105719.0000,4369879.5000,-4876497.0000,-4721779.0000,-2800834.0000,2107066.7500,-1885819.6250,-3076242.0000,308407.0625,-373201.5312,1259575.3750,6213732.0000,3473474.0000,-3193742.5000,-2142619.0000,-5478885.5000,1370695.6250,3233688.2500,-1353080.2500,2803030.5000,-8961363.0000,-2095299.8750,3011447.5000,8816817.0000,-2891750.5000,5018524.5000,3748350.5000,7715716.5000,-1335003.2500,6745939.5000,3336833.2500,-150960.9688,-5511849.5000,-5897846.5000,4240682.5000,-4933918.0000,-1730038.5000,-3632375.0000,2481366.7500,-7131334.5000,-2360074.5000,1117086.1250,1776364.3750,2020403.6250,-4167772.7500,-1237706.6250,-670408.3750,-4997719.0000,-4102376.7500,6838451.0000,178146.4375,-4903080.5000,631666.0000,5361987.0000,1617924.8750,-4376189.5000,5069565.0000,636982.8125,8603615.0000,-5110434.0000,-56322.6523,-7164298.5000,4819146.0000,-2404203.7500,-5903695.0000,-8902347.0000,6281254.5000,142524.1562,5027563.0000
1.9290,5237575.0000,5081793.5000,4347017.5000,-4912119.0000,-4751553.0000,-2821569.2500,2098028.2500,-1906555.0000,-3096445.7500,288203.3750,-400848.6562,1231928.1250,6190870.0000,3463372.2500,-3210224.5000,-2160164.5000,-5510786.0000,1345706.8750,3215611.2500,-1369562.2500,2771661.7500,-8968807.0000,-2104870.0000,2996029.0000,8795550.0000,-2918334.2500,5002042.5000,3735058.5000,7700829.5000,-1340851.7500,6735837.5000,3317693.0000,-178608.1250,-5538433.5000,-5918581.5000,4225795.5000,-4944551.5000,-1737482.0000,-3643540.2500,2464353.0000,-7152601.5000,-2387190.0000,1101135.8750,1756160.6250,2006048.3750,-4184786.5000,-1248871.7500,-693270.4375,-5017922.5000,-4123112.0000,6821437.5000,158474.4375,-4914777.5000,623690.8750,5343910.0000,1598784.6250,-4396393.5000,5049893.0000,617310.7500,8587133.0000,-5133828.0000,-77589.6875,-7185565.5000,4800005.5000,-2418027.2500,-5921771.5000,-8920956.0000,6263709.5000,118598.7344,5016929.5000
1.9310,5255120.0000,5094022.5000,4366158.0000,-4891383.5000,-4739324.5000,-2794985.5000,2125143.7500,-1882097.8750,-3068798.5000,311597.0938,-381176.6562,1256917.0000,6214263.5000,3497931.0000,-3186299.0000,-2135707.2500,-5499621.0000,1369100.6250,3244853.2500,-1341383.3750,2790802.0000,-8938501.0000,-2071906.1250,3020486.0000,8814691.0000,-2903447.2500,5022246.0000,3762705.7500,7730603.5000,-1308951.2500,6767738.0000,3335770.0000,-162126.1719,-5521419.5000,-5897846.5000,4255037.5000,-4908929.0000,-1698669.6250,-3612703.0000,2490405.2500,-7128144.5000,-2365923.0000,1129846.3750,1790187.8750,2034227.1250,-4152885.7500,-1222819.6250,-673066.7500,-4991870.5000,-4095996.5000,6849084.5000,186653.2656,-4885535.5000,650274.6875,5367303.5000,1618456.6250,-4370341.5000,5074350.5000,646552.9375,8613717.0000,-5109902.5000,-55259.2969,-7165893.5000,4823399.0000,-2398355.2500,-5901568.0000,-8908196.0000,6287103.0000,131890.6406,5039259.5000
1.9330,5242360.0000,5078072.0000,4357651.0000,-4905207.5000,-4754211.5000,-2802429.0000,2124080.5000,-1891136.3750,-3069862.0000,308407.0625,-385961.7500,1253195.2500,6205756.5000,3498994.5000,-3187894.0000,-2139960.7500,-5512913.0000,1364847.1250,3244853.2500,-1336598.3750,2787612.0000,-8935843.0000,-2066589.3750,3022081.0000,8805120.0000,-2913549.2500,5011081.0000,3754199.0000,7731666.5000,-1305761.1250,6768801.5000,3330984.7500,-171696.3281,-5538433.5000,-5910075.0000,4249721.0000,-4911056.0000,-1694947.8750,-3613766.5000,2479240.0000,-7139309.5000,-2374961.5000,1126656.3750,1783276.1250,2032632.1250,-4158202.5000,-1235579.8750,-682105.2500,-4998782.5000,-4106098.2500,6841641.0000,179741.4688,-4891383.5000,643894.5625,5358797.0000,1609949.7500,-4378848.0000,5069565.0000,644957.9375,8610527.0000,-5115751.0000,-59512.7070,-7175995.5000,4815956.0000,-2400482.0000,-5903695.0000,-8905005.0000,6291888.0000,126042.2031,5044576.5000
1.9350,5220029.5000,5058400.0000,4339042.5000,-4928601.0000,-4772820.0000,-2827417.7500,2108661.7500,-1909745.0000,-3089002.2500,290861.7500,-402975.3750,1242030.0000,6191933.0000,3487297.5000,-3212351.0000,-2158037.7500,-5534180.0000,1347833.5000,3235283.2500,-1349358.5000,2765281.5000,-8942754.0000,-2080413.0000,3007194.2500,8785448.0000,-2939069.7500,4993004.0000,3737717.0000,7719970.0000,-1308419.5000,6757636.5000,3310249.5000,-190836.6719,-5562890.5000,-5929747.0000,4241745.5000,-4915841.0000,-1696011.2500,-3625995.0000,2454782.7500,-7157918.5000,-2395696.7500,1119212.8750,1773706.0000,2019871.8750,-4170431.2500,-1254720.2500,-700713.8750,-5020049.5000,-4124175.2500,6828349.0000,163259.5156,-4914246.0000,619437.5000,5333276.5000,1587619.3750,-4403305.0000,5046703.0000,630602.6875,8595640.0000,-5137018.0000,-80779.7422,-7202047.5000,4796283.5000,-2419622.2500,-5924430.0000,-8920424.0000,6271153.0000,95736.6719,5026499.5000
1.9370,5235980.0000,5079135.5000,4357119.5000,-4921689.5000,-4758996.5000,-2816252.5000,2128865.5000,-1891668.0000,-3078900.5000,308938.7188,-381708.3438,1265955.3750,6213200.0000,3512818.0000,-3197995.7500,-2141555.7500,-5526205.0000,1365378.8750,3256550.2500,-1324369.7500,2775915.2500,-8910322.0000,-2050639.1250,3030056.2500,8792892.0000,-2916207.5000,5012144.0000,3760047.2500,7748680.5000,-1274923.8750,6786347.0000,3331516.5000,-178076.4375,-5551193.5000,-5912201.5000,4269393.0000,-4883408.5000,-1659857.3750,-3591967.7500,2471796.5000,-7135056.5000,-2382936.5000,1138884.8750,1797631.3750,2048050.7500,-4149695.7500,-1232921.5000,-681573.5625,-5003035.5000,-4110883.5000,6840578.0000,179209.7969,-4898827.0000,633792.7500,5342846.5000,1596126.2500,-4384165.0000,5064780.0000,653996.4375,8618502.0000,-5117346.0000,-60576.0586,-7188755.5000,4812765.5000,-2399950.2500,-5902631.5000,-8897562.0000,6280191.5000,100521.7578,5045640.0000
1.9390,5217371.0000,5061058.5000,4337447.5000,-4951463.0000,-4781327.0000,-2840709.5000,2109725.2500,-1914530.1250,-3101230.7500,284481.6250,-397126.9375,1244688.3750,6195123.0000,3489956.0000,-3224579.7500,-2160696.0000,-5553320.5000,1338263.3750,3235283.2500,-1342446.7500,2751458.0000,-8920424.0000,-2063399.3750,3014106.0000,8766840.0000,-2940664.7500,4996725.5000,3744628.7500,7733793.5000,-1276519.0000,6776776.5000,3317161.2500,-204660.2344,-5574587.5000,-5938253.5000,4260886.0000,-4890852.0000,-1667300.7500,-3603133.0000,2467011.5000,-7160045.0000,-2407925.5000,1120276.2500,1781681.1250,2034227.1250,-4164051.0000,-1246745.1250,-694865.4375,-5025366.0000,-4136404.0000,6813462.5000,155284.3750,-4924879.5000,613057.3750,5321048.0000,1575390.8750,-4401710.0000,5044044.5000,640704.5000,8600425.0000,-5142335.0000,-82906.4453,-7214276.0000,4790967.0000,-2420685.5000,-5923898.5000,-8918297.0000,6254671.0000,67557.8438,5021714.5000
1.9410,5232789.5000,5077008.5000,4349144.5000,-4943488.0000,-4770693.5000,-2833266.2500,2122485.5000,-1902833.2500,-3088470.5000,293520.1250,-384366.7188,1250536.8750,6207883.5000,3502716.2500,-3219794.5000,-2151657.5000,-5552257.0000,1345706.8750,3247511.7500,-1325433.1250,2759964.7500,-8900752.0000,-2047980.7500,3023144.5000,8766308.0000,-2943854.7500,5005764.0000,3755262.2500,7746022.0000,-1255783.6250,6795917.0000,3333643.2500,-198811.8125,-5575119.0000,-5934532.0000,4275773.0000,-4871180.0000,-1642843.6250,-3588777.7500,2492531.7500,-7156323.5000,-2405267.0000,1134631.5000,1794441.3750,2045924.0000,-4159266.0000,-1236643.2500,-670408.3750,-5014201.0000,-4127365.5000,6818779.0000,163791.1875,-4913182.5000,621032.5000,5331681.5000,1583897.6250,-4390545.0000,5055741.5000,654528.1250,8609995.0000,-5137018.0000,-79184.7188,-7199920.5000,4802132.0000,-2414305.5000,-5921771.5000,-8915639.0000,6261582.5000,69152.8750,5026499.5000
1.9430,5256715.0000,5100402.5000,4371474.5000,-4925942.5000,-4740919.5000,-2811467.5000,2146410.7500,-1874122.7500,-3061355.0000,317445.5312,-354061.1875,1276589.0000,6231809.0000,3522388.2500,-3199059.2500,-2125073.7500,-5538965.0000,1363783.7500,3281539.0000,-1289810.8750,2775915.2500,-8866725.0000,-2012358.5000,3055576.7500,8788638.0000,-2925246.0000,5030753.0000,3783972.7500,7776859.0000,-1218034.6250,6834729.5000,3368202.2500,-180734.8281,-5567144.0000,-5916455.0000,4309268.5000,-4836621.0000,-1606689.7500,-3558472.2500,2531344.2500,-7138246.5000,-2376024.7500,1163873.6250,1817835.1250,2073571.2500,-4133745.5000,-1213249.5000,-633191.0625,-4988149.0000,-4102376.7500,6844299.5000,185058.2344,-4880750.0000,649743.0000,5363050.5000,1613139.8750,-4360239.5000,5081262.0000,690682.0625,8647213.0000,-5108839.0000,-53132.5938,-7165893.5000,4829779.5000,-2385063.2500,-5889871.0000,-8892245.0000,6297205.0000,94141.6406,5057336.5000
1.9450,5235448.0000,5071692.0000,4343827.5000,-4953058.0000,-4768566.5000,-2844431.2500,2115573.5000,-1896984.7500,-3084217.2500,295115.1562,-379049.9375,1252131.8750,6204161.5000,3485702.5000,-3225643.0000,-2150062.5000,-5580436.0000,1329756.5000,3251233.5000,-1311609.6250,2738166.2500,-8893840.0000,-2034688.8750,3034309.7500,8749294.0000,-2957146.7500,4998852.5000,3761110.7500,7750275.5000,-1236111.6250,6816652.5000,3352251.7500,-214230.4062,-5605424.5000,-5958457.5000,4284811.5000,-4857888.0000,-1625830.0000,-3583992.5000,2510608.7500,-7171742.0000,-2406330.2500,1140479.8750,1790719.6250,2049114.1250,-4159797.7500,-1240896.6250,-657648.1250,-5016327.5000,-4127365.5000,6815057.5000,157942.7500,-4909992.5000,625817.5625,5333276.5000,1580175.8750,-4387886.5000,5055741.5000,670478.3750,8623287.0000,-5133828.0000,-80248.0703,-7187692.0000,4801600.5000,-2412178.7500,-5914860.0000,-8916702.0000,6283381.5000,69684.5469,5039259.5000
1.9470,5262563.5000,5088174.0000,4365626.0000,-4932854.5000,-4746236.0000,-2825822.7500,2133650.5000,-1869869.3750,-3066672.0000,320103.9375,-357251.2500,1280842.3750,6217985.0000,3500057.7500,-3205439.2500,-2127200.5000,-5574055.5000,1347833.5000,3273032.2500,-1291405.8750,2747736.2500,-8869383.0000,-2005978.3750,3053981.7500,8764713.0000,-2936411.2500,5015866.0000,3781314.2500,7772074.0000,-1206337.7500,6841109.5000,3379899.0000,-195621.7500,-5590537.5000,-5940912.0000,4312458.5000,-4830241.0000,-1600841.2500,-3562725.5000,2534002.5000,-7156323.5000,-2384000.0000,1161747.0000,1817835.1250,2077824.6250,-4139062.2500,-1221756.3750,-641166.1875,-4990807.0000,-4106098.2500,6835261.0000,181336.5000,-4889788.5000,647616.3125,5352948.5000,1598252.8750,-4366088.0000,5074350.5000,700252.2500,8651998.0000,-5110966.0000,-56854.3281,-7159513.5000,4822867.5000,-2388785.0000,-5893061.0000,-8900752.0000,6315813.5000,94673.3203,5074350.5000
1.9490,5262563.5000,5083389.0000,4365094.5000,-4937108.0000,-4747831.0000,-2835392.7500,2132055.5000,-1867210.8750,-3061355.0000,321698.9375,-348212.7500,1283500.7500,6210010.0000,3492614.2500,-3202781.0000,-2129327.2500,-5590537.5000,1354213.6250,3281007.2500,-1291405.8750,2736039.5000,-8866193.0000,-2000661.6250,3055576.7500,8763118.0000,-2943854.7500,5021714.5000,3783972.7500,7771010.5000,-1201021.0000,6849084.5000,3384152.5000,-196685.0938,-5590537.5000,-5940380.5000,4316180.5000,-4825456.0000,-1593397.8750,-3557408.7500,2535066.0000,-7162171.5000,-2386658.2500,1151645.1250,1812518.3750,2075697.8750,-4142252.2500,-1216439.6250,-647546.3125,-4989212.0000,-4101845.0000,6836856.0000,186121.5781,-4890852.0000,643362.8750,5350822.0000,1592404.5000,-4364493.0000,5074350.5000,707695.6875,8657314.0000,-5106181.0000,-52069.2422,-7155260.0000,4825526.0000,-2388253.2500,-5886149.5000,-8898625.0000,6339739.0000,104243.4844,5093490.5000
1.9510,5240765.0000,5062121.5000,4347017.5000,-4958375.0000,-4766440.0000,-2861445.0000,2111320.2500,-1883161.2500,-3077305.5000,304153.6562,-358846.2812,1260107.0000,6185021.5000,3463372.2500,-3225111.2500,-2150062.5000,-5624565.0000,1341453.3750,3268778.7500,-1312672.8750,2704670.5000,-8893309.0000,-2024587.0000,3035904.7500,8741851.0000,-2967780.2500,4998320.5000,3762174.0000,7744958.5000,-1211654.5000,6833666.0000,3368733.7500,-216888.7812,-5610209.5000,-5954204.0000,4297040.0000,-4840343.0000,-1605626.3750,-3571764.0000,2516457.2500,-7183439.0000,-2402077.0000,1133036.5000,1800289.7500,2060279.2500,-4155012.5000,-1229199.7500,-671471.7500,-5008884.0000,-4120985.2500,6818247.5000,169639.6250,-4908397.5000,633261.0625,5333808.0000,1571669.1250,-4387886.5000,5050956.5000,695467.1250,8637111.0000,-5131169.5000,-83969.7969,-7175995.5000,4803195.5000,-2406330.2500,-5906885.0000,-8928399.0000,6330169.0000,95736.6719,5081262.0000
1.9530,5255652.0000,5078603.5000,4359778.0000,-4943488.0000,-4756338.0000,-2854533.2500,2117700.2500,-1870401.0000,-3063481.7500,314255.5000,-346086.0312,1265955.3750,6188211.5000,3463903.7500,-3210224.5000,-2139429.0000,-5620311.5000,1349428.5000,3284197.2500,-1301507.7500,2707329.0000,-8894372.0000,-2014485.1250,3049728.2500,8746636.0000,-2956083.2500,5007359.0000,3770680.7500,7746553.5000,-1195172.5000,6849084.5000,3385747.5000,-213167.0625,-5601171.0000,-5944102.0000,4308737.0000,-4828114.5000,-1592334.5000,-3559003.7500,2513267.2500,-7174400.5000,-2388785.0000,1135694.8750,1810923.2500,2070912.8750,-4145442.5000,-1216971.2500,-672003.3750,-4997719.0000,-4110351.7500,6827817.5000,182931.5312,-4900422.0000,638046.1250,5338593.0000,1576454.2500,-4379380.0000,5058931.5000,713012.4375,8648808.0000,-5115751.0000,-63766.1133,-7169083.5000,4813297.5000,-2396760.2500,-5893593.0000,-8922551.0000,6334954.0000,112218.6250,5099339.0000
1.9550,5254588.5000,5067438.5000,4352334.5000,-4950931.5000,-4765908.0000,-2861445.0000,2103345.0000,-1879971.1250,-3069330.2500,303090.2812,-357251.2500,1257448.6250,6165349.5000,3444231.7500,-3219263.0000,-2151126.0000,-5635730.0000,1339858.3750,3277285.5000,-1313204.6250,2687125.2500,-8911917.0000,-2024055.3750,3042284.7500,8728027.0000,-2967780.2500,5000979.0000,3760047.2500,7721565.0000,-1203147.6250,6841109.5000,3370328.7500,-225927.2812,-5607019.5000,-5955799.0000,4299166.5000,-4837153.0000,-1604031.3750,-3573890.7500,2504760.5000,-7189287.0000,-2395696.7500,1117086.1250,1804543.1250,2063469.3750,-4155012.5000,-1229731.5000,-689017.0625,-5007289.0000,-4119390.2500,6820374.0000,174424.7188,-4915309.0000,626880.9375,5328491.5000,1564757.3750,-4393735.0000,5042449.5000,709822.3750,8637111.0000,-5130106.0000,-77589.6875,-7181312.0000,4801069.0000,-2410052.0000,-5907416.5000,-8942223.0000,6316345.5000,106370.1875,5095085.5000
1.9570,5242360.0000,5045108.0000,4328409.0000,-4979642.0000,-4792492.0000,-2883243.7500,2071444.5000,-1906023.2500,-3089002.2500,282354.9375,-388088.4375,1225016.3750,6130258.5000,3403824.5000,-3239466.5000,-2175051.2500,-5664440.5000,1310616.2500,3244853.2500,-1348826.8750,2652034.7500,-8943818.0000,-2057019.2500,3013042.5000,8695595.0000,-2997554.0000,4978117.0000,3728146.7500,7679030.5000,-1226541.3750,6807614.0000,3345340.0000,-257296.1562,-5629350.0000,-5983446.0000,4275241.5000,-4867990.0000,-1636463.6250,-3608449.7500,2478708.2500,-7216934.5000,-2416963.7500,1093160.7500,1776364.3750,2036353.8750,-4183191.5000,-1258973.6250,-717195.8750,-5034936.0000,-4143847.2500,6795917.0000,148904.2656,-4946146.5000,601892.1875,5303502.5000,1537110.1250,-4420850.5000,5017461.0000,695998.8125,8612654.0000,-5153500.0000,-99388.4062,-7210022.5000,4772890.0000,-2435040.7500,-5931342.0000,-8973592.0000,6284444.5000,90951.5859,5077008.5000
1.9590,5272133.5000,5070097.0000,4353397.5000,-4952526.5000,-4764313.0000,-2850811.5000,2094838.2500,-1881034.5000,-3058696.7500,306280.3438,-366821.4062,1243625.0000,6150994.0000,3419774.7500,-3210224.5000,-2146340.7500,-5645832.0000,1323376.5000,3268778.7500,-1335003.2500,2666390.0000,-8920424.0000,-2036815.6250,3038563.0000,8708355.0000,-2980008.7500,5002042.5000,3750477.2500,7693917.5000,-1204211.0000,6829412.5000,3372987.2500,-237624.1562,-5599044.5000,-5958989.0000,4300230.0000,-4846723.0000,-1618386.6250,-3595157.7500,2501570.2500,-7195135.5000,-2395165.2500,1115491.1250,1803479.8750,2057620.8750,-4162456.0000,-1232389.8750,-692738.7500,-5001972.5000,-4110883.5000,6827286.0000,178146.4375,-4915309.0000,631134.3750,5332745.0000,1559972.2500,-4398520.0000,5041386.5000,723645.9375,8634984.0000,-5125853.0000,-72272.9297,-7185565.5000,4796283.5000,-2416432.2500,-5910075.0000,-8950730.0000,6299863.5000,120193.7656,5101465.5000
1.9610,5255120.0000,5058400.0000,4340106.0000,-4963691.5000,-4779200.0000,-2858255.0000,2090584.8750,-1892731.3750,-3077305.5000,289798.4062,-389151.7812,1221294.6250,6126537.0000,3396912.7500,-3215009.5000,-2158569.2500,-5666567.5000,1306362.7500,3256550.2500,-1358928.7500,2642996.2500,-8941159.0000,-2051702.5000,3028993.0000,8686025.0000,-3000212.5000,4989814.0000,3738780.2500,7663612.0000,-1215376.2500,6818779.0000,3355442.0000,-254637.7812,-5620311.5000,-5974939.5000,4287470.0000,-4863736.5000,-1640717.0000,-3614829.7500,2490405.2500,-7221188.0000,-2410583.7500,1111769.3750,1788592.8750,2044860.7500,-4173621.2500,-1242491.7500,-706562.3125,-5015796.0000,-4123112.0000,6816652.5000,164322.8750,-4930196.0000,619437.5000,5325301.5000,1544553.6250,-4412343.5000,5024372.5000,718329.1875,8619034.0000,-5140208.0000,-85033.1484,-7197794.0000,4779802.0000,-2432382.5000,-5923367.0000,-8959768.0000,6290825.0000,118598.7344,5098275.5000
1.9630,5232258.0000,5048298.0000,4326814.0000,-4985490.5000,-4799935.5000,-2867293.5000,2076229.6250,-1909213.3750,-3090597.2500,276506.5000,-407760.4688,1197900.8750,6103675.0000,3366607.0000,-3229364.7500,-2177709.7500,-5687302.5000,1300514.3750,3242195.0000,-1383917.5000,2616944.0000,-8967212.0000,-2074032.8750,3010916.0000,8661568.0000,-3006592.5000,4974927.0000,3720703.2500,7627458.0000,-1231858.1250,6801234.0000,3332048.2500,-278031.5312,-5654870.5000,-5988231.0000,4266734.5000,-4888193.5000,-1667300.7500,-3636628.5000,2467011.5000,-7255746.5000,-2429192.5000,1094755.7500,1770515.8750,2027315.3750,-4197546.5000,-1252061.8750,-722512.6250,-5034404.5000,-4142784.0000,6798043.5000,148904.2656,-4957843.0000,597107.0625,5308287.5000,1522223.2500,-4436801.0000,5001510.5000,699720.5625,8595108.0000,-5164665.0000,-110553.5938,-7208959.0000,4760130.0000,-2459498.0000,-5949419.0000,-8967212.0000,6275938.0000,111155.2734,5089237.0000
1.9650,5278514.0000,5108377.5000,4376791.5000,-4936044.5000,-4752084.5000,-2815189.2500,2127802.2500,-1864020.8750,-3037961.5000,329674.0938,-354592.8438,1238840.0000,6140892.0000,3409141.2500,-3179918.7500,-2134644.0000,-5643705.0000,1358998.7500,3294299.2500,-1345105.1250,2656819.7500,-8939033.0000,-2032030.5000,3059830.0000,8705697.0000,-2955551.5000,5024904.5000,3765895.7500,7660954.0000,-1188792.3750,6849084.5000,3371924.0000,-224863.9219,-5618716.5000,-5937190.5000,4312990.5000,-4845659.5000,-1626361.7500,-3595157.7500,2509545.5000,-7224909.5000,-2386658.2500,1128783.0000,1815708.3750,2071444.5000,-4158202.5000,-1204742.7500,-677851.8125,-4983895.5000,-4093869.7500,6846426.0000,195691.7500,-4918499.0000,639641.1875,5355075.0000,1564225.6250,-4395330.0000,5041386.5000,747571.3750,8638706.0000,-5118941.0000,-62171.0859,-7153665.0000,4800005.5000,-2421749.0000,-5903695.0000,-8912449.0000,6325384.0000,166449.5781,5149848.5000
1.9670,5266817.0000,5099870.5000,4363499.5000,-4958375.0000,-4776541.5000,-2824759.2500,2107066.7500,-1884224.6250,-3056038.2500,310002.0938,-371074.8125,1214914.5000,6113777.0000,3376709.0000,-3194805.7500,-2151126.0000,-5662845.5000,1353150.2500,3278349.0000,-1365840.5000,2624387.5000,-8970933.0000,-2057019.2500,3042816.5000,8681240.0000,-2969375.2500,5004700.5000,3743565.2500,7625863.0000,-1211654.5000,6827817.5000,3343213.2500,-248257.6719,-5645300.0000,-5952077.5000,4283748.0000,-4868521.5000,-1655603.8750,-3620146.5000,2484556.7500,-7256278.5000,-2407925.5000,1101135.8750,1791251.2500,2052304.1250,-4180001.2500,-1221224.6250,-698055.5000,-5008352.5000,-4119390.2500,6816652.5000,170171.2969,-4944551.5000,618905.8125,5336998.0000,1540831.8750,-4420850.5000,5013739.0000,726836.0000,8612122.0000,-5142866.5000,-85564.8281,-7172805.0000,4775016.5000,-2440357.5000,-5924430.0000,-8918297.0000,6313155.0000,165917.8906,5144531.5000
