time_center_sec,channel,tau,radius,anisotropy,participation_dim,corr_dim,lyap_proxy,recurrence_rate,determinism,sample_entropy
0.149066666666667,G1,15,1.80019866176847,6.61348359197256,2.29517845867788,1.50858065325596,26.4137742907792,0.0916666666666667,0.727272727272727,1.19127111915081
0.149066666666667,G2,14,1.85581422368933,6.26818910725801,2.29568131451129,1.49719279867883,28.604034928089,0.0917764041924214,0.821376281112738,0.980829253011726
0.149066666666667,G3,10,0.998546339233488,3.68945102992699,2.47108725757827,1.90971859009885,-7.27471739540558,0.0923076923076923,0.533333333333333,1.74808440572539
0.149066666666667,G4,12,1.31382077914581,7.86454342505161,2.20223174983276,1.58714155067094,6.31460709203286,0.0920886873267826,0.522571819425445,1.27858366811711
0.149066666666667,G5,15,1.25428575626157,3.24934299965365,2.42499416482927,1.83363101605558,17.7325739801875,0.0916666666666667,0.589393939393939,1.26649316130727
0.149066666666667,G6,18,1.65930281791497,4.4690935241069,2.42283870706233,1.5892905829848,21.7366955797245,0.0912588488765774,0.804384485666105,1.11154907969883
0.149066666666667,G7,16,2.06276883062342,3.77370687261591,2.49337670746832,1.52457308030912,14.3891394663621,0.0914966963516231,0.766091051805338,0.992452092839719
0.149066666666667,G8,15,1.80874743638888,3.78960999877511,2.3981056049771,1.94262298377933,16.0328402046942,0.0916666666666667,0.604545454545454,1.1646557009851
0.149066666666667,G9,23,1.31603160587355,6.61264251914742,1.6628519365408,1.39041758118538,5.15644798202284,0.0904215976331361,0.752556237218814,0.647630341735482
0.149066666666667,G10,18,1.15869297084241,4.93594430570994,1.87054282374317,2.02019740319644,22.6609618132156,0.0912588488765774,0.716694772344013,1.25025355688994
0.149066666666667,G11,10,1.1054038364358,2.75251166012816,2.63747283219946,2.22061408565603,4.05050718450421,0.0923076923076923,0.453846153846154,1.35812348415319
0.149066666666667,G12,10,1.1625084166868,2.34954475331213,2.66081130294739,2.15378532602869,0.953341894015089,0.0923076923076923,0.442307692307692,1.90095876119305
0.149066666666667,G13,13,0.889978997486283,4.42010627994023,2.07755939383783,2.01191314586937,22.5913499770424,0.0919614984391259,0.442715700141443,1.36498457453314
0.149066666666667,G14,10,0.981872040539487,2.8219606448518,2.39420274540354,1.9979757932504,10.6721453916859,0.0923076923076923,0.547435897435897,1.42927618369358
0.149066666666667,G15,18,1.52353656487603,4.04440361861799,2.41668448580505,1.70522241710766,20.5447234825835,0.0912588488765774,0.75885328836425,1.26268040515271
0.149066666666667,G16,1,2.87318402740939,217.883828622748,1.01972154132768,0.778802619740919,34.3808569675401,0.0932249817384952,0.918707149853085,0.465468474080344
0.149066666666667,G17,15,1.36351813844887,8.32531116983771,2.23633078763664,1.46963167796121,22.0137920114047,0.0916666666666667,0.810606060606061,1.1842677332466
0.149066666666667,G18,18,1.28753594761943,3.42602332136704,2.51186880847388,1.7350501045742,9.08139103110286,0.0912588488765774,0.768971332209106,1.25882359310706
0.149066666666667,G19,10,1.1615911262982,4.19053767105746,2.35397266513852,1.98856481997384,20.4564213646006,0.0923076923076923,0.567948717948718,1.27854149982344
0.149066666666667,G20,23,1.32821905842665,4.24674790327354,2.35258787891026,1.36261988530348,8.07284768300133,0.0904215976331361,0.644171779141104,1.17118298150295
0.149066666666667,G21,10,0.833682996284916,2.54800645277766,2.53845900327609,2.20398780688357,2.73034747693015,0.0923076923076923,0.487179487179487,1.41286138850461
0.149066666666667,G22,15,1.13423024927139,2.85709877748234,2.61047554545874,1.62073956821703,24.2559426907999,0.0916666666666667,0.771212121212121,1.35583515363518
0.149066666666667,G23,26,1.76790377542177,6.12917666451495,1.97675230565115,1.29384664788192,18.4657354238258,0.0897542690545606,0.802784222737819,0.772699812261899
0.149066666666667,G24,15,1.77012665028317,4.86532445634221,2.28529884399675,1.37553967945497,29.1561641281293,0.0916666666666667,0.646969696969697,1.17730455724377
0.149066666666667,G25,10,0.858667628263769,2.96837088162661,2.59706663699666,1.84902916916235,9.1101397136098,0.0923076923076923,0.569230769230769,1.41659971061522
0.149066666666667,G26,12,0.892936489498203,4.58097830966217,2.25608424960735,1.93846042147854,13.666791310632,0.0920886873267826,0.373461012311901,1.25981021401077
0.149066666666667,G27,21,1.95767086259226,4.28231821338913,2.44256526234882,1.20408246995696,20.1579637980588,0.0907064471879287,0.739130434782609,1.06739726932019
0.149066666666667,G28,21,1.71581792495118,5.26195810464917,2.24638121424964,1.42552164995074,20.1671419110583,0.0907064471879287,0.822306238185255,1.03678790665977
0.149066666666667,G29,18,1.3545917373934,2.9523706506238,2.6031863536026,1.7849414231005,18.4664867726889,0.0912588488765774,0.829679595278246,1.02129404088414
0.149066666666667,G30,24,2.05922243396428,51.1610279627223,1.90625535025048,1.0922230643524,-5.17015377455977,0.090157631680123,0.884861407249467,0.605085493632358
0.149066666666667,G31,29,1.78865275056628,17.7748416883329,1.84724097997901,1.20037552807423,10.0870788206895,0.0890831758034027,0.89920424403183,0.550046336919272
0.149066666666667,G32,12,1.36231044362918,4.29039679873344,2.28201894139779,1.82647504208569,7.65360873344525,0.0920886873267826,0.462380300957592,1.41706601978664
0.149066666666667,G33,10,1.22466385152793,3.9470169211197,2.46761488850274,1.4767477966573,1.49960527284283,0.0923076923076923,0.558974358974359,1.41706601978664
0.149066666666667,G34,15,1.31142388201466,2.68224035402975,2.61130441898712,1.74379920984321,22.2379106232281,0.0916666666666667,0.693939393939394,1.40982485853008
0.149066666666667,G35,15,1.24101960933946,5.09424121775989,2.37741020045679,1.8111836198688,26.7081102710829,0.0916666666666667,0.671212121212121,1.57277392806251
0.149066666666667,G36,14,1.44953266929364,6.7055915238709,2.26115798663177,1.76872471820796,15.8944868605074,0.0917764041924214,0.73792093704246,1.14130169736316
0.149066666666667,G37,17,1.26643978576794,11.3267185199413,2.17329570021527,1.20245776538151,1.54053367122932,0.0914090368608799,0.630894308943089,0.918438960412445
0.149066666666667,G38,21,1.84856782574752,9.6585884029392,2.15774738444526,1.09110331365983,18.5001006040884,0.0907064471879287,0.890359168241966,0.577058950080764
0.149066666666667,G39,19,1.84190402298095,16.8058468799448,2.08600970221235,1.24245970935469,7.50689450484886,0.0910395408163265,0.712784588441331,0.898946618416183
0.149066666666667,G40,10,1.55438903637274,3.42271241294365,2.42058823706426,1.96369656579752,7.35204291253383,0.0923076923076923,0.507692307692308,1.49124495670639
0.149066666666667,G41,18,1.2246036868327,2.62513408062211,2.45919695516453,1.65188765276958,8.51275543817496,0.0912588488765774,0.767284991568297,1.34683552437934
0.149066666666667,G42,12,1.48213619691541,3.68184768949484,2.37385017068871,1.45114691890925,16.4292058677172,0.0920886873267826,0.60328317373461,1.07044141170141
0.149066666666667,G43,14,1.7586109193158,3.09065828240566,2.54261063656351,1.4599689294512,19.8592347864986,0.0917764041924214,0.715959004392387,1.1314021114911
0.149066666666667,G44,15,1.52712318642645,4.87729859675424,2.3921034258615,1.55672875587998,14.5086236025023,0.0916666666666667,0.701515151515152,1.09861228866811
0.149066666666667,G45,15,1.6518895228308,6.37841687796154,2.29790271285673,1.22308786618304,8.93421403577225,0.0916666666666667,0.725757575757576,0.847860131979189
0.149066666666667,G46,17,1.80906153020532,7.5993338334264,2.22735388261888,1.27970436797773,21.9315720602072,0.0914090368608799,0.778861788617886,0.925032895370021
0.149066666666667,G47,10,1.10112559804226,3.45054905915846,2.49094846088254,1.91694239051613,8.84982596268642,0.0923076923076923,0.455128205128205,1.46633706879343
0.149066666666667,G48,13,1.52316455299034,4.68911806102706,2.2054521839874,1.97503907943576,12.4747402765506,0.0919614984391259,0.466760961810467,1.41098697371026
0.149066666666667,CG1,4,1.06847456470302,4.66092717584489,2.16598759524872,2.08930909026417,13.1459957326312,0.0929379091450109,0.410885805763074,1.99809590222588
0.149066666666667,CG2,7,1.13932945141329,2.1282930323064,2.64592338668327,1.87167588977616,4.39867336061578,0.0926686851211073,0.493582263710618,1.52846884990043
0.149066666666667,CG3,12,1.28533120691343,3.28740568639881,2.30187901008937,1.62582595116554,0.468130518158755,0.0920886873267826,0.53077975376197,1.23592440413254
0.149066666666667,CG4,10,1.32736371618672,2.86025006930197,2.47538642261794,2.12450539785995,-7.15833161900131,0.0923076923076923,0.412820512820513,1.79175946922805
0.149066666666667,AH1,4,1.06652755120374,1.68071355411086,2.86114537936418,2.25746056294063,9.60934886342153,0.0929379091450109,0.422625400213447,1.82454929205105
0.149066666666667,AH2,4,1.12593169898844,3.04578023376119,2.38704722054073,2.17106904519606,17.8957424782066,0.0929379091450109,0.414087513340448,2.02154756326093
0.149066666666667,AH3,7,0.890927191824393,1.95661301630589,2.74679224937974,2.23132416033493,8.31803069229706,0.0926686851211073,0.411901983663944,1.83565366278528
0.149066666666667,AH4,12,1.22830441852181,4.15132032988032,2.41939465135088,1.93401911091088,0.770698838148273,0.0920886873267826,0.462380300957592,1.73460105538811
0.149066666666667,AH5,7,0.931828604901951,2.44161439667565,2.50679030886533,2.09780433405555,4.30484739491469,0.0926686851211073,0.481913652275379,1.95825598487761
0.149066666666667,AH6,10,0.979024589129822,2.6133622053397,2.65501975816293,2.20511986634107,-1.84838401630174,0.0923076923076923,0.428205128205128,1.48807705542983
0.149066666666667,AH7,24,1.71776064214594,15.6483032739353,2.02987048561822,1.16372177340786,4.63887489336398,0.090157631680123,0.808102345415778,0.770297813127109
0.149066666666667,AH8,25,1.09337878677635,38.3496179280038,1.17214692605614,1.12423359646065,21.4511837685616,0.09,0.826666666666667,0.382126825979677
0.149066666666667,AH9,29,1.02558407683299,4.51908097371025,2.07345395472938,1.78176920468212,7.59777672915836,0.0890831758034027,0.63395225464191,1.26093962893261
0.149066666666667,AH10,15,1.49816942086048,4.02340312628524,2.46120770432303,1.73986742518323,-4.54277425313101,0.0916666666666667,0.624242424242424,1.54044504094715
0.149066666666667,PH1,7,1.01293229065426,3.16941211787362,2.29377486923593,2.12508575686304,12.9326879288133,0.0926686851211073,0.477246207701284,1.90834704747966
0.149066666666667,PH2,15,1.35129206129496,2.28029140901564,2.70292312792344,1.81545924758831,11.2141697460999,0.0916666666666667,0.571212121212121,1.41528189799314
0.149066666666667,PH3,12,0.972370795877771,5.36187215671222,2.23405233513617,1.82526775595031,1.04690057938885,0.0920886873267826,0.395348837209302,1.39611440730087
0.149066666666667,PH4,29,1.04133489207321,10.9359072868214,1.68294568774083,1.71290002797254,-2.31184441299244,0.0890831758034027,0.564986737400531,1.21639532432449
0.149066666666667,BO1,14,2.30527814426659,6.51891888413745,2.24056045462957,1.59975110004376,16.7337255677675,0.0917764041924214,0.838945827232797,0.929811478670002
0.149066666666667,BO2,23,1.85278457452773,41.6079859664465,1.57929684684811,1.10444317731518,9.98740266311015,0.0904215976331361,0.893660531697341,0.299926513917235
0.149066666666667,BO3,19,2.30021299769775,17.4375777535403,2.07142408713687,1.23827309376442,8.98580785216657,0.0910395408163265,0.914185639229422,0.350676460443619
0.149066666666667,BO4,17,2.08964925347394,6.83620210980617,2.26304431461707,1.1170378288233,17.5530154822127,0.0914090368608799,0.777235772357724,0.805503227637259
0.1991,G1,15,1.76946444008292,3.85802419147218,2.48315321772943,1.56411371748495,20.8014512304033,0.0916666666666667,0.736363636363636,1.2776605201171
0.1991,G2,13,1.53933625372323,5.72755439097034,2.31743767625841,1.41001356050017,7.07622214616837,0.0919614984391259,0.513437057991513,1.06680418147188
0.1991,G3,13,1.08769161192867,4.57296731411854,2.41500860806412,2.00856916073791,10.9524219521778,0.0919614984391259,0.519094766619519,1.94591014905531
0.1991,G4,10,1.3567038735939,4.54885738731747,2.41840981134848,1.69544018090454,-10.9480276277193,0.0923076923076923,0.628205128205128,1.53711725085447
0.1991,G5,18,1.43935768006093,3.4182141445273,2.27008301657621,1.56877928696423,23.8005801876766,0.0912588488765774,0.66610455311973,1.28222500122568
0.1991,G6,21,1.54563929352216,3.98769407115301,2.1005549080938,1.4547333798898,49.9626765509144,0.0907064471879287,0.703213610586011,1.28597163949202
0.1991,G7,21,1.7961052287366,7.62679531277235,2.04901979679994,1.3977755628567,26.5887227222261,0.0907064471879287,0.655954631379962,1.07371473704638
0.1991,G8,26,1.74793153853058,4.08890879708284,2.17296358379654,1.84790811399899,16.103600146311,0.0897542690545606,0.489559164733179,1.28927038483783
0.1991,G9,18,1.07291752880986,6.14069212715141,1.81744462165996,1.29907812027319,25.1446457765114,0.0912588488765774,0.718381112984823,1.05913347769432
0.1991,G10,21,1.33533647622305,4.11679524822093,2.29667837440364,1.74328391615896,8.6867813712618,0.0907064471879287,0.701323251417769,1.25423463910682
0.1991,G11,10,1.19243961548647,3.25702971972241,2.56114871669923,2.13121470316253,5.39292664845988,0.0923076923076923,0.506410256410256,1.58793170721314
0.1991,G12,10,1.25386636678298,2.99406103422853,2.43812820966561,2.037016059039,0.806230129484863,0.0923076923076923,0.457692307692308,1.85518129566555
0.1991,G13,21,1.14553870905665,4.57862500126722,2.08437052115181,1.47942924690544,13.4490379512437,0.0907064471879287,0.551984877126654,1.37567479229243
0.1991,G14,12,1.15145250273049,2.95538212918826,2.5329154190979,1.72852187369033,20.9390945724443,0.0920886873267826,0.689466484268126,1.53272299485324
0.1991,G15,27,1.45935161212494,5.7122485008298,2.09114373437715,1.44778535257874,19.4483251977184,0.0896267361111111,0.624697336561743,1.35131464222386
0.1991,G16,1,2.29393230715857,136.05608227801,1.03062715919741,0.889055499732474,39.7194772302024,0.0932249817384952,0.899118511263467,0.609397823156696
0.1991,G17,18,1.37570290004397,7.33804471965571,2.26652821505032,1.4742636540032,10.9631776201638,0.0912588488765774,0.858347386172007,1.22980449893946
0.1991,G18,15,1.21963141846057,3.9787139086588,2.46125704775786,1.67321543784647,9.61839048300106,0.0916666666666667,0.628787878787879,1.22502621352377
0.1991,G19,15,1.42863341890543,2.68653809688932,2.65209715994457,1.74770903609022,29.5875964984256,0.0916666666666667,0.712121212121212,1.37230811914515
0.1991,G20,20,1.21549774964082,6.40708375334746,2.28724984394029,1.58135730251407,19.3971638444148,0.0909090909090909,0.7,1.16263414743304
0.1991,G21,10,0.889939594027123,2.83945363591846,2.42828316163128,2.06792343065674,9.45815390296302,0.0923076923076923,0.503846153846154,1.44909526235892
0.1991,G22,15,1.18832626904019,4.20428097519508,2.39399524538839,1.37682652378623,7.30404966442485,0.0916666666666667,0.675757575757576,1.09322144003323
0.1991,G23,1,2.04261516806291,110.968410437061,1.03672717934218,0.728779781400694,38.3068004638475,0.0932249817384952,0.832517140058766,0.6350546237282
0.1991,G24,29,1.50344285888311,5.70509188751574,2.10260234235388,1.42597769318009,27.4897552139861,0.0890831758034027,0.628647214854111,1.12986483217221
0.1991,G25,10,0.88989891508877,3.50299383151962,2.50483561319534,1.86655262373342,0.714536954505883,0.0923076923076923,0.616666666666667,1.44691898293633
0.1991,G26,18,1.06663188616688,4.53432725460169,2.3802965884024,1.6108011351376,28.8864780702833,0.0912588488765774,0.590219224283305,1.44075427825227
0.1991,G27,20,1.81279389652056,18.0819567812604,2.08689552916319,1.44551907806729,20.5892262473944,0.0909090909090909,0.718181818181818,1.10169395520552
0.1991,G28,18,1.58595429961923,3.42932654366178,2.5337460761431,1.55336956997835,25.2333709403863,0.0912588488765774,0.78752107925801,1.33750419695046
0.1991,G29,18,1.36551109583645,3.55266196696071,2.44696725005896,1.65690668053807,21.8407695423366,0.0912588488765774,0.81787521079258,1.05075626749047
0.1991,G30,1,2.1992451147654,181.873552655632,1.02244017074901,0.790181195735954,38.3419557999291,0.0932249817384952,0.900097943192948,0.470180167334287
0.1991,G31,1,2.27346356840684,225.726547406334,1.01845172749134,0.816314699294068,43.5399293537376,0.0932249817384952,0.892262487757101,0.418566718600578
0.1991,G32,24,1.391662857351,6.16741731775522,1.77812984307422,1.92963156751909,6.07685695701001,0.090157631680123,0.501066098081023,1.28983409493233
0.1991,G33,10,1.09469192742144,4.15163929098838,2.33663384039862,1.55447099801932,13.6781613085948,0.0923076923076923,0.5,1.41336368308811
0.1991,G34,13,1.20279592268096,3.37894111616165,2.52087968145321,1.9736911730341,2.05212889808356,0.0919614984391259,0.625176803394625,1.60508060706514
0.1991,G35,18,1.29948461379082,5.70432656159814,2.34001793922321,1.62510070122852,18.6877216992973,0.0912588488765774,0.763912310286678,1.48637781967687
0.1991,G36,18,1.48932438923578,2.97788910556664,2.38862105298976,1.61868887113589,14.5239896317292,0.0912588488765774,0.806070826306914,1.13082590865176
0.1991,G37,26,0.950550986495236,11.7585975283975,1.71393006479517,1.51161796686535,14.9855718632098,0.0897542690545606,0.591647331786543,1.02961941718116
0.1991,G38,27,1.46249785753412,16.4813776779578,1.58414266615517,1.10132850136091,30.4450647622944,0.0896267361111111,0.854721549636804,0.403713794175429
0.1991,G39,26,1.46790856998795,10.6322600526277,1.66341660848131,1.33133049575542,17.5720261676915,0.0897542690545606,0.705336426914153,0.75002684875349
0.1991,G40,21,1.72953305036108,5.00126517203099,2.09427222053675,2.00655333217072,25.7795738653308,0.0907064471879287,0.652173913043478,1.31625051738696
0.1991,G41,18,1.12383479680633,5.22797395137939,2.12602133960624,1.8015744525504,10.3129827119452,0.0912588488765774,0.748735244519393,1.37753518103001
0.1991,G42,15,1.39507219550504,3.9518350337031,2.23675973360322,1.56249322684887,21.4176808835256,0.0916666666666667,0.674242424242424,1.04982212449868
0.1991,G43,18,1.58458003925125,12.3973183166469,1.92057169000785,1.42549589585225,14.7985277327919,0.0912588488765774,0.655986509274874,1.01111464860058
0.1991,G44,21,1.32011769296883,6.33964311993861,2.01390468868809,1.81996204378977,5.29589772513582,0.0907064471879287,0.642722117202268,1.24824148377652
0.1991,G45,20,1.3091789960304,6.55338334167067,1.91680269228111,1.58187722435303,-0.846685649525954,0.0909090909090909,0.654545454545455,0.851100146336942
0.1991,G46,20,1.39826978120167,6.82985951308823,1.77759683116748,1.6377413049878,12.1870863925158,0.0909090909090909,0.7,0.792100351642771
0.1991,G47,21,1.17111523299734,6.0013400674243,2.13087772045799,1.7549154218724,19.8565920345361,0.0907064471879287,0.550094517958412,1.39407650156195
0.1991,G48,29,1.45161740993148,4.28388737895695,2.16105779983665,1.94906065329645,19.0780825140462,0.0890831758034027,0.527851458885942,1.39892610802579
0.1991,CG1,1,0.976093517608662,3.27662105976475,2.28471841051311,2.2635855573845,44.4887453837837,0.0932249817384952,0.784524975514202,2.00148000021012
0.1991,CG2,4,1.0490010110944,4.00150196488639,2.24511860499531,1.85987570964269,20.5465171314598,0.0929379091450109,0.466382070437567,1.52605630349505
0.1991,CG3,10,1.07285241839203,3.08601220198484,2.37343373249885,1.79603204021765,-4.07674400748451,0.0923076923076923,0.5,1.24899648569989
0.1991,CG4,15,1.34804123731114,2.41744658062368,2.61731182098795,1.87326139406368,6.53001248557029,0.0916666666666667,0.356060606060606,2.11357454804929
0.1991,AH1,1,1.04139331063724,3.12120658525626,2.31033543268114,2.29554733161881,39.2553562977412,0.0932249817384952,0.747306562193928,1.85002837735203
0.1991,AH2,7,1.24299954814435,3.71991326801997,2.23019012408101,2.14264201099572,12.4504718723427,0.0926686851211073,0.505250875145858,1.95238266356093
0.1991,AH3,10,1.08281653228437,2.84359531823131,2.4655390048758,2.13703311651197,-3.2821201941479,0.0923076923076923,0.405128205128205,1.75401914124521
0.1991,AH4,10,1.14651214103218,3.05119752177866,2.51671508638614,2.06865779743132,-9.62090570217665,0.0923076923076923,0.43974358974359,1.6569402464191
0.1991,AH5,7,0.890044545589946,3.11051685464165,2.380029274131,1.87097260782214,-0.640860376275955,0.0926686851211073,0.421236872812135,1.95774460670232
0.1991,AH6,10,0.885719692960729,2.68147454085702,2.64769555416611,2.18805791873622,-7.96529746934441,0.0923076923076923,0.435897435897436,1.42796705752046
0.1991,AH7,29,1.40357827108231,15.6238305979166,1.55461647193846,1.10321167255679,23.485002906826,0.0890831758034027,0.679045092838196,0.781180530045268
0.1991,AH8,20,0.603181736288025,11.6708241944114,1.48260320699658,1.54591112687661,15.4917050333431,0.0909090909090909,0.607272727272727,0.801515217281727
0.1991,AH9,26,0.979384867132022,8.11842336511182,1.75219129891637,1.72271201703363,-1.20274697143906,0.0897542690545606,0.501160092807425,1.29125886886021
0.1991,AH10,21,1.24548774070587,7.44491365123226,1.97705296573932,1.79415212266684,-0.78928893789155,0.0907064471879287,0.478260869565217,1.54199663163857
0.1991,PH1,18,1.21149076342474,3.75477456722304,2.17853740186662,1.67407100638305,15.7252674350252,0.0912588488765774,0.435075885328836,1.68053383411783
0.1991,PH2,18,1.38612305757896,3.49848217500239,2.4009365889535,1.41112900112638,0.106706425630108,0.0912588488765774,0.598650927487352,1.50180724824174
0.1991,PH3,7,0.739174854518201,2.36078616774006,2.66822412825832,2.24463720959316,-0.82672880161408,0.0926686851211073,0.543757292882147,1.99243016469021
0.1991,PH4,24,0.927364441762468,9.45251150115647,1.5143989586539,1.95031836985662,-7.53627245904758,0.090157631680123,0.424307036247335,1.32951784531781
0.1991,BO1,15,1.97652714027992,4.42225317344099,2.42595879057152,1.80872078359958,11.0566832474213,0.0916666666666667,0.831818181818182,1.07799300146537
0.1991,BO2,20,1.42152527827144,12.2903711850338,2.14659205386529,1.07364531819861,4.29839478101773,0.0909090909090909,0.838181818181818,0.539175311640629
0.1991,BO3,19,1.92023427787435,11.2934729354525,2.14042661983589,1.27367838994932,9.15833818693995,0.0910395408163265,0.912434325744308,0.479258194011941
0.1991,BO4,18,1.75044636690428,5.60996251942156,2.32548334740797,0.833671531869209,18.3127430077118,0.0912588488765774,0.543001686340641,0.90279525039927
0.249133333333333,G1,18,1.70488382052693,3.61058352973346,2.51012052144255,1.28203296225729,8.0638406872757,0.0912588488765774,0.688026981450253,1.25276296849537
0.249133333333333,G2,9,0.988465696222198,7.17272103865148,2.01677674484332,2.0331069835864,3.45855857731684,0.0924012855831038,0.474534161490683,1.23445582105101
0.249133333333333,G3,15,1.12269560026679,3.39728875895995,2.5397565173777,2.01365853609793,8.24316586719024,0.0916666666666667,0.592424242424242,1.67687919322963
0.249133333333333,G4,10,1.17613396234575,3.84706770625603,2.48498744353283,2.02928664103669,-5.442724077333,0.0923076923076923,0.594871794871795,1.62362254742606
0.249133333333333,G5,18,1.37365313362933,2.74847012324305,2.37848663003396,1.68201822245569,22.6074652941307,0.0912588488765774,0.704890387858347,1.3271466886172
0.249133333333333,G6,18,1.43361130428137,5.53616716731237,2.0268895305789,1.64852940668509,37.9830629861324,0.0912588488765774,0.738617200674536,1.23314318162572
0.249133333333333,G7,15,1.39230399618668,6.91162565842724,1.63501031003045,1.85403424820026,0.546832922823298,0.0916666666666667,0.56969696969697,1.00822822719984
0.249133333333333,G8,21,1.72946290034101,5.6589892179503,2.03035609762211,1.89266347880075,12.2800856396859,0.0907064471879287,0.531190926275992,1.20093790063078
0.249133333333333,G9,21,0.85246534839147,5.06031247396672,2.03325716242192,1.33881313678257,19.0216677974685,0.0907064471879287,0.525519848771267,1.21031627824811
0.249133333333333,G10,15,1.3398495201475,4.00830325838094,2.4513235869926,1.59585910883819,12.4343456405291,0.0916666666666667,0.660606060606061,1.32244288913336
0.249133333333333,G11,10,1.1943778751265,3.07673656107441,2.5878377376559,2.11406492672455,8.44867043433583,0.0923076923076923,0.521794871794872,1.71262214866933
0.249133333333333,G12,10,1.17271364052097,2.69211025837267,2.52257697214437,2.19493833698415,-4.52596920012197,0.0923076923076923,0.480769230769231,1.71765149707433
0.249133333333333,G13,24,1.22527453627728,3.64066141881719,2.40135475623264,1.58434253868672,15.3846529316198,0.090157631680123,0.603411513859275,1.453233843795
0.249133333333333,G14,10,1.00465103319357,3.01060793811485,2.55248921923938,1.66711846981614,3.35096075296888,0.0923076923076923,0.519230769230769,1.37801845181603
0.249133333333333,G15,26,1.30767648734617,8.68600326173414,1.73046542708033,1.48726211187828,23.2219201664583,0.0897542690545606,0.59860788863109,1.26949509337364
0.249133333333333,G16,23,1.50646202268885,20.8374188250343,1.75621178915898,1.28289414861428,21.4854074820763,0.0904215976331361,0.668711656441718,0.933973835730221
0.249133333333333,G17,15,1.29625098478985,13.5524849203892,2.13505434358324,1.51514488239064,18.1512484481127,0.0916666666666667,0.787878787878788,1.14740245283754
0.249133333333333,G18,15,1.18518403147332,4.87792644458058,2.39333384917939,1.95693670937673,8.63282274319846,0.0916666666666667,0.721212121212121,1.19177753123212
0.249133333333333,G19,13,1.42783743006946,3.89554778377078,2.47601099957453,1.85525675437504,17.0966590382821,0.0919614984391259,0.735502121640735,1.24958331557799
0.249133333333333,G20,18,1.17790822475623,3.67124110143945,2.50596481554119,1.39923284669227,12.4865269412734,0.0912588488765774,0.72681281618887,1.068822851866
0.249133333333333,G21,10,0.847318685726899,2.84138362510344,2.34324241261152,2.09412279178987,-3.8895085148128,0.0923076923076923,0.494871794871795,1.48074654001358
0.249133333333333,G22,18,1.02015917081154,4.87698346976148,2.29289702568948,1.28148798902229,12.4284438963331,0.0912588488765774,0.625632377740304,1.2005772153248
0.249133333333333,G23,26,1.37107264130876,35.5288641754469,1.44951348200011,1.00312717158163,7.26686940187501,0.0897542690545606,0.545243619489559,0.592076790801095
0.249133333333333,G24,26,1.37188674641484,12.3336216513701,1.7400884054996,1.46388170085444,18.7465319951761,0.0897542690545606,0.464037122969838,1.12878316630147
0.249133333333333,G25,13,0.880144362659809,5.57115036401429,2.34775993532236,1.80880757653931,12.3216694295879,0.0919614984391259,0.653465346534653,1.40534255609059
0.249133333333333,G26,18,1.21181987368846,3.46040081121699,2.53161394867942,1.70357516577839,15.6509631931499,0.0912588488765774,0.720067453625632,1.29372432612643
0.249133333333333,G27,18,1.66646085191056,5.1245061918528,2.3684974617914,1.3515519622786,21.0394792593479,0.0912588488765774,0.741989881956155,1.08117722684601
0.249133333333333,G28,15,1.50271163096062,3.84856283864691,2.48515556563869,1.67470009173321,17.5997014955717,0.0916666666666667,0.710606060606061,1.26627668766209
0.249133333333333,G29,23,1.23493291274452,6.58483547491866,2.0042032618761,1.64604683086879,29.3163541785325,0.0904215976331361,0.674846625766871,1.02663878904302
0.249133333333333,G30,25,1.22148910913381,43.6819833943593,1.11646411204047,1.17351286574822,1.11903331787851,0.09,0.633333333333333,0.524783063482631
0.249133333333333,G31,24,1.30975552704121,18.3623499151744,1.25289564177299,1.40438219721468,5.41786067901449,0.090157631680123,0.701492537313433,0.452671512677961
0.249133333333333,G32,21,1.48099825872391,3.92832581527327,2.13956781013179,1.96138622086505,18.6596833852587,0.0907064471879287,0.665406427221172,1.33621025672248
0.249133333333333,G33,15,0.918661112231455,4.76063648416605,2.09898202318847,1.93658855522714,12.7123773485188,0.0916666666666667,0.489393939393939,1.2770950691549
0.249133333333333,G34,12,1.04211082774478,5.2998644094029,2.35049387018725,2.00207158273725,10.8357307288798,0.0920886873267826,0.54172366621067,1.59736533119983
0.249133333333333,G35,21,1.38604716248775,4.41614626510924,2.42475811586883,1.60053259350166,25.4789606638585,0.0907064471879287,0.720226843100189,1.28621090256291
0.249133333333333,G36,18,1.51878250829677,4.10042019132262,2.23659192246651,1.36206681704143,0.63108490593366,0.0912588488765774,0.762225969645868,1.10948196090501
0.249133333333333,G37,21,0.808468041866983,6.32337925699941,1.66766435575491,1.72848125850998,-3.65994630330652,0.0907064471879287,0.55765595463138,1.13676405463249
0.249133333333333,G38,18,1.10719667054873,11.1363679632819,1.43847460508714,1.44102590046656,25.0371358533916,0.0912588488765774,0.865092748735245,0.580644600215248
0.249133333333333,G39,18,1.26109579198648,5.9479415979536,1.69741301058643,1.72569668977604,9.39620764368581,0.0912588488765774,0.807757166947723,0.914347096665584
0.249133333333333,G40,21,1.78263271196937,3.3248015332983,2.19985387766163,1.73412868409178,28.1308663458134,0.0907064471879287,0.665406427221172,1.25615855749651
0.249133333333333,G41,10,0.858390806097322,4.32148787808954,2.26111678508512,1.9769514666336,-5.99028227945908,0.0923076923076923,0.512820512820513,1.43638830643881
0.249133333333333,G42,12,1.13377298861681,3.69745013086114,2.49814944136829,1.6911837030083,14.3744408444506,0.0920886873267826,0.467852257181943,1.30751348326678
0.249133333333333,G43,18,1.19345992691078,5.38090935070973,1.85426447255032,1.61538701855395,12.1741494326947,0.0912588488765774,0.57672849915683,1.39285176166605
0.249133333333333,G44,21,1.18242887342058,4.70875620928748,1.96323158513704,1.81720163403266,4.60059338776676,0.0907064471879287,0.523629489603025,1.31084380653134
0.249133333333333,G45,18,1.01646877379519,4.1285855495446,2.10170813274321,1.61455549971592,2.58181038201201,0.0912588488765774,0.634064080944351,1.18734040427679
0.249133333333333,G46,12,0.981518833458099,4.58977081531505,2.23988700228427,1.87629506483531,9.35029725094299,0.0920886873267826,0.545827633378933,1.3184169387168
0.249133333333333,G47,18,1.28371791496134,2.43318860879655,2.53051993341551,1.71731212613859,25.8396359927893,0.0912588488765774,0.63575042158516,1.20397280432594
0.249133333333333,G48,26,1.5435575307723,5.03014473283748,1.91812667942509,1.92613946909857,20.7420382001017,0.0897542690545606,0.433874709976798,1.26268040515271
0.249133333333333,CG1,4,1.09064123645752,6.07604271824502,2.04648789980964,1.94107742409067,14.9166919426573,0.0929379091450109,0.431163287086446,1.64515599503618
0.249133333333333,CG2,7,1.01737479248984,3.63761490658295,2.34824753871829,1.87761592238042,4.42112231257634,0.0926686851211073,0.425904317386231,1.45861502269952
0.249133333333333,CG3,15,1.08456956844048,3.24435366969545,2.44861250330355,1.7502909555396,15.480344092341,0.0916666666666667,0.498484848484848,1.28785428830664
0.249133333333333,CG4,15,1.16112499417821,3.22887529506209,2.42674125212496,1.91897288916951,-0.186146967781706,0.0916666666666667,0.272727272727273,1.92181259747625
0.249133333333333,AH1,4,1.00655138756386,3.36100851174354,2.47272584054969,2.21656440524548,14.5497529688875,0.0929379091450109,0.404482390608324,1.85059996925099
0.249133333333333,AH2,10,1.14412650063941,2.58308967413501,2.48812316866087,2.18582763751661,-9.50798478751169,0.0923076923076923,0.36025641025641,1.81448772030561
0.249133333333333,AH3,10,1.02382924711586,2.66984671547576,2.56179166228601,2.09265949318259,-5.16427420523581,0.0923076923076923,0.393589743589744,1.56291789679921
0.249133333333333,AH4,15,1.06403165250696,2.64868009666051,2.65689771202552,1.91700417024208,6.75299109942322,0.0916666666666667,0.425757575757576,1.56149845014498
0.249133333333333,AH5,7,0.83033995930958,4.1752147593717,2.21426819127948,1.7593372360912,-5.48704560971656,0.0926686851211073,0.339556592765461,1.87728164266622
0.249133333333333,AH6,7,0.752994635541517,2.5936388447339,2.43018223832339,1.87067507223633,-4.77313939127872,0.0926686851211073,0.449241540256709,1.4646634282354
0.249133333333333,AH7,17,0.913614635250813,12.3248701491928,1.68132245300005,1.7024190787998,7.54222483524688,0.0914090368608799,0.660162601626016,0.98763378070606
0.249133333333333,AH8,15,0.43962021600902,4.7130088479203,2.22790626178613,1.75937273334951,10.6138406691218,0.0916666666666667,0.586363636363636,1.2863539129314
0.249133333333333,AH9,15,0.75330349913092,7.85203678402337,1.74583523203187,1.97697434023196,3.43140471739801,0.0916666666666667,0.375757575757576,1.46298698190815
0.249133333333333,AH10,15,0.999246845815224,5.71204724426622,1.93794089694138,2.00040703132137,-1.92375157422555,0.0916666666666667,0.337878787878788,1.54210479236551
0.249133333333333,PH1,21,1.30014950888865,3.1671768113288,2.30464508305636,1.72631428068269,12.9508997841484,0.0907064471879287,0.53875236294896,1.46343009000212
0.249133333333333,PH2,21,1.11337443304299,5.79018651449082,1.97262116912106,1.69953021401706,1.35889065348998,0.0907064471879287,0.413988657844991,1.32631165651818
0.249133333333333,PH3,10,0.655427533578635,2.41112126987237,2.61094378649444,2.31839947334278,-7.61256599619358,0.0923076923076923,0.424358974358974,1.98365047703816
0.249133333333333,PH4,18,0.775519566443269,8.67091080670262,1.8105609368982,1.99071166536385,6.8049022937993,0.0912588488765774,0.472175379426644,1.86381278686811
0.249133333333333,BO1,15,1.68202891364299,4.62129674772979,2.36224068808991,1.78442114064785,14.8113196164503,0.0916666666666667,0.866666666666667,1.01224544924511
0.249133333333333,BO2,29,1.07089362568029,56.1693979928966,1.5356015378104,1.14750506674775,-6.87392990999085,0.0890831758034027,0.803713527851459,0.423814246776361
0.249133333333333,BO3,17,1.32908829396228,14.1647124861473,1.66940363577408,1.40447970382213,15.357760875591,0.0914090368608799,0.848780487804878,0.386490676313451
0.249133333333333,BO4,15,1.08018960091079,22.2226751900509,1.56541386433188,1.50697646456439,1.57351335197701,0.0916666666666667,0.246969696969697,0.867864137968681
0.29915,G1,18,1.32236595790569,4.55642177354981,2.16326064708562,1.63715819667353,19.8384551420802,0.0912588488765774,0.571669477234401,1.18098328610124
0.29915,G2,7,0.869714723317353,2.89425809280446,2.55870505017197,2.04233323723778,20.7665077549968,0.0926686851211073,0.623103850641774,1.70263168933205
0.29915,G3,15,0.926400862319595,2.96429547149777,2.35035874908725,2.08349562708173,3.86750038946137,0.0916666666666667,0.454545454545455,1.77815381717228
0.29915,G4,10,1.08199834723599,3.0958291270377,2.58344719613271,2.1530386997292,-7.35123561136314,0.0923076923076923,0.534615384615385,1.70474809223843
0.29915,G5,13,1.08084518357372,3.06213734478249,2.54806244611383,1.81426936378301,2.39269553932895,0.0919614984391259,0.52050919377652,1.58214577014609
0.29915,G6,10,1.02120195747436,3.83442089187113,2.25669023872954,1.79916270903548,-2.88903757406982,0.0923076923076923,0.567948717948718,1.54044504094715
0.29915,G7,7,0.911166385610254,2.79612857040327,2.42386077071582,2.1755243466763,0.751868885728762,0.0926686851211073,0.525087514585764,1.42711635564015
0.29915,G8,7,1.23530827722958,3.41519108857851,2.21530184942781,2.00389677384107,-3.22532380389294,0.0926686851211073,0.542590431738623,1.53247687129797
0.29915,G9,12,0.625330545590488,4.3318865315623,2.1214563905522,1.98486383688587,6.30096006362369,0.0920886873267826,0.404924760601915,1.32338053570932
0.29915,G10,18,1.32599919642572,2.98689368280857,2.6020034798856,1.61836506859507,26.1275533412063,0.0912588488765774,0.661045531197302,1.29567612719927
0.29915,G11,10,1.18849383968481,3.87594765790803,2.43858278286281,2.03782383698821,4.87074519475172,0.0923076923076923,0.508974358974359,1.4784096500277
0.29915,G12,10,1.10585405560296,3.14016133797843,2.40980186967488,2.14732310245773,-6.48993953781162,0.0923076923076923,0.512820512820513,1.55691987815065
0.29915,G13,18,1.02475093731765,3.24605210725963,2.42632796704253,1.87375024013361,8.18131166006515,0.0912588488765774,0.718381112984823,1.65044593616148
0.29915,G14,10,0.990111126429275,2.70474145424789,2.63387341309373,1.83014185020134,3.28708036197714,0.0923076923076923,0.591025641025641,1.37304913436987
0.29915,G15,10,0.873236124360225,4.83442337734098,1.89275320132649,2.06754641183623,-10.4132841601431,0.0923076923076923,0.420512820512821,1.49231255519669
0.29915,G16,26,1.34192549724523,14.9601808277201,1.77453418590624,1.36411286888475,1.88636776997383,0.0897542690545606,0.728538283062645,1.01005889132666
0.29915,G17,17,1.13393686977149,15.8279422379059,2.10875155993016,1.71490237181581,11.8277600689747,0.0914090368608799,0.743089430894309,1.28826965695228
0.29915,G18,15,1.0815608549147,5.77436277306842,2.30819319936165,1.89586003580864,3.42897176326218,0.0916666666666667,0.703030303030303,1.28093384546206
0.29915,G19,13,1.3245543076087,4.61531404235309,2.34249430942166,1.7860280478879,8.35749161259738,0.0919614984391259,0.642149929278642,1.33565062830114
0.29915,G20,21,0.985964489382909,4.93007270988858,2.0810706464679,1.47861482452988,25.2997574532097,0.0907064471879287,0.568998109640832,1.31709382687651
0.29915,G21,7,0.744916539873551,2.52249392363229,2.48658952053195,2.14511132158191,10.8113203962085,0.0926686851211073,0.539089848308051,1.66950215317675
0.29915,G22,12,0.696096069047479,5.5366563600544,1.88112646392283,1.8933743203638,8.90813625544791,0.0920886873267826,0.465116279069767,1.13201831773428
0.29915,G23,12,0.708970954737931,11.3665933893025,1.38687999732987,1.81653562321536,7.22498754265293,0.0920886873267826,0.399452804377565,0.840112982973389
0.29915,G24,7,0.954602772513317,5.39276194932562,1.96323945752614,2.01445125426274,5.9377666202064,0.0926686851211073,0.509918319719953,1.48212687052606
0.29915,G25,15,0.785252231632059,4.54887192628969,2.41418945951149,1.85252756772263,15.252750495151,0.0916666666666667,0.637878787878788,1.27566473278205
0.29915,G26,18,1.19116877625982,3.69438447865017,2.50310732134592,1.63323126095862,9.27505356586283,0.0912588488765774,0.684654300168634,1.26660401990724
0.29915,G27,21,1.35498425434997,5.42694800113308,2.23136543625117,1.47336624837057,20.4332735969318,0.0907064471879287,0.601134215500945,1.30833281965018
0.29915,G28,17,1.3844132577616,4.82576634901555,2.33839409053861,1.70102816984304,21.3862934335491,0.0914090368608799,0.697560975609756,1.27250045133369
0.29915,G29,13,0.995113050754267,4.20193710986814,2.07936162017184,1.85644101378658,12.4496171460912,0.0919614984391259,0.506364922206506,1.23259160963159
0.29915,G30,13,0.748241955748085,6.34668819229362,2.19271052966936,1.47595957244495,15.6678689215504,0.0919614984391259,0.493635077793494,1.20086238191154
0.29915,G31,15,0.87504641599535,4.39294006136976,2.31882912716371,1.91646510277282,9.48786689228123,0.0916666666666667,0.698484848484848,0.97759823243028
0.29915,G32,15,1.32516514268291,2.90042301114251,2.47607118288755,2.05283134323351,16.7204949168111,0.0916666666666667,0.542424242424242,1.62136648329937
0.29915,G33,10,0.744825995084537,3.09233984536651,2.51761066025156,2.20832372649935,3.86619666768694,0.0923076923076923,0.484615384615385,1.48160454092422
0.29915,G34,15,1.02239976268765,3.57349758051769,2.47534465689325,2.17989217921731,10.7218209316328,0.0916666666666667,0.568181818181818,1.65345479785087
0.29915,G35,21,1.24295715038165,4.81791275902327,2.2502868074165,1.6576903523198,34.7507853915979,0.0907064471879287,0.646502835538752,1.24501099169105
0.29915,G36,21,1.21381008891568,5.63697525913661,2.12619396982174,1.29049146352312,14.7366297976962,0.0907064471879287,0.54820415879017,1.19511011706809
0.29915,G37,15,0.701885052004405,3.9673076660981,2.46049194510487,1.91697087673972,27.7596488083577,0.0916666666666667,0.581818181818182,1.27629346590556
0.29915,G38,15,0.707311852550951,3.41752697987793,2.43813546592445,1.64896795146423,17.8550562951543,0.0916666666666667,0.742424242424242,1.25276296849537
0.29915,G39,10,0.869310209883756,3.23817399323686,2.4172667915162,1.90866922272504,5.63621764054612,0.0923076923076923,0.601282051282051,1.43508452528932
0.29915,G40,10,1.43114121195594,3.31878325876019,2.23464245810519,1.84902899125288,2.63425852556604,0.0923076923076923,0.576923076923077,1.61397306759949
0.29915,G41,15,0.770167668980996,2.5198904602908,2.68484989615468,2.12543996521657,10.6164288698172,0.0916666666666667,0.462121212121212,1.50407739677627
0.29915,G42,12,1.16404096102101,3.67438110785788,2.5067236914386,1.71432213479644,6.53127186136338,0.0920886873267826,0.537619699042408,1.40876721697195
0.29915,G43,18,0.949501321827593,2.68820141524733,2.48899377643546,1.94677245090397,16.8025328063705,0.0912588488765774,0.551433389544688,1.60156385600319
0.29915,G44,18,0.986147922215391,3.6770619708113,2.23304590152977,1.92638866086697,11.2355643941526,0.0912588488765774,0.507588532883642,1.69101789942652
0.29915,G45,18,0.837253377683476,2.78467655838663,2.46943396446108,1.685101110915,7.25821810786475,0.0912588488765774,0.583473861720067,1.36488026661607
0.29915,G46,13,0.903837722536234,3.43514696324368,2.51569616595932,1.74555883423586,1.29843156250388,0.0919614984391259,0.499292786421499,1.5591371739593
0.29915,G47,10,1.04626969388091,2.33520718861852,2.58557240360181,1.95171472936401,-4.29344897263038,0.0923076923076923,0.465384615384615,1.29532258291416
0.29915,G48,7,1.28239607763272,3.95400725853268,2.18535715494234,1.93980329819988,9.01097965697166,0.0926686851211073,0.50291715285881,1.56043033332741
0.29915,CG1,7,1.16892709427546,5.1511121427374,2.09657481626832,1.67531461741392,-1.70406553768858,0.0926686851211073,0.486581096849475,1.53074564385844
0.29915,CG2,7,1.07011325202289,6.86787861833901,1.97005651877818,1.69852554058365,3.92359281147107,0.0926686851211073,0.466744457409568,1.36431545440112
0.29915,CG3,21,1.15375938968191,3.08288429561113,2.31179531513472,1.64506512590905,12.4261430483624,0.0907064471879287,0.514177693761815,1.20682587330834
0.29915,CG4,1,0.95452853181995,3.17934622163286,2.31486587903648,2.27319270551115,43.7624074113189,0.0932249817384952,0.795298726738492,2.31785256512483
0.29915,AH1,1,0.943675493241507,2.78118865242782,2.45042576835284,2.27741036139159,32.8241834679384,0.0932249817384952,0.77179236043095,2.15176220325946
0.29915,AH2,1,0.913569153911154,3.16586018920594,2.30018737351549,2.28171054230787,29.7202748029419,0.0932249817384952,0.803134182174339,1.95302761682418
0.29915,AH3,7,0.941088701934208,3.55685633870521,2.27625300012666,1.75588690604691,0.111890072939914,0.0926686851211073,0.465577596266044,1.64052849950413
0.29915,AH4,7,0.924664905647531,3.78824904281222,2.20859532761119,2.05116656017662,2.58028889420496,0.0926686851211073,0.490081680280047,1.8951950564763
0.29915,AH5,4,0.646365163142741,3.99515162135445,2.41195988152041,2.06296150557961,10.5774252113795,0.0929379091450109,0.338313767342583,1.95727390770563
0.29915,AH6,4,0.647133028356573,3.63159696959429,2.36286677773422,1.96559300964924,13.9304369782095,0.0929379091450109,0.405549626467449,1.45812009569115
0.29915,AH7,10,0.576232403377795,3.67424315893506,2.46662805316969,1.88468931339451,1.07093313608698,0.0923076923076923,0.538461538461538,1.48807705542983
0.29915,AH8,18,0.437224905247068,4.91546417354429,2.27842882018958,1.97342854945164,13.9226375665952,0.0912588488765774,0.706576728499157,1.47440162863016
0.29915,AH9,4,0.592169949816036,4.56033352405537,2.29355978319376,2.09073380396193,11.0060992612307,0.0929379091450109,0.431163287086446,1.68639895357023
0.29915,AH10,4,0.891467101601367,6.24684396778984,2.0647083440568,2.07164348780701,9.58090953520302,0.0929379091450109,0.418356456776948,2.02228312783989
0.29915,PH1,15,1.10516488031383,3.18456873686673,2.36054244751078,2.02103450695223,17.3778619755174,0.0916666666666667,0.422727272727273,1.81707727721234
0.29915,PH2,7,0.763619573836567,5.14868724004669,2.1623809699409,2.01739356631527,-3.11075693470875,0.0926686851211073,0.421236872812135,1.55814461804655
0.29915,PH3,10,0.643837286069813,2.36610089134324,2.58473977466536,2.28017560423703,0.753201705851265,0.0923076923076923,0.394871794871795,1.92600899473802
0.29915,PH4,10,0.722877566993359,2.52555153672724,2.51213926955802,2.21914523837585,-6.85634765087802,0.0923076923076923,0.394871794871795,1.96225928705684
0.29915,BO1,10,1.32340489893503,5.97796909671796,2.3251701288522,1.76446618526761,0.566816947008952,0.0923076923076923,0.742307692307692,1.14590900337117
0.29915,BO2,24,0.946298092716513,17.3576150947804,1.31436227736729,1.33031102074468,1.72523190141159,0.090157631680123,0.803837953091684,0.486328721560459
0.29915,BO3,13,0.862880607574328,7.03626659349117,2.25995286943509,1.56573537000213,21.436518484641,0.0919614984391259,0.801980198019802,0.967791258673596
0.29915,BO4,7,0.657176361812551,2.4348665989459,2.56697337436974,1.89563764927785,9.38191152396082,0.0926686851211073,0.376896149358226,1.6057949211556
0.349166666666667,G1,7,0.933584044116325,3.17912162454687,2.3306052433007,2.13947500440669,9.85882634564953,0.0926686851211073,0.581096849474912,1.69459572077441
0.349166666666667,G2,10,0.927459481388181,3.23180022026177,2.53671078270804,2.18522937460362,8.50798365998213,0.0923076923076923,0.526923076923077,1.77737073177596
0.349166666666667,G3,13,0.808860624165136,3.50756165493033,2.5236324518159,2.19765476249719,4.82688120657124,0.0919614984391259,0.398868458274399,2.12261371354504
0.349166666666667,G4,10,1.03024293302518,2.91900216646962,2.60647788162024,2.1429911781077,-12.4692554121452,0.0923076923076923,0.530769230769231,1.77070606003022
0.349166666666667,G5,10,0.919975533978367,2.06899586676956,2.78359882986962,1.78803055039691,-5.16391164544171,0.0923076923076923,0.426923076923077,1.55632808712015
0.349166666666667,G6,7,0.812461343525854,2.6779848637346,2.62753600479222,1.94874142696457,6.49681563247214,0.0926686851211073,0.53558926487748,1.58838450323627
0.349166666666667,G7,7,0.857030420284876,2.88079658229496,2.3782040326028,2.18308447644335,5.36919528448578,0.0926686851211073,0.541423570595099,1.71251009757391
0.349166666666667,G8,4,1.03737235494305,5.63105345923434,2.05532639383416,1.90697019233799,13.6063162644207,0.0929379091450109,0.448239060832444,2.02094533499823
0.349166666666667,G9,15,0.635913258652444,4.67319868979347,2.13585753597254,1.98695650737583,25.1931300372004,0.0916666666666667,0.434848484848485,1.34373474670109
0.349166666666667,G10,18,1.37923153877091,4.22911310533603,2.38181868962355,1.41797491099518,13.2080568647477,0.0912588488765774,0.672849915682968,1.320394369384
0.349166666666667,G11,18,1.31527056327586,2.41139989276168,2.6626562671012,1.83987397123422,25.4984407589109,0.0912588488765774,0.694772344013491,1.55268509584165
0.349166666666667,G12,18,1.16525984025867,2.6428610876886,2.54671052923535,1.95306590960752,14.9158325606541,0.0912588488765774,0.573355817875211,1.50180724824174
0.349166666666667,G13,10,0.811443625850077,2.66913874546098,2.56040550928294,1.79911895338133,-7.45021088568965,0.0923076923076923,0.471794871794872,1.96944064646551
0.349166666666667,G14,7,0.923494689975305,2.7953073615108,2.58090482660679,2.03024096485552,27.2340148824509,0.0926686851211073,0.724620770128355,1.35812348415319
0.349166666666667,G15,4,0.70930143346886,2.09636341949707,2.69766928150676,2.18479047957423,26.1445749815973,0.0929379091450109,0.526147278548559,2.23569085816402
0.349166666666667,G16,2,1.79591403469388,125.642185464809,1.05023101643086,0.935062034239741,21.4079676461613,0.0931694501782698,0.622356495468278,0.821528347208152
0.349166666666667,G17,12,1.01701674383401,5.92889893075662,2.32798362377034,1.89424566013118,17.0005117658746,0.0920886873267826,0.725034199726402,1.24171313230878
0.349166666666667,G18,9,0.871008566799006,3.89550204587126,2.39437693176229,2.11373001758073,-5.36827460664675,0.0924012855831038,0.537888198757764,1.28572345434463
0.349166666666667,G19,12,1.09461571795985,3.45442202482566,2.50446604798201,1.60764559499418,8.00157840800248,0.0920886873267826,0.46922024623803,1.56861591791385
0.349166666666667,G20,12,0.800147661175812,3.71118595421096,2.28063583887838,1.95562975577662,6.19329536274544,0.0920886873267826,0.511627906976744,1.43508452528932
0.349166666666667,G21,7,0.672989118812956,1.65902955730815,2.86693824025357,2.21694266873442,6.48772975233152,0.0926686851211073,0.491248541423571,2.10191439753189
0.349166666666667,G22,7,0.552684760102532,1.88339172569339,2.8128057331389,2.20078401111291,10.4215551436663,0.0926686851211073,0.600933488914819,1.66915714713572
0.349166666666667,G23,4,0.444900276289793,2.35722750277908,2.52138439963248,1.94025673082227,27.4058896930758,0.0929379091450109,0.503735325506937,1.5204904264176
0.349166666666667,G24,4,0.810477231761443,2.81575230557338,2.33875234047907,2.11443244122963,31.0599053248376,0.0929379091450109,0.458911419423693,1.66297867936213
0.349166666666667,G25,10,0.738626287528228,4.00950028562527,2.46846639476441,1.8383093321484,4.29733609783083,0.0923076923076923,0.602564102564103,1.25791319447168
0.349166666666667,G26,18,1.26163711593978,4.78197207899967,2.29100173669553,1.55527124863337,14.7405855218256,0.0912588488765774,0.735244519392917,1.13591934108092
0.349166666666667,G27,12,1.03031315905383,3.76823536605762,2.08744187307449,1.97951746707817,5.71709123989623,0.0920886873267826,0.45827633378933,1.56659775375761
0.349166666666667,G28,12,1.12196394932223,3.8399943995309,2.34782851113184,1.86648450910041,-0.92697017048603,0.0920886873267826,0.570451436388509,1.40749656877049
0.349166666666667,G29,7,0.845536247174952,1.96957804738231,2.7612084855023,2.12589282618749,15.9019606814813,0.0926686851211073,0.596266044340724,1.45051395385418
0.349166666666667,G30,12,0.745006978688678,3.97771275176652,2.47158632812027,1.3761746628238,22.5667264683447,0.0920886873267826,0.529411764705882,1.39710527722411
0.349166666666667,G31,12,0.832778040328757,3.68589100005135,2.50089114989458,1.90396367659773,13.2872301446194,0.0920886873267826,0.673050615595075,1.26988400927548
0.349166666666667,G32,10,1.12217399383036,2.65604900780945,2.53325413985571,2.12102528588807,-1.28771679018874,0.0923076923076923,0.496153846153846,1.78317572553666
0.349166666666667,G33,10,0.833128679886843,3.93751524381504,2.4437039263869,2.06296471264133,2.40497263323115,0.0923076923076923,0.5,1.46476597656139
0.349166666666667,G34,10,0.9389493188322,2.93904481507887,2.51739410409739,2.03168768719779,-3.61923793982348,0.0923076923076923,0.53974358974359,1.56776521603353
0.349166666666667,G35,13,1.08868107082499,3.80890720068843,2.30900931367502,2.05753608075584,12.0137048928868,0.0919614984391259,0.527581329561528,1.18631786908722
0.349166666666667,G36,10,0.904951016596138,4.39160621804742,2.16058077917906,1.91768741257411,-1.42171803403758,0.0923076923076923,0.519230769230769,1.31808611109336
0.349166666666667,G37,12,0.822990224494713,5.35704536266047,2.35479631758803,1.73647158377055,18.235564222623,0.0920886873267826,0.582763337893297,1.3828638260231
0.349166666666667,G38,13,0.619615898963989,3.64620882597699,2.50941232077875,1.88517182602849,14.9730125031845,0.0919614984391259,0.647807637906648,1.31317209629093
0.349166666666667,G39,12,0.878175686603804,3.09733394488254,2.5790489626922,1.98643956174202,13.0573022933546,0.0920886873267826,0.59781121751026,1.38629436111989
0.349166666666667,G40,7,1.20510669433606,3.59662942397346,2.28964605587046,1.88705205738686,2.42167303957696,0.0926686851211073,0.534422403733956,1.71829231734618
0.349166666666667,G41,12,0.852873123941729,6.3888768009606,2.21222648340461,1.96585093345487,13.2082132694969,0.0920886873267826,0.538987688098495,1.35644139797021
0.349166666666667,G42,10,1.18343401259394,2.72304366936157,2.62770090743611,1.78914801662336,1.21487344154798,0.0923076923076923,0.601282051282051,1.60498356208472
0.349166666666667,G43,10,0.828473648207109,3.18414853185952,2.46891046995317,2.17768268568154,-5.87291331061101,0.0923076923076923,0.446153846153846,1.83827948486295
0.349166666666667,G44,10,0.845799762168927,2.48075044931453,2.69205106980718,2.21463833610395,-5.79274683306387,0.0923076923076923,0.43974358974359,1.92006891787143
0.349166666666667,G45,10,0.72360022434578,3.38214116861776,2.49629280206455,2.0446897714743,1.85358554236523,0.0923076923076923,0.45,1.59630862099231
0.349166666666667,G46,10,0.73769660297874,3.23517586790231,2.47038450815872,2.04194293593856,-14.4405169789607,0.0923076923076923,0.541025641025641,1.50036681737974
0.349166666666667,G47,10,0.973119119005577,1.92526053912699,2.78011721894113,2.08183926267883,3.26313597761061,0.0923076923076923,0.467948717948718,1.68053383411783
0.349166666666667,G48,4,1.01297407693471,2.62698022278989,2.44911903921187,2.05027118383065,15.7962626810657,0.0929379091450109,0.463180362860192,1.90508815453506
0.349166666666667,CG1,7,1.10286329954629,5.56062243087947,2.0875205575839,1.6550051382582,0.620691440530924,0.0926686851211073,0.471411901983664,1.68894997536183
0.349166666666667,CG2,15,1.10972274345101,3.48914573488616,2.22114498078068,1.74680918628067,9.87235485700065,0.0916666666666667,0.433333333333333,1.39148917799699
0.349166666666667,CG3,21,1.05434780915817,4.69913489319983,2.1706127084248,1.62308448211201,3.63952874841606,0.0907064471879287,0.434782608695652,1.2102819735192
0.349166666666667,CG4,1,0.87479512113885,2.37575675200288,2.59935227120763,2.26286081626405,32.8247919901602,0.0932249817384952,0.803134182174339,2.16188521089091
0.349166666666667,AH1,1,0.93427777554922,2.63600552671165,2.48777982271227,2.27279952974362,39.682216265398,0.0932249817384952,0.785504407443683,2.30258509299405
0.349166666666667,AH2,1,0.905517172170004,3.05814440755297,2.31834124292628,2.29683339181932,39.8487043188088,0.0932249817384952,0.780607247796278,2.25878247033565
0.349166666666667,AH3,12,1.01904623196284,3.66657511247127,2.45361579121658,1.87806491842161,12.1909897664908,0.0920886873267826,0.499316005471956,1.56123581061622
0.349166666666667,AH4,4,0.814975423558746,6.09873741567637,2.01277386813517,2.16555659289873,10.9984070997048,0.0929379091450109,0.459978655282818,1.92181259747625
0.349166666666667,AH5,1,0.689057960045751,3.18298228035049,2.31039940775799,2.28184538846563,49.0635888284329,0.0932249817384952,0.780607247796278,1.98591548366901
0.349166666666667,AH6,7,0.725685505781459,1.92983273884787,2.75733177519225,1.74088490979072,7.31888109651851,0.0926686851211073,0.423570595099183,1.39959832674625
0.349166666666667,AH7,10,0.600941476843092,3.92982072823447,2.43814034269697,1.86280668544162,-3.41688287114881,0.0923076923076923,0.607692307692308,1.45820694271018
0.349166666666667,AH8,23,0.631162983925126,9.37547000929321,1.70295288876171,1.38592194714212,13.3994584281652,0.0904215976331361,0.640081799591002,1.07866150224876
0.349166666666667,AH9,4,0.600141508902934,5.15567938368186,2.17969725362573,2.09952454394111,22.3129038969755,0.0929379091450109,0.427961579509071,1.7404661748405
0.349166666666667,AH10,1,0.745737120469013,2.25528292317476,2.63141573588763,2.27161677289828,36.6141863039545,0.0932249817384952,0.775710088148874,2.00306856289526
0.349166666666667,PH1,10,0.939581341856495,2.33559260939785,2.65809534400402,2.12996201572886,-1.38702773405944,0.0923076923076923,0.342307692307692,1.79769420474787
0.349166666666667,PH2,10,0.779899204742184,4.78379082692253,2.0581746948424,2.08198822312814,-2.34362107707311,0.0923076923076923,0.435897435897436,1.65595792806899
0.349166666666667,PH3,18,0.817341252099655,3.94037487649692,2.06575864859907,1.97723312444758,17.2387681933821,0.0912588488765774,0.591905564924115,1.53667855815167
0.349166666666667,PH4,21,1.01113527036283,7.29643307249121,1.64216623951912,1.76567167313526,12.9199715688916,0.0907064471879287,0.487712665406427,1.30975428399756
0.349166666666667,BO1,12,1.10366112468316,4.77129288333083,2.31210372800573,1.69833051345285,2.62386417271839,0.0920886873267826,0.606019151846785,1.37773510772422
0.349166666666667,BO2,23,0.717403983019343,6.14135542497055,1.76403222591658,1.49320413701448,7.11474111037418,0.0904215976331361,0.760736196319018,0.840956685048756
0.349166666666667,BO3,15,0.855514454837023,4.02894909492736,2.46625789321807,1.69619219922259,23.3673227780408,0.0916666666666667,0.815151515151515,1.01842022695053
0.349166666666667,BO4,7,0.710146266486218,2.80573747884391,2.54668538224739,1.82933930055791,5.80229052538151,0.0926686851211073,0.453908984830805,1.6094379124341
0.399199333333333,G1,7,0.860058332012036,2.10817214786269,2.68938571259497,2.19036929755172,14.0735862205297,0.0926686851211073,0.560093348891482,1.90210752639692
0.399199333333333,G2,10,0.910013086248459,3.19675636768508,2.55550622097886,2.10450435114498,4.17919915719143,0.0923076923076923,0.502564102564103,2.03339760317843
0.399199333333333,G3,7,0.772565875631357,2.92224888614398,2.38151245081418,2.21656393145038,-3.45958503900517,0.0926686851211073,0.540256709451575,1.87180217690159
0.399199333333333,G4,7,0.968478139287388,2.80388638318788,2.5589160230255,2.24393094412436,10.7176548009087,0.0926686851211073,0.611435239206534,1.7861884241786
0.399199333333333,G5,7,0.858578991638185,2.54076639231644,2.54251926367846,1.89710813520478,-4.92596225657188,0.0926686851211073,0.484247374562427,1.74296930505862
0.399199333333333,G6,7,0.802756950054268,2.83608708755777,2.56640824801732,1.90429135563447,-14.0797988339398,0.0926686851211073,0.548424737456243,1.64147726617872
0.399199333333333,G7,7,0.915033679192849,3.46207689788759,2.23340776720538,2.07126830704001,4.52126959830467,0.0926686851211073,0.509918319719953,1.65822807660353
0.399199333333333,G8,4,1.0518035193164,5.85496694338097,2.04312930725104,1.89855463704564,12.1099927040172,0.0929379091450109,0.420490928495197,2.14593128294867
0.399199333333333,G9,21,0.735794550240121,3.40034135813285,2.32375600027161,1.69055304073859,33.6187069006665,0.0907064471879287,0.66351606805293,1.33500106673234
0.399199333333333,G10,23,1.08439631841918,10.1357386513725,1.70911589088127,1.67261313999917,14.9653899986293,0.0904215976331361,0.482617586912065,1.26208704537049
0.399199333333333,G11,18,1.16521392260583,5.34908046357383,2.05330133955209,1.92828297589377,2.10414307583497,0.0912588488765774,0.613827993254637,1.49080705985538
0.399199333333333,G12,21,1.0770535194238,3.43300451202066,2.2535560765666,2.02734144213007,13.5067011843925,0.0907064471879287,0.495274102079395,1.60454792713991
0.399199333333333,G13,7,0.730959322834414,3.19790946031933,2.28573344784165,1.90928459003146,-12.7711600009726,0.0926686851211073,0.487747957992999,1.70906775338294
0.399199333333333,G14,7,0.847587539904651,2.45418428238902,2.66736944772976,1.99093466672502,8.68159833835982,0.0926686851211073,0.674445740956826,1.47982041913071
0.399199333333333,G15,4,0.707070486946973,2.01284577228984,2.72977354916221,2.19015365031822,23.9432546375463,0.0929379091450109,0.51974386339381,1.98846976347411
0.399199333333333,G16,2,1.7831287050366,135.717970702093,1.04665527227816,1.04973657883456,27.3658492435074,0.0931694501782698,0.683786505538771,0.796033154172728
0.399199333333333,G17,15,0.997493543298021,4.03348295224444,2.42721056788488,1.86906094710687,27.3302643471219,0.0916666666666667,0.737878787878788,1.16627093714192
0.399199333333333,G18,9,0.813762915433362,3.2561555535065,2.49120371312948,2.14441077008857,1.72781353907251,0.0924012855831038,0.48944099378882,1.53769400757526
0.399199333333333,G19,13,0.906167986910566,4.74390703959248,2.17838302556384,1.64336647318014,1.98587498177428,0.0919614984391259,0.2998585572843,1.64093657949347
0.399199333333333,G20,7,0.626056167575362,2.11574149946286,2.63814419510979,1.91033442150401,2.092158578761,0.0926686851211073,0.441073512252042,1.51911527414081
0.399199333333333,G21,7,0.660527209667503,1.73042623470425,2.84230359722791,2.08198269229936,3.02883740925022,0.0926686851211073,0.540256709451575,2.05189158991161
0.399199333333333,G22,7,0.587882803845165,2.66844662098385,2.51165753835076,2.07418877605006,19.0416192719963,0.0926686851211073,0.651108518086348,1.6902900090632
0.399199333333333,G23,7,0.480464645915472,1.76089127526852,2.81549438058563,1.92532765935961,15.2866026307716,0.0926686851211073,0.599766627771295,1.52846884990043
0.399199333333333,G24,4,0.811615473149442,2.7494992431019,2.38886690848175,2.11960692206803,24.1479393741444,0.0929379091450109,0.446104589114194,1.71765149707433
0.399199333333333,G25,13,0.841447774103017,6.5534797764548,2.29637163598517,1.82665790521067,16.5040545448124,0.0919614984391259,0.673267326732673,1.24120214609429
0.399199333333333,G26,24,1.12106268925367,5.45674705892423,1.86410140308535,1.73703621805938,17.2603201990932,0.090157631680123,0.588486140724947,1.03555415270097
0.399199333333333,G27,7,0.769812058086522,1.27791938068221,2.96865847807946,2.28830960150902,8.81578956505393,0.0926686851211073,0.484247374562427,1.75209421283562
0.399199333333333,G28,7,0.923050372639113,2.72765320665504,2.64604574513187,2.26402702994544,10.2615536709866,0.0926686851211073,0.649941656942824,1.78190717278504
0.399199333333333,G29,7,0.763315449027643,1.37451485662853,2.95007005861397,2.06757950190858,15.5715755670841,0.0926686851211073,0.550758459743291,1.77357715014486
0.399199333333333,G30,10,0.809642233459782,4.92607965742786,2.38941470175766,1.3842888967944,5.02218227215838,0.0923076923076923,0.541025641025641,1.49231255519669
0.399199333333333,G31,12,0.836194971258658,5.6514960996797,2.34044338518334,1.4759720604915,8.79081179922885,0.0920886873267826,0.595075239398085,1.38629436111989
0.399199333333333,G32,7,1.05627182696301,2.01562094210886,2.67224527106326,2.14197066504873,14.2794834455397,0.0926686851211073,0.499416569428238,2.07944154167984
0.399199333333333,G33,12,0.926584066626535,7.38056972345488,2.26578198391052,1.86933663691194,9.07839286192726,0.0920886873267826,0.559507523939809,1.44571778159069
0.399199333333333,G34,7,0.851181739137462,2.32965728894849,2.62031236263178,2.02651677512427,17.3141566695942,0.0926686851211073,0.567094515752625,1.82870298441974
0.399199333333333,G35,7,0.881960310971535,2.12465680036764,2.67725337521536,1.93277189492096,9.82063191574118,0.0926686851211073,0.493582263710618,1.52817494835533
0.399199333333333,G36,7,0.729492405040549,2.1744577822536,2.70641760957543,2.08814877159517,7.14663591458708,0.0926686851211073,0.624270711785298,1.87770189902878
0.399199333333333,G37,12,0.826774969891461,4.40569349145383,2.43073190730444,1.51811342292388,20.3993841448893,0.0920886873267826,0.559507523939809,1.40142324271619
0.399199333333333,G38,9,0.515913936268631,5.5155698250681,2.33612632798849,1.86456301803808,-1.54610868174085,0.0924012855831038,0.551552795031056,1.40133223848443
0.399199333333333,G39,9,0.801229538796968,5.85723008373377,2.32536527548481,1.82810116380854,-1.36256825283881,0.0924012855831038,0.477018633540373,1.28334639186745
0.399199333333333,G40,4,1.04577494897579,2.36833263765418,2.5446223202786,2.10215162694216,17.2343779440834,0.0929379091450109,0.455709711846318,1.82108708432258
0.399199333333333,G41,12,1.01108327565358,4.87262063269929,2.39324027297595,1.93823601702906,9.60380460618679,0.0920886873267826,0.627906976744186,1.34992671694902
0.399199333333333,G42,10,1.19954460639495,2.67082679378425,2.65413168797637,1.84847639368604,5.31308534811891,0.0923076923076923,0.585897435897436,1.56252099264635
0.399199333333333,G43,7,0.787027846524456,2.7066210024516,2.48027454606328,2.15649908879758,13.6922316229281,0.0926686851211073,0.49708284714119,1.83565366278528
0.399199333333333,G44,7,0.844576114155487,2.68349063422137,2.48543474764526,2.34066561033012,7.71618528554821,0.0926686851211073,0.568261376896149,1.72804365484195
0.399199333333333,G45,7,0.616007469109044,2.17655077584885,2.6784455541248,2.15960332551628,-4.01209016512617,0.0926686851211073,0.525087514585764,1.99243016469021
0.399199333333333,G46,7,0.614305917956765,1.91100380036744,2.8068200100607,2.22986977618246,-0.379369489507139,0.0926686851211073,0.555425904317386,2.06851247114765
0.399199333333333,G47,7,0.850760273698174,1.6641301666417,2.84210791723386,2.06447408570353,0.701216616890174,0.0926686851211073,0.485414235705951,1.85727407633868
0.399199333333333,G48,4,0.933409176087104,2.37059666040222,2.61740171830601,2.12053258768746,17.408956970396,0.0929379091450109,0.459978655282818,2.10191439753189
0.399199333333333,CG1,4,1.01231638454821,6.81188775240251,1.99223898194166,1.82201133084625,10.7386317384236,0.0929379091450109,0.426894343649947,1.81707727721234
0.399199333333333,CG2,7,0.957746362395779,7.01442008615145,1.98891936502218,1.56723489935765,-3.71518477988023,0.0926686851211073,0.403733955659277,1.48807705542983
0.399199333333333,CG3,12,0.860468327872954,3.40127071690004,2.28947229566633,1.91011058279045,2.45221724021279,0.0920886873267826,0.277701778385773,1.57553636075842
0.399199333333333,CG4,1,0.926862789434064,3.06110352555311,2.35716064939243,2.23332506722355,37.7603562755635,0.0932249817384952,0.827619980411361,2.36952457566916
0.399199333333333,AH1,4,0.987541473295172,2.75351437727301,2.60406106534373,2.1703065959876,15.4028657964713,0.0929379091450109,0.425827107790822,2.164963715118
0.399199333333333,AH2,4,0.929786932351164,2.51683024315399,2.64751095729878,2.21079790438205,16.2187728377921,0.0929379091450109,0.395944503735326,2.21101789946856
0.399199333333333,AH3,15,1.07027655011122,3.27355951476804,2.37756592887483,1.96207387272727,10.040317071816,0.0916666666666667,0.493939393939394,1.62329494709553
0.399199333333333,AH4,10,0.903722720282055,4.9882093298888,1.93902154269151,2.16581243012061,0.717614335225427,0.0923076923076923,0.385897435897436,1.48366852514507
0.399199333333333,AH5,4,0.795925363055878,3.98686915408743,2.21247535562046,2.09356652707004,23.3032848633856,0.0929379091450109,0.457844183564568,1.86629252109062
0.399199333333333,AH6,7,0.878501764477043,3.42458507916366,2.47072714121315,1.50944721969812,8.82466354591836,0.0926686851211073,0.518086347724621,1.31072475655005
0.399199333333333,AH7,15,0.803106378561139,8.48612794309344,1.6470464914032,1.66600650329727,23.51892068233,0.0916666666666667,0.574242424242424,1.08738522607433
0.399199333333333,AH8,29,0.819287395926944,52.5349463163134,1.22702564608202,1.2359799869804,10.2060841271848,0.0890831758034027,0.716180371352785,0.576534420051752
0.399199333333333,AH9,18,0.750768982701792,4.53889738626471,2.12821468123074,1.77524851948433,11.8226144698214,0.0912588488765774,0.450252951096121,1.54044504094715
0.399199333333333,AH10,1,0.72087911947924,1.96822663224746,2.75032432519956,2.26325797381395,30.9982171602408,0.0932249817384952,0.785504407443683,2.31911439494526
0.399199333333333,PH1,10,1.05771301354912,2.99869856938712,2.47039870388889,2.04106388204996,-3.86706091086713,0.0923076923076923,0.466666666666667,2.20305549764701
0.399199333333333,PH2,15,0.922607662451003,3.3308018662494,2.38068295952918,1.8983915934006,16.3859368774823,0.0916666666666667,0.501515151515151,1.52687631174108
0.399199333333333,PH3,29,0.802248927679132,3.21012249524459,2.28559553009175,1.71806999956815,20.2161797094812,0.0890831758034027,0.543766578249337,1.67397643357167
0.399199333333333,PH4,2,1.54551598348961,45.8962882947587,1.13544514154318,1.14721505041317,26.4134389362143,0.0931694501782698,0.453172205438066,1.08509856950139
0.399199333333333,BO1,10,0.833425169169693,3.3940347996074,2.24106364142877,2.16008554646963,-7.79972036662952,0.0923076923076923,0.501282051282051,1.69744878975681
0.399199333333333,BO2,21,0.664044830551816,4.13827184399805,2.06613367788964,1.68717903148563,2.84603667686854,0.0907064471879287,0.795841209829868,0.841734563701875
0.399199333333333,BO3,20,0.740541340303735,4.61667845727521,2.19685726109982,1.50412016872546,32.8951323404519,0.0909090909090909,0.754545454545455,1.00998583730318
0.399199333333333,BO4,9,0.729440882223661,3.69230452913365,2.50295771681762,1.675876638023,-1.31370757442288,0.0924012855831038,0.339130434782609,1.6306401200847
0.449232666666667,G1,7,0.816091948858822,2.45010605125793,2.57010183274141,2.23179017592308,10.607171175429,0.0926686851211073,0.581096849474912,1.99243016469021
0.449232666666667,G2,12,0.89876908633584,3.74120289464314,2.48772178069282,2.09093317732296,13.1337560996566,0.0920886873267826,0.528043775649795,1.88200634707583
0.449232666666667,G3,4,0.690255041687855,4.30459032337882,2.17645804299841,1.9817662678483,18.2058204939876,0.0929379091450109,0.477054429028815,1.99243016469021
0.449232666666667,G4,9,1.00353818475823,6.6941464457366,2.2824207563797,2.07044853305014,-0.718082589500265,0.0924012855831038,0.457142857142857,1.94591014905531
0.449232666666667,G5,4,0.65602182182434,2.14692840388048,2.72633938633506,2.24211652552526,20.0678765487665,0.0929379091450109,0.43649946638207,2.11180682618187
0.449232666666667,G6,4,0.580290384568846,2.35551538833186,2.60828083808784,2.21652482370009,16.7046676101366,0.0929379091450109,0.450373532550694,2.07247287236374
0.449232666666667,G7,7,0.801426767872281,1.92410270176086,2.77123624651056,2.15866200177028,7.06123292204065,0.0926686851211073,0.513418903150525,1.86629252109062
0.449232666666667,G8,1,0.855454758059264,2.8568466169823,2.40100459589419,2.2164032736921,27.7006884837456,0.0932249817384952,0.751224289911851,2.28238238567653
0.449232666666667,G9,15,0.735384506057706,3.33078660578031,2.35193927504292,1.95495890164921,27.0294489766144,0.0916666666666667,0.7,1.34992671694902
0.449232666666667,G10,10,0.81934805656104,6.41911248507164,1.89386585605415,2.1189584790446,-13.606450374526,0.0923076923076923,0.367948717948718,1.43436276416091
0.449232666666667,G11,10,0.872135186625472,2.89072897929842,2.31547921395984,2.17363414795494,-11.9544351079671,0.0923076923076923,0.371794871794872,1.8294997972109
0.449232666666667,G12,7,0.933297234800089,6.04383400281334,2.04792882582276,2.04983864982314,-1.01043989383232,0.0926686851211073,0.512252042007001,1.54392330532347
0.449232666666667,G13,4,0.533018219147653,1.98505039787303,2.73260570734197,2.31628779068585,14.8197168221961,0.0929379091450109,0.500533617929562,1.97045125797143
0.449232666666667,G14,7,0.747177875956377,1.88059215766343,2.80919492768158,1.91933737060972,12.0388155583421,0.0926686851211073,0.584597432905484,1.40761713058871
0.449232666666667,G15,4,0.636221356034936,1.41071009878935,2.9426667052077,2.28839615892998,17.6494147044373,0.0929379091450109,0.490928495197439,2.10260860096137
0.449232666666667,G16,29,0.930693953958856,49.788330722184,1.24377382603994,1.47866373994416,0.470401880790596,0.0890831758034027,0.594164456233422,0.932164081030445
0.449232666666667,G17,10,0.80612035415429,3.33017262010219,2.54305200349897,1.89719916360008,-1.34779307335341,0.0923076923076923,0.67948717948718,1.34184259854906
0.449232666666667,G18,7,0.711828987975498,2.51056103600756,2.5118602436885,2.13419210199088,18.2378674670525,0.0926686851211073,0.544924154025671,1.84103051823484
0.449232666666667,G19,4,0.603774361078278,3.07253481227155,2.42951205309737,2.26380541460301,17.4537097035286,0.0929379091450109,0.431163287086446,1.95881355389122
0.449232666666667,G20,7,0.632077517086086,2.55385926960494,2.49209632597963,1.99732626278078,4.629168728772,0.0926686851211073,0.463243873978997,1.87972824217401
0.449232666666667,G21,4,0.552784839394241,2.47318806668631,2.52790438596067,2.02066433741793,21.3613749138627,0.0929379091450109,0.466382070437567,1.76450982678068
0.449232666666667,G22,7,0.598479681037678,2.8912736538055,2.57746452888122,2.20930036156016,26.5548945432856,0.0926686851211073,0.686114352392065,1.65944833300876
0.449232666666667,G23,7,0.566781133041109,2.83900774725108,2.51534854691253,1.82272070429621,12.4834130041246,0.0926686851211073,0.639439906651109,1.60070423246535
0.449232666666667,G24,4,0.779663834673484,3.14996969031668,2.29310794891874,2.08791125187425,24.6935250627524,0.0929379091450109,0.453575240128068,1.91692261218206
0.449232666666667,G25,10,0.769675072349375,4.70341669340081,2.40540096211515,1.85042462879451,4.14606423290685,0.0923076923076923,0.625641025641026,1.21639532432449
0.449232666666667,G26,21,1.10557114425073,3.64508082402268,2.2889135995623,1.58611411166821,16.0292180641889,0.0907064471879287,0.648393194706994,1.30652939265103
0.449232666666667,G27,4,0.732249410607267,2.82518474027847,2.37009590137648,2.30444095242377,31.4313006767143,0.0929379091450109,0.511205976520811,2.00533356952611
0.449232666666667,G28,7,0.882971789366717,2.84073269009876,2.61065882601058,2.24519308506201,8.52908247037186,0.0926686851211073,0.655775962660443,1.8024547583448
0.449232666666667,G29,7,0.766323116217773,1.90457935790293,2.76759032325812,1.98907626034171,15.8038696045201,0.0926686851211073,0.606767794632439,1.60572733303756
0.449232666666667,G30,15,1.00524806462469,3.9198331337345,2.4417037327482,1.49532635883403,25.1246144124549,0.0916666666666667,0.760606060606061,1.08587326289068
0.449232666666667,G31,13,1.01449025865058,6.17916091850824,2.31257363214436,1.33710436601349,22.3742605966978,0.0919614984391259,0.693069306930693,1.0752194090934
0.449232666666667,G32,7,1.00152956357701,2.9321684355271,2.44370608985811,2.09959157040804,7.05287174757579,0.0926686851211073,0.44340723453909,2.06491344111693
0.449232666666667,G33,10,0.969037387596097,3.64720504002019,2.50398226487593,1.87596783914399,4.69305322889405,0.0923076923076923,0.623076923076923,1.56861591791385
0.449232666666667,G34,7,0.842273772537285,2.68193015014016,2.45906194386686,1.92378517561139,17.8022411232267,0.0926686851211073,0.55659276546091,1.65068087096815
0.449232666666667,G35,7,0.98086184769073,2.00030657566829,2.6928810202387,1.97317278496526,14.9677874999616,0.0926686851211073,0.569428238039673,1.61914672656106
0.449232666666667,G36,12,0.943531406003255,6.28384045924415,2.13587016697684,1.89027161365381,20.6692213126442,0.0920886873267826,0.540355677154583,1.34602046198195
0.449232666666667,G37,15,1.08084439416731,5.02183159258363,2.10088623345744,1.51561020050138,30.7372844380969,0.0916666666666667,0.712121212121212,1.0112204665531
0.449232666666667,G38,13,0.676497723749048,9.0607252819613,1.81122114544053,1.8658360144973,33.8787987085508,0.0919614984391259,0.633663366336634,0.979225403429752
0.449232666666667,G39,10,0.798561031847883,3.718054833432,2.4855866306834,2.04081979784329,3.56719323625212,0.0923076923076923,0.591025641025641,1.33154384634848
0.449232666666667,G40,10,1.00214416030672,2.600173056209,2.47952006706753,2.22515703990615,-8.1112844725824,0.0923076923076923,0.365384615384615,1.78019864682698
0.449232666666667,G41,12,1.00233692760139,4.53807575465069,2.42006396487327,1.92940375143735,15.1692359025055,0.0920886873267826,0.626538987688098,1.51011971123224
0.449232666666667,G42,10,1.12871523801746,2.45266183549979,2.67866284412385,1.92793698928196,8.45348034893174,0.0923076923076923,0.519230769230769,1.54463791920718
0.449232666666667,G43,13,1.1336978321556,5.36911843791486,2.16327328174063,1.78885248961258,22.9660816829011,0.0919614984391259,0.46958981612447,1.38629436111989
0.449232666666667,G44,13,1.13534376623995,9.57369326674684,1.96680160394878,1.92524276296952,16.3071363483146,0.0919614984391259,0.45968882602546,1.33750419695046
0.449232666666667,G45,13,0.887418893982611,7.50402169042857,1.89003322505644,1.84319253919953,22.1862349804526,0.0919614984391259,0.374823196605375,1.17110779070626
0.449232666666667,G46,10,0.773995667345817,5.19451130694885,2.26341253382402,2.02579395563743,14.7613789958396,0.0923076923076923,0.467948717948718,1.39148917799699
0.449232666666667,G47,4,0.684975376340331,2.43271445692595,2.60872116354046,2.2365930224427,20.9761688789371,0.0929379091450109,0.450373532550694,1.84763992762251
0.449232666666667,G48,1,0.792482527471754,2.98002025847603,2.34209919098406,2.26333318335266,32.0376154023248,0.0932249817384952,0.777668952007835,2.21557371600442
0.449232666666667,CG1,1,0.852451961455165,3.00554466384049,2.36459082412607,2.22574851666454,33.8687116719279,0.0932249817384952,0.794319294809011,2.15176220325946
0.449232666666667,CG2,1,0.741786965957795,2.44333349869438,2.58319510753023,2.18547795116025,30.6702738268277,0.0932249817384952,0.842311459353575,1.9727573990915
0.449232666666667,CG3,1,0.656008565825582,3.23649095117358,2.28554834742617,2.21514110391092,38.2887376765948,0.0932249817384952,0.812928501469148,1.49788542652835
0.449232666666667,CG4,1,0.822673036070003,2.16244939096651,2.68105384511341,2.24534114628064,23.7122215363843,0.0932249817384952,0.801175318315377,2.20573526700413
0.449232666666667,AH1,7,1.1291369054064,2.95829191080587,2.39874557897335,2.1448389841675,6.43599801289589,0.0926686851211073,0.49708284714119,1.93152141160321
0.449232666666667,AH2,7,1.07899583992106,3.37741374864528,2.31421609271879,2.12211266734171,10.5662088000627,0.0926686851211073,0.484247374562427,2.07944154167984
0.449232666666667,AH3,13,1.01162036582627,3.61831840482734,2.50774903457697,2.0303318874272,8.65921405140596,0.0919614984391259,0.455445544554455,1.67709656090792
0.449232666666667,AH4,23,1.23931089547918,8.80714782729771,1.73447435010684,1.45640924697798,12.4043319283211,0.0904215976331361,0.484662576687117,1.1595210417551
0.449232666666667,AH5,15,1.09821777047075,4.4602326170693,2.23202183474807,1.65890076622286,18.1318838751156,0.0916666666666667,0.487878787878788,1.41585316336144
0.449232666666667,AH6,15,1.422498422281,7.37790201645769,1.97818753931659,1.55243112787469,23.5735490973293,0.0916666666666667,0.636363636363636,1.03832005841199
0.449232666666667,AH7,26,1.60213522296026,44.7141203677624,1.21425553580685,1.04752350512032,32.6596245682427,0.0897542690545606,0.730858468677494,0.426518517305997
0.449232666666667,AH8,1,1.54110796519918,316.47351327764,1.01320698083692,0.921198093270381,52.7051048106637,0.0932249817384952,0.96767874632713,0.373041921402938
0.449232666666667,AH9,21,1.05691060992174,13.0809923660852,1.4350932452901,1.64652540284385,17.0521778695611,0.0907064471879287,0.574669187145558,1.19919952557328
0.449232666666667,AH10,10,0.888047046104407,3.40883949937682,2.27508437882941,2.13119419909816,7.39624598903042,0.0923076923076923,0.385897435897436,1.8803128665695
0.449232666666667,PH1,10,0.981966995023711,2.53100650887035,2.61607178531656,2.00520557420566,-2.45654089275763,0.0923076923076923,0.366666666666667,2.36712361413162
0.449232666666667,PH2,13,0.970423024482037,3.92066605773522,2.47735757073149,1.83961573607253,9.77216582226781,0.0919614984391259,0.561527581329561,1.46500992858536
0.449232666666667,PH3,18,0.883118905385371,3.2759308750089,2.47144485247744,1.84933109401513,10.1936424567648,0.0912588488765774,0.640809443507589,1.5168164225537
0.449232666666667,PH4,2,1.51381571606447,47.0155933234822,1.13135512847655,1.13583258788548,36.2952189473756,0.0931694501782698,0.477341389728097,0.992805444058442
0.449232666666667,BO1,4,0.657016343546473,1.93709084620792,2.76803649610526,2.25874866695764,31.856793635904,0.0929379091450109,0.501600853788687,1.82454929205105
0.449232666666667,BO2,26,0.661681930181583,4.79848680662028,2.00968201595684,1.45330363095612,18.2299814071328,0.0897542690545606,0.74245939675174,0.929989576232317
0.449232666666667,BO3,10,0.578050465911562,3.81717327630455,2.26832090058581,2.03517931169866,-7.14322837293602,0.0923076923076923,0.667948717948718,1.28416486604351
0.449232666666667,BO4,10,0.885360415666167,3.24683471673348,2.52473554621552,1.55687602276303,8.42249772731132,0.0923076923076923,0.511538461538461,1.59885580310356
0.499249333333333,G1,12,0.946913188167179,4.65760025009636,2.17629415176342,2.04869872181348,14.6613610057217,0.0920886873267826,0.432284541723666,1.86751951510959
0.499249333333333,G2,12,0.863843719412837,4.01303816477647,2.46916831776353,2.1047877853712,10.9368816870805,0.0920886873267826,0.502051983584131,1.76833919501996
0.499249333333333,G3,7,0.758288371363944,2.80328602472882,2.4497281664123,2.02070510727669,18.6611715710938,0.0926686851211073,0.558926487747958,1.93993998206881
0.499249333333333,G4,10,1.12861927398204,3.93607459956685,2.476404773106,2.08940732183689,-4.06268606629184,0.0923076923076923,0.576923076923077,1.5728803167003
0.499249333333333,G5,4,0.764379962452728,3.17634835772268,2.34295581676697,2.18271257289558,27.9302719427081,0.0929379091450109,0.504802561366062,1.94591014905531
0.499249333333333,G6,4,0.573940413946893,2.39676138490985,2.57419280309521,2.08149341115318,26.4546058210788,0.0929379091450109,0.462113127001067,2.03688192726104
0.499249333333333,G7,7,0.925857926031394,2.65299449824079,2.50545326722865,2.21477503912077,20.2508594667674,0.0926686851211073,0.56242707117853,1.71538649044348
0.499249333333333,G8,1,0.802885652095795,2.18275332913461,2.6744907350121,2.29768792574463,34.0253766729278,0.0932249817384952,0.768854064642507,2.52572864430826
0.499249333333333,G9,15,0.720729991092175,5.17275229145331,2.3102857088969,1.93379928709132,39.5767422447398,0.0916666666666667,0.728787878787879,1.2843294344632
0.499249333333333,G10,7,0.683901166298544,2.42611835489292,2.60484267514225,2.23646903446742,13.1771396726201,0.0926686851211073,0.498249708284714,1.83565366278528
0.499249333333333,G11,10,0.867446909104068,2.35663380812136,2.5830124884732,2.15864732249265,-1.51758600276742,0.0923076923076923,0.380769230769231,1.6852759888256
0.499249333333333,G12,4,0.887145752649045,3.94588887327755,2.19533202993439,2.20199140670831,35.3630086847144,0.0929379091450109,0.542155816435432,1.83098018238134
0.499249333333333,G13,4,0.457554392184324,1.30405635297919,2.96524545226516,2.32150836637487,18.2811419038691,0.0929379091450109,0.455709711846318,1.83922600646698
0.499249333333333,G14,7,0.623006164971604,1.56435310589472,2.89553372554477,2.15949463701298,11.4897531849527,0.0926686851211073,0.514585764294049,1.55563520644112
0.499249333333333,G15,4,0.650862677152624,1.50125577600782,2.92261849304126,2.27014796822434,25.6337898471062,0.0929379091450109,0.509071504802561,1.6567840330313
0.499249333333333,G16,21,0.726199116624768,10.1926942540165,1.59523861592242,1.73758823342796,-7.19168996812094,0.0907064471879287,0.559546313799622,1.47976008912557
0.499249333333333,G17,10,0.807934779188182,3.33737214599962,2.54760041878462,1.83356507590722,5.10332830112525,0.0923076923076923,0.65,1.42711635564015
0.499249333333333,G18,9,0.71915362001757,3.04667381325856,2.54382099178657,1.91229418147779,-1.33147734011295,0.0924012855831038,0.398757763975155,1.6186972378469
0.499249333333333,G19,4,0.586159505322875,1.67865218920571,2.85589308095007,2.32576462391963,22.1086218130122,0.0929379091450109,0.441835645677695,2.19722457733622
0.499249333333333,G20,10,0.661240683927055,2.27416108369552,2.73663456552913,1.88448198452355,-7.40077693125973,0.0923076923076923,0.423076923076923,1.85629799036563
0.499249333333333,G21,7,0.644300832451253,2.23226083318978,2.62488052135491,2.1611651298882,11.1411160506805,0.0926686851211073,0.567094515752625,1.61513593354874
0.499249333333333,G22,7,0.610422123945514,2.9861528800195,2.57081666891674,2.14206758454299,18.8900551482808,0.0926686851211073,0.66977829638273,1.50180724824174
0.499249333333333,G23,7,0.564704185141178,2.85036806071068,2.52290410276164,1.86403502059986,12.3597757863616,0.0926686851211073,0.625437572928822,1.56776521603353
0.499249333333333,G24,7,0.892990146032623,2.55885675355598,2.48734280054148,2.281226085706,8.03345770437321,0.0926686851211073,0.602100350058343,1.97045125797143
0.499249333333333,G25,12,0.797962223117701,5.6224449781833,2.3352062635514,1.79800815516907,13.5422759088649,0.0920886873267826,0.596443228454172,1.16661701778217
0.499249333333333,G26,15,0.953755582443023,2.73264547632741,2.64441707694423,1.9879433257526,15.4168999876253,0.0916666666666667,0.616666666666667,1.41369333530801
0.499249333333333,G27,7,0.7559543630355,1.60325068127942,2.85923599938278,2.24287981608506,16.5184903512662,0.0926686851211073,0.488914819136523,1.76850260706379
0.499249333333333,G28,7,0.862294315262045,2.70376332174226,2.64304259166019,2.24995613740426,14.639174967409,0.0926686851211073,0.662777129521587,2.14286336811733
0.499249333333333,G29,10,1.08213859420553,2.3643280477066,2.66641145131394,1.83190930796953,11.7513077933127,0.0923076923076923,0.532051282051282,1.36494123664932
0.499249333333333,G30,13,1.10157939808835,7.01536415642052,2.27776456728582,1.6704386406535,14.9462023401479,0.0919614984391259,0.74964639321075,1.15544576343128
0.499249333333333,G31,12,1.14430670746992,11.1550875880099,2.15118954178428,1.47084779907078,4.16496798575044,0.0920886873267826,0.759233926128591,1.03121431385097
0.499249333333333,G32,4,0.964542954927444,2.72454095434157,2.38698147759511,2.20539829711602,28.9400865084432,0.0929379091450109,0.504802561366062,2.07421959769868
0.499249333333333,G33,12,0.997111585620553,3.93272516140337,2.47365861920134,1.81029619395554,10.6774442608259,0.0920886873267826,0.629274965800274,1.51921282084137
0.499249333333333,G34,7,0.875463419824007,2.97109855725726,2.44313604842156,2.05082360702841,19.0577757387111,0.0926686851211073,0.590431738623104,1.51787071890861
0.499249333333333,G35,7,0.952654469230133,1.60949595247583,2.86645217667593,2.09058721239044,10.254668853444,0.0926686851211073,0.579929988331389,1.67397643357167
0.499249333333333,G36,15,1.19543732625,3.01833733964146,2.59663082327766,1.76269920818022,23.0008229423815,0.0916666666666667,0.709090909090909,1.29129663249761
0.499249333333333,G37,15,1.39124360054791,5.54380101597266,2.34922525276106,1.56178226397417,25.77645562146,0.0916666666666667,0.790909090909091,1.11910480905823
0.499249333333333,G38,11,0.95083121518628,4.84029844846014,2.39552316201439,1.46321817947333,20.5119016802094,0.0921630859375,0.765562913907285,0.974472687256891
0.499249333333333,G39,12,0.979230620829193,5.55002921990679,2.32442841299463,1.84277182689661,15.4132081874151,0.0920886873267826,0.630642954856361,1.21815743931789
0.499249333333333,G40,4,0.894207468077195,2.77920371232145,2.53619059832349,2.19928636281623,22.1055508787546,0.0929379091450109,0.410885805763074,1.99655388187407
0.499249333333333,G41,15,1.10957265570048,3.76240329634694,2.48710255195985,1.83602221800567,16.4861615360734,0.0916666666666667,0.725757575757576,1.31170550412882
0.499249333333333,G42,13,1.16716441282797,2.94277229177199,2.41948388869716,1.80396360633342,18.0831441408477,0.0919614984391259,0.547383309759547,1.32266866523968
0.499249333333333,G43,18,1.42589929507619,2.53142419084454,2.55355683014755,1.29869445652894,10.6671777282051,0.0912588488765774,0.639123102866779,1.31749144119586
0.499249333333333,G44,15,1.45108846635253,3.53809680703383,2.52016267638613,1.84654183897773,15.2304689921769,0.0916666666666667,0.736363636363636,1.38966704559853
0.499249333333333,G45,12,1.21008554208708,4.67731395155935,2.40316278603416,1.56027449755237,18.1266565252653,0.0920886873267826,0.640218878248974,1.15002547994448
0.499249333333333,G46,9,0.968446221014908,6.98228702509202,2.27831964069323,1.66107937789317,5.04031930992145,0.0924012855831038,0.496894409937888,1.32306217589637
0.499249333333333,G47,12,0.984640803577173,5.078272211931,2.26291549535604,1.84949548760217,14.4951426383651,0.0920886873267826,0.326949384404925,1.53393035992596
0.499249333333333,G48,1,0.780983478744244,2.83694515387498,2.37503234391425,2.29437721805131,34.5683316284559,0.0932249817384952,0.774730656219393,2.23804657185647
0.499249333333333,CG1,1,0.77074089893002,2.01930859361653,2.74540793629435,2.27345111620239,28.8256394334172,0.0932249817384952,0.788442703232125,2.02320182335696
0.499249333333333,CG2,1,0.690868206362826,1.72711061033317,2.85713350274042,2.24833308719405,31.4379536071143,0.0932249817384952,0.846229187071499,2.01097374240238
0.499249333333333,CG3,4,0.623115143589479,3.20920828113702,2.50179038011637,2.17738518258795,18.7460956351626,0.0929379091450109,0.426894343649947,1.50935445387712
0.499249333333333,CG4,1,0.752706660280047,1.64896058232408,2.87885887609129,2.22983327907337,26.6026816372805,0.0932249817384952,0.821743388834476,2.50552593699074
0.499249333333333,AH1,10,1.30264456977519,2.2535731953056,2.65269855899127,2.10572007232152,-1.17455814525786,0.0923076923076923,0.455128205128205,1.75209421283562
0.499249333333333,AH2,10,1.22749064902596,2.7709574988291,2.42238697969582,1.96577275764494,-3.23727654594053,0.0923076923076923,0.488461538461538,1.93441576962958
0.499249333333333,AH3,18,1.14384029613043,2.88729754798441,2.42601425286317,1.73261278685276,18.7195375175873,0.0912588488765774,0.664418212478921,1.56776521603353
0.499249333333333,AH4,26,1.43263182409081,3.73113274623296,2.30344243088997,1.42770294234255,4.53773296957436,0.0897542690545606,0.575406032482599,1.19041983792123
0.499249333333333,AH5,18,1.40967930385981,2.28871196673684,2.73224859062775,1.58092046512993,29.1620718064469,0.0912588488765774,0.704890387858347,1.31276027707374
0.499249333333333,AH6,18,1.89372229155033,3.29380869712194,2.52722028847265,1.41119552150874,17.3772080385241,0.0912588488765774,0.780775716694772,1.14630716247613
0.499249333333333,AH7,1,2.5521405612262,308.527352138135,1.01301204045431,0.744954994194902,58.4050702325104,0.0932249817384952,0.908912830558276,0.32199421744056
0.499249333333333,AH8,1,1.63218708251357,340.891735749397,1.01238333492945,0.814558158290234,44.8930754343537,0.0932249817384952,0.947110675808031,0.250302666464485
0.499249333333333,AH9,29,1.14927110204289,14.5221638414206,1.73255101743642,1.32571791932016,36.7215818800783,0.0890831758034027,0.596816976127321,1.04616581329557
0.499249333333333,AH10,15,1.07776169293008,2.87729914502568,2.48302824554477,1.99588621387152,20.2044035375974,0.0916666666666667,0.466666666666667,1.83406184891874
0.499249333333333,PH1,12,1.06709228678957,2.81122069805927,2.54475963968539,2.02861639448753,3.00648057147349,0.0920886873267826,0.400820793433653,1.74435723033347
0.499249333333333,PH2,15,1.05451882482938,2.76955634861482,2.63562317074818,2.04500885173378,11.5719812305964,0.0916666666666667,0.583333333333333,1.62212307196142
0.499249333333333,PH3,13,0.781233619022199,3.20365239713026,2.53576835204726,1.90228722405403,9.51379441395554,0.0919614984391259,0.45968882602546,1.61914672656106
0.499249333333333,PH4,23,1.02474145424243,15.6085704424027,1.54529564718966,1.54388961015245,1.64443747588808,0.0904215976331361,0.30879345603272,1.14780253285888
0.499249333333333,BO1,4,0.637182707254381,1.50067735912926,2.91728933634831,2.22877717002114,24.7684457698348,0.0929379091450109,0.485592315901814,1.88706964903238
0.499249333333333,BO2,29,0.61217120272873,7.38405824508783,1.91592729060378,1.45443648220723,18.5294209131464,0.0890831758034027,0.729442970822281,0.907052790889219
0.499249333333333,BO3,9,0.512591709185221,3.44856417402862,2.53046242441569,2.10250612449228,1.65987837719401,0.0924012855831038,0.602484472049689,1.66442004685145
0.499249333333333,BO4,10,1.1180467811407,5.06308583267052,2.31318451879633,1.63556633221444,10.2237206881389,0.0923076923076923,0.678205128205128,1.27450295513177
0.549266,G1,15,1.06677523142717,3.97990774206738,2.40170396860044,1.85920407886204,24.9925768832709,0.0916666666666667,0.540909090909091,1.45700988591829
0.549266,G2,10,0.892243721756783,3.64915543370991,2.509112796554,2.24433706779982,-6.96743715045008,0.0923076923076923,0.58974358974359,1.62974317859485
0.549266,G3,10,0.900899554004396,2.87282951342722,2.34538475579217,2.15749654735942,-1.40947304715453,0.0923076923076923,0.494871794871795,1.95160817016995
0.549266,G4,10,1.13333958293476,3.88313802796927,2.48245027946525,2.00144559514798,-3.7894208603748,0.0923076923076923,0.605128205128205,1.62329494709553
0.549266,G5,13,1.02724267538871,5.77069545273284,1.85937531296183,2.02988172206752,16.9695140536987,0.0918314255983351,0.373937677053824,1.33307366491498
0.549266,G6,7,0.766292608425463,2.87651890345973,2.41576557987753,1.77108811881846,28.1469608261684,0.0926686851211073,0.56242707117853,2.00051428309017
0.549266,G7,10,1.11273796319879,2.51718399573629,2.66337474393888,2.12912088557482,11.0795187379677,0.0923076923076923,0.566666666666667,1.47982041913071
0.549266,G8,1,0.839450821691737,2.85320521770607,2.43911898897898,2.32022948490234,47.194510005076,0.0932249817384952,0.783545543584721,2.23359222150709
0.549266,G9,13,0.843377580866803,9.3612436947136,2.20763448943215,1.79554492945876,19.4305847304259,0.0919614984391259,0.711456859971711,1.20093790063078
0.549266,G10,7,0.755073229877315,2.56122915057229,2.47035603383405,2.02683666131928,15.2617360312564,0.0926686851211073,0.513418903150525,1.880990602956
0.549266,G11,18,0.958213447130069,3.24318945168661,2.33024677829043,1.86060581258511,16.7068365533456,0.0912588488765774,0.456998313659359,1.64135551540241
0.549266,G12,7,1.00131304557272,4.27060337715793,2.16977039226388,2.16278124646399,12.5149323153202,0.0926686851211073,0.494749124854142,2.25438299117617
0.549266,G13,4,0.470934416529695,1.19774714463059,2.98162627149517,2.30152089138318,21.7291636838493,0.0929379091450109,0.468516542155816,1.72804365484195
0.549266,G14,4,0.570731684373306,2.8641113570438,2.47566761809981,2.0713348755575,31.5509944028287,0.0929379091450109,0.541088580576307,1.8951950564763
0.549266,G15,4,0.700761571773368,1.88061852360796,2.79477533854427,2.22917515108914,25.7385971967447,0.0929379091450109,0.548559231590181,1.70181123256512
0.549266,G16,10,0.510934142420336,3.00301300584681,2.31653230259369,2.25899363581414,-12.1347487638941,0.0923076923076923,0.43974358974359,1.5935224571282
0.549266,G17,12,0.873850683111854,3.1822064082484,2.55922757036228,1.78103473621367,7.19385258952396,0.0920886873267826,0.649794801641587,1.3244189574018
0.549266,G18,7,0.642385565026904,2.93740526424019,2.42837137469917,2.24868089238254,8.39229778629042,0.0926686851211073,0.576429404900817,1.57633796400776
0.549266,G19,4,0.584741493627385,2.15586226405807,2.71912257337399,2.25170224859612,26.1135759439304,0.0929379091450109,0.453575240128068,2.07944154167984
0.549266,G20,10,0.655730759913229,2.87376026520878,2.61390127694639,1.88188236106087,-20.0750949192819,0.0923076923076923,0.448717948717949,1.91364928683709
0.549266,G21,7,0.678851370884917,3.82745224327061,2.20190752159474,1.9071154498895,7.97315190948176,0.0926686851211073,0.550758459743291,1.69905007112379
0.549266,G22,7,0.555852425126109,2.37366121148219,2.71378247256179,2.06523212228763,17.0980769617313,0.0926686851211073,0.605600933488915,1.81746782593826
0.549266,G23,7,0.585946747207847,2.87975300844485,2.53516386760715,2.00730990847785,17.0900478361361,0.0926686851211073,0.581096849474912,1.71633570741081
0.549266,G24,10,0.962280265448961,2.70564196514,2.64815993205839,2.05521693519727,-12.4814698921383,0.0923076923076923,0.469230769230769,1.71297859137494
0.549266,G25,15,0.87103311440658,2.93906044388104,2.60668059874218,1.80736690191042,12.8727260447828,0.0916666666666667,0.68030303030303,1.04001812440206
0.549266,G26,10,0.847930188728621,2.69996605985886,2.61027358301099,2.08976725086967,-0.0390334773445634,0.0923076923076923,0.557692307692308,1.47363637127504
0.549266,G27,7,0.766323199514568,1.94321200707446,2.74756289193302,2.22419977723029,14.0744056501937,0.0926686851211073,0.534422403733956,1.70474809223843
0.549266,G28,9,0.885728393008526,4.77323230495638,2.39504906476286,1.97905125150373,-4.31761464184341,0.0924012855831038,0.413664596273292,2.01779737856863
0.549266,G29,10,1.11391492709983,2.57319179783272,2.65279478054861,1.92028561329049,1.81654234819827,0.0923076923076923,0.621794871794872,1.28572345434463
0.549266,G30,12,1.05705656080807,6.98463353485794,2.27675953130568,1.83351935905306,0.675029523542729,0.0920886873267826,0.757865937072503,1.17272026082183
0.549266,G31,12,1.19129646949335,10.9281890369123,2.15993151924982,1.3407298962229,-1.1607541269112,0.0920886873267826,0.771545827633379,1.00799915836365
0.549266,G32,7,1.04663681706893,2.41472241274956,2.54124096173262,2.12906506081816,17.3858479227555,0.0926686851211073,0.445740956826138,1.72014993684993
0.549266,G33,13,0.949673446968801,2.94398150334046,2.58950739277366,1.77041204514218,20.1460269215879,0.0919614984391259,0.545968882602546,1.40691364832263
0.549266,G34,10,0.92341850508772,2.23550477565442,2.68489777231851,2.18071434642855,-1.93487552273293,0.0923076923076923,0.546153846153846,1.27483892019457
0.549266,G35,6,0.771965586022164,4.21019232444776,2.44801539964073,2.15334677743404,6.50165124092328,0.0927326191976476,0.310305775764439,1.64222773525709
0.549266,G36,13,1.22789147185192,3.97278062752525,2.44616322036138,1.88202044434251,14.7809434580789,0.0919614984391259,0.741159830268741,1.17940154359543
0.549266,G37,13,1.38662867294852,5.90073498531284,2.32137270546965,1.78354747731992,3.76639174162461,0.0919614984391259,0.772277227722772,1.05349185338764
0.549266,G38,12,1.18609222104157,5.29808861440781,2.32172640611227,1.46877236234641,-1.867325729779,0.0920886873267826,0.859097127222982,0.865219487004559
0.549266,G39,11,1.11309422263902,10.4313492402394,2.1648743416726,1.80532846539093,13.6221666186795,0.0921630859375,0.740397350993377,1.0626186860202
0.549266,G40,7,1.11478327201519,2.99525899915896,2.32759782700729,1.9901403271098,16.1853352419439,0.0926686851211073,0.445740956826138,1.6057949211556
0.549266,G41,15,1.14251633063718,3.32624108407048,2.55031165164358,1.59853228462455,17.2867590656558,0.0916666666666667,0.739393939393939,1.32098926271212
0.549266,G42,12,0.990197403405,3.74415398644198,2.21003712522345,1.92700396471918,14.3713613747842,0.0920886873267826,0.455540355677155,1.33307366491498
0.549266,G43,18,1.48151982314006,2.95873558370986,2.3597261151363,1.26181328134024,19.7613557298602,0.0912588488765774,0.676222596964587,1.15308119702955
0.549266,G44,13,1.45392414240818,5.12136495166067,2.37504225321497,1.97284225020932,9.72923156779895,0.0919614984391259,0.68033946251768,1.30575549863588
0.549266,G45,12,1.24658177444332,4.82721667397642,2.3961032474195,1.70227234652915,17.2368740059116,0.0920886873267826,0.699042407660739,1.10429412213554
0.549266,G46,9,1.07118861172222,7.07278300492654,2.25690486101015,1.7049613647079,14.0276576581538,0.0924012855831038,0.590062111801242,1.10593832876018
0.549266,G47,10,1.17864545528529,3.8224818681855,2.47864493474727,1.72135016829468,7.87505625618016,0.0923076923076923,0.478205128205128,1.63600493981882
0.549266,G48,1,0.781696947346791,2.6361793126292,2.43939344316435,2.31445180852711,34.0516931239068,0.0932249817384952,0.767874632713026,2.26176309847379
0.549266,CG1,1,0.786979355889176,2.28601931800675,2.65526193580999,2.26954206382863,38.0760961175099,0.0932249817384952,0.784524975514202,1.89711998488588
0.549266,CG2,1,0.772702445110741,2.75733489478658,2.48705561269619,2.32311050602102,42.8952512882304,0.0932249817384952,0.807051909892262,2.21920348405499
0.549266,CG3,7,0.806396697650121,4.04571303043154,2.20912053437287,2.07581503541143,11.6277016935656,0.0926686851211073,0.455075845974329,1.51512723296286
0.549266,CG4,1,0.758163697862815,1.74787141156993,2.85209261431646,2.2858403749531,27.9977703029195,0.0932249817384952,0.824681684622919,2.33289044248937
0.549266,AH1,7,1.31996290580957,2.94858631030289,2.31310288440545,2.24936745889567,2.54965134640506,0.0926686851211073,0.592765460910152,2.01172336762489
0.549266,AH2,13,1.28962542529452,3.00265413030274,2.52897682470142,1.79226541699305,1.23184299909662,0.0919614984391259,0.381895332390382,1.79749014393704
0.549266,AH3,21,1.28651411879738,2.82746573834011,2.49808662343775,1.31126053571565,6.715554894145,0.0907064471879287,0.574669187145558,1.44881471810122
0.549266,AH4,21,1.40307995525976,3.08145287906253,2.40427447088322,1.33132432061961,8.29945978679261,0.0907064471879287,0.638941398865784,1.39695165559388
0.549266,AH5,15,1.39882750369967,3.41341818431616,2.53178190398043,1.80076248125989,-1.47431500425192,0.0916666666666667,0.674242424242424,1.58160311344066
0.549266,AH6,18,1.9538353558536,3.00203807973234,2.59855788407347,1.2846503331582,7.23952021242952,0.0912588488765774,0.860033726812816,1.18299968094566
0.549266,AH7,30,2.0131400590463,98.0644123126193,1.57354554950608,1.06105663011877,7.081346666727,0.0888888888888889,0.758333333333333,0.386873867998282
0.549266,AH8,1,1.32303591647569,230.322030115766,1.01808941464912,0.837084364377331,57.6273720757858,0.0932249817384952,0.898139079333986,0.383594118058204
0.549266,AH9,23,1.31662145363847,4.56123832516151,2.13904172818671,1.38955029363449,19.2479282016814,0.0904215976331361,0.629856850715746,1.33850369728354
0.549266,AH10,10,0.974051917701702,2.6714529568534,2.4948067299041,1.86463670163478,-1.9605980498719,0.0923076923076923,0.437179487179487,1.53289783531177
0.549266,PH1,15,1.18151926892158,2.47513026292435,2.50145751914622,1.44548367028955,4.13883883051485,0.0916666666666667,0.424242424242424,1.44488852538594
0.549266,PH2,15,1.0746328924379,2.80865786615022,2.63043227477252,1.90183965972831,4.04660499006787,0.0916666666666667,0.545454545454545,1.66170634097986
0.549266,PH3,12,0.746113921056658,3.29542658803023,2.51732778838605,2.07245074684868,-1.86462273329367,0.0920886873267826,0.484268125854993,1.81828622356148
0.549266,PH4,7,0.685990582110306,4.71354906540691,2.01224760625893,2.2094715050407,5.98472033735862,0.0926686851211073,0.508751458576429,1.47484775846134
0.549266,BO1,4,0.609825245024667,1.22395965300281,2.97976382344522,2.19402948465291,30.2712715863933,0.0929379091450109,0.484525080042689,1.67397643357167
0.549266,BO2,24,0.562862076617039,10.1742063727932,1.49701249443621,1.57552274511714,23.6811588859841,0.090157631680123,0.607675906183369,0.837728409371053
0.549266,BO3,9,0.512892017560799,3.66285655759792,2.50146227098203,1.97927797671873,6.37016555831607,0.0924012855831038,0.590062111801242,1.58096623835279
0.549266,BO4,13,1.28006641935129,7.32481418812259,2.26799301048145,1.77009872722067,19.876466541747,0.0919614984391259,0.75954738330976,1.37732569113713
0.599299333333333,G1,12,1.14465281669856,4.92680750027059,2.38213917403194,1.75703691733173,12.0848338135917,0.0920886873267826,0.545827633378933,1.44881471810122
0.599299333333333,G2,12,0.921248890535537,5.76614351546089,2.33421026993698,1.99457450253245,14.2772108999229,0.0920886873267826,0.538987688098495,1.53597076055223
0.599299333333333,G3,10,0.83840706380694,3.21799100088438,2.35711346303931,2.11947909375788,-6.63176304718642,0.0923076923076923,0.452564102564103,2.00372971994414
0.599299333333333,G4,10,1.17594247219154,2.87514435556975,2.60952085197016,2.09745438978159,3.99964724356885,0.0923076923076923,0.612820512820513,1.5434799446423
0.599299333333333,G5,18,1.3399094604135,5.43452175555791,2.15209735001554,1.57785328649619,26.9724099870321,0.0912588488765774,0.598650927487352,1.25104031518392
0.599299333333333,G6,7,0.848056077640036,3.16964474235125,2.54632841449817,1.98382165168261,23.1718876955108,0.0926686851211073,0.667444574095683,1.95606252051933
0.599299333333333,G7,10,1.18021876814272,2.48877881528163,2.65270780561496,1.8977707910712,7.8169492205195,0.0923076923076923,0.585897435897436,1.66770682055808
0.599299333333333,G8,1,0.877983243997399,3.07189713326849,2.36379808663634,2.3214699393747,46.2884522795818,0.0932249817384952,0.803134182174339,2.00306856289526
0.599299333333333,G9,15,0.990444374308567,11.481244911029,2.12539237294723,1.84582950409245,13.636872539605,0.0916666666666667,0.836363636363636,1.26817159384821
0.599299333333333,G10,7,0.772898252147901,2.95587326785978,2.39026429608002,2.03415348484773,21.2626656024662,0.0926686851211073,0.548424737456243,1.8803128665695
0.599299333333333,G11,18,0.980418872827738,3.820307642029,2.23857894238823,1.74356886934378,21.8617520084305,0.0912588488765774,0.472175379426644,1.46283443824222
0.599299333333333,G12,15,0.989658716011359,3.90584821225632,2.27135609222602,2.14977503521688,10.7998954408716,0.0916666666666667,0.378787878787879,2.2512917986065
0.599299333333333,G13,4,0.491909854567101,1.07206175536385,2.99743111548342,2.33239730689851,26.8447534489895,0.0929379091450109,0.495197438633938,1.89911798754855
0.599299333333333,G14,7,0.570269004136424,3.32890624746115,2.3314979691567,1.95522504030173,15.0685237162777,0.0926686851211073,0.515752625437573,1.40156183325068
0.599299333333333,G15,7,0.748707855333595,2.88586684831677,2.48619667362465,2.13911126494034,10.01928764152,0.0926686851211073,0.499416569428238,1.62019070421036
0.599299333333333,G16,4,0.472248844318555,5.49046336603816,2.06646733672604,2.05945634777712,21.3677925553826,0.0929379091450109,0.522945570971185,1.74469195837007
0.599299333333333,G17,12,1.01720293541806,9.10999150956398,1.84346133125206,1.72917693130337,21.5493980811895,0.0920886873267826,0.696306429548564,0.912712910526271
0.599299333333333,G18,4,0.580990562299395,3.2182150932103,2.32007081696267,2.23258417795272,37.6007013776506,0.0929379091450109,0.549626467449306,1.75051651069401
0.599299333333333,G19,4,0.641701995144979,2.988139890108,2.42799190604674,2.2163901913858,31.4210213655105,0.0929379091450109,0.483457844183565,1.73911573574263
0.599299333333333,G20,4,0.531271012971,3.59932773309742,2.25410223404463,2.09725462124616,29.7612670975615,0.0929379091450109,0.491995731056564,1.89911798754855
0.599299333333333,G21,7,0.708075892715484,3.81343620675989,2.20956790050491,1.95895291894167,11.0898525264292,0.0926686851211073,0.597432905484247,1.88815131490312
0.599299333333333,G22,7,0.561832759136791,2.08118573811747,2.78039691610566,2.1007559144236,13.8468189273532,0.0926686851211073,0.612602100350058,1.82253112789481
0.599299333333333,G23,10,0.644331336959106,2.37505985387739,2.64631986547381,2.12439702527946,-2.35481166430867,0.0923076923076923,0.492307692307692,1.42711635564015
0.599299333333333,G24,12,1.0001310259424,5.12565942703078,2.37559746362926,1.98115552266616,9.55319669986568,0.0920886873267826,0.461012311901505,1.72591290343047
0.599299333333333,G25,12,0.843950830616096,5.86906374321606,2.33103182566094,1.89153318322145,2.49652913443249,0.0920886873267826,0.660738714090287,1.36330484289519
0.599299333333333,G26,12,0.880540999434236,4.05079157851484,2.31730928483606,1.99813070683301,17.5475542157274,0.0920886873267826,0.484268125854993,1.36202973912026
0.599299333333333,G27,7,0.754656810049917,2.59349983348639,2.4936936751449,2.18044537341978,12.0053577847446,0.0926686851211073,0.533255542590432,1.64998400682845
0.599299333333333,G28,7,0.791896281997408,2.8917201498675,2.57613212608399,2.08863719129592,11.5504434288935,0.0926686851211073,0.625437572928822,1.94079504838854
0.599299333333333,G29,10,1.2436634063994,3.28872580980401,2.55166804392939,1.59573075052431,8.4230179518368,0.0923076923076923,0.615384615384615,1.2224817703809
0.599299333333333,G30,14,1.15108591545641,6.60520654650707,2.28287966725071,1.66985784098178,26.2445284375969,0.0917764041924214,0.803806734992679,1.02118054853529
0.599299333333333,G31,14,1.43887161338153,10.887782320222,2.18008206498671,1.3537215004006,26.4767143980813,0.0917764041924214,0.879941434846267,0.785972115220552
0.599299333333333,G32,7,1.22494438905299,2.46939154423459,2.48779176728924,2.04254629167387,7.86914692592868,0.0926686851211073,0.539089848308051,1.77252810730017
0.599299333333333,G33,10,0.918086749830667,2.57498913555878,2.66739520399882,1.67891401336574,3.01158123709131,0.0923076923076923,0.442307692307692,1.50609556093251
0.599299333333333,G34,10,0.917278483276415,2.46224096311743,2.60081021290377,2.17189788717099,0.386501175713995,0.0923076923076923,0.558974358974359,1.66915714713572
0.599299333333333,G35,4,0.752136823867256,2.72410306409739,2.56642432511954,2.241922938398,37.596053385315,0.0929379091450109,0.576307363927428,1.66254773774805
0.599299333333333,G36,16,1.31170794297934,4.01209173067566,2.43185096151181,1.75392815796356,14.7247854094529,0.0914966963516231,0.736263736263736,1.07086776003445
0.599299333333333,G37,15,1.50560369405764,6.34792418850082,2.30695018238325,1.4781604507264,8.56979157137233,0.0916666666666667,0.801515151515152,1.02318852685087
0.599299333333333,G38,15,1.56057358603599,4.15009031186632,2.26126486209407,1.34922519037363,28.055686608973,0.0916666666666667,0.9,0.556896177882781
0.599299333333333,G39,15,1.37477279642496,7.20551267180018,2.26830291726883,1.75797783076405,19.2330292054721,0.0916666666666667,0.807575757575758,1.02318852685087
0.599299333333333,G40,9,1.31990455360581,3.50773397739191,2.51389061662745,2.01280412495699,4.40668274322871,0.0924012855831038,0.437267080745342,1.77016035742459
0.599299333333333,G41,15,1.12079444313445,4.37454239173608,2.39407149381919,1.58395202588121,21.349319647433,0.0916666666666667,0.748484848484849,1.36365188437013
0.599299333333333,G42,10,0.828694239915492,2.90194816843962,2.37972910936873,2.13788383622852,-0.431874756157964,0.0923076923076923,0.41025641025641,1.55956608239393
0.599299333333333,G43,18,1.32373592240819,2.1672999653293,2.61746616181494,1.63845291410059,19.5161133419551,0.0912588488765774,0.701517706576729,1.11988968711539
0.599299333333333,G44,15,1.66423905710748,4.52032152993151,2.41181384664483,1.83019036451236,10.217496899208,0.0916666666666667,0.768181818181818,1.12846525181779
0.599299333333333,G45,14,1.63289164659175,5.25528059874218,2.33178278887648,1.46873822380298,28.5396174092476,0.0917764041924214,0.792093704245974,1.03002517900454
0.599299333333333,G46,12,1.77665336737835,6.96596811917579,2.19182394819499,1.38994227670081,36.9808148139942,0.0920886873267826,0.723666210670315,0.789028952263228
0.599299333333333,G47,12,1.31786794828547,5.21875637823934,2.36797202190686,1.66480371394002,12.9456055884589,0.0920886873267826,0.52530779753762,1.43354724597044
0.599299333333333,G48,4,0.846362398122117,2.76451178131504,2.61397038590541,2.26670472057858,22.4473413045569,0.0929379091450109,0.409818569903949,2.28365708310853
0.599299333333333,CG1,4,0.880036284359435,4.09105432498706,2.38217115154115,2.1990178545192,35.6775286591144,0.0929379091450109,0.489861259338314,1.65025990695436
0.599299333333333,CG2,1,0.810636816644879,3.08152828888969,2.37325898020529,2.29767726662572,47.9633976188625,0.0932249817384952,0.805093046033301,1.99720344344286
0.599299333333333,CG3,10,0.86870886123703,4.45799974703957,2.17540724375689,1.9986341614157,-4.07126293586668,0.0923076923076923,0.382051282051282,1.53074564385844
0.599299333333333,CG4,4,0.886569467800297,6.92138915665108,2.12550491183042,2.07714120262672,25.9724014582305,0.0929379091450109,0.44076840981857,2.37822250719967
0.599299333333333,AH1,7,1.27774342426872,2.60988336523498,2.41704200493302,2.16988938544541,-2.88844214440889,0.0926686851211073,0.533255542590432,1.76358859226136
0.599299333333333,AH2,10,1.20158547561844,2.90049416569535,2.41993774025448,1.70503259171251,-17.2742345384537,0.0923076923076923,0.367948717948718,1.75175413461436
0.599299333333333,AH3,18,1.06265615605974,5.5035557121311,2.04751757706111,1.31578785297256,3.90411740305729,0.0912588488765774,0.441821247892074,1.33702331211311
0.599299333333333,AH4,15,1.03773268790043,5.24149287024601,2.16712851556115,1.75707796211485,-5.41831979580571,0.0916666666666667,0.563636363636364,1.5630975751754
0.599299333333333,AH5,15,1.18464698714131,6.27822242907189,2.26306395557714,1.8407724904125,3.13974568770839,0.0916666666666667,0.565151515151515,1.72580150143626
0.599299333333333,AH6,18,1.51035525094821,12.2381474599537,2.04171811442701,1.43913997567019,-2.55366243402442,0.0912588488765774,0.811129848229342,1.05693959226754
0.599299333333333,AH7,23,2.02276118854935,53.7118892630731,1.82364171841879,1.08380859487594,10.5756998257001,0.0904215976331361,0.852760736196319,0.580893186382708
0.599299333333333,AH8,20,0.890580958993717,16.6278310145163,1.86871654665453,1.2360442824556,18.6241981232459,0.0909090909090909,0.783636363636364,0.616579182565361
0.599299333333333,AH9,15,1.1339145291841,3.32223725858936,2.53214148411058,1.79532790187835,14.8266721155233,0.0916666666666667,0.662121212121212,1.63575522075147
0.599299333333333,AH10,4,0.91882704906336,5.6777423545405,2.04031748249769,1.86997004868171,22.3237240763931,0.0929379091450109,0.489861259338314,1.5910887737659
0.599299333333333,PH1,15,0.998245562958598,3.5733606783426,2.38793265417424,1.59997772750688,5.83425915041445,0.0916666666666667,0.324242424242424,1.4715386409895
0.599299333333333,PH2,15,0.990809324323408,3.37241129389767,2.53934348673399,2.01637023276941,1.30648346813659,0.0916666666666667,0.46969696969697,1.42711635564015
0.599299333333333,PH3,10,0.758036620245158,3.67669732018955,2.37782583534847,2.10492629173765,2.22422385181797,0.0923076923076923,0.496153846153846,1.41140028225097
0.599299333333333,PH4,4,0.582639148969401,3.56539436973775,2.36987114851965,2.21538989304563,24.5664423278355,0.0929379091450109,0.462113127001067,1.84054963339749
0.599299333333333,BO1,4,0.648636559644178,2.18927422762364,2.68732567079055,2.08063433659686,26.3342267790496,0.0929379091450109,0.551760939167556,1.68739945390381
0.599299333333333,BO2,21,0.444275987110678,5.94716509628745,1.97426969397815,1.75024943168419,2.78439438967469,0.0907064471879287,0.667296786389414,1.2110902720948
0.599299333333333,BO3,7,0.47786578847761,3.203155112371,2.39791603001556,1.96207462691167,15.0320612331152,0.0926686851211073,0.652275379229872,1.62337542027788
0.599299333333333,BO4,13,1.23990205424847,4.76756458371637,2.39454747712279,1.69372974528325,20.2997846443684,0.0919614984391259,0.738330975954738,1.51040653182792
0.649332666666667,G1,12,1.32445731674576,5.33387491619846,2.36108695844993,1.91745350071613,7.25510972726472,0.0920886873267826,0.6703146374829,1.43281437675478
0.649332666666667,G2,12,1.02243815272454,6.00333805057095,2.31410088743886,1.91729297861429,9.84019180642526,0.0920886873267826,0.589603283173735,1.55619339791529
0.649332666666667,G3,4,0.703035648473069,2.88590272925371,2.36422775813305,2.1603078633416,32.6865256673567,0.0929379091450109,0.566702241195304,1.79769420474787
0.649332666666667,G4,10,1.27340724763209,3.77657652381601,2.38829216435077,2.04274025380763,8.4457243287591,0.0923076923076923,0.697435897435897,1.26484770771044
0.649332666666667,G5,15,1.43513503528513,3.19681550337067,2.44084843713918,1.60133645288874,9.89925983164856,0.0916666666666667,0.574242424242424,1.28025610907557
0.649332666666667,G6,12,1.04262474120402,4.07826350789777,2.35266967199361,1.68887857924413,25.2568128506817,0.0920886873267826,0.54172366621067,1.25440365795283
0.649332666666667,G7,7,1.2143415034508,3.17423897835029,2.45536285757039,2.11375336583345,19.8372261096309,0.0926686851211073,0.626604434072345,1.76190650607837
0.649332666666667,G8,4,1.0536105979566,5.24053979067991,2.09407418131647,2.06890404790264,26.348069492086,0.0929379091450109,0.542155816435432,1.70474809223843
0.649332666666667,G9,13,1.1809984462515,8.89430486593483,2.21345638178278,1.58730933267126,13.4021353169095,0.0919614984391259,0.74964639321075,1.06316553967236
0.649332666666667,G10,13,0.98661343089115,5.09556335799153,2.36538329446888,1.98181893441846,16.522644814588,0.0919614984391259,0.528995756718529,1.61848774795402
0.649332666666667,G11,7,0.881105944673396,3.03336526366024,2.34710311829341,1.77042340770821,11.3787283201482,0.0926686851211073,0.499416569428238,1.47590651980958
0.649332666666667,G12,7,1.07060422029452,2.8664720986863,2.41096515032765,2.16195291929406,23.2060873738866,0.0926686851211073,0.560093348891482,2.20226237136618
0.649332666666667,G13,7,0.640629550433572,4.69903548115016,2.06356455158893,2.10447935683235,18.4547778990734,0.0926686851211073,0.400233372228705,1.2454369284033
0.649332666666667,G14,15,0.823925381476928,7.25700157792658,1.63871677262456,1.97985922061841,25.0855764676859,0.0916666666666667,0.565151515151515,1.08159060109868
0.649332666666667,G15,10,0.813884494844412,3.25939371184618,2.34469739958989,2.13129422774572,-2.47303385852502,0.0923076923076923,0.428205128205128,1.50665804336977
0.649332666666667,G16,18,0.612861395275626,6.29328366135794,2.05768756205274,1.8599433010346,22.0693904625728,0.0912588488765774,0.559865092748735,1.37074194811241
0.649332666666667,G17,13,1.33355860543635,6.8681825434608,2.28488193357425,1.59424637108231,15.0875251391071,0.0919614984391259,0.790664780763791,0.944711827783731
0.649332666666667,G18,9,0.759050399075612,4.14390722828049,2.45360564051829,1.9208489734379,10.5494601400952,0.0924012855831038,0.409937888198758,1.51864581260456
0.649332666666667,G19,7,0.72741240725995,1.56576555136862,2.90451043349265,2.19916642480923,17.3179324343292,0.0926686851211073,0.52975495915986,1.85002837735203
0.649332666666667,G20,4,0.537728884952843,2.10132589129936,2.66560643831154,2.16657836695941,25.7423341174217,0.0929379091450109,0.496264674493063,2.07944154167984
0.649332666666667,G21,7,0.728207500521677,2.02003705407108,2.71113826830961,2.06676898708721,10.1521233243773,0.0926686851211073,0.631271878646441,1.87180217690159
0.649332666666667,G22,7,0.602119183183373,2.2907931671848,2.72304329678962,2.00982516423494,16.3904547018183,0.0926686851211073,0.687281213535589,1.63141681915288
0.649332666666667,G23,7,0.602076685112157,2.07781594678346,2.7806863773323,2.05580678800714,13.1281085830948,0.0926686851211073,0.579929988331389,1.52901634512353
0.649332666666667,G24,10,1.01121482685024,3.18445666599783,2.54991300777419,2.10575809425517,-4.15287454434561,0.0923076923076923,0.493589743589744,1.62924053973028
0.649332666666667,G25,12,0.898908909657185,7.02511122624221,2.2385132847461,1.85085285066735,9.88845092971347,0.0920886873267826,0.674418604651163,1.36902277461123
0.649332666666667,G26,15,1.0238134517362,3.68483800715007,2.39342909418067,1.85330251711374,24.7824465590202,0.0916666666666667,0.639393939393939,1.31995241298317
0.649332666666667,G27,7,0.733571670601833,2.10537474301351,2.66436187357586,2.13633309506303,16.6312696398508,0.0926686851211073,0.572928821470245,1.68639895357023
0.649332666666667,G28,10,0.911447311624736,3.16998402017303,2.56531921708627,2.00322310893815,-0.561206399670331,0.0923076923076923,0.565384615384615,1.46228026809781
0.649332666666667,G29,10,1.31336799548167,2.69399795180576,2.64400348821157,1.74585807148315,10.4914576787568,0.0923076923076923,0.702564102564103,1.23009910891816
0.649332666666667,G30,12,1.26426294682035,5.40922851621505,2.33192148538876,1.70949677354946,12.2556014567629,0.0920886873267826,0.820793433652531,1.00711994824344
0.649332666666667,G31,12,1.59105769127263,8.58049128359121,2.22716313676116,1.52612747142629,22.4236769548639,0.0920886873267826,0.87688098495212,0.863540166488626
0.649332666666667,G32,7,1.39179449484852,2.83249843532821,2.44654705891823,2.09777761365436,7.22565886097812,0.0926686851211073,0.618436406067678,1.68639895357023
0.649332666666667,G33,10,1.00670057232716,2.74678598656168,2.64113602328778,1.63618677763062,-3.79221098508365,0.0923076923076923,0.529487179487179,1.60542989103656
0.649332666666667,G34,12,1.03579965975308,3.4545871405938,2.49899985024562,2.09274954481314,22.6209634157421,0.0920886873267826,0.604651162790698,1.6140782919906
0.649332666666667,G35,4,0.75170556996166,2.72524760266928,2.56120275056835,2.21617897511933,29.1558374292203,0.0929379091450109,0.55923159018143,1.74375025004169
0.649332666666667,G36,12,1.24437918552093,6.91571303405181,2.24953101722527,1.93430430193567,8.06710850392736,0.0920886873267826,0.740082079343365,1.24804226736043
0.649332666666667,G37,12,1.58865742628508,10.773355707354,2.14613137227773,1.36041047341123,0.518832220790555,0.0920886873267826,0.772913816689466,0.935637258820353
0.649332666666667,G38,12,1.80494889196963,3.19860021749687,2.56959347871462,1.47987497117073,26.3148413181331,0.0920886873267826,0.934336525307798,0.655235134537696
0.649332666666667,G39,12,1.52401270997206,6.97630033054325,2.27685037071163,1.81614764499778,8.85053252462116,0.0920886873267826,0.785225718194254,1.09861228866811
0.649332666666667,G40,7,1.24255109942923,2.48860997812377,2.6422783756336,1.93210892261157,7.2868394874067,0.0926686851211073,0.504084014002334,1.7628914852272
0.649332666666667,G41,18,0.979752759691557,3.26674749981372,2.38561553336611,1.72889044720138,21.6664017473867,0.0912588488765774,0.741989881956155,1.20709293166218
0.649332666666667,G42,7,0.772704577741249,4.3194432515803,2.13453006960976,2.14058423630402,19.5957883924638,0.0926686851211073,0.511085180863477,1.52605630349505
0.649332666666667,G43,12,1.05920584074749,5.73547124421095,2.13301730079902,1.77957660169407,0.0983234218144819,0.0920886873267826,0.563611491108071,1.21942654822778
0.649332666666667,G44,12,1.62886109669095,7.24354493208855,2.23641215279185,1.75400509426824,-0.072950243370104,0.0920886873267826,0.725034199726402,1.09861228866811
0.649332666666667,G45,12,1.80831623160295,5.99947012388411,2.31469281850422,1.4667083616431,13.8036437506301,0.0920886873267826,0.826265389876881,0.992873772627782
0.649332666666667,G46,11,2.11072463667863,4.79627622323073,2.38959446148736,1.3383673923838,21.1914973994879,0.0921630859375,0.818543046357616,0.8754687373539
0.649332666666667,G47,12,1.5489886778448,5.51454025350669,2.34911771529903,1.6713671260963,5.68198332768811,0.0920886873267826,0.640218878248974,1.5712166996139
0.649332666666667,G48,4,0.91082667609265,2.56676901678439,2.63602295852186,2.17863866442875,16.8831258694225,0.0929379091450109,0.383137673425827,2.05277329459767
0.649332666666667,CG1,4,0.89283896730273,4.09751734130779,2.37667987027484,2.22188031061321,20.94146799505,0.0929379091450109,0.477054429028815,1.61740608208328
0.649332666666667,CG2,1,0.813679633712651,3.39953858484425,2.27220538587369,2.28531139347679,41.0045601197942,0.0932249817384952,0.79333986287953,1.77777322725332
0.649332666666667,CG3,7,0.825316613053245,3.50013305132029,2.34067682116033,1.98348019220086,6.63262074376197,0.0926686851211073,0.429404900816803,1.54637977646696
0.649332666666667,CG4,4,0.979144501307216,7.05446448066391,2.01815652803375,1.96241028165631,20.5940630097723,0.0929379091450109,0.488794023479189,2.52572864430826
0.649332666666667,AH1,4,1.04399390523502,3.11999606357983,2.45924774643633,2.26846233897629,13.3811169887901,0.0929379091450109,0.439701173959445,1.77495235091167
0.649332666666667,AH2,7,1.01811498566859,2.53554556351132,2.56545451708735,2.03324606491796,11.1536048354764,0.0926686851211073,0.431738623103851,1.94079504838854
0.649332666666667,AH3,7,0.832805761993279,4.99843354976233,2.08344481765487,1.70547066757333,-3.36559885113423,0.0926686851211073,0.452742123687281,1.55491707355568
0.649332666666667,AH4,7,0.80516435013572,3.05122514062447,2.36117070478944,1.86248232655807,-1.12166716451724,0.0926686851211073,0.50291715285881,1.70198946979935
0.649332666666667,AH5,7,0.856397251407673,3.6808907219821,2.16108175378791,2.20486674794998,-0.0149367092123031,0.0926686851211073,0.544924154025671,1.83258146374831
0.649332666666667,AH6,10,1.01252705179411,6.64275959451598,2.09596623749005,1.62598286731443,-8.56451385494047,0.0923076923076923,0.528205128205128,1.25586374617362
0.649332666666667,AH7,27,1.86004786643074,27.1469856537353,1.7154293907206,1.09331607537266,7.6770724128618,0.0896267361111111,0.818401937046005,0.51412207130017
0.649332666666667,AH8,22,1.18857463186849,29.4288931846692,1.313999767713,1.0985260202399,31.6150315605505,0.0906016375934496,0.834970530451866,0.314632693013248
0.649332666666667,AH9,20,1.34074268250907,4.35192923259757,2.18634202013065,1.69211544813768,7.23266954438632,0.0909090909090909,0.621818181818182,1.12080020364347
0.649332666666667,AH10,10,1.08920644056538,2.7072878152513,2.63306317369353,2.23330494000803,2.83628295251386,0.0923076923076923,0.482051282051282,1.67592765370293
0.649332666666667,PH1,4,0.731813779727269,5.49902731279879,2.14706043790067,2.13398872900619,13.0159066729181,0.0929379091450109,0.468516542155816,1.83406184891874
0.649332666666667,PH2,10,0.920402263437059,3.27274760857627,2.34369267996455,2.13619909666366,-3.39190626267212,0.0923076923076923,0.482051282051282,1.39082951628528
0.649332666666667,PH3,18,1.13018238146695,8.11188120690175,1.58974241498857,1.62187515925065,13.6699518465108,0.0912588488765774,0.608768971332209,0.966535441754581
0.649332666666667,PH4,15,0.822666469563447,4.78319531455916,2.00992985708731,1.97607679339865,17.502877851596,0.0916666666666667,0.392424242424242,1.2476478678286
0.649332666666667,BO1,18,0.769750856632309,3.90307125042385,2.10456239760047,2.08092613090131,17.4128787773936,0.0912588488765774,0.510961214165261,1.64702062358314
0.649332666666667,BO2,12,0.389046642043593,2.58251430170062,2.55323808392392,1.89379126209769,5.45954211871992,0.0920886873267826,0.554035567715458,1.48983504006073
0.649332666666667,BO3,17,0.67050357611163,4.65974233527462,1.92437579048015,1.92920294283762,37.9564734213077,0.0914090368608799,0.801626016260163,1.03454646902835
0.649332666666667,BO4,15,1.47769275316294,4.13084598340694,2.43639523087223,1.81421759041627,27.8356696422456,0.0916666666666667,0.831818181818182,1.23044847830996
0.69935,G1,12,1.37805064640629,4.35067280512723,2.43388381449419,1.8244629098478,6.47006408075008,0.0920886873267826,0.656634746922025,1.43038968098511
0.69935,G2,10,1.11146364008742,4.21474228965636,2.44918336180903,1.92318968188326,-0.317475564169387,0.0923076923076923,0.720512820512821,1.46757699455675
0.69935,G3,10,0.940154231794549,2.97446753068555,2.53654340044515,1.85563996766043,3.17526461637823,0.0923076923076923,0.428205128205128,1.34258992688516
0.69935,G4,15,1.98017022052757,9.83741272420664,1.95674270645017,1.61375488210006,43.5026156587549,0.0916666666666667,0.73030303030303,0.798191190438899
0.69935,G5,13,1.64570956880247,5.16488294865846,2.34115173646104,1.70152818456158,26.8627591545191,0.0919614984391259,0.695898161244696,1.1739617259099
0.69935,G6,16,1.54582584690117,6.11252957524497,2.15311020108562,1.55571815807873,35.1704259752466,0.0914966963516231,0.706436420722135,0.908642511035898
0.69935,G7,12,1.48206018577087,2.55510748503601,2.62758859739102,2.0280588569334,24.387222903786,0.0920886873267826,0.67578659370725,1.45898409448817
0.69935,G8,4,1.02447722517325,4.15161950998893,2.21326411158749,2.2203489931429,20.0066336147871,0.0929379091450109,0.497331910352188,2.24070968927596
0.69935,G9,12,1.21465353406863,8.09910237229365,2.2385951516858,1.5834086482533,8.81364411503546,0.0920886873267826,0.811217510259918,1.08861220533353
0.69935,G10,10,1.15489250291607,4.55589090426892,2.41836064381779,2.08263235081693,-0.764728737375173,0.0923076923076923,0.651282051282051,1.55297130076633
0.69935,G11,10,1.00436389442727,2.59404686925847,2.56939406639717,1.75454227631691,-1.18890139060847,0.0923076923076923,0.453846153846154,1.55334844578306
0.69935,G12,10,1.49839273744942,3.83168800453165,2.48859076893258,1.76438126985016,10.6137581604824,0.0923076923076923,0.512820512820513,1.65716931525529
0.69935,G13,11,1.28387961181437,9.5082657796422,2.14161363863106,1.1423769317304,21.1641402364769,0.0921630859375,0.536423841059603,1.039009157531
0.69935,G14,18,1.37559630908287,24.0536797929927,1.78975057687618,1.29237499225492,29.8394167579374,0.0912588488765774,0.736930860033727,0.76968725768228
0.69935,G15,18,0.907260400858411,8.05771760147,2.01101835844927,1.84329770908175,22.7426646919562,0.0912588488765774,0.539629005059022,1.39742620148873
0.69935,G16,23,0.853159476288511,4.86857302751206,1.99907794654321,1.52258024140897,16.5650227161391,0.0904215976331361,0.425357873210634,1.26795313398934
0.69935,G17,15,1.52511456509942,6.67828290751243,2.28356841596242,1.49317696007221,6.94908102882237,0.0916666666666667,0.815151515151515,0.848528629773336
0.69935,G18,7,0.805092558533762,3.31354327014728,2.53493746842339,2.05546584020608,13.6422288638453,0.0926686851211073,0.634772462077013,1.64222773525709
0.69935,G19,7,0.769505001163693,1.91948033995659,2.81141932784257,2.16620673730414,21.3472285103003,0.0926686851211073,0.53558926487748,1.57853037497102
0.69935,G20,7,0.650319424417116,2.85237344503736,2.40912408520306,2.13036838319343,20.7899539830547,0.0926686851211073,0.47607934655776,1.79897971720154
0.69935,G21,6,0.732865712632842,4.53185663288939,2.4201777704012,2.0154316278685,20.4617586983142,0.0927326191976476,0.391845979614949,1.82350816754264
0.69935,G22,7,0.694201852587846,3.71154271520128,2.49766649620672,2.06461994991703,22.0394419930369,0.0926686851211073,0.763127187864644,1.57239664075375
0.69935,G23,12,0.703545711417994,2.81088804659634,2.49095841080869,1.98996004571084,15.4672404339141,0.0920886873267826,0.478796169630643,1.47181653455805
0.69935,G24,10,1.13539534662796,3.0021023926403,2.54557448173678,1.96060305582044,-5.46956523196374,0.0923076923076923,0.551282051282051,1.34237512718506
0.69935,G25,15,1.11132202997189,7.21362835441682,2.21288913131767,1.70456437390246,19.7429729771012,0.0916666666666667,0.775757575757576,1.14953237909537
0.69935,G26,13,1.12609813624274,4.23234797229877,2.42345044200114,1.83306471364427,10.8608030655485,0.0919614984391259,0.67043847241867,1.26710584385477
0.69935,G27,10,0.776514872616441,2.35018615474058,2.59296760506323,2.19202284572407,6.65972380973439,0.0923076923076923,0.405128205128205,1.61442545394514
0.69935,G28,15,0.958932895727302,2.56614144167854,2.62390032521326,1.84551964420234,28.0455973210989,0.0916666666666667,0.615151515151515,1.44155703979494
0.69935,G29,9,1.26407391880646,3.47812891363431,2.52936282228584,2.04452936964638,13.4412985336206,0.0924012855831038,0.700621118012422,1.33222713984961
0.69935,G30,11,1.3303197305343,5.88231142711275,2.32642069112642,1.56409184190481,4.40412637315111,0.0921630859375,0.805298013245033,0.98010644849887
0.69935,G31,12,1.5853329396321,10.0417550077448,2.19228457002198,1.34823883630647,12.6061378702631,0.0920886873267826,0.852257181942544,0.806125664497584
0.69935,G32,10,1.54547888731012,2.84845921837919,2.61521596274418,2.00401878323526,-5.91972523487823,0.0923076923076923,0.66025641025641,1.5114575040739
0.69935,G33,10,1.06379670817931,4.11394791860533,2.44025615692125,1.61418511132692,17.0377611113224,0.0923076923076923,0.603846153846154,1.1497512501593
0.69935,G34,15,1.05263625204529,3.35089937096879,2.51303166900789,2.14178581076742,22.0167492885203,0.0916666666666667,0.589393939393939,1.436879857908
0.69935,G35,7,0.76168957167252,2.29984287112382,2.67219388506754,2.21310276204991,13.3381169248934,0.0926686851211073,0.494749124854142,1.57983744265781
0.69935,G36,12,1.1222893249223,5.20807166030492,2.37018022009969,1.76639406218374,6.44697518049668,0.0920886873267826,0.677154582763338,1.22509643577723
0.69935,G37,12,1.54245393273787,8.44125187931709,2.22456622061881,1.28740335277169,-0.697883823554088,0.0920886873267826,0.78796169630643,1.04769219824085
0.69935,G38,11,1.77993927828246,4.36380359756204,2.43345701373949,1.45939948615851,10.467784083086,0.0921630859375,0.887417218543046,0.670232921037069
0.69935,G39,14,1.73458741351642,9.34505269185004,2.1698945561386,1.4402872854455,5.44552219881303,0.0917764041924214,0.822840409956076,1.01381575200803
0.69935,G40,9,1.41012483804328,3.39117128559219,2.54174444791396,1.99248499402875,0.142296528208831,0.0924012855831038,0.562732919254658,1.67843078392105
0.69935,G41,10,1.01652866572385,4.14031136914777,2.37664555911869,1.66653403182395,12.9149661191544,0.0923076923076923,0.662820512820513,1.04860186809345
0.69935,G42,4,0.693166766908305,3.68124341445694,2.2080558110388,2.14483753300469,38.0374695494874,0.0929379091450109,0.524012806830309,1.6852759888256
0.69935,G43,7,0.839619939545121,1.78186919643963,2.78473251406183,1.69551828836509,17.1377271446788,0.0926686851211073,0.561260210035006,1.68286538098892
0.69935,G44,12,1.46070522942969,5.63977924606966,2.34091175119331,1.54338410432652,0.0185235355096087,0.0920886873267826,0.701778385772914,1.28222500122568
0.69935,G45,11,1.80864660967391,7.07273802731718,2.27685169600474,1.3746971379477,2.85309593832474,0.0921630859375,0.833112582781457,1.05015990528216
0.69935,G46,11,2.29047818893937,5.3236887563009,2.35569889146908,1.3842975655912,0.992493853273282,0.0921630859375,0.845033112582781,0.810026465589972
0.69935,G47,12,1.79131104126173,8.36888696403024,2.18597883965937,1.57528719855236,9.43499416188314,0.0920886873267826,0.723666210670315,1.27066417882461
0.69935,G48,4,0.932636861236066,2.78330139879601,2.54708175886986,2.22660564521006,13.7415056107165,0.0929379091450109,0.389541088580576,1.90954250488444
0.69935,CG1,4,0.949817386717261,5.3371473603447,2.16871814939554,2.18325989467725,25.7113098027087,0.0929379091450109,0.471718249733191,1.55644538229359
0.69935,CG2,4,0.807267086457162,2.61867265861645,2.62654867391781,2.16197013803973,21.9244733900867,0.0929379091450109,0.416221985058698,1.72804365484195
0.69935,CG3,4,0.744922445398088,3.62654638500002,2.33419248677387,2.0546894236378,23.7329388661274,0.0929379091450109,0.488794023479189,1.90423745265475
0.69935,CG4,4,0.870455357257522,4.99523054921079,2.26931236401543,1.93227217318314,15.9836319949768,0.0929379091450109,0.453575240128068,2.29541660351543
0.69935,AH1,4,0.950859143336724,2.56356814819774,2.64751649148443,2.23638792647479,12.9735329318724,0.0929379091450109,0.393810032017076,1.92181259747625
0.69935,AH2,7,1.10677480812292,6.2969197365173,1.98830221225742,1.7915859721733,7.04987928006245,0.0926686851211073,0.448074679113186,1.94040049324434
0.69935,AH3,4,0.752352431771387,6.83784704219652,2.08699014093088,1.78604781461718,13.5001014856233,0.0929379091450109,0.457844183564568,1.708377860289
0.69935,AH4,4,0.731606684169339,6.47735978033213,2.05737162938225,2.01281861753213,11.5385037116148,0.0929379091450109,0.515474919957311,1.63491699773509
0.69935,AH5,4,0.699271882811275,5.66316651496554,2.15459396502173,2.12785666622742,19.6904187460529,0.0929379091450109,0.499466382070438,2.0646264558947
0.69935,AH6,13,0.765908590855023,4.12863919763759,2.35772394740451,2.05831365508682,3.82102605007089,0.0919614984391259,0.394625176803395,1.44121011871601
0.69935,AH7,1,2.43494308367344,309.911021261671,1.01307814576768,0.833875340705739,68.3847298212855,0.0932249817384952,0.945151811949069,0.326550941351154
0.69935,AH8,1,2.08171564470779,504.23611917089,1.00872707058112,0.658511994778501,52.6730877976606,0.0932249817384952,0.885406464250735,0.191138738258826
0.69935,AH9,26,1.29424318747077,5.50117207467115,2.01866049212756,1.49637770545027,-0.169204132232143,0.0897542690545606,0.596287703016241,1.06807556480803
0.69935,AH10,10,1.03676865356284,2.74831229673586,2.55320813221405,2.16766234113351,-5.99198417887679,0.0923076923076923,0.482051282051282,1.48727027845989
0.69935,PH1,4,0.68631422454418,5.11510979734389,2.24606495321001,2.1498288524465,18.2896560536325,0.0929379091450109,0.48239060832444,2.04958857853015
0.69935,PH2,21,1.03765541028036,3.50044768314447,2.1748201510906,1.80086259578113,12.0734816601027,0.0907064471879287,0.563327032136106,1.35137809601366
0.69935,PH3,28,1.58131766872381,35.6855736085131,1.65664277846245,1.11220854887549,21.4639836758468,0.0894069714803078,0.683544303797468,0.859011025050857
0.69935,PH4,24,1.26656881718832,9.08549298950284,1.68743738166047,1.33689852019309,23.2822249621374,0.090157631680123,0.44136460554371,1.01947496810939
0.69935,BO1,11,1.0429391408681,5.5776234544366,2.27596890691448,1.68403807016338,16.2941801113661,0.0921630859375,0.577483443708609,1.33373203102904
0.69935,BO2,12,0.366158191113241,2.47084979276506,2.69540481515583,2.05238153950266,5.22838949362202,0.0920886873267826,0.522571819425445,1.66297867936213
0.69935,BO3,20,0.804266663876,4.51075464993092,2.32452935033771,1.48142920807696,40.8188990114886,0.0909090909090909,0.76,0.933493510110783
0.69935,BO4,13,1.39635397954804,6.54571857182503,2.21189424568963,1.68198957347169,8.83872068249283,0.0919614984391259,0.773691654879774,1.20922216021208
0.749366666666667,G1,13,1.50943867616628,3.87016248056011,2.47771096995622,1.73430042751288,20.5184450689844,0.0919614984391259,0.667609618104668,1.2894949777641
0.749366666666667,G2,10,1.22974943686788,4.07451361292371,2.45237188655295,1.6802181401172,11.1708303718197,0.0923076923076923,0.723076923076923,1.17940154359543
0.749366666666667,G3,10,1.07003840173575,3.11057880935336,2.57965670367158,1.49613030157021,0.248433222749376,0.0923076923076923,0.428205128205128,1.24842456689677
0.749366666666667,G4,15,2.50625816663961,4.30535101698798,2.43245344154499,1.2152302377363,33.3954467116283,0.0916666666666667,0.789393939393939,0.82978899559886
0.749366666666667,G5,10,1.68961229948589,4.75005038256864,2.40317882920228,1.63515567146558,-0.299249072496014,0.0923076923076923,0.674358974358974,1.09017342002225
0.749366666666667,G6,12,1.80657327527195,3.64237863649602,2.49692648913233,1.60554468489051,16.3051161389168,0.0920886873267826,0.794801641586867,1.02217059316817
0.749366666666667,G7,10,1.31348584196522,2.79682319841349,2.58201853297294,1.85557360927463,1.08594174164378,0.0923076923076923,0.65,1.37125648375535
0.749366666666667,G8,4,1.03490721002943,4.41995794515368,2.15963115776947,2.09225299141249,20.4823416564886,0.0929379091450109,0.52187833511206,2.06619631492982
0.749366666666667,G9,12,1.18829652768799,5.21262396338754,2.3671214613379,1.77113616750015,19.1138510098912,0.0920886873267826,0.813953488372093,1.08580801642212
0.749366666666667,G10,10,1.34748639290065,6.38991227211913,2.30058406299964,1.96455368637687,-4.69868280199227,0.0923076923076923,0.683333333333333,1.49877234454658
0.749366666666667,G11,10,1.04953937991466,3.49999219538673,2.49570213471415,1.59449035275467,0.268357364544298,0.0923076923076923,0.433333333333333,1.42251562455421
0.749366666666667,G12,10,1.61398926222013,4.21503968748056,2.44920748889265,1.52081575483555,0.54888174954184,0.0923076923076923,0.487179487179487,1.37942148183213
0.749366666666667,G13,10,1.53304619862905,4.36467018715264,2.42412159629911,1.10881248606147,11.1716707306546,0.0923076923076923,0.48974358974359,0.983010278958086
0.749366666666667,G14,13,1.68099215259551,3.07632463430407,2.56098950637583,1.1158417945375,24.1270682423595,0.0919614984391259,0.776520509193777,0.874055309556753
0.749366666666667,G15,10,0.933015779792067,2.82062689272932,2.50667681224232,1.66631501690334,-0.519882155760861,0.0923076923076923,0.462820512820513,1.39887314332675
0.749366666666667,G16,26,1.05508718854938,8.54961216062152,1.66010566399378,1.52620210588953,16.2518347001639,0.0897542690545606,0.645011600928074,1.06208835786724
0.749366666666667,G17,12,1.65261872539575,5.59952573067279,2.34597209930906,1.47380216887853,20.5555919185576,0.0920886873267826,0.818057455540356,0.833068371283239
0.749366666666667,G18,9,1.03739214504774,5.90711989230952,2.32720753690145,1.77122329939499,6.66248020293452,0.0924012855831038,0.608695652173913,1.2620366052807
0.749366666666667,G19,10,0.994753194190121,2.78426951690104,2.59358352447853,2.04075681387182,8.01979150467508,0.0923076923076923,0.597435897435897,1.43508452528932
0.749366666666667,G20,12,0.933875973870392,2.73518658325191,2.56751400454956,1.54551282502902,25.5731517781677,0.0920886873267826,0.476060191518468,1.58456984585609
0.749366666666667,G21,7,0.871074507776048,2.92770966019428,2.5991444503622,2.04079835675607,23.8212684038186,0.0926686851211073,0.723453908984831,1.54625901081257
0.749366666666667,G22,7,0.816045907990962,6.24990811567311,2.25494121609433,2.02796072766473,19.9561705328221,0.0926686851211073,0.819136522753792,1.24867298324384
0.749366666666667,G23,12,0.762781129313859,3.06906663999359,2.5038170716324,1.99831253760367,7.21507140147402,0.0920886873267826,0.589603283173735,1.6177367152488
0.749366666666667,G24,10,1.11821854551859,2.68356631684312,2.63378990740613,2.02964462132043,-9.27501826107602,0.0923076923076923,0.621794871794872,1.46633706879343
0.749366666666667,G25,11,1.41271094383965,5.6111249740166,2.34545971243698,1.69481877530852,13.1664056383512,0.0921630859375,0.833112582781457,1.06005329506443
0.749366666666667,G26,12,1.24400898858519,4.05744316202316,2.45967162075189,1.77234969908062,13.192459809085,0.0920886873267826,0.683994528043776,1.06853483343083
0.749366666666667,G27,15,0.923968377961325,2.88260938773208,2.55193550634569,2.03127932295912,19.3685164309,0.0916666666666667,0.628787878787879,1.45315730634902
0.749366666666667,G28,15,1.01711181749235,3.34161654213573,2.42232811981794,1.69714601209894,30.2464113441809,0.0916666666666667,0.592424242424242,1.37125648375535
0.749366666666667,G29,8,1.26140888312783,5.2983113446846,2.36435332723098,2.03515910756646,7.11144537764696,0.0925595901091557,0.65222623345367,1.29697883564541
0.749366666666667,G30,11,1.3845740530743,5.71832885249834,2.33398035745782,1.5256514769168,22.4413569739122,0.0921630859375,0.813245033112583,0.963437510299857
0.749366666666667,G31,13,1.54739437860765,8.08156734936319,2.20793327623932,1.36281073059478,15.0920403272428,0.0919614984391259,0.835926449787836,0.81399972092849
0.749366666666667,G32,10,1.59104562109747,3.1172512481176,2.55732648945967,1.91394874279214,-7.26254529881322,0.0923076923076923,0.653846153846154,1.55437813525107
0.749366666666667,G33,11,1.50019909010258,6.88546438572562,2.27681881666551,1.66536636124203,19.5435653821442,0.0921630859375,0.843708609271523,1.03464340582563
0.749366666666667,G34,10,1.03939192980053,3.07809014159022,2.57678131740361,2.22187016818421,17.2301047323033,0.0923076923076923,0.642307692307692,1.54663701119507
0.749366666666667,G35,15,0.875254470446935,3.48832039087618,2.31619784370632,1.98437603586902,16.1781927879624,0.0916666666666667,0.456060606060606,1.64222773525709
0.749366666666667,G36,12,1.12593248232234,4.87866505771388,2.3929342649558,1.76773170002192,13.462253881398,0.0920886873267826,0.652530779753762,1.16612258019484
0.749366666666667,G37,12,1.46762836236946,7.74738841465047,2.25333578734822,1.33693357628368,12.281287496637,0.0920886873267826,0.792065663474692,1.07065621140152
0.749366666666667,G38,13,1.73096386945287,4.01660023394282,2.42336670162057,1.35721746280139,17.4501597456882,0.0919614984391259,0.888260254596888,0.55465110330602
0.749366666666667,G39,13,1.6852665219537,12.7253743940542,2.08284353427332,1.33717268513028,6.19786603970873,0.0919614984391259,0.790664780763791,0.998822818059739
0.749366666666667,G40,9,1.40835963806932,3.3314429625539,2.54619828358105,2.07885357400031,-10.7479400684083,0.0924012855831038,0.539130434782609,1.62298213754186
0.749366666666667,G41,12,1.35900661461524,5.53107289661927,2.22944020494222,1.47942572719809,23.4923479956198,0.0920886873267826,0.752393980848153,0.889930062183086
0.749366666666667,G42,15,0.959022315288702,5.20726442226766,2.19835533676387,1.88650271756272,18.5961985820823,0.0916666666666667,0.439393939393939,1.39432653281715
0.749366666666667,G43,7,0.802029064215506,1.76657261120174,2.77724042564955,1.84034924118916,18.3611011266345,0.0926686851211073,0.548424737456243,1.55585366629999
0.749366666666667,G44,12,1.40789642986842,5.48167099442633,2.35245253834558,1.59602047666246,14.3660060020414,0.0920886873267826,0.696306429548564,1.17590396296976
0.749366666666667,G45,12,1.93322932409235,7.13964315777033,2.27383540814852,1.21699467152026,8.74812500136326,0.0920886873267826,0.833105335157319,1.02115422962911
0.749366666666667,G46,12,2.47759453870782,4.90088403166189,2.38519676474403,1.25469369464395,16.0779450690157,0.0920886873267826,0.874145006839945,0.826170313961328
0.749366666666667,G47,12,1.92396896491214,8.46753735413832,2.20822855694782,1.62695244711327,9.72977610964339,0.0920886873267826,0.722298221614227,1.2678462107067
0.749366666666667,G48,4,0.880011009206187,2.60930024475792,2.60335316791387,2.25129633380745,15.9269900244311,0.0929379091450109,0.389541088580576,1.79175946922805
0.749366666666667,CG1,4,0.974915630245372,5.86385334363064,2.08172335743771,2.01565155790298,15.6629831611315,0.0929379091450109,0.474919957310566,1.61608245515277
0.749366666666667,CG2,7,0.950669548740097,2.8434568692986,2.47831081293012,2.03145084029198,17.3230379884614,0.0926686851211073,0.41073512252042,1.70474809223843
0.749366666666667,CG3,12,1.06685737739452,7.00061805996988,1.61635961142409,2.07216008602238,18.3043615065274,0.0920886873267826,0.366621067031464,1.2299482907292
0.749366666666667,CG4,1,0.849657684757235,3.18310144903947,2.34847814799864,2.19925564572441,37.5192361150291,0.0932249817384952,0.797257590597453,2.08722368212189
0.749366666666667,AH1,4,0.905342582593075,2.57823862889076,2.63719853036288,2.18875313796082,13.9060558889591,0.0929379091450109,0.350053361792956,1.77001948259165
0.749366666666667,AH2,18,1.14220458838125,5.69875437302265,2.01463833948752,1.80278835698805,18.2994860181475,0.0912588488765774,0.473861720067454,1.78684545442563
0.749366666666667,AH3,4,0.780404044725584,7.83772848047081,1.96868294257409,1.81087689428878,16.115180315027,0.0929379091450109,0.48239060832444,1.56642052735041
0.749366666666667,AH4,1,0.622304459679699,2.94159775129601,2.41445783875896,2.23915401024382,37.8991721748216,0.0932249817384952,0.798237022526934,1.70474809223843
0.749366666666667,AH5,10,0.802537726820802,4.02476609125772,2.11434107237789,2.18284164304819,5.66644178990971,0.0923076923076923,0.465384615384615,1.57973275802018
0.749366666666667,AH6,15,0.807169138483585,3.87029116623559,2.11656754560006,1.97403915510497,18.0147696521017,0.0916666666666667,0.427272727272727,1.41064339013018
0.749366666666667,AH7,1,2.03301958240028,260.108752031892,1.01648736665129,0.835674121721351,45.4025603396153,0.0932249817384952,0.919686581782566,0.412665859293747
0.749366666666667,AH8,1,2.06502762369054,479.447089377087,1.00896811630406,0.726809466697105,65.5086119580062,0.0932249817384952,0.93437806072478,0.215307202984894
0.749366666666667,AH9,21,1.26587673982053,5.05985430538149,1.96947491980727,1.47151078792946,1.74865580646748,0.0907064471879287,0.616257088846881,1.01881537182781
0.749366666666667,AH10,4,0.830744238952696,4.65728802591942,2.17959526178475,2.00524727687588,20.7965739531412,0.0929379091450109,0.500533617929562,1.880990602956
0.749366666666667,PH1,10,0.787943545026462,4.60256002145174,2.07288660075339,2.14489183921019,-4.20394628204246,0.0923076923076923,0.411538461538462,1.90095876119305
0.749366666666667,PH2,18,1.18532854956949,3.32841356429609,2.52551695076499,1.70013883960336,6.62891838435102,0.0912588488765774,0.650927487352445,1.4065790322914
0.749366666666667,PH3,23,1.97889564216268,29.8844728293625,2.02582373513747,1.09228721617635,13.9222302099355,0.0904215976331361,0.748466257668712,0.800777844752311
0.749366666666667,PH4,26,1.47664278131474,9.55120807062912,2.12445825339782,1.270207234448,17.5227681425268,0.0897542690545606,0.633410672853828,1.11466399767862
0.749366666666667,BO1,10,1.19325934813906,3.89988085516549,2.47084541018752,1.65324667385253,-1.46331206884817,0.0923076923076923,0.673076923076923,1.27003455500403
0.749366666666667,BO2,7,0.324813381426162,3.03608649518726,2.56263310640024,2.15536753779204,2.53131416510978,0.0926686851211073,0.577596266044341,1.75972011548344
0.749366666666667,BO3,17,0.908366957408149,4.09439003838814,2.46065224409649,1.51278341900435,44.9536860363624,0.0914090368608799,0.892682926829268,1.03407376753054
0.749366666666667,BO4,10,1.17994514009984,3.25098654032608,2.56036184814377,1.7358342071794,2.89402822809433,0.0923076923076923,0.692307692307692,1.31857618706494
0.7994,G1,15,1.5698287334598,3.02754919825015,2.59235408704948,1.8941765716518,13.3739770040138,0.0916666666666667,0.733333333333333,1.24943517840269
0.7994,G2,12,1.30181166175378,3.97016361927276,2.47369252654917,1.8072474768309,23.3570761644229,0.0920886873267826,0.715458276333789,1.14394582996963
0.7994,G3,10,1.18283399334748,4.63174765360978,2.41183153622422,1.61101743533422,1.61623102736622,0.0923076923076923,0.528205128205128,1.31940012628986
0.7994,G4,15,2.59284853258861,3.93528939266688,2.47615369036249,1.32243483882347,28.9441172605102,0.0916666666666667,0.822727272727273,0.765001284327929
0.7994,G5,10,1.71929649566107,4.4799616995423,2.41589927347518,1.84629500908152,17.3790327377431,0.0923076923076923,0.697435897435897,1.13046211455521
0.7994,G6,13,1.85282588880044,3.20534159722913,2.56847808896393,1.64709374992226,22.8342670059506,0.0919614984391259,0.799151343705799,1.05844624694278
0.7994,G7,7,1.07341584168754,2.59467839812313,2.61003651137063,1.89201712603088,8.51544209214244,0.0926686851211073,0.574095682613769,1.77815381717228
0.7994,G8,4,1.00981468375999,4.71635799886631,2.15133322068368,2.0873418602703,17.6859202464978,0.0929379091450109,0.550693703308431,2.34032542097689
0.7994,G9,10,1.16537024370265,5.86328281872731,2.32472037544974,1.59999247877517,19.3244906880933,0.0923076923076923,0.834615384615385,0.968498640554248
0.7994,G10,10,1.44931190129307,5.59792536259068,2.33722582898563,1.66409750169704,0.624217979396238,0.0923076923076923,0.726923076923077,1.34992671694902
0.7994,G11,10,1.11346662073209,3.66933569788791,2.50464970691688,1.81606209437313,2.06592579277945,0.0923076923076923,0.55,1.60070423246535
0.7994,G12,12,1.65765516245427,4.17124902290334,2.45329091055866,1.73250827414655,14.5091024797801,0.0920886873267826,0.573187414500684,1.4518916436057
0.7994,G13,12,1.85292570979005,4.38595271549332,2.43072442136617,1.28587345444787,21.4917155167173,0.0920886873267826,0.781121751025992,0.875835777181841
0.7994,G14,12,1.51817732212647,2.72834283029166,2.6461017420576,1.3657557038419,23.7213936869052,0.0920886873267826,0.709986320109439,0.929873283640024
0.7994,G15,10,1.01032722890969,2.57036142399805,2.67578698761498,1.57646833535616,14.4793677820275,0.0923076923076923,0.514102564102564,1.38976056909638
0.7994,G16,29,1.02658742932354,19.4222845656409,1.69301967506972,1.4789897560225,9.04617772816184,0.0890831758034027,0.636604774535809,0.951454644331822
0.7994,G17,14,1.89034014113605,5.30707083923749,2.33767441721015,1.55565348760124,22.6902346289593,0.0917764041924214,0.869692532942899,0.797691036311216
0.7994,G18,9,1.12185868534467,4.94274506462592,2.38697550434457,1.54463411627181,-1.39551528397521,0.0924012855831038,0.628571428571429,1.37304913436987
0.7994,G19,10,1.04379581829352,3.11757766844107,2.54130871027147,2.00457105992725,-1.10596695144826,0.0923076923076923,0.566666666666667,1.48747950536724
0.7994,G20,10,1.06705071002144,3.46187996832717,2.45035904510247,1.71421164276927,7.1290454032626,0.0923076923076923,0.587179487179487,1.47300376015162
0.7994,G21,7,1.01739240269188,3.42915055154638,2.52991196609493,2.20463568657101,16.9547335995768,0.0926686851211073,0.777129521586931,1.3249254147436
0.7994,G22,15,1.50284492840356,6.68845854090939,1.89909249905387,1.43028308029449,43.6870957448401,0.0916666666666667,0.734848484848485,0.723000143709627
0.7994,G23,12,0.927323043951399,4.2371370585052,2.2703062265755,1.92784275438481,24.6737053905693,0.0920886873267826,0.644322845417237,1.2420803743254
0.7994,G24,9,1.09059459877236,3.94979470339674,2.47349823994418,2.02479005772211,3.17813195746358,0.0924012855831038,0.495652173913044,1.50818417872893
0.7994,G25,12,1.73908106437712,6.440750313106,2.27804329785784,1.46678757592807,9.9868927182399,0.0920886873267826,0.848153214774282,0.820463176875052
0.7994,G26,12,1.35878975954368,7.69960138483612,2.16089645563182,1.84073087839549,13.6176357736288,0.0920886873267826,0.707250341997264,1.03714042457444
0.7994,G27,15,0.917164199945288,3.20606969399272,2.45214861499953,2.02068650339263,11.3010858446103,0.0916666666666667,0.559090909090909,1.31730148963294
0.7994,G28,15,0.960109487545287,3.41622904476214,2.43423845865938,1.70128616872197,28.1968035685663,0.0916666666666667,0.527272727272727,1.42646040284523
0.7994,G29,9,1.35396447764526,3.30011857927447,2.55411505136959,2.12820008881679,18.4418514681027,0.0924012855831038,0.752795031055901,1.27825287870881
0.7994,G30,10,1.29901703952319,5.64690049314416,2.33448536237616,1.65235104909807,7.3918663053552,0.0923076923076923,0.862820512820513,1.04185947207566
0.7994,G31,11,1.4042574415124,9.62489320656404,2.20479266464729,1.51263326928264,3.37508479967564,0.0921630859375,0.794701986754967,0.919564057219124
0.7994,G32,7,1.35750162598055,2.68065377731798,2.51061413944042,2.14542302020975,5.81460832325591,0.0926686851211073,0.614935822637106,1.74601344743985
0.7994,G33,11,1.77844305333717,8.34491035685491,2.22859354756807,1.77318670440504,10.2998865433591,0.0921630859375,0.794701986754967,1.01929553383952
0.7994,G34,10,1.1502393458212,4.11340543054967,2.45760502684112,2.11438190608746,-2.7287221012078,0.0923076923076923,0.706410256410256,1.39082951628528
0.7994,G35,21,0.896719620827895,3.71137063763528,2.2969758088186,1.94506748567674,17.1280396638742,0.0907064471879287,0.635160680529301,1.67709656090792
0.7994,G36,12,1.20209769817005,5.69417792845955,2.34009781892103,1.71688497479539,1.24062267348488,0.0920886873267826,0.715458276333789,1.28416486604351
0.7994,G37,12,1.44234389713604,8.12804476346526,2.22604758928656,1.55260582663946,9.7220387830807,0.0920886873267826,0.783857729138167,1.05576469728548
0.7994,G38,11,1.63542696331834,5.36460129594228,2.3534637656842,1.53126074637527,14.892508365253,0.0921630859375,0.874172185430464,0.63770226953815
0.7994,G39,13,1.57248540356031,11.7159540760813,2.15365022545969,1.37477377052184,12.4719748291879,0.0919614984391259,0.735502121640735,1.04182847681793
0.7994,G40,7,1.26947151980905,2.59830250011267,2.65645817220464,2.24762106998776,3.59603941075357,0.0926686851211073,0.567094515752625,1.6005092816898
0.7994,G41,16,1.82424547179359,3.37706481976342,2.50308385990414,1.51559272741843,22.1585764980848,0.0914966963516231,0.830455259026688,0.813195222847181
0.7994,G42,18,1.20829599021754,2.77117521663013,2.59925303590155,1.41860221950557,21.2516079095914,0.0912588488765774,0.593591905564924,1.47881773001704
0.7994,G43,7,0.796668643188706,1.59937596195149,2.85772670747595,1.9112615599706,11.4323675570091,0.0926686851211073,0.557759626604434,1.47286237742835
0.7994,G44,12,1.43874102837027,5.38652212133835,2.35822675668309,1.66895635908548,1.79578333947687,0.0920886873267826,0.707250341997264,1.12095958736011
0.7994,G45,12,1.9207789768231,7.91486490286948,2.23580355512404,1.37742664831267,6.04764803875877,0.0920886873267826,0.819425444596443,1.00893921194362
0.7994,G46,11,2.34132552106222,6.2062765910741,2.31378760990424,1.49215902193671,9.68094753111884,0.0921630859375,0.849006622516556,0.854498113039595
0.7994,G47,12,1.90163400545662,8.59128051037835,2.22760003916001,1.55550584033646,-0.0512533099534852,0.0920886873267826,0.749658002735978,1.15267950993839
0.7994,G48,7,0.989365693400359,3.15277249814789,2.36366816471275,2.09445425186187,9.66386421538128,0.0926686851211073,0.382730455075846,1.63027199933694
0.7994,CG1,4,0.934318250637876,4.74397376993079,2.18143680722319,2.06172248405795,17.2154805026679,0.0929379091450109,0.452508004268943,1.74919985480926
0.7994,CG2,15,1.40134498848851,4.23913843843587,2.25331914603413,1.57796000182269,15.80199153173,0.0916666666666667,0.374242424242424,1.27145510150752
0.7994,CG3,21,1.86383094744049,15.8865313796962,1.84246586254968,1.15563370007767,23.5911387374371,0.0907064471879287,0.601134215500945,0.990522382217386
0.7994,CG4,4,0.868685453730848,3.99125341589657,2.38542204927457,2.02727577084591,24.5419709406239,0.0929379091450109,0.422625400213447,2.02537432040956
0.7994,AH1,4,1.00158918933101,4.53856069934959,2.20192720730865,1.99747697433703,23.8006861759237,0.0929379091450109,0.36392742796158,1.6287621852605
0.7994,AH2,21,1.12407619930682,7.03493983872769,1.94476508129058,1.97658930604864,11.4718386813972,0.0907064471879287,0.453686200378072,1.57710253179116
0.7994,AH3,18,0.875796275008074,4.50729494783031,2.15601951769024,1.97428159599742,16.9030548436273,0.0912588488765774,0.45362563237774,1.41570824632618
0.7994,AH4,1,0.632309061206208,3.24853213653594,2.31401453509229,2.20548102658666,32.962415131277,0.0932249817384952,0.800195886385896,1.58562726374038
0.7994,AH5,21,1.05853832490871,4.56282752675709,2.14206101574023,1.71944879105741,15.424374358964,0.0907064471879287,0.56710775047259,1.52428010409379
0.7994,AH6,24,1.06104345721146,6.645660888128,2.11941364807171,1.56855227935945,14.9932192228425,0.090157631680123,0.494669509594883,1.35213544230857
0.7994,AH7,24,1.18054982960882,20.6267535169591,1.63905981936744,1.33283592018173,13.8407823044056,0.090157631680123,0.759061833688699,0.798507696217772
0.7994,AH8,26,1.51135991131664,105.028425302258,1.47065343889848,0.990029840541712,-7.89070754732399,0.0897542690545606,0.846867749419954,0.329333598334411
0.7994,AH9,15,0.914929878149324,3.12076445662933,2.40508435504964,1.68629966979348,10.0574176479307,0.0916666666666667,0.490909090909091,1.19625075823203
0.7994,AH10,4,0.790431207974465,4.30780990079961,2.27818402021345,1.9646879146931,15.2295237026815,0.0929379091450109,0.455709711846318,1.89911798754855
0.7994,PH1,21,0.887442575122574,4.77975876960732,2.17790951226372,1.86737245548864,1.67987129192425,0.0907064471879287,0.408317580340265,1.44036158239017
0.7994,PH2,18,1.26024359053949,3.20146400808818,2.56475925231291,1.76853033150685,4.38539575458046,0.0912588488765774,0.647554806070826,1.44345277495984
0.7994,PH3,21,1.99223057827917,20.5906359863146,2.04009587654391,1.28068465462767,9.63924960573457,0.0907064471879287,0.873345935727788,0.766386342928348
0.7994,PH4,21,1.42807417178769,6.60344315958719,2.08891818031279,1.56644331325993,11.1347557000376,0.0907064471879287,0.77882797731569,1.14415430911503
0.7994,BO1,10,1.25379077348192,4.16003946611291,2.45093245341823,1.76276499655661,-1.38511068068086,0.0923076923076923,0.664102564102564,1.25134754009204
0.7994,BO2,7,0.330479182032376,2.76096879501777,2.59008359439502,2.18844164749646,14.3758641014174,0.0926686851211073,0.591598599766628,1.74601344743985
0.7994,BO3,17,0.920024911986464,4.42305043143855,2.42522073472367,1.46104489936644,28.569013558624,0.0914090368608799,0.855284552845528,1.02313950123497
0.7994,BO4,9,1.00455867776471,4.2240970025702,2.43725406844541,2.04448009156818,5.83296798391804,0.0924012855831038,0.624844720496894,1.60517351364764
0.849433333333333,G1,12,1.19895771861073,4.0178412824275,2.30124839311719,1.83330942374623,-0.283079640508103,0.0920886873267826,0.556771545827633,1.20093790063078
0.849433333333333,G2,12,1.08010617626871,4.20199397716621,2.367833164949,1.84894709359398,9.69069173319642,0.0920886873267826,0.645690834473324,1.28666452017105
0.849433333333333,G3,10,1.32979971945186,4.89829389025063,2.38125804919678,1.83674782277816,8.01196192845039,0.0923076923076923,0.628205128205128,1.50010124839663
0.849433333333333,G4,18,2.94205366260615,3.28317984991629,2.5438807510384,1.14870411725799,15.3118714299706,0.0912588488765774,0.84822934232715,0.734513985771966
0.849433333333333,G5,15,2.07976710023458,2.68854644176136,2.54074099786587,1.75551970947373,30.1636275719486,0.0916666666666667,0.853030303030303,0.915016034442155
0.849433333333333,G6,12,1.81178996053844,4.09531600708864,2.45641225836975,1.74398739201647,14.8829197050782,0.0920886873267826,0.785225718194254,1.0402015265117
0.849433333333333,G7,12,1.31057543331245,3.23010155220374,2.38223262565436,1.88976116077099,17.6654031003162,0.0920886873267826,0.644322845417237,1.48566683493309
0.849433333333333,G8,4,0.876867138427103,3.16917373608406,2.51761370420042,2.08366107998142,14.1997122242482,0.0929379091450109,0.409818569903949,1.83922600646698
0.849433333333333,G9,15,1.36322264064453,4.02091050662374,2.37854792439569,1.67636782729119,12.0143976812726,0.0916666666666667,0.853030303030303,0.876350182981706
0.849433333333333,G10,10,1.41384485349955,5.98549631013982,2.32141322984985,1.70707119992189,14.1962350156088,0.0923076923076923,0.73974358974359,1.21787570949493
0.849433333333333,G11,10,1.16314700556322,3.59823042776158,2.51178852297807,2.07658379476011,-0.375147456692161,0.0923076923076923,0.564102564102564,1.81464376306164
0.849433333333333,G12,10,1.65006957207268,4.34404559028039,2.43409872685419,1.94355346913891,1.78003494573124,0.0923076923076923,0.61025641025641,1.32795878410693
0.849433333333333,G13,11,2.01580301387254,6.59126208305562,2.29576807740319,1.54270442648441,23.0480321080846,0.0921630859375,0.839735099337748,0.908855753386637
0.849433333333333,G14,12,1.59357793995251,3.15278880063813,2.55975956388288,1.44213397912389,24.3653375688496,0.0920886873267826,0.781121751025992,0.974383288705901
0.849433333333333,G15,12,1.32344235298286,7.15907362840847,2.01419236526074,1.71273933823053,18.2552717712031,0.0920886873267826,0.634746922024624,1.14878638875865
0.849433333333333,G16,21,1.00136140448964,7.14542140748213,1.70677914086665,1.49572496504547,7.09547436318827,0.0907064471879287,0.599243856332703,1.02141025464011
0.849433333333333,G17,14,1.80658167465094,6.50574284503122,2.22527868859782,1.53639225044223,20.2396196546732,0.0917764041924214,0.865300146412884,0.862534988569332
0.849433333333333,G18,10,1.23323491433688,3.77252223845945,2.49402438587526,1.74879820683016,10.2063572146791,0.0923076923076923,0.726923076923077,1.29392104098888
0.849433333333333,G19,10,0.960026225112712,2.3159912644415,2.71442375263288,2.16103599484701,-2.81215347178617,0.0923076923076923,0.476923076923077,1.58696505658204
0.849433333333333,G20,10,1.19190933131448,3.00346685863815,2.59546773682054,1.864049676409,9.11206553306405,0.0923076923076923,0.723076923076923,1.2427461902519
0.849433333333333,G21,9,1.1122254203106,3.12311416394399,2.57989543163287,2.04137250483635,12.047265176075,0.0924012855831038,0.701863354037267,1.23013363036461
0.849433333333333,G22,13,2.1741097302528,5.05877300916824,2.37627763954435,1.24319041485857,29.9378213529891,0.0919614984391259,0.826025459688826,0.744667035383461
0.849433333333333,G23,12,1.14092224123742,3.55150783222723,2.52123764244661,1.77287096644599,17.7454841346385,0.0920886873267826,0.771545827633379,1.24319351747922
0.849433333333333,G24,9,1.11579126642008,3.65068574999585,2.50795967865542,1.98122397729887,-0.593417568548353,0.0924012855831038,0.526708074534161,1.43596597091713
0.849433333333333,G25,12,1.88561144932908,8.07899999546826,2.21820866333146,1.38009491557084,11.4863035210303,0.0920886873267826,0.844049247606019,0.78845736036427
0.849433333333333,G26,12,1.54688667947465,5.21797678979293,2.36418010569532,1.73843671385955,10.8619288357505,0.0920886873267826,0.768809849521204,1.23787435600162
0.849433333333333,G27,10,0.745334260202867,2.79380590701998,2.45628594907663,2.01625708791389,0.87600058328232,0.0923076923076923,0.430769230769231,1.410048447128
0.849433333333333,G28,10,0.792736724348365,2.77523779255946,2.52782787292366,2.1178438126572,-1.91522941564678,0.0923076923076923,0.498717948717949,1.28440005343855
0.849433333333333,G29,10,1.59250425153483,3.92267439049467,2.40608814120405,2.0716277067341,28.5627616182461,0.0923076923076923,0.806410256410256,1.11653850493626
0.849433333333333,G30,10,1.1627226235531,7.88994276130585,2.20916642051381,1.80618005418578,4.35849070541568,0.0923076923076923,0.846153846153846,1.07379711954839
0.849433333333333,G31,10,1.13347135821153,10.0208007620201,2.13453595249997,1.73691950159645,3.66164699122891,0.0923076923076923,0.852564102564103,0.945953923697714
0.849433333333333,G32,7,1.29183351815536,2.94755440055429,2.39862631599345,2.27601702204668,6.27982821576703,0.0926686851211073,0.614935822637106,1.72014993684993
0.849433333333333,G33,12,1.84468750137559,6.40830912661657,2.29600768487306,1.72489630698447,19.982995741151,0.0920886873267826,0.823529411764706,1.12707475333187
0.849433333333333,G34,12,1.19359968605594,8.63539209612991,2.21904534130595,1.75836480833528,6.44907088501094,0.0920886873267826,0.690834473324213,1.36257783450257
0.849433333333333,G35,15,0.764380458760736,2.92257902086948,2.40936550380786,2.20704422805166,9.48961262275642,0.0916666666666667,0.462121212121212,1.66350513370438
0.849433333333333,G36,10,0.933351499060763,5.52460983830946,2.17581851462495,1.63314259859975,-8.31719438632216,0.0923076923076923,0.616666666666667,1.33500106673234
0.849433333333333,G37,12,1.25286639225841,7.34914166377589,2.2050433599716,1.4156103963857,-3.86961262576377,0.0920886873267826,0.796169630642955,1.02055174219856
0.849433333333333,G38,14,1.74341360863772,4.20812343275464,2.44938779874381,1.4268287223583,15.9631409348272,0.0917764041924214,0.932650073206442,0.469082394726415
0.849433333333333,G39,12,1.44969211863279,9.47492015822542,2.20836310379292,1.53014658183154,10.7249436368588,0.0920886873267826,0.78796169630643,0.969400557188103
0.849433333333333,G40,7,1.08359457374842,2.13443220609995,2.65774065130126,2.19535311981178,8.59579823569685,0.0926686851211073,0.479579929988331,1.68312562822526
0.849433333333333,G41,18,2.22037922182735,3.33119109085703,2.41473211286548,1.13571835616122,39.0841167540574,0.0912588488765774,0.865092748735245,0.703665684751166
0.849433333333333,G42,18,1.2213593590566,2.8130656655824,2.60988984291746,1.64031296745802,20.0404500540319,0.0912588488765774,0.713322091062395,1.39534419663981
0.849433333333333,G43,4,0.688031774127608,2.63222113505024,2.41472589278638,1.96782911080982,18.9207573852094,0.0929379091450109,0.481323372465315,1.39568410146973
0.849433333333333,G44,10,1.17733432232311,5.53288085056635,2.2443028251962,1.65580158375754,-4.95812480324775,0.0923076923076923,0.635897435897436,1.38629436111989
0.849433333333333,G45,12,1.69792826839621,9.29717429099425,2.17490551166389,1.42217175404104,6.77864510086598,0.0920886873267826,0.789329685362517,1.02112479318974
0.849433333333333,G46,11,2.0216262137926,7.79218253440911,2.23396381165656,1.51367027251747,3.90627326368141,0.0921630859375,0.863576158940397,0.853571406684442
0.849433333333333,G47,12,1.8076975801179,8.4103398062784,2.22985939098509,1.63687738255111,10.5057532781909,0.0920886873267826,0.764705882352941,1.16123571186958
0.849433333333333,G48,10,1.18356939660922,3.59337361153137,2.37110526628692,2.08677098295239,0.165119607159402,0.0923076923076923,0.433333333333333,1.53210470903093
0.849433333333333,CG1,4,0.865876004668084,4.9664648328877,2.26019163865724,2.17093351660949,23.2354663906022,0.0929379091450109,0.439701173959445,2.04410217523453
0.849433333333333,CG2,15,1.69969912686733,3.03076901010469,2.59509544243801,1.26425143086611,16.1746397414767,0.0916666666666667,0.460606060606061,1.37318801361459
0.849433333333333,CG3,18,2.46782640394635,5.96543120617052,2.31836311063289,1.14507004473953,12.7499934197243,0.0912588488765774,0.846543001686341,0.937889843677617
0.849433333333333,CG4,4,0.9339927727766,4.83775698187443,2.21949847414893,2.14091072163872,24.7650654186876,0.0929379091450109,0.469583778014941,2.16587404745214
0.849433333333333,AH1,18,1.17015838469252,6.44942213517603,2.01391983398072,1.85842191251498,10.9034103755378,0.0912588488765774,0.416526138279933,1.48747950536724
0.849433333333333,AH2,21,1.14963265236968,8.63934516123745,1.74216301249867,1.95294220686803,8.13795182383398,0.0907064471879287,0.483931947069943,1.53039470509365
0.849433333333333,AH3,24,1.04993587310374,4.37939904076426,2.0420134038195,1.71954563339561,11.1726283596368,0.090157631680123,0.445628997867804,1.31567679390594
0.849433333333333,AH4,4,0.692934605797063,5.05559627133324,2.20212180846026,2.00968532203214,18.299644506524,0.0929379091450109,0.468516542155816,1.5673896761906
0.849433333333333,AH5,18,1.27323611080169,3.91720488219522,2.47872000030996,1.54457213232859,6.11798578406199,0.0912588488765774,0.639123102866779,1.46072695590266
0.849433333333333,AH6,18,1.30688096399276,5.9386158839422,2.32746556248282,1.5860647399988,16.4417068150529,0.0912588488765774,0.745362563237774,1.3900750839598
0.849433333333333,AH7,23,1.15013733277576,17.9872666260086,1.73957727761376,1.28153628220213,6.94139032014066,0.0904215976331361,0.721881390593047,0.795426029680363
0.849433333333333,AH8,16,1.01287894580038,33.0127974918308,1.81872754620261,1.21425991222755,0.622385306351427,0.0914966963516231,0.824175824175824,0.523958623368147
0.849433333333333,AH9,7,0.671127936658457,2.78367341840233,2.39168549038744,1.9740325299097,0.578210574428522,0.0926686851211073,0.518086347724621,1.32076031974082
0.849433333333333,AH10,1,0.731842009863381,3.24179460408595,2.32128925845297,2.12514044210548,37.5112342102943,0.0932249817384952,0.834476003917728,1.72722094809048
0.849433333333333,PH1,18,1.03666403369325,3.22566427287933,2.33894684587673,1.75154847279255,1.97188542337516,0.0912588488765774,0.630691399662732,1.6094379124341
0.849433333333333,PH2,18,1.34480750748988,3.3553922275193,2.54622471380215,1.66071962986151,2.55655227382883,0.0912588488765774,0.684654300168634,1.46633706879343
0.849433333333333,PH3,19,1.91777393448915,31.074190518441,2.06162826742467,1.24384406878441,-1.2863155944674,0.0910395408163265,0.749562171628722,0.922190454001343
0.849433333333333,PH4,15,1.05199543696352,5.69787765156524,2.16496532506266,1.95759478345561,8.78714413863819,0.0916666666666667,0.592424242424242,1.20624295286048
0.849433333333333,BO1,11,1.4262521536151,4.02285260278558,2.45986428003937,1.66672700191121,10.8007387678426,0.0921630859375,0.815894039735099,1.30742138103323
0.849433333333333,BO2,10,0.390356740473563,3.01965496460462,2.53064725179818,2.1662370586336,2.88698952351127,0.0923076923076923,0.592307692307692,1.64551396890791
0.849433333333333,BO3,17,0.871934525206523,5.33029737742992,2.36244892081113,1.38854270966022,28.2487019391901,0.0914090368608799,0.814634146341463,1.10740355407928
0.849433333333333,BO4,10,0.980477306982868,3.29379522596222,2.54689109542651,2.02201237774116,-0.238009972239985,0.0923076923076923,0.582051282051282,1.49799835069989
0.89945,G1,7,0.87896672005785,2.97720757597457,2.4656087731513,1.96331335967327,5.15760302941709,0.0926686851211073,0.572928821470245,1.50990831708707
0.89945,G2,9,0.83458575797065,3.71095957342191,2.50067393376257,1.91215145477489,-1.56657130917387,0.0924012855831038,0.458385093167702,1.73291896920512
0.89945,G3,10,1.30904866831598,5.59373137606132,2.34514052335704,1.96814005957953,1.24923627106865,0.0923076923076923,0.620512820512821,1.52687631174108
0.89945,G4,20,2.55360039980634,11.0997149195547,2.01604021596677,0.984740216357273,7.71853136040692,0.0909090909090909,0.625454545454545,0.745248606033033
0.89945,G5,15,2.31249138977393,3.67833925836011,2.42735107460836,1.8510255075249,10.9906818244618,0.0916666666666667,0.859090909090909,0.95285540096932
0.89945,G6,12,1.93360198546775,5.03069524400566,2.38096437277171,1.73116037920017,11.3485122060233,0.0920886873267826,0.803009575923393,1.16685158061676
0.89945,G7,16,1.58665012400313,5.86349549230102,2.20931458435658,1.69804415342039,9.79610192110696,0.0914966963516231,0.703296703296703,1.25909210354702
0.89945,G8,4,0.91645466939255,3.69423516888554,2.38864888139667,1.98828943029076,19.7073332617151,0.0929379091450109,0.422625400213447,1.64625188555682
0.89945,G9,18,1.32108465389973,3.44962863184515,2.33673347365099,1.49307458291715,31.5133775152366,0.0912588488765774,0.888701517706577,0.892860480065769
0.89945,G10,10,1.42548398916667,5.10878960794396,2.37571451642866,1.67186643886869,-2.57362955798635,0.0923076923076923,0.67051282051282,1.22438167595714
0.89945,G11,10,1.22547822604996,3.36720799143946,2.54574871909875,2.04413508203756,-0.306147799488924,0.0923076923076923,0.55,1.68542381941202
0.89945,G12,10,1.69111895273762,5.02629229188958,2.38134767658943,1.88136889540584,-4.92684640783162,0.0923076923076923,0.653846153846154,1.22517501197654
0.89945,G13,11,2.11880755018741,7.65818950199081,2.25658221427359,1.43231648305906,22.6132813687962,0.0921630859375,0.826490066225166,0.931393500059912
0.89945,G14,12,1.77289438120175,4.29978967796,2.43830816424743,1.57963609719904,12.5145586143943,0.0920886873267826,0.824897400820793,0.990398704027877
0.89945,G15,17,1.75690928796508,4.37275727260854,2.38967492014951,1.62898015065276,29.3687258763584,0.0914090368608799,0.826016260162602,1.09861228866811
0.89945,G16,18,0.729870235772916,3.58632142371024,2.23691493432661,1.60460481725203,11.2264408370601,0.0912588488765774,0.505902192242833,1.71398176818537
0.89945,G17,11,1.51055173652594,8.05272103905537,2.24432822140001,1.51200905695711,15.6463935789255,0.0921630859375,0.810596026490066,1.06519629174827
0.89945,G18,10,1.12963023101029,3.78684790797178,2.490088686589,1.90912609060367,4.10483473387825,0.0923076923076923,0.71025641025641,1.29252620166738
0.89945,G19,7,0.882677547535867,3.1980243886431,2.45356068459975,2.15092264031319,15.9535900560815,0.0926686851211073,0.581096849474912,1.91364928683709
0.89945,G20,10,1.20443948577907,3.90791946996245,2.47790805137308,1.7986748003187,-12.6956309824523,0.0923076923076923,0.71025641025641,1.39953958786991
0.89945,G21,10,1.34935206425582,5.60313278579077,2.29138328974797,1.882117399437,12.7462985587176,0.0923076923076923,0.753846153846154,1.07168287678948
0.89945,G22,13,2.33271126051963,5.35109060687979,2.35082556555944,1.47926943784647,21.7707731421681,0.0919614984391259,0.882602545968883,0.647237479255867
0.89945,G23,12,1.16074497591296,3.83893341953606,2.47900764869491,1.63753332545224,9.03157034048726,0.0920886873267826,0.727770177838577,1.10548516795587
0.89945,G24,10,1.15094295392404,2.44973209963504,2.6978505688383,2.05772389432178,4.6877389158392,0.0923076923076923,0.605128205128205,1.35900221883188
0.89945,G25,12,1.9231693235984,8.93967989418691,2.20779543505826,1.3868158459993,16.1358315691225,0.0920886873267826,0.841313269493844,0.847297860387204
0.89945,G26,11,1.37254802730601,5.76514575068239,2.33528513778251,1.85285302247044,11.8388691163382,0.0921630859375,0.690066225165563,1.24521576285998
0.89945,G27,7,0.710595530562289,2.84748903409904,2.44696444899783,2.13011875776528,9.15914261080577,0.0926686851211073,0.508751458576429,1.60370723772512
0.89945,G28,7,0.696073241308796,2.48182890514226,2.68327488305614,2.24314635478146,16.724248872437,0.0926686851211073,0.581096849474912,1.63141681915288
0.89945,G29,12,1.84197355531924,5.80509713251373,2.30634345962329,1.8775476109782,22.4762152635247,0.0920886873267826,0.811217510259918,1.02165124753198
0.89945,G30,15,1.08941996796714,4.25287818062892,2.42313482262309,1.72868631950459,10.6666770978438,0.0916666666666667,0.828787878787879,1.10881645884235
0.89945,G31,12,0.994402881799673,6.02096850249352,2.32029028652469,1.94083543076362,11.0168870478234,0.0920886873267826,0.775649794801642,1.05664808956908
0.89945,G32,10,1.23407846338942,3.69131638548348,2.40734926560763,2.08150672854881,5.37476557347887,0.0923076923076923,0.528205128205128,1.7448425494403
0.89945,G33,11,1.77019786399924,7.14914741092571,2.27354197433928,1.83261197996053,19.4348247412646,0.0921630859375,0.8,1.15745278869104
0.89945,G34,12,1.218569369564,8.87801645712438,2.19316023973245,1.75372607061109,14.4582215645376,0.0920886873267826,0.693570451436389,1.30516881630752
0.89945,G35,4,0.641827794377542,5.27303751931358,2.0955139461921,1.95944970947139,17.8761393696401,0.0929379091450109,0.429028815368196,2.02154756326093
0.89945,G36,10,0.801796371735207,4.18819412097831,2.41115716294385,1.83333955804884,9.26517863651047,0.0923076923076923,0.585897435897436,1.44121011871601
0.89945,G37,15,1.02862565537808,4.68744501977717,2.4054133307331,1.36222115440714,7.79085698538802,0.0916666666666667,0.687878787878788,1.19098560879912
0.89945,G38,21,1.67967517232149,7.73133986769151,2.24814862122668,1.01297574488618,-2.55919153636604,0.0907064471879287,0.888468809073724,0.49850513937795
0.89945,G39,14,1.36735236958134,10.281138843389,2.18704055779322,1.63442485185733,12.772275221027,0.0917764041924214,0.799414348462665,1.03588903019475
0.89945,G40,10,1.2140567437072,3.82961425857631,2.35720251304603,2.19545682722911,3.57142680577414,0.0923076923076923,0.488461538461538,1.8012382131826
0.89945,G41,23,1.95901469366171,9.10083879512913,1.99257430243224,1.18455227870474,54.819926352879,0.0904215976331361,0.787321063394683,0.619528006786628
0.89945,G42,18,1.00121366259045,3.87863848285604,2.34431689141626,1.70518697290404,12.2104529000315,0.0912588488765774,0.586846543001686,1.58562726374038
0.89945,G43,4,0.599868588389283,1.86775452417719,2.74603115788946,2.20264377548021,19.315513460032,0.0929379091450109,0.3991462113127,1.69644928942373
0.89945,G44,12,1.05366871618236,5.67917071839133,2.29606227479664,1.90596447110118,12.6242896218681,0.0920886873267826,0.611491108071135,1.45465810392928
0.89945,G45,14,1.47821994182118,8.80641796715223,2.20264851276481,1.60610447112899,11.8064263262984,0.0917764041924214,0.821376281112738,1.1157485709111
0.89945,G46,12,1.68039188751566,6.28823255049667,2.30450641810067,1.69622176003819,12.7563236893596,0.0920886873267826,0.835841313269494,0.902238978418505
0.89945,G47,12,1.71007008357432,8.36651924397684,2.21601278358031,1.8011286384899,14.0366874324361,0.0920886873267826,0.748290013679891,1.10766212418803
0.89945,G48,7,1.07332160756684,3.12352273060095,2.30368306265677,2.07172405736041,-4.29260287965207,0.0926686851211073,0.451575262543757,1.82454929205105
0.89945,CG1,7,1.01754908471113,4.00133174547245,2.21414522259557,2.19419968293785,1.64234487382697,0.0926686851211073,0.484247374562427,1.88838630491713
0.89945,CG2,15,1.8507440651019,4.02697687574031,2.46780289987993,1.51253317444552,12.421158366714,0.0916666666666667,0.615151515151515,1.51187166850309
0.89945,CG3,20,2.58061136992945,11.4316234602728,2.14675269633077,1.23520725780283,6.70922683252361,0.0909090909090909,0.758181818181818,1.03038306746646
0.89945,CG4,1,0.826936188667232,2.8415741990227,2.43834505835773,2.30570183798117,43.3158877453923,0.0932249817384952,0.791380999020568,1.86171805783497
0.89945,AH1,18,1.39087506344474,3.88081749580506,2.24073033796879,1.82388699910893,14.5042435426586,0.0912588488765774,0.559865092748735,1.49009115480153
0.89945,AH2,21,1.19278961617402,4.33677972703702,2.19257544344648,1.87753011958809,11.5021469523961,0.0907064471879287,0.525519848771267,1.69167601067107
0.89945,AH3,24,1.14893194905394,4.75939118943339,2.31822459859183,1.68652631059173,22.5194543044458,0.090157631680123,0.571428571428571,1.39321480396446
0.89945,AH4,4,0.751092522970787,6.20537317465285,2.02176585044777,2.00044630256973,16.8901663886149,0.0929379091450109,0.48025613660619,1.93340998629108
0.89945,AH5,18,1.35864035253848,4.79900184931247,2.39787959885804,1.7426959327236,8.76300331921388,0.0912588488765774,0.721753794266442,1.20831120592453
0.89945,AH6,21,1.45352567188043,8.2385132361074,2.18442417003257,1.53989490656268,12.5258606080499,0.0907064471879287,0.756143667296786,1.19008369216527
0.89945,AH7,1,1.45265953899778,109.108351342074,1.03859104544772,0.866853597396551,53.8989519875606,0.0932249817384952,0.863858961802155,0.7345323967228
0.89945,AH8,24,0.723103153128374,21.2102825571268,1.96375392465807,1.29598019126006,14.9982744120614,0.090157631680123,0.729211087420043,0.987624296144555
0.89945,AH9,4,0.555385483600906,4.04025157579716,2.34648510146126,2.12419877474102,21.661447951226,0.0929379091450109,0.441835645677695,1.54637977646696
0.89945,AH10,1,0.658816586287844,1.86529011047191,2.80484018369175,2.14735087491198,31.15889673941,0.0932249817384952,0.809990205680705,1.79769420474787
0.89945,PH1,15,0.958565508234269,3.26131487898835,2.46835087412552,2.17852969058357,9.50138669314587,0.0916666666666667,0.456060606060606,1.66500776358891
0.89945,PH2,18,1.24825456621461,3.55076957353521,2.51844258474224,2.06034400387005,6.23906258127602,0.0912588488765774,0.768971332209106,1.5297497518304
0.89945,PH3,21,1.64696664294656,16.5710911768012,1.9908265268028,1.41347073908376,2.25671741771787,0.0907064471879287,0.86578449905482,0.97610111181578
0.89945,PH4,12,0.818819359501571,4.37090719868671,2.42992927573822,2.10008094690407,3.29533437134506,0.0920886873267826,0.506155950752394,1.58412010444981
0.89945,BO1,11,1.35606355061691,4.33557096237339,2.43699299253829,1.78980884857467,2.67641699523511,0.0921630859375,0.811920529801324,1.24735754992846
0.89945,BO2,15,0.389805170786125,3.48927101858829,2.41349824454832,2.02807595919371,23.3193644340923,0.0916666666666667,0.613636363636364,1.31125917517698
0.89945,BO3,18,0.705270035702511,4.74635124316997,2.14666499389442,1.46345077766906,24.9716370327129,0.0912588488765774,0.723440134907251,1.05358860729415
0.89945,BO4,12,0.852545864426361,4.48466047921663,2.30674119727192,2.03531862862896,4.17186783999581,0.0920886873267826,0.480164158686731,1.40691364832263
0.949466666666667,G1,13,1.23147100462859,6.56552952333772,1.81152970977124,1.82365593452211,22.7151848542654,0.0919614984391259,0.548797736916549,1.0899729260774
0.949466666666667,G2,15,1.13276650690048,6.65484706923971,1.82466514613947,1.82726942816184,28.1288290700934,0.0916666666666667,0.615151515151515,1.05550216501438
0.949466666666667,G3,13,1.53554787436875,7.74959915974913,2.05599747958031,1.78446108978199,20.9150690594528,0.0919614984391259,0.659123055162659,1.28647402583768
0.949466666666667,G4,13,1.57504321225257,15.4193669758493,1.32386357472773,1.9458056702136,14.2317369281844,0.0919614984391259,0.496463932107496,0.710966913862555
0.949466666666667,G5,11,1.97802243615165,6.89961661524255,2.19189522390672,1.6956978947279,9.31310985708249,0.0921630859375,0.815894039735099,0.953621978239516
0.949466666666667,G6,10,1.86889505264624,6.00942053400548,2.31409366459046,1.63389386035013,10.714413218979,0.0923076923076923,0.847435897435897,1.04596855518269
0.949466666666667,G7,15,1.49640625900454,3.97475470108237,2.35969170677423,1.67584096804935,5.99706383086169,0.0916666666666667,0.737878787878788,1.29320393805388
0.949466666666667,G8,4,0.974835058264189,4.3899006785184,2.18502648240541,1.98170354396308,17.559702541235,0.0929379091450109,0.426894343649947,1.48894851517997
0.949466666666667,G9,14,1.14345292645008,4.41763701296482,2.37042455235516,1.69226977228664,6.89082463494177,0.0917764041924214,0.815519765739385,1.03933567873857
0.949466666666667,G10,12,1.59985636286445,5.34250923712575,2.30326325182175,1.68269443945157,21.5974831025902,0.0920886873267826,0.727770177838577,1.09861228866811
0.949466666666667,G11,10,1.22303891656271,2.5877871570121,2.67182701102702,2.09857650918186,1.24937299393216,0.0923076923076923,0.533333333333333,1.53503962238024
0.949466666666667,G12,10,1.47954733305278,3.5751557033543,2.51459446320507,1.9346703067197,3.12760290915815,0.0923076923076923,0.575641025641026,1.17530490945636
0.949466666666667,G13,12,2.1437184644889,7.55503015910547,2.23358321727036,1.5171832798479,19.4416890855825,0.0920886873267826,0.844049247606019,0.813291492402008
0.949466666666667,G14,11,1.69958680725025,4.37834071363517,2.41885235345349,1.61241558043843,20.9442060836915,0.0921630859375,0.823841059602649,0.855381978787163
0.949466666666667,G15,14,1.89026854185352,5.15722867364156,2.37375193111991,1.79795079171033,19.8419330059878,0.0917764041924214,0.86090775988287,1.05087052578289
0.949466666666667,G16,15,0.772700554345482,4.3073995445524,2.31191674755261,1.52554285336433,19.9920781116593,0.0916666666666667,0.392424242424242,1.3195061202483
0.949466666666667,G17,11,1.42917498994709,8.13995695742475,2.24185623693631,1.74951837801119,12.0852787110272,0.0921630859375,0.829139072847682,1.12729743666697
0.949466666666667,G18,12,1.4269705477689,6.51785301795121,2.03131916764267,1.91756990252203,18.0684631542664,0.0920886873267826,0.790697674418605,0.998264314833828
0.949466666666667,G19,10,1.01041483882682,3.64128629804137,2.2300924367106,1.93938839472384,7.9071625204922,0.0923076923076923,0.443589743589744,1.6394902575005
0.949466666666667,G20,12,1.63789190226618,5.67803524672979,2.01338513784253,1.48895154197003,31.4968720025319,0.0920886873267826,0.768809849521204,0.814938237613868
0.949466666666667,G21,10,1.82414914883517,4.77294296940877,2.29803733315377,1.69019998439718,19.4079402064252,0.0923076923076923,0.825641025641026,1.02919667356886
0.949466666666667,G22,13,2.4783755196709,6.03860083753752,2.32154955843401,1.41654546277368,19.08153312839,0.0919614984391259,0.900990099009901,0.63252255874351
0.949466666666667,G23,12,1.33232566313779,5.05737819458531,2.36539474694572,1.61668351941659,10.1477299959517,0.0920886873267826,0.839945280437757,1.03178158018565
0.949466666666667,G24,10,1.14923985875776,2.89445455188086,2.61694596664038,2.01268004555386,8.78242116671337,0.0923076923076923,0.582051282051282,1.39983858622765
0.949466666666667,G25,10,1.91266922766362,9.95702460755849,2.19438864183492,1.47788754311534,15.4650846524116,0.0923076923076923,0.86025641025641,0.729848547410373
0.949466666666667,G26,13,1.56591895557217,5.27292277249718,2.34053248717351,1.95306105565829,18.6162935011593,0.0919614984391259,0.782178217821782,1.02220281952611
0.949466666666667,G27,13,0.912414584603955,4.79091510763225,1.86138413870586,2.03290462584073,6.74424187211094,0.0919614984391259,0.369165487977369,1.12432064537832
0.949466666666667,G28,12,1.01998579769366,5.66829212869303,1.77328361181612,1.92773146115175,22.1857707817223,0.0920886873267826,0.518467852257182,0.95265837604503
0.949466666666667,G29,14,2.27477971259759,5.60246289079014,2.3218923307963,1.96211284408865,14.8987391379399,0.0917764041924214,0.903367496339678,0.88574028767573
0.949466666666667,G30,13,1.14386242096284,6.74593297478318,2.28987617040185,1.72294415737696,11.8170218581165,0.0919614984391259,0.752475247524752,1.13943428318836
0.949466666666667,G31,12,0.96792876618042,5.62363818141363,2.34277958012244,1.88979827188141,7.68166124819177,0.0920886873267826,0.768809849521204,1.09861228866811
0.949466666666667,G32,18,1.0623779160036,6.10587228466094,2.148497911051,1.99460030634287,17.2044181422452,0.0912588488765774,0.487352445193929,1.78317572553666
0.949466666666667,G33,10,1.67664243490549,8.14543356500227,2.23667711242628,1.82066374538715,-1.57121751453418,0.0923076923076923,0.761538461538461,1.11640183023161
0.949466666666667,G34,15,1.42807934636551,6.07343573259663,2.27521658325086,1.74530623568897,22.9936206218653,0.0916666666666667,0.759090909090909,1.16017018166754
0.949466666666667,G35,12,0.751839031375628,4.02189157805193,2.17912605130481,2.06802341028444,15.0088551452071,0.0920886873267826,0.376196990424077,1.54793571267631
0.949466666666667,G36,10,0.989313068833079,5.43662890569107,2.35489033270238,1.97191368488062,8.02448366077178,0.0923076923076923,0.675641025641026,1.41884696415764
0.949466666666667,G37,15,0.987603893308867,3.97480765208008,2.47266798040383,1.3982809450926,10.6672841360939,0.0916666666666667,0.639393939393939,1.15593456977594
0.949466666666667,G38,25,1.29908419219856,19.5788274101719,1.72636981807897,0.993131153568433,5.57116662560333,0.09,0.802222222222222,0.438098326123068
0.949466666666667,G39,15,1.15955915456911,7.16244728804502,2.05999951157432,1.58780079017203,8.33180238691584,0.0916666666666667,0.71969696969697,1.0542642982138
0.949466666666667,G40,10,1.2551096442514,2.98737069545138,2.55857105107187,2.12705277066548,-1.69108141757699,0.0923076923076923,0.451282051282051,1.81993034619475
0.949466666666667,G41,15,1.56597458521469,6.93771067865776,1.90266401355224,1.68614482545368,16.2173490989862,0.0916666666666667,0.8,0.67902929901416
0.949466666666667,G42,12,0.875918546187333,3.76519902205981,2.48473728836119,1.83123984231762,12.9932073690668,0.0920886873267826,0.385772913816689,1.53355321490923
0.949466666666667,G43,4,0.682560929182425,2.51550217586153,2.53128393189169,2.16368031943999,26.9846364054232,0.0929379091450109,0.508004268943437,1.5441973905657
0.949466666666667,G44,12,1.16541149096077,5.6853976061167,2.34023308854718,1.98087610120867,4.34112516117191,0.0920886873267826,0.634746922024624,1.45905371540232
0.949466666666667,G45,15,1.35036528636885,7.19238158113316,2.24710823124856,1.62083442949329,7.71701309236869,0.0916666666666667,0.76969696969697,1.13663968425735
0.949466666666667,G46,13,1.49949800902945,8.1022528493739,2.19051641593369,1.56729592191027,-1.70946591610133,0.0919614984391259,0.746817538896747,0.974662738096062
0.949466666666667,G47,12,1.51496319603811,12.0694469133943,2.1051193660241,1.71120372352226,-2.66991070956203,0.0920886873267826,0.655266757865937,1.26093962893261
0.949466666666667,G48,10,1.11449665956275,2.62065009050353,2.64454345997641,2.06697070321131,-11.632104986285,0.0923076923076923,0.362820512820513,1.63339115345659
0.949466666666667,CG1,10,1.01988085525453,2.65597992150491,2.43834882585819,2.21273453260635,-8.34251154155989,0.0923076923076923,0.320512820512821,1.89494370546329
0.949466666666667,CG2,15,1.9118341352505,3.59869191783683,2.50043897918288,1.74210158658067,6.43563732168735,0.0916666666666667,0.634848484848485,1.41528189799314
0.949466666666667,CG3,18,2.65321023504437,4.93488157087239,2.38881355170255,1.44412936738807,14.2558687291185,0.0912588488765774,0.873524451939292,1.03632565846124
0.949466666666667,CG4,1,0.809487552217348,2.76792278941159,2.47662726209981,2.30853582951697,42.6262187516336,0.0932249817384952,0.794319294809011,2.11021320034659
0.949466666666667,AH1,15,1.41767118060746,2.83052441417332,2.58513961176171,2.03817738383978,2.37830116691261,0.0916666666666667,0.490909090909091,1.40148452661387
0.949466666666667,AH2,18,1.28912477852731,2.37195234077186,2.71374397208784,1.89566256499532,5.93544937916804,0.0912588488765774,0.618887015177066,1.47113324105692
0.949466666666667,AH3,18,1.2545066708294,3.43641032548056,2.53655333393981,1.75753828862361,12.0532546748668,0.0912588488765774,0.66610455311973,1.16482351719318
0.949466666666667,AH4,7,0.743173052025956,4.10446704041513,2.22280670317461,2.08090442970135,0.369506360031338,0.0926686851211073,0.451575262543757,1.82330782696298
0.949466666666667,AH5,18,1.41094652472418,4.05242867919422,2.46513651615411,1.68300644088791,2.53631025360137,0.0912588488765774,0.72681281618887,1.38629436111989
0.949466666666667,AH6,20,1.55701070181697,8.25521797442063,2.23755487064917,1.37801211989521,13.3725337834044,0.0909090909090909,0.634545454545455,1.32081643174038
0.949466666666667,AH7,29,1.15173464548293,14.238188090426,1.60054279687309,1.24043863137121,4.68939429025732,0.0890831758034027,0.793103448275862,0.781558137903998
0.949466666666667,AH8,20,0.727305516482959,18.4454668328912,2.0545444844468,1.30302294473078,3.63521487372338,0.0909090909090909,0.698181818181818,0.747214401830221
0.949466666666667,AH9,7,0.627949157824534,4.9027029358146,2.14310401296996,1.94027764248024,6.49393383867322,0.0926686851211073,0.457409568261377,1.45225232891169
0.949466666666667,AH10,1,0.593915882569836,1.47378680685675,2.91251966350114,2.1743656301021,31.3146362455258,0.0932249817384952,0.780607247796278,1.81423232508011
0.949466666666667,PH1,18,1.0653390033998,4.00273646608241,2.16831526583538,1.99368298713421,6.3139130612456,0.0912588488765774,0.627318718381113,1.48739047799126
0.949466666666667,PH2,15,1.08355985643137,4.19745290382576,2.42914264607101,1.82670534602393,5.47926171779443,0.0916666666666667,0.498484848484848,1.49725143170587
0.949466666666667,PH3,17,1.39030728224658,15.0553006075323,2.12774511592458,1.26030972542491,2.49238459796626,0.0914090368608799,0.704065040650407,1.09619390780383
0.949466666666667,PH4,15,0.867559597976968,4.14096335019212,2.38132593136505,2.08267873715477,17.0506352427926,0.0916666666666667,0.578787878787879,1.27022218986714
0.949466666666667,BO1,9,1.11961830041823,6.18368406505548,2.30957353991617,1.85018163203975,0.273587967338704,0.0924012855831038,0.68695652173913,1.59204616972223
0.949466666666667,BO2,10,0.381239255201864,3.52751702158289,2.18619437206953,1.8967669714289,-6.30166209504785,0.0923076923076923,0.506410256410256,1.62329494709553
0.949466666666667,BO3,12,0.60205647404069,3.45333144424935,2.52478537599737,1.76190694659203,17.3578740605804,0.0920886873267826,0.647058823529412,1.27506872600967
0.949466666666667,BO4,7,0.695248303310946,1.97063977379137,2.79518421194813,2.18959643134053,8.66731706716635,0.0926686851211073,0.488914819136523,1.90335053463652
0.9995,G1,17,1.59193564149863,5.9394181653688,2.27766685951804,1.29889754903912,25.5778409444625,0.0914090368608799,0.552845528455285,1.0899729260774
0.9995,G2,15,1.53486783068051,5.63845396182625,2.34320084957525,1.22693402601096,15.7932409824773,0.0916666666666667,0.65,1.02663878904302
0.9995,G3,14,1.78848114443289,13.6338389419878,2.12493946153989,1.61080376646038,22.7705142679866,0.0917764041924214,0.761346998535871,1.22064717046831
0.9995,G4,7,0.764866174090558,2.06364192259409,2.78166021408986,2.25555729116246,10.0729944271261,0.0926686851211073,0.41656942823804,1.41528189799314
0.9995,G5,12,1.78098860108588,5.90324568375302,2.32930668587916,1.52587181225677,4.74255750333593,0.0920886873267826,0.667578659370725,1.1521009736191
0.9995,G6,12,1.94591420063901,7.85631419917304,2.24341182768663,1.39370603119601,16.8223618848777,0.0920886873267826,0.790697674418605,1.10109676199577
0.9995,G7,13,1.29485289828516,3.43818590528991,2.53631673316168,1.71638354619585,9.17021243002099,0.0919614984391259,0.517680339462518,1.43267052291004
0.9995,G8,4,0.97495423988711,4.31629474400354,2.17452534332954,2.03643626106273,18.2813833020331,0.0929379091450109,0.416221985058698,1.47381373913645
0.9995,G9,12,1.04467363416345,4.46930595612336,2.38060956110671,1.71720713798887,10.4635895734608,0.0920886873267826,0.753761969904241,1.12535184971001
0.9995,G10,20,1.75422378944676,4.29802535640737,2.38938239765678,1.57532497484179,34.3119561518362,0.0909090909090909,0.78,1.02535299686746
0.9995,G11,10,1.25400274605962,2.90902297743811,2.59693256562065,2.05063133620925,3.57152224690741,0.0923076923076923,0.584615384615385,1.66980106216119
0.9995,G12,10,1.53296512567482,3.57389386393344,2.51875594635533,1.93786050832372,10.1617672999373,0.0923076923076923,0.591025641025641,1.39395723386546
0.9995,G13,12,2.19836166669868,9.46117008566293,2.18024728732577,1.58093961344881,16.9985025747384,0.0920886873267826,0.827633378932969,0.758442335792956
0.9995,G14,12,1.922189039535,4.76273743428688,2.39969278383088,1.70405478982264,16.5116186882122,0.0920886873267826,0.856361149110807,0.986494990547404
0.9995,G15,13,1.90718839153128,5.66248703093395,2.3391702980366,1.78697432189143,21.8808017882081,0.0919614984391259,0.816124469589816,1.09044897802895
0.9995,G16,21,0.871633029940779,3.02716987593695,2.42485096584062,1.33503331581128,23.2655216926344,0.0907064471879287,0.512287334593573,1.42042736748935
0.9995,G17,13,1.55596104718979,10.3560669307778,2.15594055118598,1.79288341695017,10.6339612445233,0.0919614984391259,0.835926449787836,0.95012059639256
0.9995,G18,17,1.72079419572193,6.43703841774755,2.2818413215247,1.53444878332675,35.6547415198535,0.0912604042806183,0.825732899022801,0.854415328156068
0.9995,G19,12,1.23548622983265,4.50009441405072,2.40410482490113,1.46332931507757,17.5738181785825,0.0920886873267826,0.499316005471956,1.52864865750678
0.9995,G20,12,2.14988714800349,4.77576808919631,2.39640899057467,1.46412363762746,31.6850673660872,0.0920886873267826,0.874145006839945,0.740842054367962
0.9995,G21,13,2.15921514268437,6.27458909921156,2.24718927377895,1.69960103003134,16.9545975616538,0.0919614984391259,0.8995756718529,0.845416392287498
0.9995,G22,12,2.7175148838586,6.64218135299575,2.29181124670512,1.3900078181622,14.5644093060021,0.0920886873267826,0.924760601915185,0.581161262587888
0.9995,G23,12,1.55565061564123,5.23064389691824,2.36865394029346,1.39183068047071,4.14517843939969,0.0920886873267826,0.837209302325581,0.97773039710766
0.9995,G24,10,1.17780579409207,3.34125234945008,2.54917183960671,1.95717529768801,-3.5528706834026,0.0923076923076923,0.578205128205128,1.31676829847128
0.9995,G25,13,2.01163826962003,13.4357384822594,2.11027322884218,1.61079435561899,17.545501606023,0.0919614984391259,0.852899575671853,0.765044919739527
0.9995,G26,12,1.51154909902943,5.42901953907748,2.27732888048331,1.8530132476027,17.5682926658454,0.0920886873267826,0.79343365253078,1.04184335876687
0.9995,G27,16,1.24031460427012,5.47973059211933,2.16523179255431,1.40051617119905,25.4607987471851,0.0914966963516231,0.478806907378336,0.970684803939954
0.9995,G28,12,1.64344079735742,4.53875420615894,2.39301199501272,1.25643537359153,27.3121319256626,0.0920886873267826,0.697674418604651,0.983910919549134
0.9995,G29,14,2.53228594883327,5.87336331310348,2.33035299393809,1.93137046366436,9.68714857085926,0.0917764041924214,0.891654465592972,0.885971459553049
0.9995,G30,15,1.23887852961723,9.07324377880167,2.21314231850888,1.86712339007742,17.9344711581791,0.0916666666666667,0.851515151515152,1.14842599438033
0.9995,G31,11,0.847327649325825,7.0581822858109,2.27485389316157,1.73533206857869,10.827506418391,0.0921630859375,0.663576158940397,1.21244743131691
0.9995,G32,4,0.852031807027688,3.00987808012413,2.35303281070331,2.05172588132782,14.9559365471814,0.0929379091450109,0.364994663820704,2.02595285672885
0.9995,G33,13,1.55116873482739,8.18717592655102,2.20817072240383,1.86402466834058,12.7596122033083,0.0919614984391259,0.779349363507779,1.10134080332131
0.9995,G34,14,1.41919860155583,6.87542477773612,2.24252655077404,1.77942133762746,21.7585495197319,0.0917764041924214,0.765739385065886,1.16857087727502
0.9995,G35,18,0.903006384293365,4.87325194376682,2.09663037635464,1.61530621464707,4.66763252558211,0.0912588488765774,0.446880269814503,1.35340649427506
0.9995,G36,13,1.15152956832207,5.96378318466561,2.28463003001226,1.73857136297805,11.3680833026377,0.0919614984391259,0.707213578500707,1.14470339586838
0.9995,G37,13,0.990881184194217,4.84917220886994,2.38008829955558,1.39316839681291,12.6148940404157,0.0919614984391259,0.60961810466761,1.10361229908482
0.9995,G38,15,0.839708161447496,13.2070663077521,1.42920135604535,1.66159341808202,25.4489853483759,0.0916666666666667,0.642424242424242,0.603121028902226
0.9995,G39,9,0.83229809165759,5.26744670363783,2.36052286325702,1.98906804387589,2.2104096778361,0.0924012855831038,0.547826086956522,1.63225259020027
0.9995,G40,7,1.13474188041054,2.73255850599509,2.55431391021462,2.18082874737607,4.87243460908183,0.0926686851211073,0.439906651108518,1.89539435891841
0.9995,G41,23,1.45841041162892,7.3706433793946,1.89258688623427,1.43939450087719,30.0401989996462,0.0904215976331361,0.736196319018405,0.938697904124101
0.9995,G42,15,0.870062637990526,2.86127688173684,2.45414881189997,1.95214511668575,19.7288032407331,0.0916666666666667,0.440909090909091,1.69101789942652
0.9995,G43,7,0.669744692432893,2.00496282793003,2.72878104149447,2.22405816955881,10.9003011988939,0.0926686851211073,0.41656942823804,1.68256017726306
0.9995,G44,10,1.10162142500568,4.51015578033003,2.42239786820537,1.84509042195642,2.08294966788083,0.0923076923076923,0.611538461538462,1.49267476467846
0.9995,G45,10,1.0752796423585,7.23738036296029,2.2385369463962,1.70103062154946,0.235921867664715,0.0923076923076923,0.697435897435897,1.26566637333128
0.9995,G46,9,1.07096771735865,9.77799207633454,2.19241821069363,1.61975707327263,3.38483240912853,0.0924012855831038,0.632298136645963,1.17865499634165
0.9995,G47,13,1.22158688299329,5.9749957754654,2.32498159919099,1.78126341983805,1.60780696569564,0.0919614984391259,0.489391796322489,1.60526254102362
0.9995,G48,7,1.08262390227703,2.76204123378608,2.37168234879396,2.18597732612245,3.29555372497331,0.0926686851211073,0.425904317386231,2.10684051586795
0.9995,CG1,4,0.894877724555956,5.49758250959221,2.12896948123715,2.15439766464461,12.7577510634739,0.0929379091450109,0.437566702241195,1.77978327818134
0.9995,CG2,15,1.7959170020211,4.47855878252366,2.42456676757086,1.93010138538936,5.27525818259828,0.0915277777777778,0.687405159332322,1.51787071890861
0.9995,CG3,18,2.25324030190808,6.322898759289,2.26522466310991,1.69009542084642,13.4657559286654,0.0912588488765774,0.804384485666105,0.987879811008393
0.9995,CG4,1,0.805408834369034,2.61354507846478,2.50962567630597,2.24452843832919,41.0865421224032,0.0932249817384952,0.772771792360431,1.84371920815877
0.9995,AH1,21,1.69942494272029,5.24554119564661,2.03199066305831,1.70685254477808,9.78463871007581,0.0907064471879287,0.646502835538752,1.2966822024302
0.9995,AH2,24,1.58591314039117,7.60005255791398,1.87593250163354,1.6049329896967,14.1746711042566,0.090157631680123,0.501066098081023,1.33943894383839
0.9995,AH3,24,1.4089648106989,8.99872906885382,1.9039547548918,1.51837779908886,21.1828885341914,0.090157631680123,0.618336886993603,1.23170955929754
0.9995,AH4,15,0.808151728947324,3.02879707317827,2.40075473674792,2.02667364134792,9.83391484395633,0.0916666666666667,0.357575757575758,1.75209421283562
0.9995,AH5,18,1.19395626334107,4.4620655905715,2.31047341546016,1.840324381803,4.48446335677017,0.0912588488765774,0.612141652613828,1.47704872438835
0.9995,AH6,18,1.35951412528365,5.55196542511536,2.2886151481809,1.81500179966734,6.54640960091987,0.0912588488765774,0.779089376053963,1.35982778793173
0.9995,AH7,21,1.04472094073097,9.12509223959572,2.14409766437582,1.44571876057062,8.59084024233486,0.0907064471879287,0.822306238185255,1.11070433443314
0.9995,AH8,21,0.7824949538491,9.83116730826696,2.04459233053757,1.26070257815005,12.8218480075318,0.0907064471879287,0.795841209829868,0.867864137968681
0.9995,AH9,10,0.741545176497716,2.59051147895203,2.65407317173918,1.90934362152923,2.21165571225059,0.0923076923076923,0.465384615384615,1.36794522245169
0.9995,AH10,1,0.720880503715511,2.93974154539576,2.40997695348693,2.1787311619065,35.3755425267471,0.0932249817384952,0.800195886385896,1.82330782696298
0.9995,PH1,29,1.10979085193295,5.27638117394756,1.97624904750803,1.71851885067914,16.1453104427137,0.0890831758034027,0.493368700265252,1.36022212081012
0.9995,PH2,15,0.99131137320846,3.86818033601958,2.32539318268374,1.91707922360146,9.23481195616958,0.0916666666666667,0.436363636363636,1.43415038229753
0.9995,PH3,24,1.08472117915773,5.85742264168872,2.00304941519839,1.4960684798583,3.48786001442112,0.090157631680123,0.547974413646055,1.145132304303
0.9995,PH4,21,0.931339880703889,4.46804865067801,2.164561335291,1.79282505392911,7.8468692356651,0.0907064471879287,0.5765595463138,1.26176392935434
0.9995,BO1,11,1.01407970268141,3.64993233802959,2.42316521234919,2.03040152581898,5.74574312776726,0.0921630859375,0.703311258278146,1.67530533742173
0.9995,BO2,10,0.339713871178772,4.84754587767543,2.06980850393085,1.9187096481257,-15.0689094463878,0.0923076923076923,0.366666666666667,1.81464376306164
0.9995,BO3,21,0.556378480950491,3.04142743861777,2.32979533474089,2.04818300766272,21.4474189759249,0.0907064471879287,0.631379962192817,1.34807314829969
0.9995,BO4,4,0.64435571464089,2.28169417164411,2.56617036629518,2.2438992788575,27.3265986939853,0.0929379091450109,0.435432230522946,1.81807677754543
1.04953333333333,G1,15,1.7095527873698,4.76635711085464,2.40086652668956,1.18258645681632,20.5534636053501,0.0916666666666667,0.615151515151515,1.17209759579549
1.04953333333333,G2,15,1.74257956658824,6.54114554587703,2.28766108448377,1.23740000574212,13.1291942521389,0.0916666666666667,0.710606060606061,0.987491502837142
1.04953333333333,G3,15,1.95733069269341,12.1283759785744,2.13391455604297,1.61671674476472,11.5939011142392,0.0916666666666667,0.812121212121212,1.13361586224144
1.04953333333333,G4,12,0.845564030186577,2.16679115522156,2.64171091994546,2.17081095542258,11.6413310902617,0.0920886873267826,0.426812585499316,1.56291789679921
1.04953333333333,G5,11,1.68627362259351,6.97483852781179,2.27972272370075,1.6314294314154,15.2382117039901,0.0921630859375,0.720529801324503,1.1314021114911
1.04953333333333,G6,10,1.96829898023602,7.22217713900818,2.27171542674598,1.44615210873367,3.01495278971744,0.0923076923076923,0.81025641025641,1.11514159061932
1.04953333333333,G7,10,1.23752028326636,3.77215649727763,2.46521080371009,1.73024941329111,-2.57440874603706,0.0923076923076923,0.502564102564103,1.4775857813293
1.04953333333333,G8,7,1.0683416627297,2.58743059684312,2.44333780128487,2.05922120922729,4.2614522335833,0.0926686851211073,0.445740956826138,1.51460380976326
1.04953333333333,G9,18,1.24708246743728,7.5505548380262,1.88364591546546,1.50643299240773,32.8550633558167,0.0912588488765774,0.740303541315346,0.866020874276376
1.04953333333333,G10,16,1.96138699640839,4.40490336384065,2.42904036132451,1.76230899387301,17.7723627652531,0.0914966963516231,0.811616954474097,1.14394582996963
1.04953333333333,G11,10,1.16115993951419,2.48511592272464,2.68581936627699,2.00566315923133,-1.09391893128363,0.0923076923076923,0.505128205128205,1.93198881053671
1.04953333333333,G12,12,1.65544147029323,3.96078012138516,2.4744241447409,1.93549580272043,6.55365287225903,0.0920886873267826,0.619699042407661,1.51034700978987
1.04953333333333,G13,13,2.30335336777988,9.05098397074292,2.20592316095253,1.4445512386001,-5.81189119985038,0.0919614984391259,0.809052333804809,0.797882500823853
1.04953333333333,G14,12,2.25256316642245,6.13493060711923,2.30338720860361,1.68565893807867,11.7406970901356,0.0920886873267826,0.87688098495212,0.97616413292157
1.04953333333333,G15,13,1.99223760275351,7.58629632162499,2.21784413188261,1.71245393328768,30.8768598969472,0.0919614984391259,0.817538896746818,1.01215172414077
1.04953333333333,G16,21,0.979954778387582,2.75494693885227,2.38528835169213,1.53851817164121,17.6200923946357,0.0907064471879287,0.652173913043478,1.38299946522304
1.04953333333333,G17,13,1.55175715914543,12.9673316274598,2.09144929177118,1.79347260760782,9.34407355556194,0.0919614984391259,0.834512022630834,0.919301271027026
1.04953333333333,G18,16,1.91941298025916,7.99015234681833,2.24492331480935,1.43023321529522,18.9951650777172,0.0914966963516231,0.819466248037677,0.982517017125446
1.04953333333333,G19,12,1.27855855237863,3.77774937865775,2.48375079756462,1.52566679965888,12.656486317974,0.0920886873267826,0.492476060191518,1.72551008368685
1.04953333333333,G20,12,2.33651111570522,5.28024654453228,2.36511031055778,1.56620210882465,12.3983861677387,0.0920886873267826,0.831737346101231,0.873766609283369
1.04953333333333,G21,13,2.64754615281654,6.76258430547722,2.28505325812651,1.7906361662702,9.85022398122889,0.0919614984391259,0.908062234794908,0.84319107843455
1.04953333333333,G22,12,2.50549552047471,9.11291131654226,2.15325362806222,1.22289357820415,6.15169396260285,0.0920886873267826,0.893296853625171,0.615410215203765
1.04953333333333,G23,12,1.46485638683082,6.70501042634929,2.27933804504574,1.38133235949931,13.5418972139056,0.0920886873267826,0.771545827633379,1.0631056002112
1.04953333333333,G24,10,1.13554733105627,3.40433660986636,2.5223931112871,1.9157681230336,0.407339278231913,0.0923076923076923,0.53974358974359,1.22222624463529
1.04953333333333,G25,14,1.94301737455681,10.8442832835846,2.10050262274715,1.64225800618989,10.6474210578757,0.0917764041924214,0.85212298682284,0.77559084977102
1.04953333333333,G26,10,1.32358226036561,4.06515130596431,2.46391298817094,1.58017649698589,7.13038951863197,0.0923076923076923,0.651282051282051,1.29098418131557
1.04953333333333,G27,15,1.35005189626363,2.59415674909289,2.62791806465842,1.59305374868101,14.3974392689259,0.0916666666666667,0.656060606060606,1.17995792812206
1.04953333333333,G28,12,1.74587302916616,3.13231373316046,2.57942211298697,1.44830841225853,14.6062061266992,0.0920886873267826,0.709986320109439,1.07529284632297
1.04953333333333,G29,14,2.64968163321577,7.09254198096154,2.27540442695227,1.54044424583715,3.29881277072766,0.0917764041924214,0.872620790629575,0.932039088842294
1.04953333333333,G30,15,1.37959785379188,10.7285503979147,2.17320263059193,1.7158316801034,14.6591127873556,0.0916666666666667,0.853030303030303,1.09383900991545
1.04953333333333,G31,13,0.870203087444239,8.5349346171509,2.22600371447198,1.67007104236756,3.36154633014079,0.0919614984391259,0.649222065063649,1.31686585468813
1.04953333333333,G32,4,0.784367841267094,2.49804333709761,2.46984790414882,2.15234505927571,13.4636258699069,0.0929379091450109,0.328708644610459,2.05412373369555
1.04953333333333,G33,15,1.44085323648848,4.50221442222701,2.38705859574137,1.89098340158589,26.0905922735809,0.0916666666666667,0.76969696969697,1.15418213982292
1.04953333333333,G34,13,1.31381821626962,8.14020052575899,2.21951869030503,1.86071305335051,23.0832401525759,0.0919614984391259,0.71994342291372,1.28025610907557
1.04953333333333,G35,21,1.01305877597884,3.0388175869798,2.36223386018757,1.50909933995987,20.4568175265663,0.0907064471879287,0.553875236294896,1.53054396996444
1.04953333333333,G36,13,1.31585521607916,5.49988228759281,2.35189677596243,1.78088200553711,11.046985073888,0.0919614984391259,0.768033946251768,1.15991281453191
1.04953333333333,G37,13,1.12439626414335,4.77003780806954,2.39198896282544,1.35136649405382,14.0506179227745,0.0919614984391259,0.635077793493635,1.06421086195078
1.04953333333333,G38,9,0.520970767017253,5.03541485269642,2.38061012775535,1.91500800549638,16.0957323145768,0.0924012855831038,0.559006211180124,1.33636718716338
1.04953333333333,G39,10,0.837204854265104,3.0448682165478,2.59137639786132,2.01582424942529,-1.65307584907001,0.0923076923076923,0.547435897435897,1.67964217110735
1.04953333333333,G40,10,1.18477896922459,2.59009167096773,2.63680368440101,2.12382372282959,-6.04424571147512,0.0923076923076923,0.416666666666667,1.9993988340063
1.04953333333333,G41,27,1.61340836717661,7.04491583820722,2.1266776554882,1.20987056319821,5.3357724788468,0.0896267361111111,0.694915254237288,1.0574542161746
1.04953333333333,G42,10,0.77421028611663,2.36397913233397,2.53845623793526,2.21375530322422,-9.08526962928004,0.0923076923076923,0.407692307692308,1.98673214357557
1.04953333333333,G43,7,0.689881250754222,1.85161121187765,2.79078276990668,2.25400551045442,10.8850472766054,0.0926686851211073,0.44340723453909,1.64515599503618
1.04953333333333,G44,12,1.18184082313981,5.72517518585354,2.33114042174113,1.73988687191048,6.08405122673203,0.0920886873267826,0.606019151846785,1.46787434811231
1.04953333333333,G45,12,1.0866455407508,7.85985344502076,2.22173655542826,1.62176679021808,9.89376920352568,0.0920886873267826,0.642954856361149,1.20632298167089
1.04953333333333,G46,12,1.14831150569885,7.39845807137476,2.24685346323338,1.55631094540535,1.09151170612806,0.0920886873267826,0.644322845417237,1.19098560879912
1.04953333333333,G47,10,1.08057204876673,4.05300409200476,2.4647344660097,2.02493983778039,-2.96348425782992,0.0923076923076923,0.496153846153846,1.81828622356148
1.04953333333333,G48,7,1.04945103408516,2.62426159791504,2.44805263361488,2.26489894412864,3.371429342909,0.0926686851211073,0.360560093348891,1.93340998629108
1.04953333333333,CG1,4,0.832300494786042,4.74545353661122,2.2812147382059,2.10993451485294,4.88302273026289,0.0929379091450109,0.353255069370331,2.10413415427021
1.04953333333333,CG2,12,1.37046977170311,6.70545327518031,2.10138303932909,1.97670324506472,-0.835501874395291,0.0920886873267826,0.451436388508892,1.57897870494939
1.04953333333333,CG3,12,1.67837378259209,6.74802286982053,2.0407456655989,1.71353814192529,11.0158258805704,0.0920886873267826,0.656634746922025,1.10081736122642
1.04953333333333,CG4,1,0.793755469628204,2.31418786206053,2.62222711291652,2.22089578927539,42.4509242673163,0.0932249817384952,0.762977473065622,1.88706964903238
1.04953333333333,AH1,29,1.66693563624219,5.07454716175947,2.16098699015926,1.71657941427331,4.11246357829937,0.0890831758034027,0.506631299734748,1.33264164762757
1.04953333333333,AH2,1,1.87860012690415,23.9821041666091,1.18765225853344,1.41733314381346,53.2658095543523,0.0932249817384952,0.847208619000979,1.31317209629093
1.04953333333333,AH3,29,1.32466369371398,6.66549822162384,2.01137327808764,1.54693172518551,11.9345795081295,0.0890831758034027,0.525198938992042,1.20591266914376
1.04953333333333,AH4,13,0.961298359032603,4.48300142032178,2.41385971957154,1.88395016345077,4.20304546258009,0.0919614984391259,0.360678925035361,1.74919985480926
1.04953333333333,AH5,12,1.09287270990835,5.28228796287955,2.35890175849236,1.97984455288244,10.8115307229374,0.0920886873267826,0.410396716826265,1.39851447245467
1.04953333333333,AH6,13,1.29323725223669,5.37434577190579,2.34809432741101,1.80065922991947,8.28346633132103,0.0919614984391259,0.592644978783593,1.38271653977201
1.04953333333333,AH7,12,1.07105200983465,4.01917716527035,2.35077933628928,1.44598118040517,17.9085161950247,0.0920886873267826,0.785225718194254,1.27218105435247
1.04953333333333,AH8,18,0.820508336510358,3.26568675064791,2.4222120446612,1.291090439489,24.1091780659889,0.0912588488765774,0.826306913996627,0.855918603431111
1.04953333333333,AH9,10,0.793482046770826,2.19747948799788,2.73615665397472,2.10405545732532,-8.50104890464664,0.0923076923076923,0.41025641025641,1.57958494928442
1.04953333333333,AH10,1,0.732886750462133,2.84262947687225,2.4312240873081,2.24394586092894,37.7272836715338,0.0932249817384952,0.776689520078355,1.84811240577919
1.04953333333333,PH1,21,1.39995158703861,3.75430561340523,2.41412575661967,1.55579084206626,6.11797587857,0.0907064471879287,0.631379962192817,1.32913594727994
1.04953333333333,PH2,13,0.970747505989543,5.28390906772263,2.34915681463014,1.9609656903057,10.5547712462827,0.0919614984391259,0.376237623762376,1.40368610383176
1.04953333333333,PH3,15,1.00406066067656,6.1110689688843,2.24085191442686,1.79253196064716,18.9195191804853,0.0916666666666667,0.624242424242424,1.28203335079548
1.04953333333333,PH4,15,1.02599476867195,4.64255666376967,2.21149789428274,1.65664458546832,12.8579224483139,0.0916666666666667,0.562121212121212,1.40310147943627
1.04953333333333,BO1,9,0.877828076265603,3.30018140831162,2.55148085203929,2.10749546747589,-9.79311373274345,0.0924012855831038,0.581366459627329,1.75949860700983
1.04953333333333,BO2,4,0.277625209987565,2.54258128212258,2.49135496724519,2.25883603986034,23.1495992491446,0.0929379091450109,0.493062966915688,1.87728164266622
1.04953333333333,BO3,9,0.555714497489187,2.92585441892327,2.37370295706771,1.9011761380199,-0.6523437961767,0.0924012855831038,0.585093167701863,1.43991545255899
1.04953333333333,BO4,10,0.778053535053747,3.05355598846158,2.47647025514705,2.22299994974683,-1.2208325300724,0.0923076923076923,0.491025641025641,1.63696258582419
1.09955,G1,15,1.75457681280433,6.96561969954562,2.27544418547178,1.36591638730084,13.3106725522701,0.0916666666666667,0.706060606060606,1.28676476577286
1.09955,G2,15,1.93376152022469,8.46278511764398,2.22629752191382,1.63042621068537,11.4766753159678,0.0916666666666667,0.851515151515152,0.94267748704735
1.09955,G3,16,2.17388087775376,7.70094517131372,2.2548023733484,1.50431684945747,7.48726101467859,0.0914966963516231,0.784929356357928,0.998811755562159
1.09955,G4,10,0.824957149609343,2.5901226228094,2.52342202229256,2.1643845796573,-4.08210731478476,0.0923076923076923,0.353846153846154,1.43238546832016
1.09955,G5,12,1.58590726268956,6.51536534580308,2.27150614485235,1.85407203139581,10.8413950310613,0.0920886873267826,0.66484268125855,1.27296567581289
1.09955,G6,11,1.98134248361903,7.59044560181504,2.2587145353365,1.36629227555735,17.3763821497004,0.0921630859375,0.805298013245033,1.06595632569406
1.09955,G7,12,1.26210912833664,2.49465766728276,2.69064768303965,1.78450098946342,10.5074955985263,0.0920886873267826,0.540355677154583,1.6094379124341
1.09955,G8,7,1.10841731681727,2.75804574309205,2.40431178284225,2.08443425451694,-0.129733061761613,0.0926686851211073,0.411901983663944,1.87728164266622
1.09955,G9,20,1.60011585951605,5.18649406580479,2.36079887625336,1.44301089082868,25.9894439855705,0.0909090909090909,0.84,0.860387954293009
1.09955,G10,16,1.77595880331401,7.41026871242101,2.25782190425778,1.71006802405965,14.6859141428762,0.0914966963516231,0.76138147566719,1.08286393169997
1.09955,G11,12,1.28888888377042,3.34316029501661,2.53963102576092,1.88282019019601,3.00484158499314,0.0920886873267826,0.559507523939809,1.72191589586079
1.09955,G12,12,1.71995518653208,4.38356968177297,2.43298669837176,1.66461041068922,0.322035807039584,0.0920886873267826,0.596443228454172,1.42646040284523
1.09955,G13,13,2.16866580105969,9.90169095344402,2.19520382578649,1.4786283398431,17.8438928643383,0.0919614984391259,0.837340876944837,0.940983344464527
1.09955,G14,12,2.35789169435171,7.12543275388153,2.26179147211621,1.61458621049239,19.8851520466206,0.0920886873267826,0.859097127222982,1.0100929948308
1.09955,G15,12,2.1586934102706,5.57694305651925,2.3451213029014,1.80509334420513,23.2389179056499,0.0920886873267826,0.849521203830369,0.978904324602142
1.09955,G16,18,0.912177158833428,2.90560551538608,2.37270321673857,1.8647342459516,23.2984991217781,0.0912588488765774,0.629005059021922,1.18532168769984
1.09955,G17,13,1.51151536892598,13.6539799328288,2.14518555528183,1.76985467998895,8.39322026990595,0.0919614984391259,0.82036775106082,1.10339698679145
1.09955,G18,15,1.98148706016254,15.5814563018929,2.12681254550098,1.30711884223253,17.4004122375256,0.0916666666666667,0.8,0.920888441122784
1.09955,G19,13,1.60941100841534,6.69611729368511,2.20083523413184,1.56538515768103,16.8550474467889,0.0919614984391259,0.666195190947666,1.06582246584512
1.09955,G20,14,2.6780018998969,5.57525563521038,2.33319043916538,1.3193574061634,25.1825444540857,0.0917764041924214,0.879941434846267,0.644694797173999
1.09955,G21,14,2.84415266053671,7.18900829387331,2.27245640042956,1.50694658620045,1.97155653123576,0.0917764041924214,0.898975109809663,0.819684748850576
1.09955,G22,11,2.1771697493076,6.936774633032,2.28207082282322,1.29554163598297,22.4932708289946,0.0921630859375,0.859602649006623,0.711195250431648
1.09955,G23,12,1.37660762691465,5.6064094195494,2.34533445162039,1.63539339420758,18.9169369533825,0.0920886873267826,0.771545827633379,1.05947238033084
1.09955,G24,9,1.05662598170879,4.5171296032576,2.42094026999483,1.90719049143149,-5.83082777067403,0.0924012855831038,0.448447204968944,1.49776822758301
1.09955,G25,12,1.82177513006892,10.4966356153411,2.18881915391421,1.63727182908742,7.73212890303519,0.0920886873267826,0.838577291381669,0.946012237155894
1.09955,G26,10,1.23685426291199,3.95388101025578,2.46487907796616,1.35144517437234,9.94106281366414,0.0923076923076923,0.466666666666667,1.29494458253166
1.09955,G27,15,1.44467202851876,3.10888657203391,2.56804562480882,1.59369920054575,18.5692648578457,0.0916666666666667,0.703030303030303,1.0474383331434
1.09955,G28,13,1.89641434486905,3.00183949414013,2.59929847096419,1.43282176948661,16.3231221012152,0.0919614984391259,0.785007072135785,0.914519252225773
1.09955,G29,13,2.40218242586983,8.70768299357177,2.14560923487333,1.50040177944672,11.2300704196175,0.0919614984391259,0.85007072135785,0.903139303070028
1.09955,G30,14,1.36048138581192,8.847563448773,2.22218358709426,1.68006539782569,19.5325975805721,0.0917764041924214,0.846266471449488,1.11365016603265
1.09955,G31,12,0.876988114298863,9.20874964145635,2.2134060469408,1.63325847558092,7.17957521964792,0.0920886873267826,0.697674418604651,1.33628394054523
1.09955,G32,4,0.692258125301047,1.32143739676497,2.96141471114681,2.26968064148359,12.172276692802,0.0929379091450109,0.28068303094984,2.28478046836054
1.09955,G33,10,1.36594273767681,6.39532839307439,2.30514672090846,1.80892750069178,5.79763361787896,0.0923076923076923,0.730769230769231,1.1103426284536
1.09955,G34,12,1.46083398186155,9.59837087508462,2.18936839264546,1.7208331342959,8.76406461635969,0.0920886873267826,0.72640218878249,1.1869978585358
1.09955,G35,18,1.024675046022,3.08830177696821,2.32172010945282,1.67947554268557,9.98979349912493,0.0912588488765774,0.54468802698145,1.35624201605349
1.09955,G36,12,1.41648893718456,7.2398060245506,2.27042379788816,1.79470360300441,-2.72768807401803,0.0920886873267826,0.738714090287278,1.1314021114911
1.09955,G37,13,1.24802806911857,4.6186179856175,2.41108800132055,1.52892694670487,10.6224500307255,0.0919614984391259,0.718528995756719,1.17730455724377
1.09955,G38,10,0.525361319210202,2.80371611796583,2.63239999270741,2.06242796735278,4.113305518531,0.0923076923076923,0.555128205128205,1.50990831708707
1.09955,G39,9,0.795331595125181,4.11417066164076,2.44149417654321,2.09225420707939,3.62020460602612,0.0924012855831038,0.536645962732919,1.30235990963474
1.09955,G40,4,1.08265355146313,2.86720969507595,2.34064537979275,2.25759422567898,18.013356002297,0.0929379091450109,0.373532550693703,1.86629252109062
1.09955,G41,23,1.56011085920902,7.43511413437619,1.97896910299138,1.42225163056819,11.4621096056225,0.0904215976331361,0.738241308793456,1.13087315088633
1.09955,G42,10,0.785197449813665,2.3373247829271,2.59220656085245,2.30734071125946,-1.6310191163275,0.0923076923076923,0.375641025641026,1.90095876119305
1.09955,G43,4,0.68614513209872,2.80195620737766,2.3429187892659,2.1574622672898,24.0567550487809,0.0929379091450109,0.462113127001067,1.81528996663825
1.09955,G44,12,1.20108881435906,5.70701367935349,2.33423063580632,1.75671871552499,2.06252958041339,0.0920886873267826,0.567715458276334,1.61914672656106
1.09955,G45,12,1.11121615433839,6.85159201159339,2.28108305444103,1.62555780949097,7.25028175085508,0.0920886873267826,0.656634746922025,1.30947415513645
1.09955,G46,12,1.1531381244928,8.3583972450921,2.20827452977352,1.5595621391151,1.71394392106251,0.0920886873267826,0.644322845417237,1.20983792377833
1.09955,G47,10,1.05300732176843,2.95158644105438,2.60624076213598,2.08616530700355,-3.22895360952737,0.0923076923076923,0.429487179487179,2.21021177286303
1.09955,G48,4,0.939364458372378,2.78066326203492,2.52635395784665,2.2888342736527,9.99867931529947,0.0929379091450109,0.323372465314835,1.93908418398491
1.09955,CG1,1,0.751499694042407,1.59586441671856,2.89249438105988,2.3102927565331,29.1092388598112,0.0932249817384952,0.744368266405485,2.41428908257405
1.09955,CG2,10,1.12414083177805,2.96723119305616,2.49048817598061,2.24778784286976,-4.3805756590398,0.0923076923076923,0.36025641025641,2.11357454804929
1.09955,CG3,10,1.31995716836946,3.28247715034078,2.54049648514115,1.92551570434346,3.72009576030751,0.0923076923076923,0.514102564102564,1.52209590227895
1.09955,CG4,1,0.888452799103677,3.04650819267995,2.3549432473637,2.20470350744022,29.7968554765852,0.0932249817384952,0.773751224289912,1.92529086185258
1.09955,AH1,24,1.86247908948676,6.7715956929345,2.12176310725461,1.62546852788807,9.87958325523562,0.090157631680123,0.535181236673774,1.6094379124341
1.09955,AH2,26,1.62866307468355,8.79169718461616,1.86867837625832,1.60451088215872,6.90238420176144,0.0897542690545606,0.503480278422274,1.36687627526279
1.09955,AH3,21,1.39405273554755,6.11582803132384,2.19489162528445,1.58588152134245,8.65365590581746,0.0907064471879287,0.614366729678639,1.34306562656907
1.09955,AH4,18,1.13287690738579,3.93122969816009,2.43613124088466,2.01244652374047,13.4835489461516,0.0912588488765774,0.57672849915683,1.57553636075842
1.09955,AH5,18,1.18181904009938,2.49844132012738,2.62678669443764,1.88341137690277,10.4909568539899,0.0912588488765774,0.54468802698145,1.44473795698997
1.09955,AH6,15,1.37369447466697,3.67464986503421,2.48017950266596,1.94895643519427,7.54845454288182,0.0916666666666667,0.734848484848485,1.55814461804655
1.09955,AH7,16,1.22794990957858,2.97011293716968,2.58270115730699,1.4735333950497,18.1241367389967,0.0914966963516231,0.82574568288854,1.04866761215185
1.09955,AH8,15,0.75789444506479,2.53782372087543,2.65928756930174,1.66498963740834,14.1244193150465,0.0916666666666667,0.777272727272727,0.968250470804866
1.09955,AH9,9,0.781883620061731,5.18143363033383,2.36423717189386,2.0782642174493,0.345945153118648,0.0924012855831038,0.309316770186335,1.92075158941916
1.09955,AH10,1,0.761458329289275,2.86472418821609,2.42222145714992,2.28247332307499,39.9022653838212,0.0932249817384952,0.781586679725759,2.34770552827452
1.09955,PH1,21,1.46325653780777,3.826318494288,2.44167474474052,1.68529354644004,4.06960749280871,0.0907064471879287,0.669187145557656,1.36398860360559
1.09955,PH2,18,1.14684599733006,4.05933061868895,2.32945424602401,1.7307073214449,9.08440003298035,0.0912588488765774,0.561551433389545,1.52775988141983
1.09955,PH3,20,1.06393765383612,9.42872040332826,2.07849845057883,1.68275300185562,16.8675955044868,0.0909090909090909,0.561818181818182,1.50070471229763
1.09955,PH4,18,1.09034091295291,3.35777473994675,2.52468916821881,1.81284258056249,-0.578572022463532,0.0912588488765774,0.66779089376054,1.6376087894008
1.09955,BO1,7,0.830965595022411,2.98990078250934,2.5183343517918,2.26658420396774,24.4280119571745,0.0926686851211073,0.564760793465578,1.84582669049833
1.09955,BO2,7,0.290843993066696,2.25464261458061,2.62952003435564,2.18324506053689,10.148420278642,0.0926686851211073,0.371061843640607,1.82549760885991
1.09955,BO3,7,0.542257295785796,3.31087772813168,2.21412206211495,2.14648581304775,7.54901533396426,0.0926686851211073,0.568261376896149,1.38629436111989
1.09955,BO4,13,0.836372532820241,3.53591353327391,2.49832896295172,2.14217969943049,23.4208966364396,0.0919614984391259,0.524752475247525,1.595049174982
1.14956666666667,G1,13,1.71690105625009,7.27198104412037,2.26983654201229,1.76394098226059,17.8305626733427,0.0919614984391259,0.743988684582744,1.33318453580594
1.14956666666667,G2,15,2.05509153373332,8.77500485935727,2.22160460971583,1.58046915362545,13.7025780088511,0.0916666666666667,0.831818181818182,0.976188873455224
1.14956666666667,G3,16,2.05320717661624,7.65153090107665,2.25688789340285,1.41282737328514,2.85418752774543,0.0914966963516231,0.869701726844584,0.916290731874155
1.14956666666667,G4,7,0.665805135887716,2.14004374125187,2.68172108220561,2.25136470215839,-1.95378639007894,0.0926686851211073,0.350058343057176,1.74094022083184
1.14956666666667,G5,10,1.31004308468141,4.70887584589878,2.40539353068357,1.88595943422061,-4.19521025151629,0.0923076923076923,0.673076923076923,1.37287134078775
1.14956666666667,G6,10,1.91297409466238,5.19197301038621,2.36979888787395,1.50892654837381,26.3096155058824,0.0923076923076923,0.81025641025641,1.05146551024241
1.14956666666667,G7,9,1.0798052538868,4.77478484239948,2.3996286101982,1.87545865078356,-3.85676761680511,0.0924012855831038,0.459627329192547,1.67964217110735
1.14956666666667,G8,4,0.949107406872039,3.9256089596018,2.25076225506581,2.01853121780381,1.35579665361767,0.0929379091450109,0.302027748132337,2.10006082888257
1.14956666666667,G9,18,1.62633034177065,4.82452463854649,2.39687529287891,1.43890285062461,19.0998269421663,0.0912588488765774,0.88026981450253,0.917371229007909
1.14956666666667,G10,12,1.50810958996641,5.40851987855253,2.27446124175459,1.71985424142051,3.01038970282722,0.0920886873267826,0.660738714090287,1.04241773032447
1.14956666666667,G11,10,1.21156270900724,2.78851173828793,2.63457201435876,1.93306382802523,0.0194550287525802,0.0923076923076923,0.551282051282051,1.82914700129968
1.14956666666667,G12,10,1.52329756312161,3.66231705796805,2.50785970482542,1.96888244179337,-6.36451207725162,0.0923076923076923,0.532051282051282,1.59601489210196
1.14956666666667,G13,12,2.02822392451373,10.1290547782367,2.18474067627609,1.77330576611981,23.5248723475732,0.0920886873267826,0.830369357045144,0.908775935371669
1.14956666666667,G14,11,2.14735968591727,7.74919196613024,2.24609866941452,1.84841520028359,9.87219033151496,0.0921630859375,0.868874172185431,0.997670338142533
1.14956666666667,G15,11,2.02293815179975,7.44682108582865,2.26238760972641,1.59243050318339,4.26812696445208,0.0921630859375,0.822516556291391,1.0094845087721
1.14956666666667,G16,10,0.690988761628585,3.53267368501953,2.39145806296344,2.10981837687374,-14.6869786236846,0.0923076923076923,0.443589743589744,1.38238046179875
1.14956666666667,G17,15,1.84917460894647,21.443366462901,1.9447377893659,1.5874196768729,15.6958103295058,0.0916666666666667,0.857575757575758,0.796179406458181
1.14956666666667,G18,14,1.94109950300481,19.5613030710374,2.06444502885542,1.37768889432601,10.6341185329534,0.0917764041924214,0.780380673499268,0.906900991524316
1.14956666666667,G19,15,1.87190798348071,7.04543437484014,2.27825854016317,1.70502066749708,14.6484132676929,0.0916666666666667,0.783333333333333,1.19310313208903
1.14956666666667,G20,13,2.8562920995574,6.84531418730116,2.28234993399737,1.54358489657817,11.3562133120087,0.0919614984391259,0.885431400282885,0.772878410268029
1.14956666666667,G21,14,2.81382143071379,6.21569078493443,2.31360448506771,1.6117693177991,11.3420287042735,0.0917764041924214,0.890190336749634,0.848957611805568
1.14956666666667,G22,12,2.23499333772598,5.74445339028692,2.33149844673019,1.36699128465843,13.7507549423264,0.0920886873267826,0.867305061559507,0.732168246422775
1.14956666666667,G23,11,1.36344110015177,6.26677192365523,2.31121721422537,1.61239750986229,13.9078109309469,0.0921630859375,0.758940397350993,1.04065864615802
1.14956666666667,G24,9,1.09383931410643,4.07494869892923,2.46087796503111,1.86203729018411,4.50891976559383,0.0924012855831038,0.511801242236025,1.44323573752003
1.14956666666667,G25,14,2.04089606923961,16.3965534787053,2.0834881264688,1.2705904094122,9.31187642412174,0.0917764041924214,0.859443631039531,0.829440242987197
1.14956666666667,G26,15,1.57728967183435,2.8377323035676,2.44417943269642,1.32219635517482,28.9355594248179,0.0916666666666667,0.748484848484849,1.01566320568736
1.14956666666667,G27,15,1.50629483748595,4.1037346013798,2.45367360732689,1.68037448283899,18.4153441614672,0.0916666666666667,0.789393939393939,1.14190909442143
1.14956666666667,G28,12,1.88965582108106,4.4272968048355,2.42889652748337,1.4965762035983,28.2653347563184,0.0920886873267826,0.80437756497948,1.0232142711839
1.14956666666667,G29,13,2.24014359133899,5.93186897852868,2.32767376653645,1.47066341297783,12.0502126832552,0.0919614984391259,0.779349363507779,0.993703342220937
1.14956666666667,G30,13,1.18844860224228,7.56527120382938,2.22455253594426,1.88092724212118,15.1320785014885,0.0919614984391259,0.777934936350778,1.04707863855293
1.14956666666667,G31,14,0.804475098832133,12.243545957564,2.09326673541071,1.67981680427952,9.53618598734403,0.0917764041924214,0.695461200585652,1.42767957728275
1.14956666666667,G32,4,0.726561019195917,1.30261536025979,2.96509647246162,2.32108878386432,16.3566935038921,0.0929379091450109,0.313767342582711,2.09127599932684
1.14956666666667,G33,13,1.60528281663453,13.5308318219462,2.14531474557915,1.51188310993565,7.64987739919755,0.0919614984391259,0.715700141442716,1.08151785530881
1.14956666666667,G34,15,1.7001531436087,10.9044035702858,2.0774553336769,1.68536235189532,25.2620052839415,0.0916666666666667,0.816666666666667,1.11487280953989
1.14956666666667,G35,15,0.898766268495487,3.32359139052046,2.37736093079302,1.94568221251572,3.04666215588081,0.0916666666666667,0.439393939393939,1.53667855815167
1.14956666666667,G36,15,1.4493223024667,5.79207884080063,2.33507796944559,1.51686069641441,6.83765316421088,0.0916666666666667,0.710606060606061,1.15907748441805
1.14956666666667,G37,13,1.18598658002283,4.67335673884996,2.40880161624052,1.64785243522977,9.33457608943167,0.0919614984391259,0.698727015558699,1.22310675891248
1.14956666666667,G38,9,0.516731606758042,3.95005794523254,2.47008888456145,1.99908250909262,10.2950715436287,0.0924012855831038,0.509316770186335,1.55906755304515
1.14956666666667,G39,7,0.678605563537962,3.01822451564428,2.45790700789358,2.1128435445646,8.38868023948251,0.0926686851211073,0.50291715285881,1.45861502269952
1.14956666666667,G40,4,1.08915629832642,2.90684455161132,2.33154198438515,2.26273752319016,21.6043593689749,0.0929379091450109,0.402347918890075,2.00372971994414
1.14956666666667,G41,15,1.21554216216811,3.82186929848939,2.415359223241,1.92435321535781,17.1151948122048,0.0916666666666667,0.71969696969697,1.17632127299543
1.14956666666667,G42,9,0.877861262531117,3.3241856843374,2.53650495101728,2.09192996660493,6.04354161795675,0.0924012855831038,0.37639751552795,1.91364928683709
1.14956666666667,G43,7,0.717644541040011,1.71173973092642,2.83625855950846,2.30312743856028,10.2662108794932,0.0926686851211073,0.390898483080513,1.80945904632746
1.14956666666667,G44,12,1.06736766911786,4.69809767859282,2.40640069239925,1.80405511168825,5.67183688716092,0.0920886873267826,0.533515731874145,1.46003783536544
1.14956666666667,G45,12,0.990679631703507,5.69692874614146,2.34001002124306,1.82032620613055,13.1308355269258,0.0920886873267826,0.60328317373461,1.37079017458393
1.14956666666667,G46,12,1.02340149828325,6.78071520718354,2.27724512000552,1.78314237065155,9.87377511119152,0.0920886873267826,0.616963064295486,1.24368025392105
1.14956666666667,G47,10,0.916223585426143,2.57759007877433,2.63098900519778,2.20937464292947,-9.79401043331019,0.0923076923076923,0.361538461538462,2.05127066471314
1.14956666666667,G48,4,0.886378215723691,2.363334769446,2.65925929634277,2.30004012633446,11.706958666631,0.0929379091450109,0.321237993596585,1.78507048107726
1.14956666666667,CG1,1,0.780533392433385,1.90229503597104,2.79163727822822,2.32565357278227,35.2251541042494,0.0932249817384952,0.746327130264447,2.42480272571829
1.14956666666667,CG2,10,1.09066191825527,2.54639903605205,2.59751996000432,2.14646253313244,-8.20532639848347,0.0923076923076923,0.297435897435897,2.10684051586795
1.14956666666667,CG3,10,1.2856408914351,2.30407138428124,2.71231994923113,2.02372398909947,-4.06254256930819,0.0923076923076923,0.493589743589744,1.59297663538003
1.14956666666667,CG4,1,0.884851810239005,2.95846237537779,2.39151920807588,2.15107603192921,38.4224005631129,0.0932249817384952,0.79333986287953,1.62801429800704
1.14956666666667,AH1,18,1.73895242893724,3.66768710793852,2.5074750263729,1.81245983111608,15.4683104433384,0.0912588488765774,0.623946037099494,1.87180217690159
1.14956666666667,AH2,15,1.35981353254175,3.90374496533054,2.38332889006891,2.04755140079605,-3.75725543353499,0.0916666666666667,0.472727272727273,1.65455834771457
1.14956666666667,AH3,18,1.26499941424424,3.87737568997408,2.48263749545411,1.78969811071057,0.632250057939589,0.0912588488765774,0.642495784148398,1.48257119155531
1.14956666666667,AH4,18,1.2607708428203,4.29524524391634,2.42847719516266,1.81871388029534,5.21492134182407,0.0912588488765774,0.652613827993255,1.56064774826467
1.14956666666667,AH5,15,1.21150050155234,3.00790901398246,2.59714688880297,1.78892376339567,5.65403695031793,0.0916666666666667,0.477272727272727,1.64007488189599
1.14956666666667,AH6,12,1.18118103242542,4.89850382665154,2.37251953571266,1.64482161015951,-4.17542113367039,0.0920886873267826,0.537619699042408,1.57434659262283
1.14956666666667,AH7,20,1.40771240382032,3.15014820626083,2.5192661572306,1.49285187685111,20.9285783399221,0.0909090909090909,0.909090909090909,0.900459266657474
1.14956666666667,AH8,17,0.788294660691684,3.08220532885359,2.45798767333073,1.32526692795983,27.5635826848463,0.0914090368608799,0.808130081300813,0.972671065310263
1.14956666666667,AH9,10,0.822977173787152,2.47191027124941,2.69416569379006,2.23251977328142,-6.09143797533594,0.0923076923076923,0.419230769230769,2.09323486381217
1.14956666666667,AH10,4,0.811181173960299,3.63020713551005,2.35334195161098,2.24890465353196,12.6365484677931,0.0929379091450109,0.328708644610459,2.22847712084032
1.14956666666667,PH1,24,1.57012875634216,5.26289756698118,2.29426953712886,1.4852966950734,-2.20890841215152,0.090157631680123,0.565031982942431,1.31471355735691
1.14956666666667,PH2,21,1.32344871162959,3.00963566208777,2.59517428441602,1.65661563720947,7.20424458932484,0.0907064471879287,0.671077504725898,1.7227665977411
1.14956666666667,PH3,21,1.27384104092056,3.74650237471851,2.49649483324961,1.43528476794142,7.13328923045454,0.0907064471879287,0.689981096408318,1.48747950536724
1.14956666666667,PH4,18,1.19581701900456,3.75183867909497,2.47267570643521,1.685026733322,0.693464930424838,0.0912588488765774,0.693086003372681,1.67709656090792
1.14956666666667,BO1,9,0.882050400241749,2.61413951145925,2.65707731062386,2.16396144350988,-0.332179816652673,0.0924012855831038,0.566459627329193,1.71943880764843
1.14956666666667,BO2,10,0.366108901051932,2.55094990961048,2.59553213059372,2.01907452326848,2.55896989806146,0.0923076923076923,0.466666666666667,1.69995191997493
1.14956666666667,BO3,21,0.638715802969171,5.74241795342843,1.87010707886959,1.92605329440181,24.3760716289699,0.0907064471879287,0.669187145557656,1.1093940642714
1.14956666666667,BO4,15,0.859446873749287,3.73056091447542,2.46490847894806,2.1236929471525,23.6921307094848,0.0916666666666667,0.537878787878788,1.74094022083184
1.1996,G1,15,1.59071808061021,7.29486333449155,2.25740562565335,1.86747496445767,6.59066022095951,0.0916666666666667,0.733333333333333,1.1863878995505
1.1996,G2,15,1.80623619356182,12.958102575632,2.09221334219962,1.67479799114133,4.6637474673152,0.0916666666666667,0.859090909090909,1.05806619427376
1.1996,G3,15,1.63054673256585,9.48935773473911,2.01515087247903,1.38399951539875,7.85846051643234,0.0916666666666667,0.753030303030303,0.975457709209815
1.1996,G4,10,0.654268997060662,2.74231762143571,2.39998261365981,2.15028304653272,-2.98278116962376,0.0923076923076923,0.292307692307692,1.4754221410159
1.1996,G5,9,1.0165645030666,6.80697955951358,2.28513357508375,1.77722313241647,-5.25843324014837,0.0924012855831038,0.440993788819876,1.6094379124341
1.1996,G6,9,1.64244896464058,8.55906101633031,2.21100602445338,1.44113399315872,9.46450116224768,0.0924012855831038,0.699378881987578,1.02808213786227
1.1996,G7,9,1.00786445824587,3.74790861315196,2.49654145485517,1.96284907026916,-0.00325834432945233,0.0924012855831038,0.46583850931677,1.83621123179889
1.1996,G8,1,0.841101295262926,2.63384732986913,2.49291866003259,2.21369299059352,28.4008368393736,0.0932249817384952,0.733594515181195,2.39789527279837
1.1996,G9,17,1.36468388817305,12.0184734981593,2.04345909625202,1.47925218987945,-4.38956043760028,0.0914090368608799,0.809756097560976,0.810094445168933
1.1996,G10,15,1.39043039427134,4.33471618559522,2.43168056657074,1.84211324124951,19.1048387292232,0.0916666666666667,0.760606060606061,1.24146341324143
1.1996,G11,10,1.118337441019,3.69196107777262,2.48129000831309,1.91026964658346,1.74246737361571,0.0923076923076923,0.488461538461538,1.65706596142335
1.1996,G12,10,1.40095866672735,4.07720056591472,2.45940339902839,2.02102096044265,-1.90570514307646,0.0923076923076923,0.516666666666667,1.43848011429046
1.1996,G13,13,1.78346268284463,21.0817098305765,1.97530830660413,1.75040432347598,7.29277621997713,0.0919614984391259,0.783592644978784,1.03322952940526
1.1996,G14,11,1.92979094417495,12.024621595379,2.11671438968951,1.87412281277354,-0.17414535215407,0.0921630859375,0.833112582781457,1.02142264997698
1.1996,G15,11,1.97098374511642,8.16827051315992,2.24121559727269,1.735266062697,20.8718008393198,0.0921630859375,0.797350993377483,1.08654941621883
1.1996,G16,10,0.629381964405527,2.46806613247539,2.69089083496768,2.15294911158701,-7.09465438537632,0.0923076923076923,0.41025641025641,1.67764616246063
1.1996,G17,15,2.12381994006758,12.325254571538,2.15123167321897,1.52047515098149,14.8102147698486,0.0916666666666667,0.904545454545455,0.816761136527122
1.1996,G18,15,1.89733420872379,15.533173263917,2.11752428491603,1.38772868549556,7.27672619825009,0.0916666666666667,0.842424242424242,0.837978128438401
1.1996,G19,15,1.91847726402352,7.83915199865823,2.24412528913336,1.75620779486161,12.469211658577,0.0916666666666667,0.833333333333333,1.16643488500687
1.1996,G20,13,2.50027861926949,10.6426360092084,2.18270113820035,1.80048492610499,1.14809878439635,0.0919614984391259,0.895332390381895,0.816379820983893
1.1996,G21,12,2.44834783957409,10.6259800920004,2.18551402684364,1.69714056194848,10.1394768782875,0.0920886873267826,0.923392612859097,0.823572609631505
1.1996,G22,11,2.1005683495835,11.2358619641902,2.1559687517717,1.37112343204899,11.0086754498631,0.0921630859375,0.864900662251656,0.799630660962395
1.1996,G23,10,1.30066066111932,4.53532662416425,2.4044423896855,1.80776708314502,-0.208479704894228,0.0923076923076923,0.791025641025641,1.03752459668827
1.1996,G24,9,1.04616916787354,4.16379853443644,2.44392005333288,2.04683721493742,6.13409542272817,0.0924012855831038,0.51055900621118,1.43596597091713
1.1996,G25,13,2.00624339993469,19.5221723513711,2.06743388042734,1.24401574438252,1.14424630197782,0.0919614984391259,0.867043847241867,0.807615034397203
1.1996,G26,14,1.52439341735343,4.08803058128841,2.22253475202136,1.41368188287811,22.2408525410595,0.0917764041924214,0.805270863836018,1.11837577778695
1.1996,G27,12,1.41110320977629,5.96404387659893,2.32578885236668,1.85220017529613,11.5630469522524,0.0920886873267826,0.655266757865937,1.11099634786783
1.1996,G28,11,1.76813497976696,4.91367663317648,2.39079100911031,1.71607354711699,20.6694598689173,0.0921630859375,0.819867549668874,1.1077656706546
1.1996,G29,12,1.92580073097031,12.2961928689793,2.06682445498284,1.55387709965345,7.00557715145814,0.0920886873267826,0.755129958960328,0.980006546260263
1.1996,G30,12,0.996753546913419,5.10827027145067,2.37654680812199,1.69193797993968,-0.635431837356528,0.0920886873267826,0.683994528043776,1.20297230399235
1.1996,G31,12,0.689116301847566,3.95766254571389,2.46817950771461,2.09990648693207,10.3595424684951,0.0920886873267826,0.663474692202462,1.69995191997493
1.1996,G32,4,0.708405809015292,1.12928260291422,2.99264174265037,2.27319991150026,15.4063471073821,0.0929379091450109,0.302027748132337,2.18480205733766
1.1996,G33,13,1.63549678256185,14.3959792600526,2.03544286819199,1.51746848807248,12.5801039877662,0.0919614984391259,0.735502121640735,1.00158019711677
1.1996,G34,15,1.88596179055823,5.21680501554935,2.36912628861023,1.72410635274335,16.1419576372954,0.0916666666666667,0.868181818181818,1.15871621273782
1.1996,G35,7,0.68615562135972,2.38332483551154,2.66717868598028,2.17119020351087,6.23146791490711,0.0926686851211073,0.438739789964994,1.8632184332102
1.1996,G36,12,1.32961761368034,6.69835353745771,2.28986470983753,1.518192990286,15.787877064871,0.0920886873267826,0.711354309165527,1.33437430394153
1.1996,G37,13,1.1157801860265,4.58084013170789,2.41619509221754,1.75880658295488,10.4158203636771,0.0919614984391259,0.756718528995757,1.41932488679637
1.1996,G38,9,0.504373990116121,3.28572755693767,2.54830094351185,1.9652521247622,6.8165388168518,0.0924012855831038,0.549068322981366,1.6094379124341
1.1996,G39,7,0.614062515877715,2.63530457654077,2.51407013201329,2.19337401169628,3.64877055511447,0.0926686851211073,0.436406067677946,1.66416281212335
1.1996,G40,4,1.01436387657587,2.84360274196263,2.41179967410634,2.29187026257266,17.3240205260456,0.0929379091450109,0.40128068303095,2.13416644136908
1.1996,G41,12,1.22752621420959,8.59987898377189,2.12414893766032,1.95183761390371,20.0315850264124,0.0920886873267826,0.656634746922025,1.20294134471927
1.1996,G42,12,1.04364812083434,3.44642847888527,2.3677336546435,1.86243454926414,12.1029007815917,0.0920886873267826,0.538987688098495,1.64647918411445
1.1996,G43,4,0.681552629653597,2.38677990924427,2.60725801243513,2.17974311633905,26.9588581750828,0.0929379091450109,0.449306296691569,1.76537271405486
1.1996,G44,10,0.91896077747772,3.40235219175696,2.54096563733895,1.9076782672507,2.25561410259185,0.0923076923076923,0.496153846153846,1.88200634707583
1.1996,G45,12,0.880335409149057,5.22866036002164,2.36602245907415,1.88243822598093,-0.380757854719919,0.0920886873267826,0.554035567715458,1.41908418394288
1.1996,G46,10,0.937252161798936,4.70848635980419,2.40597845765949,1.99686312251708,-2.21324967575802,0.0923076923076923,0.633333333333333,1.45592805287869
1.1996,G47,7,0.839616311315478,2.22357822879817,2.67995358143641,2.25226712888455,0.187034654863577,0.0926686851211073,0.38973162193699,2.17475172148416
1.1996,G48,4,0.969130589734775,2.46982060236797,2.54522490127559,2.29234660010419,12.2555762317375,0.0929379091450109,0.362860192102455,1.7793369492295
1.1996,CG1,1,0.803946743146766,2.13356258373752,2.69811685777383,2.33072909338594,24.3882655562488,0.0932249817384952,0.75024485798237,2.72457950305342
1.1996,CG2,10,1.02546456040456,3.50873417076447,2.25137863875796,2.16844599787043,-11.8169761760651,0.0923076923076923,0.27051282051282,1.94591014905531
1.1996,CG3,10,1.09205219944712,2.47859406437403,2.52042485102869,2.08548301643098,-15.7169775278719,0.0923076923076923,0.421794871794872,1.75697335314264
1.1996,CG4,1,0.867151353701595,2.80558376967167,2.4400601700349,2.20288873367891,39.3424264442492,0.0932249817384952,0.762977473065622,1.99655388187407
1.1996,AH1,21,1.83029066557574,4.49581794447921,2.0630507705158,1.6358415498659,21.282364525892,0.0907064471879287,0.66351606805293,1.51198257628339
1.1996,AH2,18,1.3868712062171,3.91202195302433,2.07737892690991,1.89848329176503,1.03146062946223,0.0912588488765774,0.467116357504216,1.59538615897845
1.1996,AH3,21,1.14535170348036,3.96517038572003,2.20390610612584,1.60618457078146,-2.70091863421773,0.0907064471879287,0.459357277882798,1.46305837733173
1.1996,AH4,18,1.13523406385117,3.79002744038751,2.33997595553897,1.79844494961814,6.55552125527017,0.0912588488765774,0.51433389544688,1.50407739677627
1.1996,AH5,13,1.10437319984358,5.14270657581582,2.37346206721287,1.8835269446618,0.772675046656832,0.0919614984391259,0.414427157001414,1.99243016469021
1.1996,AH6,12,1.09388348421408,4.50420336682044,2.4185524865229,1.69246708588211,1.97769976851623,0.0920886873267826,0.439124487004104,1.81669841757531
1.1996,AH7,23,1.41259892816037,3.21298003137729,2.48847276788375,1.07884794908843,33.5358736651866,0.0904215976331361,0.789366053169734,0.92494879461727
1.1996,AH8,16,0.658987815676571,4.71842339587516,2.14032460194894,1.52187040337169,27.2936967222629,0.0914966963516231,0.762951334379906,0.980174588503893
1.1996,AH9,10,0.82489333869887,2.71344840302601,2.61129773795543,2.1048688013202,-9.29512285581235,0.0923076923076923,0.478205128205128,1.64333946410978
1.1996,AH10,7,0.876428005297442,3.15837546671271,2.32819465999616,2.15388202104323,2.29244405044488,0.0926686851211073,0.354725787631272,1.89494370546329
1.1996,PH1,26,1.37001005845474,9.00416451788975,1.92867386374493,1.44424207281583,1.42431449640438,0.0897542690545606,0.491879350348028,1.26224171244991
1.1996,PH2,18,1.12708108611322,4.45884730470135,2.33805514603059,2.069412623125,6.79168736956443,0.0912588488765774,0.625632377740304,1.89154893983643
1.1996,PH3,21,1.12186746002903,6.12342332000304,2.22703807698939,1.51973316923911,1.16540293040677,0.0907064471879287,0.621928166351607,1.40310147943627
1.1996,PH4,21,1.09427192675101,3.14742215295511,2.38182090476227,1.56073992335928,5.37445260727563,0.0907064471879287,0.618147448015123,1.60106966276358
1.1996,BO1,9,0.921415739492446,2.66130656548714,2.56783025895566,2.24046269187584,7.51376601874434,0.0924012855831038,0.571428571428571,1.58542303623023
1.1996,BO2,9,0.375729932892684,3.62241496512701,2.39780743099488,2.16735850142619,7.03773229065455,0.0924012855831038,0.515527950310559,1.71829231734618
1.1996,BO3,30,0.684126649342611,7.34859714371768,1.6735843991078,1.60715279306287,15.9053794162123,0.0888888888888889,0.644444444444444,0.939845328283037
1.1996,BO4,21,1.04347402784025,3.48750047810399,2.4650163330371,1.91123157343167,10.0087223592323,0.0907064471879287,0.65406427221172,1.53901544813755
1.24963333333333,G1,10,1.28126138082726,4.63346214251093,2.4073242233042,1.88496470859542,-9.94669207719617,0.0923076923076923,0.658974358974359,1.464937488439
1.24963333333333,G2,15,1.53168488885913,8.46246573178172,2.21029747765086,1.68988686696795,11.7165061181531,0.0916666666666667,0.787878787878788,1.13912415758501
1.24963333333333,G3,10,1.39429769280225,6.16846668929277,2.19813480957033,1.50300213104839,11.995231031147,0.0923076923076923,0.744871794871795,1.07710608344715
1.24963333333333,G4,15,0.733371981193899,2.82709745951672,2.36355868918789,1.97026462073945,16.5466589894077,0.0916666666666667,0.284848484848485,1.47689125647212
1.24963333333333,G5,7,0.887735658432756,2.8462267554446,2.54681419544181,2.06918331596609,14.9568521822841,0.0926686851211073,0.455075845974329,1.87399756746503
1.24963333333333,G6,10,1.45096050856865,4.47394723771898,2.41433529501775,1.8693349133987,14.6510401375801,0.0923076923076923,0.764102564102564,1.18269540587865
1.24963333333333,G7,12,1.17874067170033,3.32293594181594,2.42792063935952,1.81595106972584,15.9169697346743,0.0920886873267826,0.574555403556772,1.42239936576201
1.24963333333333,G8,4,0.916947527882568,2.93915931869188,2.53844697155103,2.15781509550683,15.9798331666356,0.0929379091450109,0.331910352187833,2.26436388017385
1.24963333333333,G9,12,1.137095776478,23.3490049087893,2.02400783294438,1.38360706344988,-8.68236551483737,0.0920886873267826,0.723666210670315,1.04265363502007
1.24963333333333,G10,12,1.34057851889037,7.35405988277151,2.26486884855379,1.73971645654737,14.1751995944174,0.0920886873267826,0.67578659370725,1.17865499634165
1.24963333333333,G11,13,1.16661112890233,6.28642439570085,2.25893912866102,1.89057782319088,11.393773684216,0.0919614984391259,0.452616690240453,1.58653614814742
1.24963333333333,G12,12,1.26143517024392,3.64964907390627,2.47699156807679,2.17580883356208,16.8053647076963,0.0920886873267826,0.489740082079343,1.43672521474678
1.24963333333333,G13,14,1.40277790662191,8.85919996701008,2.21998276942566,1.64489247290053,15.3543932051589,0.0917764041924214,0.726207906295754,1.11740478801748
1.24963333333333,G14,12,1.52348881581016,6.896587639201,2.18139023871775,1.75928582570645,9.32606317198412,0.0920886873267826,0.80437756497948,0.953781340789654
1.24963333333333,G15,12,1.82997797413217,6.53953004030907,2.28075910794623,1.80185463245008,14.6282037037936,0.0920886873267826,0.800273597811218,1.11907336053945
1.24963333333333,G16,10,0.600051990705608,2.24549018501616,2.7213951346837,2.15537293994685,-11.0182831417591,0.0923076923076923,0.388461538461538,2.07421959769868
1.24963333333333,G17,15,1.98185835072321,14.3797893844153,2.13204993041827,1.63005628320942,14.3704582849914,0.0916666666666667,0.886363636363636,0.809012670087057
1.24963333333333,G18,13,1.7462528585222,17.057794711232,2.07948411361358,1.30987726405751,3.17027022298385,0.0919614984391259,0.776520509193777,1.01035480559823
1.24963333333333,G19,15,1.8637033353525,10.3455415595067,2.18969310749155,1.62390275595968,10.8886531738747,0.0916666666666667,0.777272727272727,1.31960298662122
1.24963333333333,G20,16,1.95667836549662,13.3601437995907,2.07926008408369,1.54626667165883,4.91648045568232,0.0914966963516231,0.803767660910518,0.765559758128422
1.24963333333333,G21,13,1.93261196913091,8.27207618809405,2.06532899461839,1.84863580627616,5.0104040321467,0.0919614984391259,0.855728429985856,0.806403273220552
1.24963333333333,G22,12,1.6993629632379,5.97877232210346,2.31895725629052,1.58119920913924,15.434429096552,0.0920886873267826,0.864569083447332,0.793790706339633
1.24963333333333,G23,9,1.04967232302949,4.01664317522651,2.46679993835191,1.78736089849539,-3.63703967697978,0.0924012855831038,0.68944099378882,1.19673014462663
1.24963333333333,G24,7,0.94377294989574,2.48164772823699,2.59457008362613,2.07673570208649,17.6488669045652,0.0926686851211073,0.47024504084014,1.55200586334822
1.24963333333333,G25,14,1.78337024096071,13.8418838704946,2.12426858781449,1.42735207837887,15.172374896757,0.0917764041924214,0.857979502196193,0.79813862442912
1.24963333333333,G26,15,1.33367024027732,3.42585460966558,2.5146578593595,1.48502363371687,15.8559046226534,0.0916666666666667,0.684848484848485,1.37198796546865
1.24963333333333,G27,13,1.38866164042011,5.29383896370112,2.35804851441367,1.72551299810654,9.67886435396779,0.0919614984391259,0.69024045261669,1.12492959698548
1.24963333333333,G28,12,1.52760530472079,6.49539855852612,2.28987437576413,1.78271513372944,6.18119908912711,0.0920886873267826,0.757865937072503,1.17291701438862
1.24963333333333,G29,12,1.50947563377608,8.01197016101981,2.21597403559212,1.77545493716516,3.80989607290474,0.0920886873267826,0.719562243502052,1.03609193168678
1.24963333333333,G30,9,0.858235296300394,6.47983364100661,2.30113260868136,1.7167143764534,15.3324175620157,0.0924012855831038,0.628571428571429,1.14825026975988
1.24963333333333,G31,10,0.699002290769405,3.97404335483536,2.43770608139401,2.21903021090623,17.6229766120978,0.0923076923076923,0.601282051282051,1.4265191624304
1.24963333333333,G32,4,0.791349011216823,1.08233414329659,2.99677363252601,2.32632142555092,13.551089301452,0.0929379091450109,0.319103521878335,2.09801792725277
1.24963333333333,G33,15,1.73772793103464,7.60564224964566,2.25845790273461,1.5358373306419,9.68221400482185,0.0916666666666667,0.777272727272727,1.08600178107618
1.24963333333333,G34,15,1.74861725637012,4.69531372620208,2.40174501148282,1.67664910032903,12.1540206996544,0.0916666666666667,0.777272727272727,1.10087729529896
1.24963333333333,G35,7,0.786366612940114,3.29872514902274,2.41717327964566,2.20073316749282,17.922700324208,0.0926686851211073,0.438739789964994,1.52535479522356
1.24963333333333,G36,11,1.29165589019589,5.86335825601703,2.33077881991703,1.68797311451107,13.7179811910116,0.0921630859375,0.682119205298013,1.28093384546206
1.24963333333333,G37,10,1.02958370594239,5.27131387225266,2.36416542981953,1.79203211441758,5.52779445809662,0.0923076923076923,0.720512820512821,1.16813835131672
1.24963333333333,G38,10,0.558223116233334,3.96759822084878,2.31543701571879,1.7719238639263,10.5439702945991,0.0923076923076923,0.508974358974359,1.17272026082183
1.24963333333333,G39,7,0.594491675255642,2.52367913373111,2.51227249130259,2.19273046253678,11.0188063463235,0.0926686851211073,0.41073512252042,1.81528996663825
1.24963333333333,G40,4,0.944711840162529,1.91034996719868,2.75052968234151,2.29302192794708,17.9357311776215,0.0929379091450109,0.379935965848453,2.40994361131454
1.24963333333333,G41,14,1.47422587879175,6.92729217913356,2.28171007235762,1.85577017385562,15.9838062527265,0.0917764041924214,0.790629575402635,1.17865499634165
1.24963333333333,G42,26,1.47602231594329,8.5955166862435,1.80233885730242,1.41684026234416,32.165784600974,0.0897542690545606,0.554524361948956,1.1889349269614
1.24963333333333,G43,15,0.885942296060953,5.0211324505612,2.07547628935556,1.87252708301395,21.514153022441,0.0916666666666667,0.374242424242424,1.55059741241117
1.24963333333333,G44,10,0.91596266171414,2.94892206657169,2.60820666275607,1.80548508925893,6.7157385941656,0.0923076923076923,0.494871794871795,1.25111958275164
1.24963333333333,G45,10,0.890466655948852,5.25190594912104,2.30644341167989,1.71182532834009,7.39358373300243,0.0923076923076923,0.55,1.01905965696616
1.24963333333333,G46,10,0.926953826786239,4.00900823525784,2.46334560858974,1.94640630539051,4.97575444516088,0.0923076923076923,0.616666666666667,1.36268449548076
1.24963333333333,G47,7,0.881101974057445,2.56742447157885,2.49162197927382,2.19679937441253,1.78383564231496,0.0926686851211073,0.436406067677946,1.93836294341993
1.24963333333333,G48,4,1.01045972379018,2.5864038386416,2.4767224733009,2.31219184531682,12.8180231095762,0.0929379091450109,0.421558164354322,1.85989727439527
1.24963333333333,CG1,1,0.839732487165445,2.47670158901543,2.56032439539243,2.33780570208859,33.4563935619214,0.0932249817384952,0.784524975514202,2.38262780066758
1.24963333333333,CG2,4,0.87473893389295,3.37779620915394,2.41957213353539,2.1829163688263,15.1930177152881,0.0929379091450109,0.373532550693703,1.91569637045882
1.24963333333333,CG3,7,0.868907797876708,1.98110193598092,2.79900107304568,2.24414234003445,0.38555540339127,0.0926686851211073,0.406067677946324,1.99440449899392
1.24963333333333,CG4,4,0.960921629102024,2.74733817260357,2.55551408317932,2.22725274144661,15.221004716424,0.0929379091450109,0.362860192102455,2.02154756326093
1.24963333333333,AH1,26,1.61945473276491,6.83721859707266,1.80526817094691,1.84572031171363,5.08369761787542,0.0897542690545606,0.424593967517401,1.40450980101123
1.24963333333333,AH2,26,1.27753089043369,6.00588665558868,1.92429255551543,2.0185158690879,3.01706575846415,0.0897542690545606,0.364269141531323,1.32513993796656
1.24963333333333,AH3,15,0.981382502035888,4.62643507407821,2.02833696018281,1.90579340401143,0.642050592288213,0.0916666666666667,0.313636363636364,1.35812348415319
1.24963333333333,AH4,10,0.947489180009547,3.23458150286587,2.37223204553375,2.09376343371295,-5.98733193108805,0.0923076923076923,0.283333333333333,1.39013313742706
1.24963333333333,AH5,10,1.05304305144668,2.97391183102043,2.58375302276905,2.13716873827165,1.88875920256728,0.0923076923076923,0.424358974358974,1.8632184332102
1.24963333333333,AH6,10,1.11768783897774,3.38439782705797,2.5434967786867,1.96270774467061,9.62070648196003,0.0923076923076923,0.512820512820513,1.72191589586079
1.24963333333333,AH7,18,1.23909152726862,3.92545513093383,2.36904908321796,1.11118797207621,27.5007925913486,0.0912588488765774,0.711635750421585,0.891184810743079
1.24963333333333,AH8,9,0.530437245744757,4.21786319715183,2.43986780468834,1.48370609506332,18.7551876525667,0.0924012855831038,0.627329192546584,1.25540497795821
1.24963333333333,AH9,9,0.775215224812493,4.72691303359262,2.27745390372301,1.97340345859679,4.87764595602906,0.0924012855831038,0.396273291925466,1.67241271159549
1.24963333333333,AH10,10,1.02315509197694,3.5975483008433,2.14882027592136,2.09901304214437,-7.92645541889522,0.0923076923076923,0.378205128205128,1.58178638110359
1.24963333333333,PH1,15,0.995720656666597,7.33492696582307,1.67813322222246,1.94084684464859,2.2382794431901,0.0916666666666667,0.307575757575758,1.46978832329764
1.24963333333333,PH2,10,0.923010208651051,3.15041832501729,2.47029826314247,2.03390690098248,-2.59267530722795,0.0923076923076923,0.401282051282051,1.83493164109326
1.24963333333333,PH3,10,0.938457156372372,5.84549312251792,2.23454300430343,1.86104623912025,-1.83354270317382,0.0923076923076923,0.580769230769231,1.33565062830114
1.24963333333333,PH4,15,0.92036706142288,3.4271641162229,2.36648377333109,1.81487628676202,3.43101038456041,0.0916666666666667,0.466666666666667,1.38962215121257
1.24963333333333,BO1,12,1.01185678453843,2.74946020486285,2.40311697776282,2.28269999089227,14.0544258432818,0.0920886873267826,0.656634746922025,1.47508985990302
1.24963333333333,BO2,10,0.401646744585291,2.23122601749057,2.67072123486902,2.22155263953553,4.80341744898251,0.0923076923076923,0.525641025641026,1.56291789679921
1.24963333333333,BO3,7,0.889464353673177,15.133771273919,1.30525160540963,1.34161760828736,4.09667849519783,0.0926686851211073,0.607934655775963,1.06165658214568
1.24963333333333,BO4,26,1.04730597604232,5.59734960730043,2.21246451848346,1.63242374890984,5.10757638515241,0.0897542690545606,0.540603248259861,1.36330484289519
1.29965,G1,10,1.17140067164774,3.15499021267609,2.56076783664714,2.05406761628286,3.05740794799452,0.0923076923076923,0.608974358974359,1.51369285547572
1.29965,G2,14,1.32568928879433,6.38831242424272,2.09043622744928,1.90636372270377,15.3346231886514,0.0917764041924214,0.711566617862372,1.31024199791998
1.29965,G3,15,1.58945693064791,2.97171663316706,2.56541068791577,1.35297342830028,22.1607552576259,0.0916666666666667,0.722727272727273,1.00606073130286
1.29965,G4,18,0.84945275253522,3.3681259881841,2.34964429852944,1.90105018562691,10.4576280735701,0.0912588488765774,0.477234401349073,1.55252978016222
1.29965,G5,15,1.06249508290516,3.80081259662389,2.21430774441555,1.73885583252903,18.4573005358273,0.0916666666666667,0.422727272727273,1.68130247366374
1.29965,G6,12,1.42624070796241,3.53739435122991,2.52057295309127,1.74819317123399,13.6070660342444,0.0920886873267826,0.725034199726402,1.10698053833863
1.29965,G7,21,1.29399792191923,7.19588651179109,2.10525218722985,1.90313660990217,2.49040511791743,0.0907064471879287,0.627599243856333,1.26245609770103
1.29965,G8,10,1.1939666632544,2.78485787803753,2.42470683889672,2.00596369150237,1.76680371280363,0.0923076923076923,0.280769230769231,1.69692536655722
1.29965,G9,14,1.01218137735976,10.0941586739353,2.17378036425107,1.46828295132771,15.3645060394654,0.0917764041924214,0.783308931185944,1.17599895228353
1.29965,G10,13,1.3524404372132,5.48466197576197,2.35082672190791,1.73520021409305,11.7012444395902,0.0919614984391259,0.68033946251768,1.38629436111989
1.29965,G11,15,1.30828212317413,3.65243739117708,2.48739462853973,1.92812244133706,18.0072079234266,0.0916666666666667,0.683333333333333,1.50205515139551
1.29965,G12,12,1.24957454590262,3.37510191837576,2.39389127047936,2.09857619198246,19.8724358990254,0.0920886873267826,0.46374829001368,1.4294665329851
1.29965,G13,15,1.2726128833786,5.22198102867885,2.36162763682275,1.6154893568041,29.281155353625,0.0916666666666667,0.687878787878788,1.2972147310662
1.29965,G14,13,1.24785547950623,3.63081791557718,2.51028666517413,1.47487006305271,17.3014428341966,0.0919614984391259,0.653465346534653,1.19883140482552
1.29965,G15,12,1.73897132288091,4.80231554696915,2.39858729464789,1.84831295772979,21.9861841596315,0.0920886873267826,0.807113543091655,1.09343092992611
1.29965,G16,10,0.618595548654188,2.62622207195857,2.55349846257266,2.16429036247584,3.36460959357588,0.0923076923076923,0.391025641025641,1.66500776358891
1.29965,G17,15,1.88485653492972,6.39406213682712,2.30532216981344,1.867916360406,14.1533757160959,0.0916666666666667,0.906060606060606,0.800392710913543
1.29965,G18,15,1.60160619692072,8.41709184926409,2.20395784303659,1.47801821778492,16.9090624748693,0.0916666666666667,0.746969696969697,0.989834635196525
1.29965,G19,14,1.65731756061549,7.84855929535118,2.24681345577516,1.61560939737188,20.7306676941514,0.0917764041924214,0.714494875549048,1.26390514504861
1.29965,G20,12,1.53433922337784,9.36665994430053,2.16749720256898,1.7735279609125,5.55646913299151,0.0920886873267826,0.774281805745554,0.916290731874155
1.29965,G21,12,1.50975103123793,4.31673735397618,2.43261447189634,1.72993067398326,2.81460272949819,0.0920886873267826,0.794801641586867,1.14551743814177
1.29965,G22,11,1.48326364685886,5.32724609275764,2.36053408387734,1.63725435469319,4.06421979830308,0.0921630859375,0.860927152317881,0.838206888685952
1.29965,G23,9,1.10641606397473,3.58070009094591,2.5177447272391,1.90254402448329,6.15745573046079,0.0924012855831038,0.741614906832298,1.17641200474706
1.29965,G24,12,1.15433981867537,3.67051944786823,2.30881939313053,2.17881177559832,22.5907687933868,0.0920886873267826,0.517099863201094,1.58240924004618
1.29965,G25,15,1.65507672247092,5.78261979569404,2.3346407951904,1.25071442374126,2.34496296360829,0.0916666666666667,0.796969696969697,0.85618680780445
1.29965,G26,18,1.79742918256076,5.54752549553141,1.93387090671775,1.61831960653593,7.05653368102683,0.0912588488765774,0.846543001686341,0.945225842733607
1.29965,G27,13,1.33481938458376,4.24344961670523,2.44544153128742,1.86030805524039,6.07430499402651,0.0919614984391259,0.678925035360679,1.16713223510487
1.29965,G28,15,1.38188768576415,6.09197222687494,2.31894700948701,1.62599733451839,14.9145875585058,0.0916666666666667,0.728787878787879,1.15767952035509
1.29965,G29,12,1.3145951452465,5.29549237358526,2.36310344283385,1.67163202444149,-2.91151770983832,0.0920886873267826,0.674418604651163,1.22207715779192
1.29965,G30,14,0.929300756197413,3.36117826216634,2.42931227551371,1.59977525759873,31.6735575834992,0.0917764041924214,0.733528550512445,1.07281953410638
1.29965,G31,13,0.784072580550896,3.26943682983337,2.54648323237595,2.06121479054549,14.6228335241638,0.0919614984391259,0.667609618104668,1.38629436111989
1.29965,G32,4,0.902966188301254,2.5134844573512,2.45807210603947,2.21226587155571,23.9458222509182,0.0929379091450109,0.409818569903949,1.75785791755237
1.29965,G33,15,1.73723835706696,4.41057448058558,2.42980021966217,1.52156596793574,0.56607104714339,0.0916666666666667,0.756060606060606,1.12759982554136
1.29965,G34,16,1.6804171717919,5.50803058027802,2.34858962054059,1.64330934084838,5.9523283093652,0.0914966963516231,0.71585557299843,1.13036098698269
1.29965,G35,15,1.26008715033092,5.27933673441101,2.10903612404406,1.75268389027274,23.8947171289055,0.0916666666666667,0.53030303030303,1.06742936123142
1.29965,G36,15,1.40469588047189,4.15973811623368,2.44263983656459,1.81269841241001,18.6744339994871,0.0916666666666667,0.763636363636364,0.96418201957857
1.29965,G37,15,1.16914562803118,5.79633263595819,2.28238223745069,1.57440556716263,27.3478325206742,0.0916666666666667,0.743939393939394,0.943291333692661
1.29965,G38,12,0.699817856888313,2.98026394975523,2.56164367152872,1.33507091698322,20.0801946542316,0.0920886873267826,0.514363885088919,1.29098418131557
1.29965,G39,10,0.642930216104406,3.63578811363853,2.26079407558237,2.09608176123971,-0.930453419209323,0.0923076923076923,0.383333333333333,1.45667515788169
1.29965,G40,10,1.03616974674567,2.11717648456261,2.65672108496069,2.20985477700839,-4.05404532084194,0.0923076923076923,0.364102564102564,2.06224914113946
1.29965,G41,15,1.49976612101378,3.94010519505702,2.47448409224091,1.82292006679477,5.26904481273683,0.0916666666666667,0.8,1.08861220533353
1.29965,G42,1,1.73226599619728,45.0499890505551,1.09502067717407,1.09767749822718,50.9990475571354,0.0932249817384952,0.86973555337904,0.985283603361107
1.29965,G43,24,1.0925771658956,4.62316944394857,2.08812669834652,1.71557383736812,23.3219377229691,0.090157631680123,0.518123667377399,1.47066139985643
1.29965,G44,18,1.15827831649443,5.20051569510178,2.02299810784055,1.55713557586797,16.4392703114048,0.0912588488765774,0.568296795952782,1.05557477698813
1.29965,G45,16,1.16398343795582,5.87765649085043,2.20933354575527,1.27788754968844,21.7260722871599,0.0914966963516231,0.474097331240188,0.862045717021759
1.29965,G46,15,0.973693724103293,2.35968228294184,2.67969173499206,1.75968065296739,25.7673295105607,0.0916666666666667,0.645454545454546,1.42593919246713
1.29965,G47,10,1.00084399025413,3.35913522853955,2.22465653816531,2.04910037063549,3.83947127438765,0.0923076923076923,0.434615384615385,1.41504377440588
1.29965,G48,7,1.23551245530835,3.50844552032091,2.18910116564716,2.22668006602087,19.1927476400445,0.0926686851211073,0.388564760793466,1.60186211862564
1.29965,CG1,4,0.909845980597846,3.6449132978759,2.4343839461404,2.14975460875811,16.627344537822,0.0929379091450109,0.342582710779082,2.0646264558947
1.29965,CG2,4,0.925076543058135,3.24286938947442,2.4574540910685,2.22881226274193,19.2232207149607,0.0929379091450109,0.375667022411953,2.01138807843482
1.29965,CG3,7,0.889100934801558,1.93972525759407,2.80623429529894,2.2470958525054,12.1171299575505,0.0926686851211073,0.441073512252042,2.14931122164032
1.29965,CG4,7,1.13798567312559,2.90421978791597,2.36345064630492,2.25895614118142,7.52117448603397,0.0926686851211073,0.375729288214702,1.98673214357557
1.29965,AH1,15,1.5583886950294,2.72469251433381,2.60884250254611,2.06038987257371,22.4350539232171,0.0916666666666667,0.51969696969697,1.69459572077441
1.29965,AH2,15,1.30807663699518,2.56936062028538,2.56189112201947,2.14783315908535,11.6007958933651,0.0916666666666667,0.477272727272727,1.70474809223843
1.29965,AH3,15,0.910420306366602,2.30092323863369,2.6308674938677,1.97890285608293,4.4296564955792,0.0916666666666667,0.3,1.59393372589814
1.29965,AH4,10,0.950376506258899,2.58908313156396,2.53778879737371,2.04094749007576,6.51686654038416,0.0923076923076923,0.292307692307692,1.57710253179116
1.29965,AH5,15,1.17909663083978,2.97452385720427,2.35732692213194,1.99722187673134,6.58045943521138,0.0916666666666667,0.45,1.58464325382088
1.29965,AH6,15,1.27072847580618,3.45111002501243,2.36731895672354,1.88565633408408,8.75870771110393,0.0916666666666667,0.603030303030303,1.43874083649243
1.29965,AH7,13,1.05976395300178,10.1798399907774,2.13303141544595,1.09758943657911,9.43671672033526,0.0919614984391259,0.584158415841584,0.944180985855987
1.29965,AH8,15,0.689307857954286,11.5469078132238,1.68548968616949,1.42232391616659,21.097656905637,0.0916666666666667,0.766666666666667,0.737598943130779
1.29965,AH9,21,1.02925706179471,10.6293445300074,1.6259259021373,1.65048149298076,15.5331962665447,0.0907064471879287,0.476370510396975,1.23214368129263
1.29965,AH10,24,1.1321131061572,8.54068400555354,1.63910884979636,1.89445848438352,18.9401931726244,0.090157631680123,0.454157782515991,1.35942134286879
1.29965,PH1,7,0.813352965962598,5.06754465565502,2.07365176510809,2.12278026294263,-0.462818224790574,0.0926686851211073,0.329054842473746,2.00270774744845
1.29965,PH2,15,1.12422451474285,4.76482253490366,1.9546047470174,1.86207830662235,8.40609039461236,0.0916666666666667,0.41969696969697,1.46407206216257
1.29965,PH3,18,1.21727728134167,7.53016879779955,1.76940356472819,1.50249196339137,8.67554593326703,0.0912588488765774,0.689713322091062,1.04292338280752
1.29965,PH4,18,1.07069461392001,7.55896261662358,1.75270012486453,1.6937801717327,14.2573533672957,0.0912588488765774,0.51602023608769,1.14033613203951
1.29965,BO1,21,0.98444963204798,4.58296760280721,2.16465485180436,2.1195185359479,23.3025168730714,0.0907064471879287,0.684310018903592,1.29410430865181
1.29965,BO2,13,0.446066401789972,2.89009393948173,2.52637731694157,2.0426461997107,18.4773860685717,0.0919614984391259,0.575671852899576,1.34482111291332
1.29965,BO3,10,0.745206052933682,10.9813288783658,1.80081137787149,1.61472209308779,-10.8275612859588,0.0923076923076923,0.611538461538462,1.16708008794557
1.29965,BO4,26,0.936730367774313,6.33567286891073,1.75074113344101,1.79402301365897,9.66526916879434,0.0897542690545606,0.503480278422274,1.17007125265025
1.34966666666667,G1,10,1.09157996277792,2.77509491357114,2.60122706120741,2.07153380637355,0.177663389172106,0.0923076923076923,0.535897435897436,1.55059741241117
1.34966666666667,G2,10,1.07260029804985,3.6219969058674,2.50320623890543,2.02739850514891,0.725149703049587,0.0923076923076923,0.632051282051282,1.67092299608478
1.34966666666667,G3,15,1.70559225031832,2.65418977727584,2.63388386847609,1.39359719439583,24.8556090794679,0.0916666666666667,0.743939393939394,1.17590396296976
1.34966666666667,G4,15,0.873426177321312,3.04376318679206,2.50046006519548,2.0715173470578,10.3351722210446,0.0916666666666667,0.489393939393939,1.94040049324434
1.34966666666667,G5,21,1.19406492565561,3.48507936679204,2.37142339130875,1.59855260345822,22.8869729699655,0.0907064471879287,0.568998109640832,1.8294997972109
1.34966666666667,G6,15,1.32805020577739,2.59205760110081,2.44718049516508,1.77181856437965,18.9426506566817,0.0916666666666667,0.718181818181818,1.25756682080801
1.34966666666667,G7,18,1.25829154285003,4.78720657994054,1.89407775716737,1.97019356334999,11.4469424540168,0.0912588488765774,0.672849915682968,1.3013949173334
1.34966666666667,G8,10,1.26748149161617,2.94903064143703,2.41841512878123,2.07521115921668,-4.77310939805629,0.0923076923076923,0.355128205128205,1.73827078427707
1.34966666666667,G9,13,0.866895881872788,6.23522944558943,2.31174720312019,1.53724167171514,5.25200023904737,0.0919614984391259,0.575671852899576,1.31359252934316
1.34966666666667,G10,15,1.24409100693338,3.8354807254859,2.48195303909465,1.95652327364706,25.8530136396382,0.0916666666666667,0.756060606060606,1.39312032619029
1.34966666666667,G11,21,1.42388317192355,2.90666377834195,2.57903501945284,1.55180910953283,8.69097028674062,0.0907064471879287,0.625708884688091,1.34826696553065
1.34966666666667,G12,21,1.3195170598419,3.87435793104829,2.31860102263995,1.84874589939122,18.0307428887928,0.0907064471879287,0.601134215500945,1.76833919501996
1.34966666666667,G13,15,1.26263776926311,4.6337009574882,2.4096983735764,1.72564649610254,25.9191568773415,0.0916666666666667,0.756060606060606,1.2509977429708
1.34966666666667,G14,15,1.13358343348587,3.53662124308782,2.50253371347174,1.64487672609756,38.2674371965457,0.0916666666666667,0.707575757575758,1.16760516015506
1.34966666666667,G15,12,1.47877005166672,3.77664128473924,2.43906408460573,1.89509918595483,22.2779923376826,0.0920886873267826,0.767441860465116,1.08143395213302
1.34966666666667,G16,12,0.613695745412946,3.25310500330277,2.4843688830945,2.14355580317505,8.56028642390727,0.0920886873267826,0.34610123119015,1.72923911224672
1.34966666666667,G17,15,1.84455858414502,5.13762731649065,2.36664123624346,1.87553154560428,18.6245690423692,0.0916666666666667,0.903030303030303,0.863599161798516
1.34966666666667,G18,14,1.4908367798652,6.10379309765322,2.31909681767035,1.67525017812521,16.8130777878601,0.0917764041924214,0.797950219619327,1.25756682080801
1.34966666666667,G19,17,1.53327898940449,6.00937278993514,2.32144404294109,1.39699420353493,20.5785334108111,0.0914090368608799,0.60650406504065,1.3167252867936
1.34966666666667,G20,13,1.26626741127639,5.95992625719564,2.28555468007226,1.9337959906173,5.98069961074559,0.0919614984391259,0.72984441301273,1.15523118266762
1.34966666666667,G21,10,1.16837074920605,4.44051365051836,2.30635522737823,1.53505642448327,0.203148327412443,0.0923076923076923,0.569230769230769,1.18805734902004
1.34966666666667,G22,10,1.32309325225523,7.09503525755949,2.25831832326516,1.49671981515763,-2.09921083940633,0.0923076923076923,0.819230769230769,0.861426380230861
1.34966666666667,G23,9,1.03987214520168,3.3230429398331,2.54574794186396,1.77739971205131,-3.53796070314447,0.0924012855831038,0.735403726708075,1.21234105399645
1.34966666666667,G24,18,1.21624167882524,2.54919665341923,2.49858143081821,2.06504641126599,29.7791001354491,0.0912588488765774,0.620573355817875,1.43044414573282
1.34966666666667,G25,14,1.53022421126728,10.7572832717522,2.17348513673758,1.19206217669779,9.93045130616033,0.0917764041924214,0.786237188872621,0.92788248003794
1.34966666666667,G26,26,1.9444475122241,4.18970071381432,2.01808050155773,1.30502555563241,18.3947136570459,0.0897542690545606,0.807424593967517,0.820629613305042
1.34966666666667,G27,18,1.30555506406685,4.64928311903977,2.41000482561193,1.81176875313274,14.9305961933084,0.0912588488765774,0.770657672849916,1.29226541147161
1.34966666666667,G28,18,1.37779937896713,6.41395786961761,2.30416507937023,1.55671298478418,13.9298101969939,0.0912588488765774,0.804384485666105,1.27652369498451
1.34966666666667,G29,10,1.11156357604583,6.72866539299456,2.23369286135352,1.76056677509511,-9.28246769625698,0.0923076923076923,0.530769230769231,1.38084475635233
1.34966666666667,G30,13,0.948881762818296,4.45674755167962,2.42355674926121,1.4313453903766,21.7071542486221,0.0919614984391259,0.548797736916549,1.21700230461627
1.34966666666667,G31,10,0.713738317739057,3.30443382997752,2.5160914832589,2.09721090192463,-2.82034279425575,0.0923076923076923,0.57051282051282,1.58412010444981
1.34966666666667,G32,10,1.12145477558471,3.57422345556695,2.24360475586678,1.99916841591045,-0.184246146032088,0.0923076923076923,0.441025641025641,1.68639895357023
1.34966666666667,G33,16,1.54929699316276,8.72950842330925,2.19161404341441,1.4392158069064,2.61521855771434,0.0914966963516231,0.654631083202512,1.07379711954839
1.34966666666667,G34,16,1.45862447170582,8.75406967190428,2.11473728227978,1.70681407851582,7.64047085283424,0.0914966963516231,0.720565149136578,1.2394471925196
1.34966666666667,G35,18,1.60648328078071,4.3537459356657,2.43627744512334,1.24047360344064,26.2509947815613,0.0912588488765774,0.679595278246206,1.17211475066104
1.34966666666667,G36,14,1.51491375493891,4.8948310819846,2.38335562485316,2.00500512659858,4.40617506515212,0.0917764041924214,0.837481698389458,1.18377009700842
1.34966666666667,G37,14,1.31274915946565,5.9297224458369,2.32510546580058,1.34669238923735,16.9689284792558,0.0917764041924214,0.746705710102489,1.03450940247535
1.34966666666667,G38,10,0.631214045492664,3.17016735779294,2.53924116262582,1.32969765259921,2.85531493939439,0.0923076923076923,0.434615384615385,1.45559582696201
1.34966666666667,G39,10,0.640827215720429,3.59718142446129,2.23607531747556,2.07658114280059,-1.48661136073557,0.0923076923076923,0.375641025641026,1.880990602956
1.34966666666667,G40,15,1.21836909715015,2.70130349904446,2.43423283546482,1.94172670103844,21.0852611645964,0.0916666666666667,0.5,1.99061032797322
1.34966666666667,G41,15,1.41670292162174,4.85256045911572,2.39511296230302,1.64523907360099,2.99523904760902,0.0916666666666667,0.798484848484848,1.03453343198359
1.34966666666667,G42,26,1.5397830074231,21.3797278783159,1.71313959245705,1.28208750435745,19.7175069118826,0.0897542690545606,0.582366589327146,0.93826963859293
1.34966666666667,G43,29,1.06324261164379,3.70261456601997,2.29244230714768,1.81604114464638,10.2281075712835,0.0890831758034027,0.647214854111406,1.43074612369072
1.34966666666667,G44,21,1.45035603409735,3.16183025241283,2.56626263773188,1.14711664370732,14.4866910008011,0.0907064471879287,0.657844990548204,1.17232986456468
1.34966666666667,G45,15,1.34105220794754,2.91292582581441,2.6141967363757,1.13565321729536,18.8862979000872,0.0916666666666667,0.637878787878788,1.01627600200747
1.34966666666667,G46,15,0.985161981625092,2.59814440143903,2.57763822893536,1.7687968088087,22.8710126494197,0.0916666666666667,0.684848484848485,1.63005719963684
1.34966666666667,G47,21,1.03900940929941,5.00763834177158,2.17742415380076,1.94002171137233,24.4106631253443,0.0907064471879287,0.499054820415879,1.53733461853276
1.34966666666667,G48,15,1.44489450880904,2.64833378572702,2.54247538806678,2.0839576891564,20.0217638732678,0.0916666666666667,0.454545454545455,1.6753958802259
1.34966666666667,CG1,10,1.11232469537765,2.86853800913037,2.40057050364774,2.13354330173881,-7.22882699000435,0.0923076923076923,0.376923076923077,2.085998942226
1.34966666666667,CG2,7,1.08844339875341,3.59394289707911,2.23323825877588,2.19465725728696,8.25136020758199,0.0926686851211073,0.395565927654609,1.97935808312285
1.34966666666667,CG3,10,1.01532947004385,2.00723698737535,2.71106236893351,2.20888244945332,-9.8456070252759,0.0923076923076923,0.380769230769231,1.94060509682562
1.34966666666667,CG4,18,1.37099726786236,2.66943992948122,2.44634298589837,1.74691439394818,10.4459065509714,0.0912588488765774,0.387858347386172,1.64222773525709
1.34966666666667,AH1,15,1.57168577949383,2.821476271007,2.5726865873804,2.19307942345545,22.3743896021881,0.0916666666666667,0.540909090909091,1.7462970951513
1.34966666666667,AH2,7,1.21329167817397,3.18740267742521,2.2602972164395,2.00130004387415,6.22898743858748,0.0926686851211073,0.445740956826138,1.81915844341617
1.34966666666667,AH3,18,1.05215400922549,5.87680243949154,2.08836350853102,1.72825674057745,3.66712734639127,0.0912588488765774,0.355817875210793,1.61430410208527
1.34966666666667,AH4,18,1.14237739776328,3.6494284487905,2.33511166899376,1.73469659108237,5.39107277892748,0.0912588488765774,0.42495784148398,1.42921940583692
1.34966666666667,AH5,27,1.39028511604706,6.60458162381327,1.68327954571425,1.70764402656769,16.8494364440389,0.0896267361111111,0.590799031476998,1.01936291701397
1.34966666666667,AH6,29,1.36638984578351,9.74570446830178,1.64522578615903,1.51440818138779,20.4604401963588,0.0890831758034027,0.56763925729443,1.0079157271973
1.34966666666667,AH7,26,0.853930878282047,3.68486242706237,2.20025242211219,1.34196306419237,33.0472127268124,0.0897542690545606,0.661252900232019,1.21327519698825
1.34966666666667,AH8,26,1.16262888208723,25.5706624991926,1.50775008024236,1.0224602403019,10.0102549723756,0.0897542690545606,0.835266821345708,0.473381110013965
1.34966666666667,AH9,29,1.24016054445429,15.6838516392817,1.55409867222767,1.35533606481655,27.8935386004784,0.0890831758034027,0.570291777188329,1.06750273508346
1.34966666666667,AH10,29,1.09908792051711,6.63885119408284,1.94725463143317,1.86419913035842,17.71761205188,0.0890831758034027,0.496021220159151,1.50990831708707
1.34966666666667,PH1,18,1.03271656259123,10.9782622903944,1.68360531884519,1.92019684470094,6.30125463928204,0.0912588488765774,0.406408094435076,1.7267269989572
1.34966666666667,PH2,29,1.4845804286252,11.319791656716,1.48984203274529,1.38660235489256,19.8900646565842,0.0890831758034027,0.530503978779841,1.09468301052822
1.34966666666667,PH3,29,1.72013558102208,17.9755519082516,1.44084427894569,1.12660238802501,24.0783612099363,0.0890831758034027,0.737400530503979,0.756901695385308
1.34966666666667,PH4,1,1.68161779832482,50.8038956572001,1.08678245791528,1.1075004278496,36.1551980275225,0.0932249817384952,0.847208619000979,0.937344141071987
1.34966666666667,BO1,12,1.20500062712301,6.70695171350122,1.63594671388156,1.89600284890586,13.5835828661503,0.0920886873267826,0.689466484268126,1.03273711261374
1.34966666666667,BO2,21,0.505018515999828,5.03341350676641,2.00031615422834,1.97493187627132,31.0487162063352,0.0907064471879287,0.678638941398866,1.38053065640314
1.34966666666667,BO3,5,0.720562875138092,4.47227042420786,2.42357575683125,1.75326422679561,13.6134094590319,0.0928571428571429,0.631868131868132,1.34083198704313
1.34966666666667,BO4,10,0.918869388347403,3.76277602199411,2.27483025754553,1.91970971512005,6.2604611154076,0.0923076923076923,0.537179487179487,1.39528992402847
1.3997,G1,9,1.00304439836814,3.85924466062851,2.48425273766395,1.87278807611691,-4.36592270634974,0.0924012855831038,0.422360248447205,1.57919802724438
1.3997,G2,12,1.22224771392066,3.56966377059766,2.41985259401932,1.92738010030563,13.3808897318747,0.0920886873267826,0.692202462380301,1.23137177851405
1.3997,G3,13,1.63545378376913,3.39042669658986,2.53498716704195,1.70956242273517,11.8814199065927,0.0919614984391259,0.657708628005658,1.1433481825095
1.3997,G4,10,0.832814037849684,2.57773608989254,2.52735227076127,2.17371171736145,-9.86722473068722,0.0923076923076923,0.419230769230769,2.13696538581802
1.3997,G5,15,1.18298506812149,2.7385925925734,2.44228041629924,1.85326269395224,19.4295820385728,0.0916666666666667,0.534848484848485,1.58745900571533
1.3997,G6,12,1.22109218178254,2.78823243727682,2.57067248497734,1.83389573990644,8.75926554767793,0.0920886873267826,0.60875512995896,1.53234783071453
1.3997,G7,12,0.976812188367997,3.29851794415008,2.40143330911315,2.15273287973183,11.4022986970037,0.0920886873267826,0.471956224350205,1.77001948259165
1.3997,G8,10,1.17866325599407,2.45592364859922,2.60893982456442,2.27231942539896,-4.19090405453232,0.0923076923076923,0.370512820512821,1.74779634580694
1.3997,G9,13,0.907770430119384,7.48725866399935,2.15055659415268,1.51713543294183,15.0942267458815,0.0919614984391259,0.629420084865629,1.00492680459079
1.3997,G10,15,1.22171149726355,3.36575945696313,2.47776950137416,1.76479217008199,32.0775211012971,0.0916666666666667,0.743939393939394,1.23796780957862
1.3997,G11,21,1.25439171204608,5.46508879939589,2.10846640204763,1.45197306918764,5.4918815383879,0.0907064471879287,0.446124763705104,1.2733822556981
1.3997,G12,21,1.1948884960795,6.07791839932347,1.92438971964002,1.82164765612352,7.58670913987995,0.0907064471879287,0.478260869565217,1.41134039304598
1.3997,G13,13,1.18638214948828,3.96395077438008,2.43521248542141,1.98639434891129,17.2523776409565,0.0919614984391259,0.674681753889675,1.25988043626423
1.3997,G14,7,1.08199104337376,3.49478773981531,2.52869357120839,1.82519141092095,36.5753521945885,0.0926686851211073,0.779463243873979,1.2078115806331
1.3997,G15,9,1.43017954991507,3.45233593368012,2.53197620267744,1.72470288913294,14.5879671354871,0.0924012855831038,0.617391304347826,1.06036240653411
1.3997,G16,7,0.557517374142091,2.04555511769617,2.72392956541819,2.20890547389336,12.4449829537409,0.0926686851211073,0.487747957992999,2.02228312783989
1.3997,G17,17,1.65002760413702,5.61558177440943,1.91307505002986,1.88404173752832,18.262252723143,0.0914090368608799,0.905691056910569,0.732367893713227
1.3997,G18,13,1.34364414464718,7.68757802856795,2.25455334899724,1.47979801233016,7.69256708105752,0.0919614984391259,0.669024045261669,1.07722109868679
1.3997,G19,18,1.32872497508457,5.34653915706002,2.28899765176527,1.25535069210595,7.26306281704717,0.0912588488765774,0.588532883642496,1.28597163949202
1.3997,G20,15,1.00075516105332,3.59334849926375,2.44282943914784,2.01075621218985,19.9432989635916,0.0916666666666667,0.687878787878788,1.39445767175905
1.3997,G21,12,0.970170740203856,2.71296099381737,2.64751894902783,1.7890397695217,14.1796445712801,0.0920886873267826,0.596443228454172,1.40450980101123
1.3997,G22,10,1.19499452197292,4.47738403121283,2.4193267685015,1.6386887786291,25.3145519260296,0.0923076923076923,0.812820512820513,0.758105076834718
1.3997,G23,10,1.24703923060784,5.00604130674575,2.26212118352189,1.63653167589985,25.5028553983358,0.0923076923076923,0.766666666666667,0.918379141961426
1.3997,G24,13,1.30966885217521,3.00306912866182,2.48346883057969,1.89904711968115,26.1089868544666,0.0919614984391259,0.602545968882603,1.16857087727502
1.3997,G25,13,1.21056443486982,3.63601453629165,2.20243898681213,1.63739040419422,8.12895417194966,0.0919614984391259,0.68033946251768,0.898676185173173
1.3997,G26,21,2.00695693071195,6.74390559363567,1.82800432278075,1.36231575620172,34.1782284598855,0.0907064471879287,0.848771266540643,0.745270388776309
1.3997,G27,21,1.18210873235954,5.74995514234306,2.32105997664347,1.64418800402234,21.4124915490115,0.0907064471879287,0.714555765595463,1.55297130076633
1.3997,G28,18,1.24624396859517,6.35590751106126,2.29679080404646,1.66123511902843,9.1759067523838,0.0912588488765774,0.792580101180438,1.37339095628398
1.3997,G29,12,0.812328895509046,3.63231269174672,2.43685260551871,2.20940242360394,6.11244495456107,0.0920886873267826,0.459644322845417,1.52529323592655
1.3997,G30,12,1.09815525731945,10.0765595624434,2.11643237099969,1.38139813293475,16.9535416495868,0.0920886873267826,0.727770177838577,1.00926718833226
1.3997,G31,14,0.897863899986395,5.13124824963454,2.21852198730672,1.76069898628749,26.7330270732939,0.0917764041924214,0.749633967789165,1.13323625323416
1.3997,G32,12,1.28390533176067,3.27124249669632,2.21555359552426,1.82076275160246,14.42959598975,0.0920886873267826,0.528043775649795,1.69561560867515
1.3997,G33,11,1.16602867544643,6.20563812127042,2.09984640128998,2.04624057898251,11.4556257430188,0.0921630859375,0.64635761589404,1.19475614922101
1.3997,G34,18,1.18081938328929,7.98391225580276,1.65384345094985,1.85325972292053,14.747988330809,0.0912588488765774,0.63743676222597,1.22529557379476
1.3997,G35,18,1.62252578025246,3.79992685840242,2.48960505076727,1.56750731127062,25.420527930362,0.0912588488765774,0.824620573355818,1.21076784745876
1.3997,G36,14,1.53464523877324,5.2966718292495,2.35880441492205,1.81044569688475,1.13929074347193,0.0917764041924214,0.815519765739385,1.17007125265025
1.3997,G37,13,1.44719398217522,8.36375523507527,2.2278176499939,1.24278756086739,13.2989681434182,0.0919614984391259,0.707213578500707,0.963499868046268
1.3997,G38,12,0.838310337942299,5.5566724589179,2.15865913834594,1.20858281931199,30.3904550989964,0.0920886873267826,0.640218878248974,0.91373971008255
1.3997,G39,15,0.722022040477949,3.77526025683304,2.10675261880521,2.09843471455838,23.4002124683506,0.0916666666666667,0.466666666666667,1.46407206216257
1.3997,G40,15,1.31883113557882,3.55324156992249,2.16594684314845,1.88738089260625,21.1478113376764,0.0916666666666667,0.512121212121212,1.6094379124341
1.3997,G41,12,1.36882977314287,7.04994337805934,2.26398503410493,1.46235272218589,10.7743676623558,0.0920886873267826,0.673050615595075,0.973328365473604
1.3997,G42,15,1.16846101661441,6.68445829610124,1.99605692422909,1.74575291192769,-5.11764433098794,0.0916666666666667,0.571212121212121,1.21330413175482
1.3997,G43,15,0.973144305390298,3.70218613126833,2.10874808293236,1.86940967994339,11.373289600477,0.0916666666666667,0.512121212121212,1.44523689675334
1.3997,G44,18,1.47158188397755,3.09147256226894,2.57916695178976,1.59236589904852,8.06433775858557,0.0912588488765774,0.777403035413153,1.18397213761927
1.3997,G45,14,1.38036987997297,4.11484508509303,2.45861641158239,1.42818731099781,19.8163687226335,0.0917764041924214,0.767203513909224,1.01160091167848
1.3997,G46,15,0.989209407362046,2.60548490530285,2.45297095535072,1.77056558841745,28.4909983590744,0.0916666666666667,0.706060606060606,1.31170550412882
1.3997,G47,18,1.16677001327668,6.32317853163975,1.92863432797088,1.88943932730672,24.673918186324,0.0912588488765774,0.543001686340641,1.39395723386546
1.3997,G48,10,1.39466415582604,3.3079357017898,2.38374588623763,2.07821081847458,-13.6795282805906,0.0923076923076923,0.452564102564103,1.60070423246535
1.3997,CG1,18,1.32840526763996,5.54736167106618,2.05105373051204,1.87898113333178,4.28299654029087,0.0912588488765774,0.438448566610455,1.55679417894868
1.3997,CG2,18,1.29823107089168,5.21434421844332,2.0557863358193,1.96799367684714,7.64825720657985,0.0912588488765774,0.45362563237774,1.51753655015028
1.3997,CG3,13,1.08648831018272,4.14321832027478,2.13291034712225,2.10384075691747,8.75312576558981,0.0919614984391259,0.444130127298444,1.50180724824174
1.3997,CG4,21,1.59395261699507,3.83162415066875,2.09675323457823,1.59949003940935,7.0403113171897,0.0907064471879287,0.466918714555766,1.34679191814364
1.3997,AH1,15,1.75680041993358,2.96871281022722,2.60492406083825,2.01698524306656,12.053001398377,0.0916666666666667,0.543939393939394,1.73113484741162
1.3997,AH2,10,1.31008397046988,3.0676118818998,2.45798135398593,2.10892679407081,-0.602933003427321,0.0923076923076923,0.421794871794872,1.59308877443257
1.3997,AH3,21,1.0438426770339,7.76478361762384,1.92706265830962,1.72509944021941,0.0617936975168801,0.0907064471879287,0.497164461247637,1.44798793012523
1.3997,AH4,18,1.13650103941374,5.08882930719294,2.10631561016758,1.51387455926266,8.07177052952224,0.0912588488765774,0.500843170320405,1.31995241298317
1.3997,AH5,1,1.93669283441001,40.4855178096007,1.11048213874238,1.04762977491746,56.254111136777,0.0932249817384952,0.857982370225269,0.961565953936143
1.3997,AH6,2,1.96082233840555,68.3289507395192,1.08459019793827,0.978479191588801,39.7629246618311,0.0931694501782698,0.557905337361531,0.877450898557891
1.3997,AH7,20,0.662136024020945,8.22741078620869,1.96759696465992,1.49635160091917,18.251868945039,0.0909090909090909,0.436363636363636,1.25145149289756
1.3997,AH8,1,1.56955746513631,280.44945925409,1.01459586690853,0.752154344420291,46.2500373177308,0.0932249817384952,0.940254652301665,0.34154436669
1.3997,AH9,2,1.74498197962478,60.5860892792834,1.09492193918144,0.91734855530673,26.7248864533308,0.0931694501782698,0.520644511581068,0.950885376638654
1.3997,AH10,21,1.21407507632718,4.61331991377048,2.01128278944061,1.72022218887387,3.30774791735904,0.0907064471879287,0.466918714555766,1.5114575040739
1.3997,PH1,26,1.12597811679133,5.40567262352798,2.11189654860822,1.78675015476323,-1.23870103111778,0.0897542690545606,0.447795823665893,1.64076038356314
1.3997,PH2,1,2.05913337964398,48.8265657296302,1.08994111685507,0.991312117298926,57.0766975895776,0.0932249817384952,0.859941234084231,0.973134630850684
1.3997,PH3,2,2.17257652563813,140.890439206647,1.04603634174619,0.917061821036783,54.3192020019596,0.0931694501782698,0.625377643504532,0.723000143709627
1.3997,PH4,2,1.77613283821052,69.7895800296929,1.08253457608694,1.03617994393299,29.0376961666962,0.0931694501782698,0.591137965760322,0.832909122935104
1.3997,BO1,11,1.44333099383404,2.51975943148914,2.66197937441783,1.44948427264536,16.5772107836152,0.0921630859375,0.712582781456954,1.09676897017382
1.3997,BO2,7,0.633458931387727,2.77072563733769,2.41523963716991,1.73670046888339,11.4218430705617,0.0926686851211073,0.732788798133022,1.34822241317048
1.3997,BO3,6,0.786224513901088,3.22127374969027,2.55795791302622,1.62143565713872,26.7582483148735,0.0927326191976476,0.772366930917327,1.15113032295156
1.3997,BO4,9,0.979200074330614,2.72548719275068,2.43791179642323,1.87918602541115,13.4553603783454,0.0924012855831038,0.554037267080745,1.40298127990491
1.44973333333333,G1,9,1.02461646378968,4.58684483149677,2.41493842801964,1.83945772223073,-4.66328790532487,0.0924012855831038,0.424844720496894,1.47181653455805
1.44973333333333,G2,10,1.41006699529015,6.09589869015946,2.28128176222094,1.80664551340547,18.6107691138449,0.0923076923076923,0.734615384615385,1.12310330867641
1.44973333333333,G3,12,1.48160567686646,5.07382650181676,2.35718926368812,1.81445383852207,6.81003205556327,0.0920886873267826,0.642954856361149,1.24639352020989
1.44973333333333,G4,12,0.987211383621287,3.97300050201175,2.22825101359019,2.09730396113713,22.1933674412724,0.0920886873267826,0.470588235294118,1.46396739943811
1.44973333333333,G5,12,1.09012396539072,2.6026626872098,2.6607302406318,2.08606739457616,10.1730960018024,0.0920886873267826,0.491108071135431,1.49477500411396
1.44973333333333,G6,9,1.00836879109414,3.50083306720082,2.4829868502022,1.99568509873089,2.14626096566596,0.0924012855831038,0.570186335403727,1.63102148410127
1.44973333333333,G7,10,0.920870656651437,2.4595086679103,2.5407944071371,2.29415101963806,4.08935076074239,0.0923076923076923,0.461538461538462,1.7793369492295
1.44973333333333,G8,7,1.15777011811015,2.56988292578097,2.48315016322126,2.27453690905585,11.9304916226916,0.0926686851211073,0.486581096849475,1.78684545442563
1.44973333333333,G9,18,0.890627622544809,2.96745248171233,2.4441353494627,1.50073971902488,28.6795013132673,0.0912588488765774,0.703204047217538,0.905479815769939
1.44973333333333,G10,12,1.27233732991658,4.75665029002692,2.35942588698946,1.86437670260477,13.2100930354639,0.0920886873267826,0.67578659370725,1.32710548972956
1.44973333333333,G11,12,1.07628228346997,3.63773789154389,2.43577369212467,1.80906194767349,5.7683142741344,0.0920886873267826,0.351573187414501,1.36636014621907
1.44973333333333,G12,10,1.11354418404967,2.53129347432314,2.62864631223924,1.91278985179439,-5.37572763048834,0.0923076923076923,0.370512820512821,1.71765149707433
1.44973333333333,G13,13,1.32614260267582,5.70222749497624,2.16691912069097,1.91729227435056,20.5018184402944,0.0919614984391259,0.659123055162659,1.21354225534209
1.44973333333333,G14,12,1.38559813576242,3.51287265898612,2.360923762093,1.59990086641364,27.865924303841,0.0920886873267826,0.729138166894665,0.963296774250086
1.44973333333333,G15,9,1.57072584784729,4.34457936391925,2.43576215615431,1.59199584186366,8.65797751365955,0.0924012855831038,0.662111801242236,1.03567016871131
1.44973333333333,G16,12,0.719928702015427,4.61261292264243,2.09783836917469,2.00783558534183,22.9651702055707,0.0920886873267826,0.406292749658003,1.40196047786429
1.44973333333333,G17,12,1.56180764035493,2.74538640659143,2.62920660841338,1.94154893597611,18.0426593889054,0.0920886873267826,0.844049247606019,0.988745811089577
1.44973333333333,G18,13,1.15307497552471,4.91027749284165,2.31867109788491,1.73281899049719,11.958089943463,0.0919614984391259,0.646393210749646,1.07485820266
1.44973333333333,G19,13,1.03930166712672,4.98827882243998,2.18673524656949,1.79401046776289,13.8371578133166,0.0919614984391259,0.463932107496464,1.34467947988426
1.44973333333333,G20,12,1.00382938622216,3.80390344971421,2.41224874824268,2.05092498500906,14.5435821307483,0.0920886873267826,0.644322845417237,1.2168309592693
1.44973333333333,G21,12,1.15829431499924,5.5903765258493,2.21768113557105,1.83670851332825,21.1553864588549,0.0920886873267826,0.696306429548564,1.28280475339788
1.44973333333333,G22,10,1.36692831372915,8.02131545923324,2.20411921538091,1.42421584418365,21.269438086059,0.0923076923076923,0.821794871794872,0.743241125878861
1.44973333333333,G23,11,1.58906226078303,8.63417621070287,2.18706553796787,1.52638764440393,27.9246726517668,0.0921630859375,0.831788079470199,0.847800752024657
1.44973333333333,G24,12,1.49088262862487,4.13209953548924,2.44595298635234,2.01397429592189,19.6173589094716,0.0920886873267826,0.727770177838577,1.34223437132586
1.44973333333333,G25,11,1.25729806532937,5.83115823406306,2.28546166656044,1.51764843527146,16.9751153414176,0.0921630859375,0.770860927152318,1.07906769259514
1.44973333333333,G26,13,1.7115463804846,2.64720654741066,2.66099846187114,2.00744559835998,10.1184899682673,0.0919614984391259,0.772277227722772,1.06706393093318
1.44973333333333,G27,18,1.08674101093591,3.94897771409015,2.43452016594712,1.74439581583032,12.5541843199438,0.0912588488765774,0.713322091062395,1.53909642307586
1.44973333333333,G28,15,1.07667110583535,4.15843227200481,2.43562553820086,1.91335444145899,18.0034656673703,0.0916666666666667,0.672727272727273,1.28222500122568
1.44973333333333,G29,12,0.967984056552622,7.91976229711051,2.04270194572503,1.99101475401925,20.963158744095,0.0920886873267826,0.491108071135431,1.41154114385467
1.44973333333333,G30,11,1.41113264009443,22.7124520756252,2.04629874648955,1.40718323048965,15.6069424995909,0.0921630859375,0.835761589403973,0.814011882753737
1.44973333333333,G31,12,1.03831448770835,10.10476521575,2.18377071577772,1.95612347735225,11.5145466820928,0.0920886873267826,0.763337893296854,1.10948196090501
1.44973333333333,G32,12,1.36819039985124,2.92776892829273,2.54995944360205,1.91914940402807,16.6637793464695,0.0920886873267826,0.622435020519836,1.55334844578306
1.44973333333333,G33,12,1.16520912533746,3.02018222653247,2.58935471465718,2.104218920998,11.5964401929346,0.0920886873267826,0.696306429548564,1.31359252934316
1.44973333333333,G34,12,1.04664667469075,2.46744148835381,2.69599275921586,1.81375459128857,17.2253852032327,0.0920886873267826,0.562243502051984,1.50971121449453
1.44973333333333,G35,15,1.47684229489055,4.07081078543787,2.45749733545144,1.50526293041732,1.64273025433911,0.0916666666666667,0.728787878787879,1.21942654822778
1.44973333333333,G36,13,1.46588522968027,6.53747897151326,2.27505412638594,1.79907299905707,8.12503190299241,0.0919614984391259,0.738330975954738,1.11125468208329
1.44973333333333,G37,11,1.73150013264289,10.3908285805239,2.19066265107381,1.2561819177899,15.0769854594729,0.0921630859375,0.821192052980132,0.896459013245736
1.44973333333333,G38,12,1.07979129328986,8.14548163942688,2.2393520044757,1.31531479529216,31.1778976185578,0.0920886873267826,0.848153214774282,0.870123387729428
1.44973333333333,G39,12,0.860440350488057,4.92393403189307,2.382890659977,1.75239638825047,12.2501352730451,0.0920886873267826,0.499316005471956,1.3828638260231
1.44973333333333,G40,10,1.38095675726344,3.04693547069528,2.51116053320753,1.85792471681376,4.16501092955258,0.0923076923076923,0.551282051282051,1.72551008368685
1.44973333333333,G41,13,1.53452364578608,6.09566441691265,2.31480205895578,1.40108248841878,13.5375122222665,0.0919614984391259,0.7001414427157,1.14294810248816
1.44973333333333,G42,18,1.06783583639584,3.80426995553418,2.24516508032296,1.79024800871499,3.56631088938889,0.0912588488765774,0.634064080944351,1.19357409710504
1.44973333333333,G43,10,0.798360494167969,2.26313941725541,2.73909202350755,1.7863842765589,0.699866921250068,0.0923076923076923,0.46025641025641,1.44691898293633
1.44973333333333,G44,13,1.38532538402922,7.72932828022073,2.20089647945737,1.74661983610192,6.57042655960899,0.0919614984391259,0.657708628005658,1.25579787219052
1.44973333333333,G45,12,1.41813635980986,5.98726849867387,2.31622905358485,1.73135710457883,14.662235596477,0.0920886873267826,0.772913816689466,1.01678227042048
1.44973333333333,G46,11,0.99469516995718,3.79031413521275,2.49022082341261,1.94328173774342,18.3597404023879,0.0921630859375,0.752317880794702,1.36299879851637
1.44973333333333,G47,12,1.22157660075102,3.18539094343686,2.56971358127304,1.87023939896124,20.8319017247854,0.0920886873267826,0.560875512995896,1.55711209343236
1.44973333333333,G48,10,1.41519379249925,3.31111958054168,2.51154452597709,2.1261040193216,-7.4040291928787,0.0923076923076923,0.51025641025641,1.6456175690116
1.44973333333333,CG1,13,1.48751562282638,4.2409833903927,2.37806580886117,1.8599739684819,9.56904714675477,0.0919614984391259,0.428571428571429,1.57059807911784
1.44973333333333,CG2,15,1.48421228993465,3.62297974934871,2.4294048693665,1.84942636254677,9.57688175049919,0.0916666666666667,0.512121212121212,1.54852915934711
1.44973333333333,CG3,15,1.19650117192908,3.69753575372403,2.33659372396029,1.97526040376877,8.37561374412125,0.0916666666666667,0.484848484848485,1.39091330697619
1.44973333333333,CG4,18,1.57998190763934,3.61234264250332,2.30787701902848,1.51038080134549,15.3274647474153,0.0912588488765774,0.521079258010118,1.33636718716338
1.44973333333333,AH1,15,1.83750408570969,3.62022091436653,2.48255243897488,1.88332609545609,4.89481064444317,0.0916666666666667,0.548484848484848,1.58357440184418
1.44973333333333,AH2,15,1.50108066950471,3.20719915417955,2.54598149123102,2.09113143284602,13.4692470694257,0.0916666666666667,0.515151515151515,1.48160454092422
1.44973333333333,AH3,12,1.03479065477433,4.1120515692638,2.43648860792493,1.69490772315997,15.2405542252728,0.0920886873267826,0.504787961696306,1.50609556093251
1.44973333333333,AH4,12,1.03882789287137,3.26677914450176,2.52105957483504,1.57571653512149,6.36767173244538,0.0920886873267826,0.534883720930233,1.59362730640746
1.44973333333333,AH5,23,1.58489228565672,12.1559453306141,1.95932323433814,1.40656169625024,29.8633590502793,0.0904215976331361,0.591002044989775,0.983485297069842
1.44973333333333,AH6,24,1.51682935751553,10.9398819386171,1.86536403556915,1.33318602445045,24.5782524767493,0.090157631680123,0.643923240938166,0.974439454912955
1.44973333333333,AH7,10,0.501812664228005,3.06269381472095,2.50506974184913,1.98822161227454,-1.41698167449169,0.0923076923076923,0.456410256410256,1.52367109067668
1.44973333333333,AH8,1,1.66154496492255,321.259081297068,1.01280144928476,0.767772388930739,32.0128024177133,0.0932249817384952,0.944172380019589,0.274168353285058
1.44973333333333,AH9,29,1.17360973096349,11.4585644167141,1.55881628290868,1.38365129399443,8.31291079566808,0.0890831758034027,0.538461538461538,0.965978965255272
1.44973333333333,AH10,12,1.02104875903543,3.3150284989395,2.52625819911345,1.82361629696146,8.17920895364673,0.0920886873267826,0.341997264021888,1.62563259835408
1.44973333333333,PH1,18,1.33452018845814,3.62753045540175,2.51156914596004,1.67384004841966,14.0431901410184,0.0912588488765774,0.634064080944351,1.50634240340713
1.44973333333333,PH2,26,1.69152145898672,19.0266377677229,1.76560605597616,1.33695215854746,13.3770567786821,0.0897542690545606,0.665893271461717,1.29044640232976
1.44973333333333,PH3,26,1.85440023622041,21.1191632723038,1.66574923107958,1.1873267681812,1.40189914923881,0.0897542690545606,0.77262180974478,0.846145122507395
1.44973333333333,PH4,26,1.24439401854118,14.12330523443,1.56366599902698,1.45583202094403,-3.22817826399068,0.0897542690545606,0.563805104408353,1.18885916651589
1.44973333333333,BO1,10,1.3865804172481,2.71830116885704,2.63770604200485,1.50560693629514,1.82687900661436,0.0923076923076923,0.693589743589744,1.09301003311944
1.44973333333333,BO2,7,0.603719112581527,1.89030276640896,2.8135501418455,2.02294108373658,17.031607577352,0.0926686851211073,0.724620770128355,1.43392241010915
1.44973333333333,BO3,7,1.07090259664527,2.95985810424584,2.58895918577771,1.86230031328157,30.6345584823112,0.0926686851211073,0.851808634772462,1.03569846325754
1.44973333333333,BO4,9,1.2885816665847,3.76455040924224,2.49458313007793,1.70042555184965,14.0473331054108,0.0924012855831038,0.645962732919255,1.24896309058559
1.49975,G1,15,1.26900734904163,3.00324839250325,2.38606109178658,1.61257749870662,9.13946430282181,0.0916666666666667,0.503030303030303,1.2672350011039
1.49975,G2,16,1.90333781320139,4.1870880250981,2.18594062863851,1.4832613357965,36.8602795424813,0.0914966963516231,0.800627943485086,0.937026630353333
1.49975,G3,17,1.61127818508018,5.78785315645117,1.91961038598141,1.63083045227315,35.7304116192805,0.0914090368608799,0.749593495934959,0.940441192106438
1.49975,G4,21,1.2300538270671,4.58782936173169,2.10781443671886,1.68965183982661,19.0188535989592,0.0907064471879287,0.657844990548204,1.29256188345718
1.49975,G5,18,1.24916392970558,3.4645810602969,2.24162818409889,1.85984213022984,26.0308091173152,0.0912588488765774,0.627318718381113,1.30405626288292
1.49975,G6,13,1.20772545570713,3.30512670158575,2.33711018773969,1.83984069170465,23.4735329276528,0.0919614984391259,0.620933521923621,1.38941448845613
1.49975,G7,15,1.14333590894921,5.46292097510623,1.82633227496547,2.10776035687777,17.6255480860212,0.0916666666666667,0.524242424242424,1.35840915763035
1.49975,G8,18,1.75180093226239,6.00471364845663,1.7665427871655,1.6216111119331,21.8422780635582,0.0912588488765774,0.480607082630691,1.31874831891836
1.49975,G9,13,0.895408159430331,4.00832127005092,2.25883265039461,1.54772807053302,16.6621792527377,0.0919614984391259,0.622347949080622,1.24261059703135
1.49975,G10,15,1.43360628526415,4.12031052202246,2.27001935457559,1.78740590281607,17.7086604082513,0.0916666666666667,0.790909090909091,1.08890347454115
1.49975,G11,18,1.38446974044963,8.44903653441691,1.65548353612109,1.46715640456876,18.1477083926617,0.0912588488765774,0.399662731871838,1.12633683668296
1.49975,G12,18,1.44648595475185,6.62351546626179,1.70215696099612,1.60305759540713,21.4467980651478,0.0912588488765774,0.445193929173693,1.30569840308646
1.49975,G13,18,1.59291441401886,2.18143078100924,2.66281621885448,1.75375661642717,10.9139599826284,0.0912588488765774,0.851602023608769,1.0087380411288
1.49975,G14,15,1.66871636651334,2.78121272751111,2.62713921509079,1.75165767708052,47.6593074639151,0.0916666666666667,0.916666666666667,1.02191966787986
1.49975,G15,10,1.72480574512182,2.77906843478674,2.63244608415627,1.72314414003459,15.260278584114,0.0923076923076923,0.743589743589744,0.906138360410137
1.49975,G16,24,1.03051812430594,6.92848656942888,1.82278355738942,1.53810784099468,20.2921812536059,0.090157631680123,0.579957356076759,1.21302263984585
1.49975,G17,13,1.63385492129456,2.78245173866708,2.63402573442547,1.68589904211156,17.0605558784755,0.0919614984391259,0.87977369165488,0.93567608397129
1.49975,G18,19,1.38533158255655,8.57896959982311,1.80630537848602,1.45978975599121,46.348194059143,0.0910395408163265,0.66199649737303,0.941426705145697
1.49975,G19,21,1.22151937394702,10.0394245835019,1.44509241583955,1.62830303261429,31.0483417998457,0.0907064471879287,0.572778827977316,1.04483589188731
1.49975,G20,20,1.18427388554994,4.31666774126534,2.08981090463803,1.84486143845909,12.6131414606868,0.0909090909090909,0.725454545454545,1.09861228866811
1.49975,G21,15,1.29483038465426,2.72354654155836,2.62608311988469,1.74106665887853,16.9005244151526,0.0916666666666667,0.731818181818182,1.14306405123894
1.49975,G22,11,1.57071434692767,5.13904787832,2.3653774917049,1.55048810213028,20.5182516935311,0.0921630859375,0.858278145695364,0.82083717261586
1.49975,G23,13,1.82042807118834,4.76659392636478,2.40189230831565,1.748291060639,25.628208416957,0.0919614984391259,0.847241867043847,0.866994110362928
1.49975,G24,15,1.76262912931728,3.65143502952655,2.48207333864662,1.72346815071028,38.6361734363816,0.0916666666666667,0.759090909090909,1.14011201957486
1.49975,G25,12,1.60009235984522,3.11008645659962,2.58125601448106,1.39451679903362,8.31815262781027,0.0920886873267826,0.827633378932969,1.0189145870356
1.49975,G26,14,1.85725581203022,2.95201525873024,2.47509584030984,1.97596305521865,18.0522308874411,0.0917764041924214,0.869692532942899,0.967813884899656
1.49975,G27,21,1.26810208494289,12.8218141549578,1.60100535539806,1.47936698177016,32.8348834248401,0.0907064471879287,0.693761814744801,1.07451473708905
1.49975,G28,21,1.23943424083908,9.26345943389376,1.63780534161008,1.67586938770695,28.5315395768581,0.0907064471879287,0.688090737240076,1.10282282120445
1.49975,G29,16,1.35153738279688,3.16613339282721,2.49303867480324,1.29746079391054,22.7667083609557,0.0914966963516231,0.563579277864992,1.34992671694902
1.49975,G30,15,1.71044144608126,11.3606446158565,2.11846955770354,1.68461759204021,24.4703890403714,0.0916666666666667,0.915151515151515,0.664723427122057
1.49975,G31,15,1.22048387383243,9.41387515627438,2.12189053438225,1.67179098456061,28.1993528595464,0.0916666666666667,0.86969696969697,0.928506319642279
1.49975,G32,15,1.45539317795619,2.621026223978,2.58847870549421,1.64596996366548,29.9326166279992,0.0916666666666667,0.666666666666667,1.43141479640036
1.49975,G33,10,1.16682816564026,3.31659935193353,2.55101588765606,2.09782755610557,11.1501509571805,0.0923076923076923,0.638461538461538,1.24793592774705
1.49975,G34,15,1.20191814509749,3.89726359693983,2.20778104072917,1.7216664312725,20.3590567977308,0.0916666666666667,0.627272727272727,1.33500106673234
1.49975,G35,18,1.53232898666724,6.51075632970281,2.04968336251383,1.51373577492447,28.282046230891,0.0912588488765774,0.821247892074199,0.993999716201471
1.49975,G36,15,1.6934758543882,9.02587304843456,1.91396713066505,1.70312777672108,17.7838280576355,0.0916666666666667,0.856060606060606,0.859671837874647
1.49975,G37,14,2.01072290328615,10.7629386269955,2.110921241475,1.60506869585285,28.2554375322751,0.0917764041924214,0.912152269399707,0.743114507902392
1.49975,G38,15,1.22764750467548,7.02194824709392,2.24569620523709,1.84374400577744,28.5818921040856,0.0916666666666667,0.942424242424242,0.774250333719921
1.49975,G39,18,1.12034262694082,7.07164647391244,2.05001769083948,1.59174846306215,37.1990264202952,0.0912588488765774,0.765598650927487,1.19662883007018
1.49975,G40,18,1.64945669377088,3.47727800887664,2.29002539834198,1.60171429209076,29.8618680076354,0.0912588488765774,0.682967959527825,1.27800558568298
1.49975,G41,14,1.51379040569843,5.55860448585076,2.34777170655047,1.38206499973298,13.8294458347363,0.0917764041924214,0.805270863836018,1.08985949755851
1.49975,G42,24,1.2009327572258,6.10216326606413,1.76215176483479,1.63132519600283,13.2428976769498,0.090157631680123,0.635394456289979,1.01035480559823
1.49975,G43,21,1.0995654872645,13.7068027517711,1.49701778432689,1.581600671466,37.38908191801,0.0907064471879287,0.572778827977316,1.07349322857278
1.49975,G44,15,1.59168447851564,8.95689800489367,1.87153767193132,1.67741728364478,12.0632023432082,0.0916666666666667,0.701515151515152,0.969019459622515
1.49975,G45,15,1.55425656359018,6.95491920780346,2.11395253416844,1.72173294842975,24.2647608890161,0.0916666666666667,0.860606060606061,0.927851554275231
1.49975,G46,17,1.25074112202364,4.80214974709517,2.1684099258521,1.6714008121808,39.6760192591475,0.0914090368608799,0.808130081300813,1.1322855037747
1.49975,G47,20,1.66316659484745,6.09057369503409,1.91000551942355,1.59922498011578,29.3265588561861,0.0909090909090909,0.623636363636364,1.21803278989423
1.49975,G48,18,1.88301172070092,4.66822496308181,1.99191509182391,1.76359075155226,21.359693726679,0.0912588488765774,0.645868465430017,1.15797689771772
1.49975,CG1,20,1.98893592223809,18.7228851688966,1.5853508848053,1.50466623142832,4.39713929739975,0.0909090909090909,0.403636363636364,1.2308094582795
1.49975,CG2,20,1.97980104840847,18.3257126326209,1.61768760834824,1.47066217080633,7.08070185411294,0.0909090909090909,0.421818181818182,1.18056036370119
1.49975,CG3,18,1.49983638678944,6.6072693087037,1.86913567730612,1.57772179424233,26.1124076024955,0.0912588488765774,0.617200674536256,1.13467722358891
1.49975,CG4,18,2.09014794626176,7.6073466209378,1.78024712270608,1.33250670063027,17.6836402467146,0.0912588488765774,0.554806070826307,0.954466694801814
1.49975,AH1,15,1.91988695171461,3.63216372226267,2.51180681321823,1.8659860400585,3.54359980151433,0.0916666666666667,0.577272727272727,1.41182766312506
1.49975,AH2,15,1.82987212565052,5.19776225985488,2.31386116157747,1.95368459483992,10.3595783893346,0.0916666666666667,0.653030303030303,1.25090595774816
1.49975,AH3,20,1.42802177067757,14.3473527275004,1.48719453826804,1.42286005908796,11.0098268140484,0.0909090909090909,0.463636363636364,1.16721060501086
1.49975,AH4,21,1.38491894770824,9.37296881427194,1.57815642082773,1.41191773857453,9.69870369559561,0.0907064471879287,0.561436672967864,1.14430047283954
1.49975,AH5,23,1.80118816843663,24.0748509652382,1.72282014740302,1.30956684522335,19.8419879521021,0.0904215976331361,0.619631901840491,0.905708622543618
1.49975,AH6,21,1.63218184511668,11.257400169693,1.97287659115125,1.28658738599643,13.4637677253708,0.0907064471879287,0.733459357277883,0.857450231851222
1.49975,AH7,20,0.699651551131563,12.4133332985583,1.44671144533905,1.49243522578085,13.5538465379431,0.0909090909090909,0.416363636363636,1.11185751541813
1.49975,AH8,21,0.916551049673017,46.5437270402683,1.27482929360381,1.09805293287984,7.17439237299937,0.0907064471879287,0.824196597353497,0.473189240484656
1.49975,AH9,15,1.1351470177294,8.41527825467203,2.20118528443154,1.41911295785879,6.77397505844394,0.0916666666666667,0.557575757575758,0.972792115467077
1.49975,AH10,18,1.49249280314157,11.6823698623951,1.45602791539376,1.53366094255118,12.8509316601495,0.0912588488765774,0.482293423271501,1.12038608821767
1.49975,PH1,23,1.63423995495521,15.1248588917455,1.71892901036601,1.49316731398289,1.38274440003095,0.0904215976331361,0.570552147239264,1.28230464759584
1.49975,PH2,21,1.73936922176278,11.863903954103,2.01224022058852,1.38759575605043,6.03534106195975,0.0907064471879287,0.775047258979206,1.24580399817106
1.49975,PH3,20,1.49109783428499,11.3235609329229,2.16134312058487,1.2569997423882,-7.7398700854147,0.0909090909090909,0.750909090909091,1.09861228866811
1.49975,PH4,18,1.1625788114984,8.00698975032371,2.10849143326901,1.52037753764649,-2.71348951430068,0.0912588488765774,0.63575042158516,1.22595171104471
1.49975,BO1,14,1.84267349006108,3.30609460181287,2.24463747671295,1.43603281288427,38.8833648881792,0.0917764041924214,0.86090775988287,0.822358912039951
1.49975,BO2,10,0.71387922289068,3.21784906342156,2.35359712325951,1.89814414545041,8.26197995927468,0.0923076923076923,0.757692307692308,1.19504417358163
1.49975,BO3,11,1.48242495198692,2.60491022275373,2.48910481423639,1.72843917102426,25.344977773794,0.0921630859375,0.901986754966887,0.787720983305958
1.49975,BO4,15,1.84928349976584,7.95901647389733,2.08608625183671,1.51641905642762,36.5394473422131,0.0916666666666667,0.760606060606061,0.923953604619724
1.54976666666667,G1,15,1.55095408997929,3.72740630837459,2.49894059824941,1.49308245535364,5.16178356225955,0.0916666666666667,0.625757575757576,1.41486773356395
1.54976666666667,G2,19,2.42109986644228,4.25413935648238,2.42618195363762,1.28685678884316,26.4404139902141,0.0910395408163265,0.816112084063047,0.935258634580966
1.54976666666667,G3,29,1.85211421509223,6.25692021410617,2.0809866638131,1.49050383493866,11.863293719495,0.0890831758034027,0.793103448275862,0.859671837874647
1.54976666666667,G4,26,1.44027195705301,4.02830338958168,2.15216465890577,1.44879974168554,11.763618199375,0.0897542690545606,0.661252900232019,1.20820114043546
1.54976666666667,G5,24,1.42072106254532,6.59333951729719,1.78044800687915,1.70288727689095,11.4688741221016,0.090157631680123,0.628997867803838,1.1442823255013
1.54976666666667,G6,15,1.49642860446404,6.56406756546956,1.86282583299406,1.67224383743575,39.6511353920344,0.0916666666666667,0.724242424242424,1.0226829731845
1.54976666666667,G7,26,1.47196859678321,9.71696392428187,1.64581375922494,1.58263677985964,18.6355461779285,0.0897542690545606,0.605568445475638,1.04855870045191
1.54976666666667,G8,24,2.23089359122198,5.6362824454319,2.16985379843923,1.28277235290413,11.7783356351411,0.090157631680123,0.552238805970149,1.26493350411562
1.54976666666667,G9,18,0.973451748310217,3.07735580188936,2.46057456518664,1.76378620401506,28.2507751756119,0.0912588488765774,0.816188870151771,0.916290731874155
1.54976666666667,G10,21,1.79026401255744,5.79832619398188,2.2832564798477,1.42666556822576,15.1781071835365,0.0907064471879287,0.824196597353497,1.0554401168029
1.54976666666667,G11,2,2.16416745594386,79.3600640768813,1.08783862110952,1.06181427758875,40.6616945396375,0.0931694501782698,0.48539778449144,0.96529831098085
1.54976666666667,G12,2,2.23402534388551,64.8922021873194,1.10795448234184,1.16265834196137,48.3061647355727,0.0931694501782698,0.484390735146022,1.13345901999828
1.54976666666667,G13,15,1.69046469567831,2.89265874864762,2.53253210626826,1.44948672503798,17.3331460852685,0.0916666666666667,0.778787878787879,0.991533348627671
1.54976666666667,G14,10,1.64845970538874,3.68933650405886,2.50344651747215,1.8617088797551,10.3425116177179,0.0923076923076923,0.825641025641026,1.04788476515845
1.54976666666667,G15,12,1.77368034882102,2.53078879233426,2.61739043429047,1.47901974453995,9.24338348989792,0.0920886873267826,0.766073871409029,1.0079157271973
1.54976666666667,G16,26,1.19111406750266,4.16222233883336,2.32216385081059,1.51859679504826,8.87018824804987,0.0897542690545606,0.730858468677494,1.15402812780968
1.54976666666667,G17,17,1.8622570205642,4.21603167324942,2.11748769804752,1.33817313325821,30.922325801184,0.0914090368608799,0.876422764227642,0.705845763897073
1.54976666666667,G18,24,1.80793469094397,4.1685311522163,2.18463850151392,1.15634181860823,29.5392771575302,0.090157631680123,0.763326226012793,0.82017755416801
1.54976666666667,G19,2,1.98942168909578,93.1403094257049,1.07752311977273,0.972671423529013,43.3700291436863,0.0931694501782698,0.511581067472306,0.887303195000903
1.54976666666667,G20,24,1.32782701790616,7.493774218303,1.78057196923705,1.44823674704282,24.9686733091525,0.090157631680123,0.742004264392324,1.02138094073212
1.54976666666667,G21,18,1.49438784585504,2.85479570730965,2.51917422565586,1.26484862194366,21.8027759073004,0.0912588488765774,0.794266441821248,1.10610296039727
1.54976666666667,G22,10,1.63255459683886,5.92986115417232,2.32576321654038,1.73252450023383,32.002624388955,0.0923076923076923,0.866666666666667,0.89979173249412
1.54976666666667,G23,13,1.86243790630577,5.12789373070423,2.37573452089211,1.72332938677367,6.55818914201578,0.0919614984391259,0.841584158415842,0.805625163986636
1.54976666666667,G24,14,1.93956227147902,3.87900143670442,2.48222672767059,1.97906304991349,36.5558443856953,0.0917764041924214,0.890190336749634,1.2202194207629
1.54976666666667,G25,15,2.01001339886387,2.77705668023759,2.38254404068249,1.57502111324822,34.3665421797351,0.0916666666666667,0.901515151515151,0.696388674484116
1.54976666666667,G26,21,1.88676827310937,20.3791947809385,1.73438329372401,1.62067748379345,32.5266239330997,0.0907064471879287,0.826086956521739,0.750539978556598
1.54976666666667,G27,2,2.0446562893521,111.291524496683,1.05931546628767,1.01456210409434,36.6497894740064,0.0931694501782698,0.619335347432024,0.803184244101673
1.54976666666667,G28,30,1.40458209227838,7.77551725687424,1.73167938470658,1.36164915832583,33.735084311396,0.0888888888888889,0.666666666666667,0.928537705484128
1.54976666666667,G29,21,1.61990802474936,3.54363327085714,2.18547770577087,1.24009247684216,32.1806954641039,0.0907064471879287,0.761814744801512,1.07136264622073
1.54976666666667,G30,14,1.84528293024502,11.8136330723386,2.1572751510725,1.66157779375123,1.80040628476601,0.0917764041924214,0.912152269399707,0.724949023720817
1.54976666666667,G31,15,1.4781842998947,14.9336281725563,2.09035261186915,1.7217613094723,25.3531090736446,0.0916666666666667,0.918181818181818,0.782425764998471
1.54976666666667,G32,15,1.69164891289106,2.48653521762992,2.69145510717202,1.53948881530354,37.2773683022981,0.0916666666666667,0.766666666666667,1.37130157653375
1.54976666666667,G33,15,1.49575550285586,3.17001109839778,2.33736423113516,2.0692109833786,19.9244149457554,0.0916666666666667,0.8,0.969213133328498
1.54976666666667,G34,26,1.55035838344256,11.7410203996355,1.45303654435682,1.47402075248944,22.668575289282,0.0897542690545606,0.668213457076566,0.920610393018671
1.54976666666667,G35,26,1.54774104221946,6.71226160298047,1.74270119415258,1.35293304438305,12.7447118207744,0.0897542690545606,0.670533642691415,0.751905338782017
1.54976666666667,G36,20,1.95876537137647,4.77091588523499,2.37522882220606,1.42680036371104,7.19186377989392,0.0909090909090909,0.829090909090909,0.832111038295776
1.54976666666667,G37,14,2.02606979111275,8.12133525062058,2.2364248978589,1.70522689276921,12.3387066966242,0.0917764041924214,0.900439238653001,0.766281916627115
1.54976666666667,G38,15,1.30305000461265,9.0666023416492,2.21637380959808,1.56787255617073,19.8078273471333,0.0916666666666667,0.913636363636364,0.770355930391915
1.54976666666667,G39,18,1.41142000478313,4.34297376683752,2.42921733966658,1.6139508876875,42.1684094705099,0.0912588488765774,0.863406408094435,1.23645825947042
1.54976666666667,G40,18,1.9821474693212,3.27302079360609,2.46073655126928,1.38155059864245,36.2823178737469,0.0912588488765774,0.743676222596965,1.42089989029737
1.54976666666667,G41,15,1.70637238410009,4.37405974466023,2.35818578288931,1.38813855271757,22.5620329098063,0.0916666666666667,0.763636363636364,1.03555415270097
1.54976666666667,G42,29,1.43670225848492,14.5288137578281,1.48658171953311,1.40800615604205,8.00562218287808,0.0890831758034027,0.636604774535809,1.03407376753054
1.54976666666667,G43,30,1.40174665519877,14.0192065909155,1.50585636506981,1.32104385376473,16.074645836725,0.0888888888888889,0.544444444444444,0.890168526474189
1.54976666666667,G44,21,1.96275845159512,3.74865570635571,2.44986216206496,1.36634182825288,12.3264262444004,0.0907064471879287,0.854442344045369,0.942958978956316
1.54976666666667,G45,15,1.67936094548106,7.36364697502414,2.265306785111,1.76265677155331,15.8486626455378,0.0916666666666667,0.881818181818182,0.998894260409365
1.54976666666667,G46,16,1.49142510860031,5.40620270942412,2.35763314945865,1.55289507469342,32.9139053719918,0.0914966963516231,0.843014128728414,1.21259692677003
1.54976666666667,G47,24,2.01994031939277,4.74506362201503,2.24874766157389,1.36124106960141,23.2977853486315,0.090157631680123,0.699360341151386,1.10670949890073
1.54976666666667,G48,26,2.23996677229852,5.34155229742613,2.02230590200774,1.4830781320284,6.26813284119136,0.0897542690545606,0.617169373549884,1.09106508303273
1.54976666666667,CG1,29,2.56189439791581,16.438919422817,1.65534871505443,1.25538563967123,11.7827992929811,0.0890831758034027,0.689655172413793,0.963611388064227
1.54976666666667,CG2,29,2.50155743785179,17.021492369228,1.76895585055016,1.20786939006261,20.6593167738986,0.0890831758034027,0.724137931034483,1.00853185556106
1.54976666666667,CG3,27,1.97917331778512,18.9170543969856,1.81344433886993,1.19363214621423,20.163528477465,0.0896267361111111,0.588377723970944,0.965654454992491
1.54976666666667,CG4,28,2.71774688963295,22.1852742352891,1.71485839622672,1.13915431737392,8.23715838523589,0.0894069714803078,0.653164556962025,0.895812200530614
1.54976666666667,AH1,18,2.03350464505805,3.85722242679126,2.47741927180606,1.76250958149249,2.96859113846406,0.0912588488765774,0.701517706576729,1.29678921725186
1.54976666666667,AH2,21,2.15049576493026,7.05460592321585,2.21567417136148,1.59551566944926,12.1456660146871,0.0907064471879287,0.75047258979206,1.23427815382126
1.54976666666667,AH3,2,2.25561236442804,61.0568561425516,1.09965268800193,0.846368812577686,22.317384986653,0.0931694501782698,0.427995971802618,0.931940503541283
1.54976666666667,AH4,2,2.10205774874544,57.0548489802124,1.10527306923754,0.925572314994233,17.9337899907766,0.0931694501782698,0.51460221550856,1.014259982571
1.54976666666667,AH5,1,2.34689635136838,62.8179399243564,1.07176764068171,0.915882906974924,35.6039541142842,0.0932249817384952,0.846229187071499,0.736443986313269
1.54976666666667,AH6,2,1.99095529382449,76.3622592048677,1.08088749545872,0.937673486446598,36.3355395106056,0.0931694501782698,0.572004028197382,0.814269117481843
1.54976666666667,AH7,26,0.870671757924987,9.05172652083945,2.05010700348833,1.25928956117369,8.64364884344618,0.0897542690545606,0.587006960556845,1.11696142733631
1.54976666666667,AH8,20,0.822084472124403,15.8879507184318,1.69433743912306,1.10076466910626,7.88309363838536,0.0909090909090909,0.674545454545455,0.694566627214172
1.54976666666667,AH9,27,1.54229078425534,30.0743764296549,1.3770297621507,1.14622514000934,10.0961485314469,0.0896267361111111,0.469733656174334,0.788925854165296
1.54976666666667,AH10,29,2.03476474981328,21.5805029223003,1.56138033391375,1.22596095810695,6.60218768266516,0.0890831758034027,0.562334217506631,0.963994529831366
1.54976666666667,PH1,1,2.11397096360159,50.0047109433109,1.08835364981598,1.12417943362135,41.6144420271136,0.0932249817384952,0.847208619000979,1.03147298583048
1.54976666666667,PH2,2,2.27402796171786,82.1786313475171,1.07385593053847,1.12336597454508,34.679727440493,0.0931694501782698,0.64551863041289,0.950976289862045
1.54976666666667,PH3,29,1.16210526682647,14.6431720037616,1.87355220682024,1.2878505164474,-2.75878741924606,0.0890831758034027,0.708222811671088,1.14260385794964
1.54976666666667,PH4,29,1.24490459704909,9.02939514822281,1.76199871805783,1.41700370862077,0.526669219202051,0.0890831758034027,0.612732095490716,1.10095695562736
1.54976666666667,BO1,23,2.04127833845427,4.36521107925895,2.18887142838943,1.53244130228671,48.9165743603879,0.0904215976331361,0.879345603271984,0.673159839635333
1.54976666666667,BO2,26,0.719139358164635,3.63186099032233,2.2662030975768,1.87024454689345,44.0903395957258,0.0897542690545606,0.805104408352668,1.09861228866811
1.54976666666667,BO3,11,1.63443680305799,3.04006292602338,2.54007748751483,1.77521026701627,12.4460932736272,0.0921630859375,0.899337748344371,0.722901441641738
1.54976666666667,BO4,15,2.32330840664781,6.46667787620363,2.30141833898,1.65420505904796,31.8764905281446,0.0916666666666667,0.859090909090909,0.848528629773336
1.59979933333333,G1,18,1.82531986026942,5.42664059324975,2.28999911571631,1.6817092941366,16.3791579850763,0.0912588488765774,0.856661045531197,1.16798822853745
1.59979933333333,G2,18,2.52092656983844,4.25528927596564,2.44514460530517,1.32160725998259,10.8374627437599,0.0912588488765774,0.924114671163575,0.816955726914971
1.59979933333333,G3,29,1.81748603912283,7.31662138365079,2.00023794853576,1.33533713061457,5.03371540462421,0.0890831758034027,0.710875331564987,0.86903784702361
1.59979933333333,G4,29,1.31645020019846,10.0392551603696,1.9712405704423,1.41542989511441,12.9046758974984,0.0890831758034027,0.671087533156499,1.14209740060785
1.59979933333333,G5,29,1.3216881704475,5.98186697651664,1.95740377115888,1.73264732862142,13.1062192259628,0.0890831758034027,0.660477453580902,1.12759982554136
1.59979933333333,G6,21,1.53584676983199,6.16771389266704,2.06397816573753,1.83154543838993,28.9812300207628,0.0907064471879287,0.816635160680529,1.04441183177043
1.59979933333333,G7,4,2.03792870259588,25.7708946916996,1.15861293253714,0.995331641900773,16.5165038178379,0.0929379091450109,0.662753468516542,1.0081644821799
1.59979933333333,G8,24,2.34033730550843,3.10558700141248,2.47042572794225,1.34385815985255,9.96686726668053,0.090157631680123,0.663113006396588,1.31567679390594
1.59979933333333,G9,16,1.02670197357325,5.21067585306451,2.27029466422547,1.86047522497164,15.3477070605307,0.0914966963516231,0.770800627943485,0.963523505914134
1.59979933333333,G10,21,1.99515066847386,3.36582616884314,2.5286765022046,1.23911491324692,14.5385176714281,0.0907064471879287,0.812854442344045,1.0548768951603
1.59979933333333,G11,4,2.41165822174315,43.549544447375,1.10147740255732,0.997158861492482,25.3919013537708,0.0929379091450109,0.693703308431163,0.877881283759284
1.59979933333333,G12,2,2.38659818612121,74.867857468821,1.0954674457797,1.12415917060927,48.5783521306935,0.0931694501782698,0.515609264853978,1.15192734743583
1.59979933333333,G13,18,1.63430992377217,2.55571644152227,2.56075014995708,1.5778443487996,22.4805302392363,0.0912588488765774,0.834738617200675,1.03868652773692
1.59979933333333,G14,12,1.9104394634315,3.86631528496898,2.47593640168238,1.71539434573141,19.76628024969,0.0920886873267826,0.861833105335157,0.96248011434353
1.59979933333333,G15,16,1.82864578090349,2.68673749575226,2.41166705663135,1.45701240925396,23.5130644704517,0.0914966963516231,0.836734693877551,0.986763988531541
1.59979933333333,G16,21,1.07448640029507,4.85873825075946,2.21772735257919,1.62691006826619,10.2116625129162,0.0907064471879287,0.68241965973535,1.19807308219875
1.59979933333333,G17,26,1.65582789702924,16.5618996614666,1.85285152196763,1.10896776936595,44.4630640937844,0.0897542690545606,0.812064965197216,0.592416933286281
1.59979933333333,G18,26,1.74862866765149,6.89468127675984,2.12659731781595,1.15132806568361,12.9838424291246,0.0897542690545606,0.74245939675174,0.761496758361155
1.59979933333333,G19,4,2.04208067416403,35.000517683759,1.11628837026126,1.05742360442546,33.6652520732319,0.0929379091450109,0.725720384204909,0.904653027793945
1.59979933333333,G20,4,1.4990858180507,31.5043441381011,1.14256032485864,1.38974917315784,32.9930712968587,0.0929379091450109,0.795090715048026,0.99886188590105
1.59979933333333,G21,21,1.53075775056004,3.39885833006252,2.26263084040611,1.30246051899722,17.0745895884834,0.0907064471879287,0.822306238185255,0.875111019589399
1.59979933333333,G22,14,2.07983200915383,5.15658717856286,2.29701861046618,1.80157037688124,10.3968281451324,0.0917764041924214,0.912152269399707,0.705686529812681
1.59979933333333,G23,13,2.03276851056723,6.34377898985528,2.2863742678535,1.76857246834144,7.83081130901389,0.0919614984391259,0.891089108910891,0.66311489346107
1.59979933333333,G24,12,1.92519248569075,4.35640413995947,2.42783459497597,2.03761879327844,23.606970948974,0.0920886873267826,0.807113543091655,1.12231008009793
1.59979933333333,G25,18,2.08380468054312,3.03305662988957,2.35613521766031,1.4576745662604,47.5082298925195,0.0912588488765774,0.929173693086003,0.534233714664005
1.59979933333333,G26,18,1.83206662251931,9.29022274117357,1.66965757514192,1.55932435703518,15.1640887482146,0.0912588488765774,0.846543001686341,0.890022805053545
1.59979933333333,G27,4,2.03100831888462,57.0711701244069,1.08421217827342,0.974917356586803,19.6551225289457,0.0929379091450109,0.732123799359658,0.761496758361155
1.59979933333333,G28,4,1.66723620872835,33.8287962779927,1.13886679568292,1.21109810500214,29.6523302401339,0.0929379091450109,0.737459978655283,0.988611393453781
1.59979933333333,G29,24,1.54992905601024,6.21762718513457,2.04348650309267,1.37471611652235,30.81711238765,0.090157631680123,0.73773987206823,0.943156636712556
1.59979933333333,G30,13,1.96121228558121,11.764829017244,2.16369774888877,1.46406803226967,13.7150778337059,0.0919614984391259,0.875530410183876,0.739112718775586
1.59979933333333,G31,14,1.76329774245713,19.1359299895918,2.10421607787527,1.38390640474435,9.87677994346707,0.0917764041924214,0.882869692532943,0.867972154603347
1.59979933333333,G32,12,1.63544460546581,3.27405226556052,2.53581830018097,1.8692436051159,26.2294971103193,0.0920886873267826,0.697674418604651,1.34855403313704
1.59979933333333,G33,20,1.71308618208603,2.70657444964943,2.41831623411173,1.50387329049147,43.9085320910846,0.0909090909090909,0.84,0.936910019076891
1.59979933333333,G34,4,2.07283194033688,46.3341811967778,1.09898802741601,1.17480116254472,28.9733771881291,0.0929379091450109,0.812166488794024,0.846689772803857
1.59979933333333,G35,7,1.78301857930003,22.913492022109,1.21718939215883,0.950117564320259,10.7484683686782,0.0926686851211073,0.632438739789965,0.865563208364497
1.59979933333333,G36,17,2.10445642701643,4.8723404645464,2.37765326104625,1.36017082700888,14.3738706737297,0.0914090368608799,0.858536585365854,0.89336994768314
1.59979933333333,G37,14,2.00296812919789,6.82472517214938,2.28534752695031,1.73660225642685,19.9108295594951,0.0917764041924214,0.89311859443631,0.776602860829722
1.59979933333333,G38,13,1.5230452756286,5.49667318387769,2.33629616240546,1.44873811785523,23.9571337829055,0.0919614984391259,0.891089108910891,0.686653651249397
1.59979933333333,G39,17,1.49063702408015,5.03964160300858,2.38162286465933,1.63844028645135,37.8591088476801,0.0914090368608799,0.852032520325203,1.20571042422448
1.59979933333333,G40,18,1.93863548485533,2.73469504233421,2.59336509775856,1.67392258041302,34.7906633887853,0.0912588488765774,0.829679595278246,1.26510880431767
1.59979933333333,G41,21,2.1072446331824,3.80268133508075,2.36162515206599,1.44000149176674,9.52080092495792,0.0907064471879287,0.873345935727788,0.924676525250429
1.59979933333333,G42,2,1.88060674487714,81.6271028281891,1.08135303208954,1.09205003335295,34.8616397891692,0.0931694501782698,0.603222557905337,1.12728018353768
1.59979933333333,G43,2,1.85741136514307,81.7469658055854,1.08228201449958,0.989058850310431,33.4856304764059,0.0931694501782698,0.523665659617321,0.962178136385626
1.59979933333333,G44,21,2.1424149641374,3.16377081089469,2.53949483429227,1.21099426670254,7.93078022529697,0.0907064471879287,0.820415879017013,0.885038188370051
1.59979933333333,G45,15,1.7921734507852,4.96646987655689,2.38447035500697,1.51490078412102,6.7816945049105,0.0916666666666667,0.884848484848485,0.905831601084018
1.59979933333333,G46,15,1.63646140051632,3.81729745844891,2.48998485043495,1.58803760364735,12.1230761020805,0.0916666666666667,0.839393939393939,0.926341067727656
1.59979933333333,G47,23,2.00190065069535,4.01340869149781,2.25003421400371,1.40320255522279,27.0642936093318,0.0904215976331361,0.705521472392638,1.09861228866811
1.59979933333333,G48,29,2.15171287968622,5.43004663621879,2.12293365601013,1.55225762019276,1.1855689647491,0.0890831758034027,0.708222811671088,1.10100749939406
1.59979933333333,CG1,1,3.20397209594053,69.9328416975761,1.06396715787335,0.857086042645851,49.0584570699359,0.0932249817384952,0.871694417238002,0.898075291982814
1.59979933333333,CG2,1,2.95031522887827,64.1686263026912,1.06917190379235,0.894138842280889,60.8019361802155,0.0932249817384952,0.86973555337904,0.917816285182992
1.59979933333333,CG3,29,1.98762691066192,4.8408182321799,2.17246598583019,1.29171690218925,16.0837103299327,0.0890831758034027,0.708222811671088,0.907804117996836
1.59979933333333,CG4,29,2.83812896633966,4.51260527521645,2.14900768491705,1.29724830272904,3.78258260820111,0.0890831758034027,0.753315649867374,0.784378496789449
1.59979933333333,AH1,15,2.02171250527326,4.06270924864455,2.43691629184157,1.77363900319533,-0.622313980289981,0.0916666666666667,0.595454545454545,1.30322776242128
1.59979933333333,AH2,21,2.37540802687001,4.07291393909437,2.44475955422235,1.35340437657773,4.91692067302007,0.0907064471879287,0.684310018903592,1.18755977468461
1.59979933333333,AH3,2,2.47073455108369,75.5674457645661,1.08148699198686,0.776753768299779,25.3598129680612,0.0931694501782698,0.479355488418933,0.818835395723442
1.59979933333333,AH4,2,2.08028520122609,57.520113979384,1.10467214897317,0.922183100699674,19.0764677902908,0.0931694501782698,0.551863041289023,0.962810747509048
1.59979933333333,AH5,2,2.49500211664884,92.1995259806385,1.0666729945182,0.815981522059339,23.669817470302,0.0931694501782698,0.585095669687815,0.737304464601044
1.59979933333333,AH6,2,2.21434538588887,100.771472605904,1.06106541819231,0.896451476444928,38.7675891347247,0.0931694501782698,0.605236656596173,0.787661920842016
1.59979933333333,AH7,21,0.960365539564939,3.37516552523189,2.40796339810121,1.32603623709057,17.0416463878142,0.0907064471879287,0.792060491493384,1.05406149168274
1.59979933333333,AH8,30,1.11743769630647,36.3641836368589,1.30602609355328,0.992118899134478,25.0358667524067,0.0888888888888889,0.738888888888889,0.374617504880903
1.59979933333333,AH9,2,2.38010167101709,125.726667454975,1.04990760165117,0.730102405156752,20.6300862082769,0.0931694501782698,0.607250755287009,0.617248697632435
1.59979933333333,AH10,2,2.73390435173859,84.352300195621,1.07402375026182,0.826787109290571,30.303157356931,0.0931694501782698,0.557905337361531,0.861138911799075
1.59979933333333,PH1,2,2.41934345410278,88.000573200011,1.0718313778524,1.06535300772452,27.2198192529153,0.0931694501782698,0.607250755287009,0.911584840836742
1.59979933333333,PH2,2,2.50294493955184,101.925726740678,1.05886912997497,0.969542435072485,13.217833147726,0.0931694501782698,0.660624370594159,0.768223207000302
1.59979933333333,PH3,28,0.983350861676145,32.9947461472426,1.16634825778831,1.42626215540242,-1.47739245049456,0.0894069714803078,0.445569620253165,0.913185139316002
1.59979933333333,PH4,26,1.45015999253469,6.92504188031219,2.0613217634078,1.31321635614884,0.813045746394532,0.0897542690545606,0.60092807424594,1.08684744708852
1.59979933333333,BO1,17,2.00682923910618,5.61103725242757,2.09514246917503,1.50479604113626,52.2560274172851,0.0914090368608799,0.87479674796748,0.722863652888422
1.59979933333333,BO2,13,0.892827412530495,3.03460187426651,2.53263510140988,1.81911643704231,20.2165986183951,0.0919614984391259,0.876944837340877,0.94340786796358
1.59979933333333,BO3,15,1.71286195581837,4.87352258971221,2.37346357394918,1.39276419312381,25.0061833260187,0.0916666666666667,0.933333333333333,0.598510628265095
1.59979933333333,BO4,15,2.52783375447518,8.86803029311712,2.22269742792161,1.29394339344737,9.99413220260724,0.0916666666666667,0.912121212121212,0.818189776229133
1.64983266666667,G1,17,2.03535788988851,10.4303818433482,2.18928840010194,1.55458214832349,9.03625436985173,0.0914090368608799,0.772357723577236,1.24714497619114
1.64983266666667,G2,17,2.09936428324772,22.2309077724204,1.9605500075746,1.55106804243489,6.15811691293473,0.0914090368608799,0.817886178861789,0.696649811111147
1.64983266666667,G3,21,1.50302809366001,12.0505976020745,1.74678469596914,1.43282985219775,7.27116832563874,0.0907064471879287,0.629489603024575,1.00526097334912
1.64983266666667,G4,18,1.12551930243697,5.48030224303588,1.99405454674282,1.4787898550498,12.743846064791,0.0912588488765774,0.541315345699831,1.27828483729049
1.64983266666667,G5,21,1.28604621832361,4.55367530813007,1.99331865005144,1.94298886117957,23.3152010008336,0.0907064471879287,0.680529300567108,1.14646830984574
1.64983266666667,G6,13,1.41035372918343,3.36780024583114,2.32354545633637,1.94669482558575,12.961965392808,0.0919614984391259,0.731258840169731,1.0494623475565
1.64983266666667,G7,26,1.64028771948192,5.67422580813723,1.87557727814583,1.56656794783049,6.07122255598257,0.0897542690545606,0.670533642691415,1.13857060096971
1.64983266666667,G8,18,1.84039985214852,5.48528183919464,2.02552429240858,1.53501109001503,23.5058427481214,0.0912588488765774,0.564924114671164,1.16834562668278
1.64983266666667,G9,15,1.25286743550838,9.70203831938209,1.8501724234387,1.68590660837826,16.2414052630613,0.0916666666666667,0.806060606060606,0.732569594725777
1.64983266666667,G10,20,1.6199313671334,6.74751662877647,2.11921808706491,1.51401596817766,11.8616851491538,0.0909090909090909,0.725454545454545,0.864555057474966
1.64983266666667,G11,26,1.63879053315484,14.0653912206574,1.37473515722671,1.35776694882872,19.4507266851815,0.0897542690545606,0.577726218097448,0.92972324207823
1.64983266666667,G12,24,1.76239347294422,12.0204107938049,1.65672707680098,1.69064933082504,25.1175754144083,0.090157631680123,0.641791044776119,1.20307954834872
1.64983266666667,G13,14,1.34013496533373,6.39324679970206,1.95452551588374,1.71075407437539,10.3231527517263,0.0917764041924214,0.803806734992679,0.941203052254051
1.64983266666667,G14,12,1.68076971185101,5.2124817684994,2.3269789007489,1.55961240318553,12.3866559359325,0.0920886873267826,0.846785225718194,0.86656395901094
1.64983266666667,G15,15,1.56516985988675,4.48330479110293,1.97889821307416,1.56655416066936,23.4669496110384,0.0916666666666667,0.748484848484849,1.05533178030965
1.64983266666667,G16,15,0.800510232879174,6.27971412355981,1.93583673564633,1.91659880055762,-0.491208176719697,0.0916666666666667,0.546969696969697,1.28607524496248
1.64983266666667,G17,16,1.40797396505299,11.6033351996893,1.54085490757614,1.46178809368495,22.2228278631703,0.0914966963516231,0.791208791208791,0.583912666785605
1.64983266666667,G18,21,1.37783664814775,10.7336491631664,1.69476010526384,1.33145614906597,25.7161161416536,0.0907064471879287,0.667296786389414,0.733611968432359
1.64983266666667,G19,26,1.38909587281198,13.3837591455345,1.43609134833557,1.48529466940238,31.2202257126083,0.0897542690545606,0.591647331786543,0.973224653626507
1.64983266666667,G20,21,1.10656046485467,8.82302204708464,1.51541891154173,1.65957551147208,19.3090171162757,0.0907064471879287,0.699432892249527,1.1050431789984
1.64983266666667,G21,16,1.40525131960609,5.54502456689877,2.07568484935795,1.41155461173066,12.2279031224385,0.0914966963516231,0.737833594976452,0.874503020233941
1.64983266666667,G22,14,2.01459311702894,7.3465583828322,2.15422284713706,1.662724801231,-2.35869691342193,0.0917764041924214,0.897510980966325,0.74683972966398
1.64983266666667,G23,15,1.95123462727861,7.86579400591734,2.17443313882293,1.76827190666097,15.0511922196815,0.0916666666666667,0.933333333333333,0.573800422927379
1.64983266666667,G24,15,1.83138869042017,4.86590361638208,2.331647681342,1.83255362231018,8.46287127344664,0.0916666666666667,0.787878787878788,1.08509856950139
1.64983266666667,G25,14,1.75214897534593,6.16383396204588,2.0987485155488,1.3966232938065,15.6279970579836,0.0917764041924214,0.888726207906296,0.531195519679065
1.64983266666667,G26,16,1.44070376400653,6.61092727485223,1.75424170250634,1.66006519932917,16.4293154299254,0.0914966963516231,0.718995290423862,0.929411819836852
1.64983266666667,G27,27,1.38353151998963,14.7468317402339,1.48919996607765,1.28721804203513,17.2637994643673,0.0896267361111111,0.535108958837772,0.887303195000903
1.64983266666667,G28,23,1.18851870392959,9.36836323234629,1.70772894178251,1.58291193674575,18.0607845089869,0.0904215976331361,0.501022494887526,1.08059378316543
1.64983266666667,G29,18,1.44415619966235,4.02408778226177,2.0718676875608,1.61093502072097,32.3550611904566,0.0912588488765774,0.860033726812816,0.953837804469407
1.64983266666667,G30,15,2.01390121781254,16.0463594407418,2.11322215769056,1.3718150318621,9.52136498822948,0.0916666666666667,0.895454545454546,0.628438141901286
1.64983266666667,G31,15,1.88069253414557,14.2953817329929,2.12775309910495,1.29459717876369,15.8775733195387,0.0916666666666667,0.881818181818182,0.735967177742873
1.64983266666667,G32,12,1.58447747935239,3.91294397101402,2.47275193707549,2.11435609696708,23.9759507803682,0.0920886873267826,0.700410396716826,1.33072450996508
1.64983266666667,G33,15,1.82713569204426,4.23624945714059,2.43659892720237,1.58784660512406,7.99837836352237,0.0916666666666667,0.85,0.877070018720874
1.64983266666667,G34,26,1.62497993454967,7.35096796692434,1.67930127389307,1.27785431293992,20.5488456794194,0.0897542690545606,0.709976798143852,1.02118054853529
1.64983266666667,G35,28,1.33597915611558,13.5621015325362,1.63507617652766,1.27058139558037,15.8929439329473,0.0894069714803078,0.567088607594937,0.879249460193806
1.64983266666667,G36,18,1.84593664194499,5.24181385179571,2.31999403310729,1.34996368761496,16.8523877676128,0.0912588488765774,0.873524451939292,0.791796261629785
1.64983266666667,G37,16,1.95346867576231,8.84077414420764,2.21317877441774,1.51158100345503,10.8417589407489,0.0914966963516231,0.817896389324961,0.641423562705954
1.64983266666667,G38,13,1.56511027065472,7.33302250172217,2.24215122282377,1.50105161873967,14.8730337207926,0.0919614984391259,0.851485148514851,0.693147180559945
1.64983266666667,G39,15,1.3582305145222,8.01474710614895,2.12901227449841,1.55078518978701,19.5491209493227,0.0916666666666667,0.792424242424242,1.19270961204723
1.64983266666667,G40,15,1.58430640067127,3.8716330054289,2.35832468201696,1.84835887469433,33.1723780373597,0.0916666666666667,0.659090909090909,1.4010656784402
1.64983266666667,G41,21,2.00731565710839,5.02312761273758,2.20225431601637,1.56250752891257,9.78558905013587,0.0907064471879287,0.888468809073724,0.949080554697146
1.64983266666667,G42,26,1.42766190820217,13.8186942648882,1.55337541124582,1.40411389656014,-8.08670058821156,0.0897542690545606,0.607888631090487,1.20750637690725
1.64983266666667,G43,26,1.40693086501105,9.85012579618265,1.68651747975959,1.32767685267462,10.1706530989071,0.0897542690545606,0.619489559164733,1.09644544058302
1.64983266666667,G44,20,1.71478496895425,8.26923755602756,1.9648425601158,1.37593724830077,3.70674059158319,0.0909090909090909,0.718181818181818,0.868779749203103
1.64983266666667,G45,17,1.62172937456314,6.90524217910918,2.21010441217094,1.50103650175154,13.3904708438068,0.0914090368608799,0.811382113821138,0.812692331209728
1.64983266666667,G46,15,1.46706625909136,6.39769083932098,2.19459478607677,1.48369559965264,11.7603619759186,0.0916666666666667,0.8,0.883913803149695
1.64983266666667,G47,18,1.60678998784194,5.58932633857652,1.93240708724816,1.62809393428699,14.3571849086907,0.0912588488765774,0.629005059021922,1.17477364963367
1.64983266666667,G48,21,1.82383084710987,9.65103543900676,1.75062699799476,1.42798525610559,0.816087823177078,0.0907064471879287,0.499054820415879,1.05314991459135
1.64983266666667,CG1,26,2.32347785563138,24.9497383144144,1.45099722316503,1.21748529595741,-0.750971668640003,0.0897542690545606,0.607888631090487,0.956614994891132
1.64983266666667,CG2,24,2.2504537626085,16.6564076552901,1.583403633806,1.32423485913236,8.62873419537838,0.090157631680123,0.567164179104478,0.926443103338173
1.64983266666667,CG3,24,1.77265913275667,14.0599071905528,1.68199140682601,1.26200151225965,7.36572080301869,0.090157631680123,0.541577825159915,0.909035560992983
1.64983266666667,CG4,24,2.4857350045472,18.7304913671556,1.62265879115088,1.15329373183756,8.00689032196769,0.090157631680123,0.577825159914712,0.828692672556169
1.64983266666667,AH1,18,1.79627474453287,3.64397542133566,2.35717509460412,1.72112196276663,-3.7228995514207,0.0912588488765774,0.649241146711636,1.39362040121196
1.64983266666667,AH2,23,1.9506189738551,7.71747953912524,2.01359429799572,1.39778189514147,1.15729350738554,0.0904215976331361,0.494887525562372,1.06276615689497
1.64983266666667,AH3,26,1.65592015009553,19.4817720808365,1.46020498342286,1.23887376447359,-9.20407459321281,0.0897542690545606,0.508120649651972,0.938119702315567
1.64983266666667,AH4,24,1.3911146223002,15.1403840301897,1.54174716213303,1.30857979959712,-3.52066791506466,0.090157631680123,0.55863539445629,1.07960030917954
1.64983266666667,AH5,24,1.51625971534205,11.5583252358186,1.39646897246129,1.43085236459059,1.71890914112499,0.090157631680123,0.522388059701492,0.952900477486716
1.64983266666667,AH6,23,1.36337371707087,10.8405266665551,1.47242217002841,1.5091156431703,-0.835611552082156,0.0904215976331361,0.47239263803681,1.08534195174721
1.64983266666667,AH7,18,0.742653344049791,4.51801051967631,2.32130619296652,1.43085048763231,3.65474104638514,0.0912588488765774,0.735244519392917,1.24559447901676
1.64983266666667,AH8,1,1.71793597731308,358.134109534413,1.0114555283489,0.728068438776437,34.6923182229014,0.0932249817384952,0.938295788442703,0.24122856165514
1.64983266666667,AH9,2,2.26763329428135,119.045468895918,1.05340111044116,0.762259462862959,19.6997462670973,0.0931694501782698,0.619335347432024,0.703729289890482
1.64983266666667,AH10,26,1.99631429927138,18.451318540786,1.55580132152248,1.20056913965873,-6.52491015930146,0.0897542690545606,0.561484918793503,1.00699897074511
1.64983266666667,PH1,26,1.37666463367437,17.2346384702626,1.35479263992067,1.59813053542649,-1.11898047013842,0.0897542690545606,0.48491879350348,1.12033081262275
1.64983266666667,PH2,29,1.50187008588852,11.5206587402374,1.41356405836499,1.46713923755264,2.49205816999017,0.0890831758034027,0.620689655172414,0.915147221172076
1.64983266666667,PH3,21,0.674837229202191,19.0829605358076,1.47323184251495,1.62008624803123,-8.70061924823619,0.0907064471879287,0.485822306238185,1.30758867971754
1.64983266666667,PH4,21,1.31888251669808,7.53643074857428,2.15163039220768,1.62094246248597,2.54187993977897,0.0907064471879287,0.790170132325142,1.13392896059301
1.64983266666667,BO1,15,1.39086847774803,3.98131260854667,2.46938566913144,1.48337158713036,42.6421630647965,0.0916666666666667,0.740909090909091,1.0452417581451
1.64983266666667,BO2,23,1.03856100190569,8.66577239361547,2.03177538902832,1.39621435727019,14.0490634962238,0.0904215976331361,0.895705521472393,0.787571489938701
1.64983266666667,BO3,22,1.81182922275436,15.6309411654758,2.06445192864134,1.08367840315852,2.70939784376574,0.0906016375934496,0.880157170923379,0.445184387892738
1.64983266666667,BO4,16,2.48864817221458,27.9724314939394,2.04135150632518,1.31422531060543,19.7516991043797,0.0914966963516231,0.885400313971743,0.70978649956391
1.69984933333333,G1,18,1.9653527479799,7.25256387772476,2.26742891539807,1.66756074334195,10.458518898405,0.0912588488765774,0.876897133220911,1.18199389760716
1.69984933333333,G2,15,1.66468205040349,7.83693204263997,2.25100214165265,1.65375963972909,0.278260547105729,0.0916666666666667,0.766666666666667,1.01580638498388
1.69984933333333,G3,9,0.905017052367786,3.66746933321974,2.25597101415658,2.10542586609976,-3.38986724438632,0.0924012855831038,0.397515527950311,1.41369333530801
1.69984933333333,G4,15,0.901945787486779,3.57898036977278,2.26337662390143,1.68579997877793,2.70702129880682,0.0916666666666667,0.412121212121212,1.58160311344066
1.69984933333333,G5,10,0.970094535531839,2.28456653458462,2.63220138127827,2.20471031401013,5.4444190783584,0.0923076923076923,0.451282051282051,1.72722094809048
1.69984933333333,G6,12,1.21362646969293,2.47021933623335,2.68991056242651,1.71256279516832,5.97585547119828,0.0920886873267826,0.616963064295486,1.31808611109336
1.69984933333333,G7,18,1.40627366380235,3.90908628897345,2.41028578393559,1.65879519843902,15.0679481553488,0.0912588488765774,0.720067453625632,1.23676262714893
1.69984933333333,G8,12,1.44068613685977,3.97375638643024,2.47201270561838,1.93368116002412,3.83821831355459,0.0920886873267826,0.437756497948016,1.46228026809781
1.69984933333333,G9,25,1.93339407701574,19.6955612156747,1.66216687055606,1.12264254137187,11.2344477684407,0.09,0.857777777777778,0.521623070859034
1.69984933333333,G10,13,1.20859611578465,7.85487291299214,2.01945089248066,1.73166383471655,3.45859739027621,0.0919614984391259,0.596888260254597,1.11384653323996
1.69984933333333,G11,13,1.09109234134533,4.43468322723045,1.96377319763617,1.84036630339899,5.73351987286104,0.0919614984391259,0.39038189533239,1.42019591279557
1.69984933333333,G12,15,1.38712062510824,2.81343615930886,2.58567939491869,1.96780458387778,19.9486862305426,0.0916666666666667,0.574242424242424,1.58240924004618
1.69984933333333,G13,10,0.899025273215397,3.38432934716325,2.54005177813618,1.61428289042648,-4.88252906782514,0.0923076923076923,0.46025641025641,1.63600493981882
1.69984933333333,G14,12,1.43795527993128,3.97775881814087,2.46679236356554,1.49918010292994,14.7153203081094,0.0920886873267826,0.796169630642955,1.0202804453982
1.69984933333333,G15,15,1.37570237654499,4.25461194371262,2.36982588574631,1.71245628062692,31.0827353049102,0.0916666666666667,0.737878787878788,1.22146596177345
1.69984933333333,G16,15,0.747980482398272,4.37033389286753,2.28580155661965,1.94866479761552,13.1060632424291,0.0916666666666667,0.553030303030303,1.43796637166421
1.69984933333333,G17,15,0.909811378025055,4.35849479865141,2.42170176392139,1.74478060117443,28.5264726933645,0.0916666666666667,0.824242424242424,1.20571042422448
1.69984933333333,G18,9,0.899541223557158,5.12089262810767,2.07919093624449,1.98133930715908,3.81456133581892,0.0924012855831038,0.551552795031056,1.11646990606812
1.69984933333333,G19,12,1.06117909574499,3.6514745096872,2.19592901028685,1.87994049655112,12.4875442713553,0.0920886873267826,0.497948016415869,1.31133132264644
1.69984933333333,G20,10,0.819447528220867,3.31188010801237,2.23541543851756,2.0525479900472,7.17144264883503,0.0923076923076923,0.511538461538461,1.39914250359774
1.69984933333333,G21,18,1.24096140206716,3.83140984809937,2.41828238842545,1.6187910449605,26.3260278098937,0.0912588488765774,0.804384485666105,1.13693115297025
1.69984933333333,G22,16,1.66505851995215,10.3871571939647,2.18151495549629,1.29424589113887,5.57273831478561,0.0914966963516231,0.846153846153846,0.910870664404816
1.69984933333333,G23,14,1.81430212264261,21.2149119871064,2.00407409937107,1.75950679968647,10.2428482984239,0.0917764041924214,0.866764275256223,0.675864739411197
1.69984933333333,G24,11,1.68703271368198,5.08633651075009,2.35988452903447,1.74032900694181,16.1451659853449,0.0921630859375,0.727152317880795,1.2733822556981
1.69984933333333,G25,18,1.4501219350584,5.70823849228591,2.33789483267736,1.26811111783843,49.1518964726749,0.0912588488765774,0.844856661045531,0.780684181740389
1.69984933333333,G26,12,0.998086758197034,4.19223248125682,2.35271606925116,2.03871344980776,13.1258078106911,0.0920886873267826,0.618331053351573,1.51198257628339
1.69984933333333,G27,12,1.04608508309561,3.98647252985343,2.37993526152798,1.68442883720072,9.21759094382554,0.0920886873267826,0.467852257181943,1.11831735974744
1.69984933333333,G28,9,0.915142668038952,3.81137553943647,2.47590783684222,1.80389284542073,14.8157931324763,0.0924012855831038,0.449689440993789,1.23214368129263
1.69984933333333,G29,13,1.13906724647898,4.90696731812071,2.27233412479081,1.69948861571088,20.8135444360767,0.0919614984391259,0.643564356435644,1.17547129419372
1.69984933333333,G30,12,1.84145731712688,18.1063146324265,2.09753265910117,1.20011209348729,13.3281575430842,0.0920886873267826,0.861833105335157,0.729457404616538
1.69984933333333,G31,14,1.81312773880943,17.2740528111862,2.11118386764866,1.24095780641666,9.42185158994989,0.0917764041924214,0.855051244509517,0.770378528495935
1.69984933333333,G32,10,1.58327428995914,3.63051868022581,2.47793894303194,2.14417746339152,18.683580401146,0.0923076923076923,0.716666666666667,1.19598645269329
1.69984933333333,G33,18,1.74061789625943,6.99443102085525,2.28015541955702,1.29652791564006,34.4500240179203,0.0912588488765774,0.856661045531197,0.95061547441523
1.69984933333333,G34,18,1.23196575887229,3.8388059225349,2.31217706433639,1.91676535558066,15.1021087166844,0.0912588488765774,0.816188870151771,1.18478998490916
1.69984933333333,G35,13,1.01643384199504,4.90205458767888,1.90661593979387,1.675179944923,12.9766617109965,0.0919614984391259,0.356435643564356,1.07980295671061
1.69984933333333,G36,11,1.57472654810425,9.26302742029013,2.18588792859675,1.30773314943643,15.3253671535111,0.0921630859375,0.758940397350993,0.856363078274314
1.69984933333333,G37,11,1.74945571260586,13.7320150540809,2.13325156694874,1.36934849145056,25.0193176397045,0.0921630859375,0.826490066225166,0.643463760413298
1.69984933333333,G38,14,1.61961352256707,5.66593681017982,2.12398146537262,1.44933499054783,24.7183213296968,0.0917764041924214,0.887262079062958,0.572756581496481
1.69984933333333,G39,17,1.52422293850041,9.88134296661801,1.76347823243753,1.54227998409557,21.9570233787801,0.0914090368608799,0.811382113821138,0.841892441820296
1.69984933333333,G40,10,1.44066894545068,3.1311364986044,2.48961692495624,1.99507329825361,10.3220302706886,0.0923076923076923,0.643589743589744,1.57007683855352
1.69984933333333,G41,12,1.56455429241913,4.2971152500697,2.27466128842617,1.98479101592505,-0.396127178270651,0.0920886873267826,0.824897400820793,1.0554401168029
1.69984933333333,G42,18,1.03511468934496,3.94120485422986,2.29682443181545,2.02334103239332,17.4631485008941,0.0912588488765774,0.760539629005059,1.49392502531226
1.69984933333333,G43,12,0.974658996113603,3.66329781696802,2.30130463501292,1.95845251141713,12.1731100742876,0.0920886873267826,0.517099863201094,1.25128912887707
1.69984933333333,G44,12,1.36461369407738,6.84535804205584,2.23532918756519,1.61915660785854,17.3712329117619,0.0920886873267826,0.636114911080711,1.04292338280752
1.69984933333333,G45,11,1.48814243490065,7.49995921909798,2.24619549507728,1.3069422936146,19.681243991042,0.0921630859375,0.720529801324503,0.884485931004089
1.69984933333333,G46,12,1.26426376208794,8.8101546129284,2.20774582015963,1.44394666964276,5.09829537727315,0.0920886873267826,0.720930232558139,1.04480958267513
1.69984933333333,G47,10,1.37416139892078,3.04640564987539,2.59150929644761,1.99751575290343,11.6840042896876,0.0923076923076923,0.569230769230769,1.44288183574935
1.69984933333333,G48,10,1.15667791399152,3.21319187118166,2.34030318326797,2.03629010504369,-9.86474751858819,0.0923076923076923,0.361538461538462,1.30751348326678
1.69984933333333,CG1,15,1.49209280855547,5.75009318206222,2.17818598841609,1.78408972414578,-0.712061031207697,0.0916666666666667,0.516666666666667,1.28913061266624
1.69984933333333,CG2,13,1.52005302418436,6.85004894671044,2.22547258733811,1.82105362978436,-4.06728857365587,0.0919614984391259,0.528995756718529,1.08276409642809
1.69984933333333,CG3,12,1.21196834986092,4.81897512163011,2.27746248127546,1.90362969535197,2.16063340527699,0.0920886873267826,0.581395348837209,1.2031249874036
1.69984933333333,CG4,13,1.59257743667137,9.20674153932988,1.99350945523007,1.83480551580088,2.03746499470249,0.0919614984391259,0.56011315417256,1.02961941718116
1.69984933333333,AH1,12,1.43787771939071,5.41343690404976,2.20166439212886,1.99983577444599,4.68306672175477,0.0920886873267826,0.452804377564979,1.32456878135893
1.69984933333333,AH2,13,1.43855954154052,7.85923362843863,1.91926052594543,1.87495288733172,8.63796149526646,0.0919614984391259,0.415841584158416,1.24666538862725
1.69984933333333,AH3,13,1.11465703423953,8.95559029356866,1.81044906879319,1.98807617178218,0.942320410546751,0.0919614984391259,0.475247524752475,1.43118968102778
1.69984933333333,AH4,10,0.964654047346686,4.24533784889894,2.39901949257681,1.82713420754427,-7.62802960811417,0.0923076923076923,0.507692307692308,1.44691898293633
1.69984933333333,AH5,15,1.13432017148457,4.52370652705629,2.41022411294532,1.67484339173685,0.194523740173863,0.0916666666666667,0.574242424242424,1.21875660051017
1.69984933333333,AH6,15,1.03935930478978,3.93569183567134,2.47234810870168,1.90121934727676,0.284512770644333,0.0916666666666667,0.515151515151515,1.35454566280531
1.69984933333333,AH7,15,0.69949517451142,5.49742737924505,2.28855916805656,1.28990967774849,10.1452128101739,0.0916666666666667,0.622727272727273,1.08201439725907
1.69984933333333,AH8,1,1.58109854306129,320.99862334873,1.01261017080323,0.75621589118966,38.2141991107043,0.0932249817384952,0.904015670910872,0.277104829668356
1.69984933333333,AH9,23,1.29015582931583,21.8315634589878,1.28692563337778,1.19074187801026,0.109235545384777,0.0904215976331361,0.429447852760736,0.941993081297523
1.69984933333333,AH10,15,1.29257551796025,6.57876460652573,1.8417805921005,1.81113802642195,-6.9832130827414,0.0916666666666667,0.577272727272727,1.30252447805443
1.69984933333333,PH1,15,0.954879360660688,3.93458846205356,2.14214073643138,2.2052716412176,8.57038850775123,0.0916666666666667,0.381818181818182,1.76425282343822
1.69984933333333,PH2,18,1.21794676491398,4.40676027682716,2.41297486161279,1.74321157888694,-3.9167955096189,0.0912588488765774,0.708263069139966,1.18231130754476
1.69984933333333,PH3,7,0.513908978471084,3.05679408998441,2.38371586220341,1.91511909626573,2.26313568325199,0.0926686851211073,0.423570595099183,1.83621123179889
1.69984933333333,PH4,15,1.09352133922909,5.61482346453468,2.33778479394727,1.78474846290259,-2.84596363753475,0.0916666666666667,0.640909090909091,1.3127060044624
1.69984933333333,BO1,12,1.25913599169299,3.19042502646569,2.57074425686375,1.78483581492216,15.5014234419683,0.0920886873267826,0.748290013679891,1.25846098961001
1.69984933333333,BO2,29,1.02605919772458,5.68000368754512,2.03989979944276,1.16043740148592,26.8954807442231,0.0890831758034027,0.909814323607427,0.569058728735705
1.69984933333333,BO3,30,1.41042608033504,55.3784474766332,1.73037501831866,1.02399557317546,9.88569033305551,0.0888888888888889,0.847222222222222,0.339407920608417
1.69984933333333,BO4,16,2.27957439721527,22.808777159252,2.08743926598619,1.43983359011212,25.3120556001277,0.0914966963516231,0.894819466248038,0.81176528933375
1.749866,G1,15,1.77995980186353,8.11299181206859,2.21719058692616,1.55652123644148,7.52097110848456,0.0916666666666667,0.774242424242424,1.04105900809055
1.749866,G2,15,1.44715974420999,5.30029323460149,2.32936996071744,1.80977377425664,4.11851206887358,0.0916666666666667,0.762121212121212,1.09308741273614
1.749866,G3,7,0.770771545206058,1.54891592407912,2.86828006904179,2.24966163013367,4.6072976029435,0.0926686851211073,0.484247374562427,1.40246722036549
1.749866,G4,29,0.967905518479601,12.0199922253416,1.53517970145504,1.88163424454836,19.2656804520313,0.0890831758034027,0.604774535809019,1.17725541598722
1.749866,G5,15,1.04287607205292,2.66277595963813,2.44040233593333,2.02275411308499,21.3043359602815,0.0916666666666667,0.522727272727273,1.62113395219729
1.749866,G6,12,1.1672824595399,2.97295777610708,2.54884461523659,1.48945851708452,8.10345161857136,0.0920886873267826,0.510259917920657,1.33669741998052
1.749866,G7,24,1.28063411594738,4.82077998145448,2.11818874494408,1.82634973620955,21.3655417189364,0.090157631680123,0.599147121535181,1.35300838348642
1.749866,G8,15,1.41104105261278,3.60666327877576,2.32298083800274,1.97064408809476,6.88750316758163,0.0916666666666667,0.462121212121212,1.48807705542983
1.749866,G9,30,1.94465778802896,13.4297369033834,1.96210810818592,1.10894521164754,11.7664840522942,0.0888888888888889,0.858333333333333,0.478822892679817
1.749866,G10,13,0.956646119200384,4.20593552069172,2.44335984767915,1.91805934395508,7.05654483491877,0.0919614984391259,0.510608203677511,1.46633706879343
1.749866,G11,7,0.938915620456268,3.05429782101635,2.28216084304885,2.04345825786855,15.1683992688814,0.0926686851211073,0.490081680280047,1.70720208119999
1.749866,G12,18,1.34989450370502,2.7626757882348,2.42536881004078,1.82122307855248,34.2223350540537,0.0912588488765774,0.610455311973018,1.84412745474537
1.749866,G13,12,0.971481886065756,3.67019375038941,2.50695280336964,1.52113905196037,6.60950798475564,0.0920886873267826,0.499316005471956,1.56275079846145
1.749866,G14,12,1.43966869948185,4.13175260906293,2.45708712986496,1.59711180615374,-1.9610929564592,0.0920886873267826,0.807113543091655,1.01894488593424
1.749866,G15,18,1.63410677152543,3.884825219453,2.4773957677474,1.71725374268982,33.0980990482158,0.0912588488765774,0.875210792580101,1.19127111915081
1.749866,G16,15,0.847722595668587,3.29326257522374,2.53784042104167,1.7704002794535,12.0077796422366,0.0916666666666667,0.61969696969697,1.27686052007443
1.749866,G17,21,1.01625888184181,4.73375323683262,2.03886820687661,1.56581198646746,24.4383117553105,0.0907064471879287,0.846880907372401,1.00107741384167
1.749866,G18,10,0.90854947963408,3.27879209381625,2.48818350378575,1.98439181871144,10.8454306371675,0.0923076923076923,0.632051282051282,1.27686052007443
1.749866,G19,10,0.986547762218461,3.06389444486055,2.37866627713156,1.92808046628895,4.04420946775707,0.0923076923076923,0.457692307692308,1.51811975389931
1.749866,G20,21,0.906001783379442,3.29660120948406,2.38079528234523,1.92651418657171,15.3253459224162,0.0907064471879287,0.642722117202268,1.48247828497281
1.749866,G21,21,1.51699700971114,3.11491611367529,2.55553172851613,1.37118069800455,15.8014379441127,0.0907064471879287,0.80718336483932,1.06739726932019
1.749866,G22,18,1.70066264470253,7.53741846312876,2.25693312006764,1.26605029861067,16.8723011213263,0.0912588488765774,0.903878583473862,0.880745794454744
1.749866,G23,14,2.12467702542324,10.5012980411427,2.18869806903152,1.62924588341714,16.9144558513767,0.0917764041924214,0.874084919472914,0.693147180559945
1.749866,G24,11,1.71110393965879,5.51411235775334,2.34885307571791,1.77955452455487,11.0500053037846,0.0921630859375,0.724503311258278,1.20896034583698
1.749866,G25,20,1.50040367717641,7.87907967727949,2.21038383557431,1.07392124897733,27.9033440500821,0.0909090909090909,0.756363636363636,0.754881064830666
1.749866,G26,15,1.04808653121511,4.24106296766233,2.2363967424137,2.04678478974986,23.5390264119422,0.0916666666666667,0.663636363636364,1.27629346590556
1.749866,G27,12,1.07095170014431,3.16094789232382,2.48884317596375,1.5933783871979,14.414749784922,0.0920886873267826,0.45827633378933,1.25436681807734
1.749866,G28,15,1.14372691006398,2.86451841759942,2.52002378353217,1.3332609974483,39.9115045074205,0.0916666666666667,0.45,1.23345515689044
1.749866,G29,21,1.32155288484544,4.13272238501744,2.44105704025288,1.57828014791377,21.4026178597262,0.0907064471879287,0.837429111531191,1.11097338549168
1.749866,G30,13,1.89531943226994,13.6979415633577,2.13115224568645,1.25913828828518,9.43915573358428,0.0919614984391259,0.835926449787836,0.799491464127904
1.749866,G31,13,1.7700148659625,12.3176988501185,2.11585674550594,1.38794372547611,14.2274841808954,0.0919614984391259,0.86987270155587,0.715912391332958
1.749866,G32,9,1.60165567553321,4.10038697821555,2.44822961549272,2.1084031352504,4.48293607060965,0.0924012855831038,0.726708074534162,1.2176716486841
1.749866,G33,20,1.71715249996363,9.78741923655591,2.19232347344172,1.20576605716208,27.9955583838703,0.0909090909090909,0.736363636363636,0.977984300879495
1.749866,G34,12,1.07256238636978,3.35445097986706,2.54746421483867,1.9907234913702,19.8070968328062,0.0920886873267826,0.693570451436389,1.50602481706067
1.749866,G35,6,0.740849757584233,4.3636811652543,2.43366290796922,1.95489267840157,17.577145428667,0.0927326191976476,0.278595696489241,1.37327899300782
1.749866,G36,12,1.62528700625993,5.25176601321378,2.36680201933502,1.36159260256268,20.447790575651,0.0920886873267826,0.746922024623803,1.0963726460746
1.749866,G37,12,1.88535735245851,7.92711067228178,2.23856590144316,1.53719957765182,27.9240429393073,0.0920886873267826,0.867305061559507,0.739597478204082
1.749866,G38,16,1.99371950704965,5.171275389824,2.36642539393108,1.31294139371621,32.924744629839,0.0914966963516231,0.875981161695447,0.594003130244898
1.749866,G39,17,1.93686904081552,8.66434319690111,2.21977053395342,1.40973231430558,22.4390934758896,0.0914090368608799,0.852032520325203,0.918158146048951
1.749866,G40,10,1.50109309788552,2.51387356396677,2.68306814194135,1.99366817953974,1.6494850872244,0.0923076923076923,0.657692307692308,1.63600493981882
1.749866,G41,10,1.39274096827849,3.43737186092122,2.49669007798488,2.18010817075827,10.0080309359195,0.0923076923076923,0.785897435897436,1.4695370715241
1.749866,G42,15,0.903625336243273,3.22876766303089,2.48048600271698,1.78022074862054,9.55448131697675,0.0916666666666667,0.472727272727273,1.57691472072854
1.749866,G43,7,0.817021645890989,2.60717957419543,2.64196169279157,2.20017354137318,8.95897619868564,0.0926686851211073,0.568261376896149,1.76001077091347
1.749866,G44,12,1.39863786052857,4.65004655419541,2.40951028724293,1.59466881633302,25.2744786436582,0.0920886873267826,0.694938440492476,1.29826101163457
1.749866,G45,11,1.6495302650171,5.02956460823963,2.3810544664812,1.38069108912978,16.4992800395507,0.0921630859375,0.80794701986755,0.89592980922524
1.749866,G46,12,1.32578944845459,8.25552234745086,2.21601329120884,1.46231078742429,11.4586671111348,0.0920886873267826,0.763337893296854,1.10562986132676
1.749866,G47,10,1.36209221979299,2.54008581645052,2.68101744391138,1.85344643141891,4.29886529863538,0.0923076923076923,0.556410256410256,1.54044504094715
1.749866,G48,4,0.954114031954939,3.2177980945085,2.45454314160125,2.26685041468609,27.99376262413,0.0929379091450109,0.508004268943437,1.74730770665722
1.749866,CG1,26,1.15143500050151,4.5102383673435,2.07310494486877,2.11318423637949,7.26067204434865,0.0897542690545606,0.563805104408353,1.47286237742835
1.749866,CG2,24,1.17342718396795,5.81431081508106,1.94633881483972,1.99219194680215,13.6358847328107,0.090157631680123,0.552238805970149,1.29514219146423
1.749866,CG3,12,1.04210405191738,3.5299500667861,2.26687500254599,2.06045753309989,1.77705351325219,0.0920886873267826,0.518467852257182,1.4558520448218
1.749866,CG4,21,1.1907067593273,8.37705485298412,1.91215342269496,1.89620867798638,13.902230382572,0.0907064471879287,0.474480151228733,1.23110147171419
1.749866,AH1,15,1.38118752943281,2.57256160223301,2.66293434113041,2.07034373471327,15.8110275279546,0.0916666666666667,0.543939393939394,1.45456233224889
1.749866,AH2,12,1.22172854313542,4.01469775033829,2.44938878369962,2.05828550078508,7.28076890326008,0.0920886873267826,0.377564979480164,1.9339339580086
1.749866,AH3,13,0.964200389686343,4.72536534833431,2.39062227125807,2.03848346271446,3.14450128167988,0.0919614984391259,0.461103253182461,2.19722457733622
1.749866,AH4,21,1.3505034513524,30.6796805142347,1.37851366168491,1.30534042445322,11.6806624545553,0.0907064471879287,0.572778827977316,0.984052833974974
1.749866,AH5,29,1.17525316332061,6.77926164316054,1.89187335208219,1.61071697887367,11.3030726808771,0.0890831758034027,0.594164456233422,1.22199130982861
1.749866,AH6,21,1.16138956916475,5.18161321237805,2.29140369806476,1.45633173008765,13.3507310900193,0.0905349794238683,0.539772727272727,1.44894532608156
1.749866,AH7,21,0.643632530444337,4.85812706656493,2.07752615519153,1.4587145853119,11.6387747876157,0.0907064471879287,0.612476370510397,1.00144854021446
1.749866,AH8,23,0.896902219060196,49.4028694989386,1.42331888139298,1.23142140627741,6.31173036348333,0.0904215976331361,0.783231083844581,0.58419599677139
1.749866,AH9,7,0.699898029016357,4.53400955556682,2.00937766455641,1.97646834620901,2.73563613989721,0.0926686851211073,0.428238039673279,1.49461658827205
1.749866,AH10,15,0.994753663695962,4.77428902709044,2.097632216538,2.05289824958583,-4.15363492287092,0.0916666666666667,0.512121212121212,1.98249959648761
1.749866,PH1,4,0.794276956570536,5.0971359588217,2.10119279021857,2.1713369954554,28.114844960066,0.0929379091450109,0.51974386339381,2.25784919915265
1.749866,PH2,26,1.1115172950762,6.71215368181516,2.14662812915806,1.71800925013647,13.6611705171069,0.0897542690545606,0.494199535962877,1.27046254559477
1.749866,PH3,4,0.501384615488611,3.9982916437588,2.24590358948566,1.88983722030275,22.3410781463755,0.0929379091450109,0.493062966915688,1.79712141236944
1.749866,PH4,15,0.937287091966099,3.71264081679821,2.41884839001361,2.06134732803688,-5.20507153022859,0.0916666666666667,0.587878787878788,1.20682587330834
1.749866,BO1,10,1.18309846837404,3.86319831726771,2.37823640333841,2.02135424485637,0.892359486514689,0.0923076923076923,0.766666666666667,1.25717149878013
1.749866,BO2,29,0.986176558862346,36.3433695254973,1.46073818340841,1.01060751291186,32.1314178317518,0.0890831758034027,0.809018567639257,0.370669015019741
1.749866,BO3,21,1.09289455702924,27.4157118484156,1.19727799267065,1.24736554675442,9.0650417467591,0.0907064471879287,0.77882797731569,0.331494244338835
1.749866,BO4,16,1.98504911870795,23.4719810140049,2.02771293532597,1.35518095194798,19.3115072158976,0.0914966963516231,0.860282574568289,0.782868802333317
1.79989933333333,G1,13,1.73666175915986,11.5378704152988,2.13662436414645,1.44039504610458,6.12230924881185,0.0919614984391259,0.748231966053748,1.02558715365322
1.79989933333333,G2,13,1.18187340192451,4.19844031323995,2.44680670860453,1.92766597821,5.69952147090862,0.0919614984391259,0.685997171145686,1.24092851084837
1.79989933333333,G3,4,0.676349597837967,2.03082308149894,2.68387236992069,2.19840479344056,35.0045759061767,0.0929379091450109,0.532550693703308,1.68755569169805
1.79989933333333,G4,29,1.06709527842946,6.56795634186826,2.04723916713396,1.86930883488985,19.5309373829918,0.0890831758034027,0.628647214854111,1.19153623928493
1.79989933333333,G5,13,1.07851603475158,4.62218324636327,2.27623799102927,1.91662158906381,19.4542018200656,0.0919614984391259,0.523338048090523,1.77135059759685
1.79989933333333,G6,15,1.04287208256614,4.35595059141435,2.24637294111916,1.69581900724241,13.2145940580244,0.0916666666666667,0.478787878787879,1.33141775089406
1.79989933333333,G7,2,1.58693866513804,46.8524029496298,1.16222786798758,1.27407617498022,48.1837949321968,0.0931694501782698,0.433031218529708,1.2776605201171
1.79989933333333,G8,13,1.4027119798406,3.76810441143192,2.33924062836546,1.8676511888067,0.627090167049938,0.0919614984391259,0.41018387553041,1.70019227570256
1.79989933333333,G9,27,1.87458877664742,27.8760802545172,1.55553437434637,0.962258113309846,7.61643539864426,0.0896267361111111,0.757869249394673,0.39671231699857
1.79989933333333,G10,13,0.991975512303031,3.96533495141217,2.47131318497592,1.90698661546717,8.60233220650166,0.0919614984391259,0.57001414427157,1.32377400413856
1.79989933333333,G11,10,0.986386366818639,2.36605451406633,2.63991522049214,2.13811828716073,-9.13301190365373,0.0923076923076923,0.432051282051282,1.55252978016222
1.79989933333333,G12,15,1.28055597333297,2.97015863521163,2.39161130250402,1.7056546926969,9.1525176415385,0.0916666666666667,0.413636363636364,1.74566836202779
1.79989933333333,G13,15,0.949901757099818,5.82723387517887,2.24738213903236,1.54191581398035,14.8484512684265,0.0916666666666667,0.610606060606061,1.33565062830114
1.79989933333333,G14,12,1.22207604458057,6.49558566795488,2.29733053883782,1.56721151396447,7.80631352716817,0.0920886873267826,0.720930232558139,1.0542642982138
1.79989933333333,G15,18,1.68644148596755,4.18017300087802,2.43216310771571,1.49970664186198,27.0829040980731,0.0912588488765774,0.829679595278246,1.17649594548495
1.79989933333333,G16,15,0.876606443496502,3.86630420800767,2.426095149392,1.80963874657565,9.8859430688248,0.0916666666666667,0.677272727272727,1.31857618706494
1.79989933333333,G17,21,1.09489964795872,5.93091398863073,2.10321452392243,1.48035853345619,42.0343602884965,0.0907064471879287,0.814744801512287,0.967992106251045
1.79989933333333,G18,10,1.03600317672634,3.71545067495863,2.49468734523565,1.98279188056102,-1.48330245007258,0.0923076923076923,0.688461538461538,1.25938550925586
1.79989933333333,G19,10,1.08897222083283,3.09344263152166,2.52828720281893,1.87667188273945,13.5670311723635,0.0923076923076923,0.507692307692308,1.45528723260684
1.79989933333333,G20,18,0.985028813042764,2.94902999218739,2.49600841253002,1.91441284052637,14.3107426946921,0.0912588488765774,0.711635750421585,1.36948724280351
1.79989933333333,G21,21,1.44246604684331,4.64040223368436,2.3118661653294,1.21741747967792,4.64677906117073,0.0907064471879287,0.701323251417769,1.05716688049272
1.79989933333333,G22,15,1.54581531057699,7.87286415048445,2.245753711826,1.37674556020221,14.9871183085959,0.0916666666666667,0.836363636363636,0.909438037412114
1.79989933333333,G23,14,2.12253305025766,8.5696008888794,2.22608332618367,1.75595670022557,13.8272433086458,0.0917764041924214,0.90190336749634,0.664976303593249
1.79989933333333,G24,12,1.75512762858715,6.16959479347374,2.27455531639561,1.68733952943305,17.6591795788437,0.0920886873267826,0.735978112175103,1.04380405217311
1.79989933333333,G25,24,1.18806923022308,12.8837341297568,1.64904351389614,1.25927385602331,18.0814813421781,0.090157631680123,0.633262260127932,0.708290160662509
1.79989933333333,G26,18,1.13518153409767,2.87643429212747,2.5024501661219,2.00480041386272,28.7658963561045,0.0912588488765774,0.721753794266442,1.20397280432594
1.79989933333333,G27,12,1.07381105943563,2.55540924870846,2.6774336902143,1.55627825073237,3.25180740507781,0.0920886873267826,0.443228454172367,1.33750419695046
1.79989933333333,G28,12,1.24842553536089,3.1965851703976,2.56440811110944,1.44485280959582,19.5451832388707,0.0920886873267826,0.551299589603283,1.1905497839938
1.79989933333333,G29,18,1.33006099394083,3.38643644269378,2.36913870542821,1.63784739224136,25.0495027430564,0.0912588488765774,0.753794266441821,1.0631318486527
1.79989933333333,G30,13,1.86936932551694,12.5690663756658,2.14653786977072,1.36682297980085,19.8585760166323,0.0919614984391259,0.855728429985856,0.862013845019717
1.79989933333333,G31,12,1.75392081639396,13.2528462098051,2.14562645896194,1.40618806312426,8.00296852279203,0.0920886873267826,0.885088919288646,0.714328002639392
1.79989933333333,G32,9,1.63256820186469,4.4076084709621,2.36188751062587,2.04768436041099,7.96438437751819,0.0924012855831038,0.745341614906832,1.25145149289756
1.79989933333333,G33,21,1.40373280969178,6.48986865562787,1.8229726855721,1.33937302766677,43.3910549164068,0.0907064471879287,0.671077504725898,0.980213299804694
1.79989933333333,G34,13,0.981687946765422,2.70674797004539,2.44923656653594,2.06606084627425,20.7038764029374,0.0919614984391259,0.637906647807638,1.56620917788328
1.79989933333333,G35,7,0.861771928760716,1.96238713412084,2.80751446182331,2.15692861331148,23.9503255186478,0.0926686851211073,0.574095682613769,1.67734911805031
1.79989933333333,G36,11,1.5934376298589,6.32232661139087,2.30512585156412,1.46217562838305,16.4177484573825,0.0921630859375,0.790728476821192,1.09358715246544
1.79989933333333,G37,12,1.96638121527343,8.21852699398245,2.23978587142235,1.43669600190409,7.62787746254343,0.0920886873267826,0.842681258549932,0.800458916349033
1.79989933333333,G38,14,2.11104631568182,4.60383712365468,2.41467375933309,1.71773946234272,16.5569132937742,0.0917764041924214,0.953147877013177,0.693147180559945
1.79989933333333,G39,14,2.01536640995783,7.66237372652046,2.25431837772047,1.59451037729068,16.7007442539544,0.0917764041924214,0.868228404099561,0.956296066487854
1.79989933333333,G40,9,1.52236622636621,4.44996293243586,2.3848706926393,1.88521001649405,2.78397452073188,0.0924012855831038,0.593788819875776,1.54788001943467
1.79989933333333,G41,13,1.48674165757297,5.15820738963657,2.3730197146004,1.79140961498966,7.60167965585431,0.0919614984391259,0.755304101838755,1.22617351430613
1.79989933333333,G42,15,0.786963637529311,3.71332007788497,2.2006067120576,1.83219322148654,13.4880445819709,0.0916666666666667,0.328787878787879,1.47037747833043
1.79989933333333,G43,7,0.750599454187109,2.19219141155199,2.70912806805136,2.11918987448297,2.0078987717528,0.0926686851211073,0.526254375729288,1.80828877117927
1.79989933333333,G44,12,1.40669239131493,4.62474182992081,2.41301036260615,1.75215514312552,7.3934924832571,0.0920886873267826,0.683994528043776,1.27197753343999
1.79989933333333,G45,12,1.64020208991693,4.15713535051327,2.45390142341381,1.24510983253871,2.77820864073543,0.0920886873267826,0.72640218878249,0.990398704027877
1.79989933333333,G46,12,1.20253542116528,6.88607623722664,2.25772718603443,1.41488614417956,8.22018848416418,0.0920886873267826,0.689466484268126,1.12023475268128
1.79989933333333,G47,10,1.45714130324005,3.8162371215547,2.43607007549648,1.67619224047864,11.3432450176806,0.0923076923076923,0.598717948717949,1.34954481891115
1.79989933333333,G48,4,1.02534555623915,5.37005888908822,2.00071966343557,2.20201010784405,29.7071467298969,0.0929379091450109,0.508004268943437,1.39074871146927
1.79989933333333,CG1,26,1.11383753655806,5.74675117518747,1.81691002302112,2.1692013488649,9.56709093694687,0.0897542690545606,0.591647331786543,1.42084674262655
1.79989933333333,CG2,15,1.11740957347982,10.3838636992624,1.66232368568684,1.81137031360755,-1.14838869337265,0.0916666666666667,0.436363636363636,1.42582519987653
1.79989933333333,CG3,7,0.865876962027845,2.6677701820437,2.42938430658848,2.17980940573094,5.57755084247822,0.0926686851211073,0.514585764294049,1.42629969573359
1.79989933333333,CG4,18,1.23254176851168,7.90304654469473,1.78800031371273,1.66217163507507,2.96485059152532,0.0912588488765774,0.475548060708263,1.23715120302325
1.79989933333333,AH1,10,1.39435268208305,3.13662313398854,2.4650172344405,2.24197282431758,-0.657721086460215,0.0923076923076923,0.492307692307692,1.63339115345659
1.79989933333333,AH2,10,1.13899649738242,2.55961185854247,2.58659752015635,2.31207630921905,-2.54241771325513,0.0923076923076923,0.383333333333333,2.10745457790751
1.79989933333333,AH3,13,1.01892933821288,4.12991760221832,2.45722205115055,1.99315597719482,-3.78478850700725,0.0919614984391259,0.47949080622348,1.78270963370814
1.79989933333333,AH4,1,2.22752632978599,56.466473822509,1.08138163999863,0.823591194618983,34.6660505380645,0.0932249817384952,0.839373163565132,0.843299454420508
1.79989933333333,AH5,1,1.51297707055029,26.3554787729962,1.17715077098238,1.39725587413809,43.1517294382419,0.0932249817384952,0.86973555337904,1.34316993448614
1.79989933333333,AH6,18,1.27471406972921,3.09704853557425,2.45377977466448,1.5883360834309,12.3327303017434,0.0912588488765774,0.716694772344013,1.48160454092422
1.79989933333333,AH7,13,0.606083615907347,3.56049419597059,2.29849794409683,1.54993437498739,9.52264458497451,0.0919614984391259,0.57991513437058,1.22106723768524
1.79989933333333,AH8,21,0.683013464672877,9.87982205972895,2.16474327576055,1.41081313624445,21.4722291366952,0.0907064471879287,0.824196597353497,0.985535144049139
1.79989933333333,AH9,7,0.688194586086334,4.63182778957884,2.09037754164977,1.9696466613488,7.34519328394412,0.0926686851211073,0.46441073512252,1.76766191764899
1.79989933333333,AH10,18,0.944865308923768,11.2798457760671,1.85434054507208,1.90533620588436,-1.88433681393455,0.0912588488765774,0.446880269814503,1.91102289005487
1.79989933333333,PH1,4,0.830676071799543,5.35257971090341,2.06546776350939,2.1564500673542,17.8510773589674,0.0929379091450109,0.518676627534685,2.31583031974407
1.79989933333333,PH2,24,1.13671920147332,4.06137746117032,2.11616133782357,1.63948390798652,17.583081376833,0.090157631680123,0.552238805970149,1.13370360847938
1.79989933333333,PH3,7,0.550992753428797,2.59905870306218,2.53998244923774,1.89379644956597,5.14369119460159,0.0926686851211073,0.488914819136523,1.55691987815065
1.79989933333333,PH4,13,0.819683755283417,3.07378037855167,2.57913733845711,2.228060919998,-0.0825445547353543,0.0919614984391259,0.476661951909477,1.32405205224267
1.79989933333333,BO1,10,1.05127500519482,3.08362768509317,2.58473831777021,2.12807303585416,-1.92331486809179,0.0923076923076923,0.716666666666667,1.40008768325223
1.79989933333333,BO2,23,0.867715382643166,7.68882906099273,1.57077909486556,1.35673245410476,24.4541526321071,0.0904215976331361,0.828220858895706,0.605769167452551
1.79989933333333,BO3,14,0.631414615184746,7.96550457904162,2.07382016702732,1.44395492878975,23.4648760987385,0.0917764041924214,0.764275256222548,0.94340786796358
1.79989933333333,BO4,20,1.50088529562126,12.6193179329279,2.01868708309854,1.56289212109924,13.0884059361548,0.0909090909090909,0.761818181818182,1.03786062626204
